Timestamp;Intesitas Cahaya
2026-05-06 08:56:17;7719.2
2026-05-06 08:56:32;9291.7
2026-05-06 08:56:47;7029.2
2026-05-06 08:57:02;2115.8
2026-05-06 08:57:17;4568.3
2026-05-06 08:57:32;963.3
2026-05-06 08:57:47;5287.5
2026-05-06 08:58:02;6310.0
2026-05-06 08:58:18;7824.2
2026-05-06 08:58:33;6039.2
2026-05-06 08:58:48;875.8
2026-05-06 08:59:03;7742.5
2026-05-06 08:59:18;4705.0
2026-05-06 08:59:33;796.7
2026-05-06 08:59:48;5183.3
2026-05-06 09:00:03;3640.0
2026-05-06 09:10:43;12196.7
2026-05-06 09:10:58;12136.7
2026-05-06 09:11:13;8865.0
2026-05-06 09:11:28;3009.2
2026-05-06 09:11:43;9950.0
2026-05-06 09:11:58;8165.8
2026-05-06 09:12:13;11752.5
2026-05-06 09:12:28;20681.7
2026-05-06 09:12:44;19758.3
2026-05-06 09:12:58;18275.8
2026-05-06 09:13:13;16780.0
2026-05-06 09:13:28;14926.7
2026-05-06 09:13:43;13672.5
2026-05-06 09:13:58;12782.5
2026-05-06 09:14:14;12175.8
2026-05-06 09:14:29;11732.5
2026-05-06 09:14:44;11305.8
2026-05-06 09:14:59;11080.0
2026-05-06 09:15:14;11018.3
2026-05-06 09:15:29;10878.3
2026-05-06 09:15:44;6153.3
2026-05-06 09:15:59;9490.8
2026-05-06 09:16:14;12795.0
2026-05-06 09:16:29;13460.0
2026-05-06 09:16:44;14301.7
2026-05-06 09:16:59;15360.0
2026-05-06 09:17:14;18493.3
2026-05-06 09:17:29;22442.5
2026-05-06 09:17:44;25354.2
2026-05-06 09:18:00;31020.8
2026-05-06 09:18:14;35356.7
2026-05-06 09:18:29;40828.3
2026-05-06 09:18:44;43542.5
2026-05-06 09:18:59;47026.7
2026-05-06 09:19:14;47664.2
2026-05-06 09:19:30;46640.0
2026-05-06 09:19:45;46130.8
2026-05-06 09:20:00;41289.2
2026-05-06 09:20:15;41315.8
2026-05-06 09:20:30;39450.0
2026-05-06 09:20:45;31322.5
2026-05-06 09:21:00;26069.2
2026-05-06 09:21:15;22995.0
2026-05-06 09:21:30;22461.7
2026-05-06 09:21:45;22150.0
2026-05-06 09:22:00;21863.3
2026-05-06 09:22:15;21480.0
2026-05-06 09:22:30;21470.0
2026-05-06 09:22:45;21064.2
2026-05-06 09:23:00;20940.8
2026-05-06 09:23:16;21649.2
2026-05-06 09:23:30;20729.2
2026-05-06 09:23:45;9812.5
2026-05-06 09:24:00;14119.2
2026-05-06 09:24:15;18333.3
2026-05-06 09:24:31;18101.7
2026-05-06 09:24:46;17901.7
2026-05-06 09:25:01;17670.0
2026-05-06 09:25:16;17525.8
2026-05-06 09:25:31;17830.8
2026-05-06 09:25:46;18405.0
2026-05-06 09:26:01;19133.3
2026-05-06 09:26:16;20756.7
2026-05-06 09:26:31;21606.7
2026-05-06 09:26:46;23817.5
2026-05-06 09:27:01;22022.5
2026-05-06 09:27:16;23838.3
2026-05-06 09:27:31;22625.8
2026-05-06 09:27:46;27460.0
2026-05-06 09:28:02;13636.7
2026-05-06 09:28:16;36708.3
2026-05-06 09:28:31;37004.2
2026-05-06 09:28:46;37895.0
2026-05-06 09:29:01;38503.3
2026-05-06 09:29:16;43945.0
2026-05-06 09:29:31;44949.2
2026-05-06 09:29:46;44232.5
2026-05-06 09:30:01;44224.2
2026-05-06 09:30:16;44155.0
2026-05-06 09:30:31;44600.8
2026-05-06 09:30:47;45076.7
2026-05-06 09:31:02;45475.0
2026-05-06 09:31:17;45397.5
2026-05-06 09:31:32;45725.8
2026-05-06 09:31:47;46195.8
2026-05-06 09:32:02;46241.7
2026-05-06 09:32:17;46080.0
2026-05-06 09:32:33;46198.3
2026-05-06 09:32:47;45921.7
2026-05-06 09:33:02;13245.0
2026-05-06 09:33:17;10071.7
2026-05-06 09:33:32;9945.0
2026-05-06 09:33:47;9860.8
2026-05-06 09:34:02;9831.7
2026-05-06 09:34:17;9940.8
2026-05-06 09:34:32;10165.0
2026-05-06 09:34:47;10521.7
2026-05-06 09:35:02;10945.0
2026-05-06 09:35:17;11479.2
2026-05-06 09:35:32;12156.7
2026-05-06 09:35:47;12945.8
2026-05-06 09:36:02;14001.7
2026-05-06 09:36:17;15620.0
2026-05-06 09:36:32;6995.0
2026-05-06 09:36:48;21196.7
2026-05-06 09:37:02;19459.2
2026-05-06 09:37:17;22695.8
2026-05-06 09:37:32;19835.8
2026-05-06 09:37:47;14943.3
2026-05-06 09:38:02;13825.8
2026-05-06 09:38:17;12765.8
2026-05-06 09:38:32;12040.0
2026-05-06 09:38:47;11560.8
2026-05-06 09:39:02;11290.8
2026-05-06 09:39:17;11093.3
2026-05-06 09:39:32;10978.3
2026-05-06 09:39:47;10959.2
2026-05-06 09:40:02;10739.2
2026-05-06 09:40:17;10636.7
2026-05-06 09:40:32;10500.0
2026-05-06 09:40:48;10470.0
2026-05-06 09:41:02;10491.7
2026-05-06 09:41:18;10480.8
2026-05-06 09:41:33;10400.0
2026-05-06 09:41:48;10324.2
2026-05-06 09:42:03;10272.5
2026-05-06 09:42:18;10263.3
2026-05-06 09:42:33;10356.7
2026-05-06 09:42:48;10583.3
2026-05-06 09:43:03;10947.5
2026-05-06 09:43:18;11443.3
2026-05-06 09:43:33;11977.5
2026-05-06 09:43:48;12530.8
2026-05-06 09:44:03;13305.0
2026-05-06 09:44:18;14327.5
2026-05-06 09:44:33;15873.3
2026-05-06 09:44:48;21890.8
2026-05-06 09:45:03;40840.0
2026-05-06 09:45:18;40768.3
2026-05-06 09:45:33;45438.3
2026-05-06 09:45:48;51553.3
2026-05-06 09:46:04;52774.2
2026-05-06 09:46:19;53030.8
2026-05-06 09:46:34;53051.7
2026-05-06 09:46:48;52993.3
2026-05-06 09:47:04;52905.0
2026-05-06 09:47:19;52684.2
2026-05-06 09:47:34;52728.3
2026-05-06 09:47:49;52426.7
2026-05-06 09:48:04;52297.5
2026-05-06 09:48:19;52375.0
2026-05-06 09:48:34;52280.0
2026-05-06 09:48:49;52029.2
2026-05-06 09:49:04;51464.2
2026-05-06 09:49:19;51132.5
2026-05-06 09:49:34;12520.0
2026-05-06 09:49:49;46904.2
2026-05-06 09:50:04;54612.5
2026-05-06 09:50:19;54052.5
2026-05-06 09:50:34;54612.5
2026-05-06 09:50:49;54612.5
2026-05-06 09:51:04;54612.5
2026-05-06 09:51:19;20956.7
2026-05-06 09:51:34;20779.2
2026-05-06 09:51:49;19690.0
2026-05-06 09:52:04;19081.7
2026-05-06 09:52:19;18738.3
2026-05-06 09:52:34;18627.5
2026-05-06 09:52:49;18596.7
2026-05-06 09:53:04;18865.0
2026-05-06 09:53:19;20097.5
2026-05-06 09:53:34;54612.5
2026-05-06 09:53:49;54612.5
2026-05-06 09:54:04;54612.5
2026-05-06 09:54:19;54612.5
2026-05-06 09:54:34;26246.7
2026-05-06 09:54:49;32466.7
2026-05-06 09:55:04;29945.8
2026-05-06 09:55:19;26143.3
2026-05-06 09:55:34;37094.2
2026-05-06 09:55:49;54612.5
2026-05-06 09:56:07;54612.5
2026-05-06 09:56:19;54612.5
2026-05-06 09:56:34;54612.5
2026-05-06 09:56:49;54612.5
2026-05-06 09:57:04;54612.5
2026-05-06 09:57:19;54612.5
2026-05-06 09:57:34;54612.5
2026-05-06 09:57:59;54612.5
2026-05-06 09:58:04;54612.5
2026-05-06 09:58:19;54612.5
2026-05-06 09:58:35;10035.0
2026-05-06 09:58:50;7110.0
2026-05-06 09:59:05;54612.5
2026-05-06 09:59:20;54612.5
2026-05-06 09:59:35;54612.5
2026-05-06 09:59:50;54612.5
2026-05-06 10:00:05;54612.5
2026-05-06 10:00:21;54612.5
2026-05-06 10:00:36;54612.5
2026-05-06 10:00:51;54612.5
2026-05-06 10:01:06;54612.5
2026-05-06 10:01:21;54612.5
2026-05-06 10:01:36;54612.5
2026-05-06 10:01:52;54612.5
2026-05-06 10:02:07;54612.5
2026-05-06 10:02:22;54612.5
2026-05-06 10:02:37;54612.5
2026-05-06 10:02:53;54612.5
2026-05-06 10:03:08;54612.5
2026-05-06 10:03:23;54612.5
2026-05-06 10:03:39;54612.5
2026-05-06 10:03:54;54612.5
2026-05-06 10:04:09;54612.5
2026-05-06 10:04:25;54612.5
2026-05-06 10:04:40;54612.5
2026-05-06 10:04:55;54612.5
2026-05-06 10:05:11;54612.5
2026-05-06 10:05:26;54612.5
2026-05-06 10:05:41;54612.5
2026-05-06 10:05:57;19385.8
2026-05-06 10:06:12;54612.5
2026-05-06 10:06:27;50028.3
2026-05-06 10:06:42;46721.7
2026-05-06 10:06:58;38507.5
2026-05-06 10:07:13;54612.5
2026-05-06 10:07:29;54612.5
2026-05-06 10:07:44;54612.5
2026-05-06 10:07:59;54612.5
2026-05-06 10:08:14;54612.5
2026-05-06 10:08:30;54612.5
2026-05-06 10:08:45;54612.5
2026-05-06 10:09:00;54612.5
2026-05-06 10:09:15;54612.5
2026-05-06 10:09:31;16263.3
2026-05-06 10:09:46;54612.5
2026-05-06 10:10:02;54612.5
2026-05-06 10:10:17;54612.5
2026-05-06 10:10:32;54612.5
2026-05-06 10:10:47;54612.5
2026-05-06 10:11:03;54612.5
2026-05-06 10:11:18;54612.5
2026-05-06 10:11:33;54612.5
2026-05-06 10:11:48;54612.5
2026-05-06 10:12:04;54612.5
2026-05-06 10:12:19;54612.5
2026-05-06 10:12:35;54612.5
2026-05-06 10:12:50;54612.5
2026-05-06 10:13:05;54612.5
2026-05-06 10:13:20;54612.5
2026-05-06 10:13:36;54612.5
2026-05-06 10:13:51;54612.5
2026-05-06 10:14:06;54612.5
2026-05-06 10:14:21;54612.5
2026-05-06 10:14:37;54612.5
2026-05-06 10:14:52;54612.5
2026-05-06 10:15:08;54612.5
2026-05-06 10:15:23;54612.5
2026-05-06 10:15:40;54612.5
2026-05-06 10:15:53;54612.5
2026-05-06 10:16:09;54612.5
2026-05-06 10:16:24;52725.0
2026-05-06 10:16:39;54612.5
2026-05-06 10:16:55;54612.5
2026-05-06 10:17:10;54612.5
2026-05-06 10:17:25;54612.5
2026-05-06 10:17:41;16099.2
2026-05-06 10:17:56;14554.2
2026-05-06 10:18:11;54612.5
2026-05-06 10:18:26;54612.5
2026-05-06 10:18:42;54612.5
2026-05-06 10:18:57;54612.5
2026-05-06 10:19:13;54612.5
2026-05-06 10:19:28;17629.2
2026-05-06 10:19:43;29694.2
2026-05-06 10:19:59;31109.2
2026-05-06 10:20:14;53100.0
2026-05-06 10:20:29;53514.2
2026-05-06 10:20:44;51133.3
2026-05-06 10:21:00;50897.5
2026-05-06 10:21:15;50589.2
2026-05-06 10:21:30;47197.5
2026-05-06 10:21:45;45655.0
2026-05-06 10:22:01;39959.2
2026-05-06 10:22:16;37828.3
2026-05-06 10:22:31;33677.5
2026-05-06 10:22:47;40554.2
2026-05-06 10:23:02;44269.2
2026-05-06 10:23:17;41315.8
2026-05-06 10:23:33;47041.7
2026-05-06 10:23:48;39884.2
2026-05-06 10:24:03;41030.0
2026-05-06 10:24:18;39529.2
2026-05-06 10:24:34;42075.0
2026-05-06 10:24:49;41156.7
2026-05-06 10:25:04;41973.3
2026-05-06 10:25:19;40495.8
2026-05-06 10:25:35;39094.2
2026-05-06 10:25:50;40515.8
2026-05-06 10:26:20;26248.3
2026-05-06 10:26:36;29362.5
2026-05-06 10:26:52;18801.7
2026-05-06 10:27:07;36647.5
2026-05-06 10:27:22;18228.3
2026-05-06 10:27:38;23153.3
2026-05-06 10:27:53;16615.8
2026-05-06 10:28:10;17567.5
2026-05-06 10:28:23;16060.0
2026-05-06 10:28:39;15775.0
2026-05-06 10:28:54;15550.0
2026-05-06 10:29:09;15341.7
2026-05-06 10:29:24;15117.5
2026-05-06 10:29:40;14899.2
2026-05-06 10:29:55;14724.2
2026-05-06 10:30:11;14604.2
2026-05-06 10:30:26;14704.2
2026-05-06 10:30:41;10756.7
2026-05-06 10:30:56;11400.0
2026-05-06 10:31:12;7985.0
2026-05-06 10:31:27;17809.2
2026-05-06 10:31:42;17630.0
2026-05-06 10:31:57;17434.2
2026-05-06 10:32:13;17368.3
2026-05-06 10:32:28;18265.8
2026-05-06 10:32:44;17620.8
2026-05-06 10:32:59;18245.8
2026-05-06 10:33:14;18101.7
2026-05-06 10:33:29;18435.0
2026-05-06 10:33:45;18901.7
2026-05-06 10:34:00;18123.3
2026-05-06 10:34:15;18133.3
2026-05-06 10:34:30;18147.5
2026-05-06 10:34:46;18105.8
2026-05-06 10:35:01;18282.5
2026-05-06 10:35:17;17897.5
2026-05-06 10:35:32;17823.3
2026-05-06 10:35:47;17717.5
2026-05-06 10:36:02;17648.3
2026-05-06 10:36:18;17647.5
2026-05-06 10:36:33;17721.7
2026-05-06 10:36:48;17703.3
2026-05-06 10:37:04;17742.5
2026-05-06 10:37:19;17676.7
2026-05-06 10:37:34;17474.2
2026-05-06 10:37:50;54612.5
2026-05-06 10:38:05;17855.0
2026-05-06 10:38:20;36794.2
2026-05-06 10:38:35;47200.0
2026-05-06 10:38:51;47548.3
2026-05-06 10:39:06;17014.2
2026-05-06 10:39:22;36865.8
2026-05-06 10:39:37;54612.5
2026-05-06 10:39:52;54612.5
2026-05-06 10:40:07;54612.5
2026-05-06 10:40:23;50700.0
2026-05-06 10:40:38;45638.3
2026-05-06 10:40:54;51000.8
2026-05-06 10:41:09;45282.5
2026-05-06 10:41:24;39609.2
2026-05-06 10:41:39;21351.7
2026-05-06 10:41:55;16089.2
2026-05-06 10:42:10;15570.0
2026-05-06 10:42:26;14984.2
2026-05-06 10:42:41;43052.5
2026-05-06 10:42:56;15035.0
2026-05-06 10:43:11;15182.5
2026-05-06 10:43:26;15465.8
2026-05-06 10:43:41;17670.8
2026-05-06 10:43:56;16083.3
2026-05-06 10:44:11;18674.2
2026-05-06 10:44:26;17082.5
2026-05-06 10:44:41;15014.2
2026-05-06 10:44:56;16356.7
2026-05-06 10:45:11;16747.5
2026-05-06 10:45:27;17186.7
2026-05-06 10:45:41;16670.8
2026-05-06 10:45:56;15559.2
2026-05-06 10:46:11;15623.3
2026-05-06 10:46:26;15624.2
2026-05-06 10:46:41;15463.3
2026-05-06 10:46:56;15398.3
2026-05-06 10:47:11;15365.0
2026-05-06 10:47:26;15251.7
2026-05-06 10:47:41;15294.2
2026-05-06 10:47:56;15192.5
2026-05-06 10:48:11;15376.7
2026-05-06 10:48:26;15543.3
2026-05-06 10:48:41;15864.2
2026-05-06 10:48:56;16008.3
2026-05-06 10:49:11;16182.5
2026-05-06 10:49:26;16151.7
2026-05-06 10:49:41;16320.8
2026-05-06 10:49:56;16186.7
2026-05-06 10:50:12;16186.7
2026-05-06 10:50:26;14116.7
2026-05-06 10:50:41;11239.2
2026-05-06 12:59:01;4020.8
2026-05-06 12:59:16;11078.3
2026-05-06 12:59:31;11730.0
2026-05-06 12:59:46;14495.0
2026-05-06 13:00:01;13107.5
2026-05-06 13:00:16;15746.7
2026-05-06 13:00:31;15515.0
2026-05-06 13:00:46;16265.0
2026-05-06 13:01:01;14681.7
2026-05-06 13:01:16;17875.8
2026-05-06 13:01:31;17933.3
2026-05-06 13:01:46;10869.2
2026-05-06 13:02:02;19378.3
2026-05-06 13:02:30;22767.5
2026-05-06 13:02:39;28920.0
2026-05-06 13:04:14;20309.2
2026-05-06 13:04:46;19670.0
2026-05-06 13:05:02;19614.2
2026-05-06 13:05:18;19695.8
2026-05-06 13:05:32;19641.7
2026-05-06 13:05:47;19739.2
2026-05-06 13:06:03;19319.2
2026-05-06 13:06:18;19025.8
2026-05-06 13:06:34;16611.7
2026-05-06 13:06:49;18628.3
2026-05-06 13:07:04;20785.8
2026-05-06 13:07:19;20065.0
2026-05-06 13:07:35;17860.0
2026-05-06 13:07:50;17782.5
2026-05-06 13:08:05;17632.5
2026-05-06 13:08:20;17519.2
2026-05-06 13:08:36;17981.7
2026-05-06 13:08:51;17785.8
2026-05-06 13:09:07;17780.0
2026-05-06 13:09:22;17552.5
2026-05-06 13:09:37;17260.0
2026-05-06 13:09:52;17142.5
2026-05-06 13:10:08;17077.5
2026-05-06 13:10:23;16312.5
2026-05-06 13:10:38;16634.2
2026-05-06 13:10:54;16685.0
2026-05-06 13:11:09;15960.0
2026-05-06 13:11:24;16280.8
2026-05-06 13:11:40;10240.0
2026-05-06 13:11:55;15879.2
2026-05-06 13:12:10;16466.7
2026-05-06 13:12:25;16320.0
2026-05-06 13:12:41;16035.0
2026-05-06 13:12:56;16065.8
2026-05-06 13:13:11;17385.0
2026-05-06 13:13:26;17127.5
2026-05-06 13:13:42;24746.7
2026-05-06 13:13:57;42720.8
2026-05-06 13:14:13;17120.8
2026-05-06 13:14:28;35030.8
2026-05-06 13:14:43;24261.7
2026-05-06 13:15:00;20636.7
2026-05-06 13:15:14;29101.7
2026-05-06 13:15:29;33661.7
2026-05-06 13:15:44;17525.0
2026-05-06 13:16:00;19370.0
2026-05-06 13:16:15;17456.7
2026-05-06 13:16:30;18194.2
2026-05-06 13:16:47;17635.0
2026-05-06 13:17:01;16831.7
2026-05-06 13:17:16;16345.8
2026-05-06 13:17:31;15920.0
2026-05-06 13:17:47;16271.7
2026-05-06 13:18:02;15496.7
2026-05-06 13:18:17;15480.0
2026-05-06 13:18:33;15218.3
2026-05-06 13:18:48;15071.7
2026-05-06 13:19:03;14801.7
2026-05-06 13:19:19;14427.5
2026-05-06 13:19:34;13938.3
2026-05-06 13:19:49;13534.2
2026-05-06 13:20:05;13221.7
2026-05-06 13:20:20;12895.0
2026-05-06 13:20:35;13219.2
2026-05-06 13:20:51;12852.5
2026-05-06 13:21:06;12445.0
2026-05-06 13:21:21;12176.7
2026-05-06 13:21:36;12078.3
2026-05-06 13:21:52;11897.5
2026-05-06 13:22:07;11832.5
2026-05-06 13:22:22;12052.5
2026-05-06 13:23:11;11835.8
2026-05-06 13:23:23;11968.3
2026-05-06 13:23:38;11860.0
2026-05-06 13:23:54;11475.0
2026-05-06 13:24:09;11079.2
2026-05-06 13:24:25;10741.7
2026-05-06 13:24:40;10592.5
2026-05-06 13:24:55;10385.8
2026-05-06 13:25:10;10159.2
2026-05-06 13:25:26;9907.5
2026-05-06 13:25:43;9782.5
2026-05-06 13:25:57;9725.0
2026-05-06 13:26:12;9763.3
2026-05-06 13:26:27;9805.8
2026-05-06 13:26:42;9751.7
2026-05-06 13:26:58;9801.7
2026-05-06 13:27:13;9913.3
2026-05-06 13:27:32;9978.3
2026-05-06 13:27:43;10061.7
2026-05-06 13:27:58;10382.5
2026-05-06 13:28:14;11069.2
2026-05-06 13:28:28;11856.7
2026-05-06 13:28:43;12460.8
2026-05-06 13:28:58;12915.0
2026-05-06 13:29:15;13203.3
2026-05-06 13:29:28;13336.7
2026-05-06 13:29:45;13439.2
2026-05-06 13:29:58;13470.8
2026-05-06 13:30:16;10471.7
2026-05-06 13:30:28;13740.8
2026-05-06 13:30:43;13935.0
2026-05-06 13:31:00;13881.7
2026-05-06 13:31:13;13884.2
2026-05-06 13:31:28;13920.0
2026-05-06 13:31:43;14013.3
2026-05-06 13:31:58;14079.2
2026-05-06 13:32:13;14069.2
2026-05-06 13:32:28;14013.3
2026-05-06 13:32:43;14052.5
2026-05-06 13:33:07;14106.7
2026-05-06 13:33:16;14148.3
2026-05-06 13:33:31;14145.0
2026-05-06 13:33:43;14019.2
2026-05-06 13:33:58;13949.2
2026-05-06 13:34:14;13808.3
2026-05-06 13:34:28;13686.7
2026-05-06 13:34:43;13515.8
2026-05-06 13:34:58;13325.8
2026-05-06 13:35:13;13230.8
2026-05-06 13:35:28;13143.3
2026-05-06 13:35:45;13140.0
2026-05-06 13:35:58;13163.3
2026-05-06 13:36:13;13156.7
2026-05-06 13:36:28;13139.2
2026-05-06 13:36:43;13100.0
2026-05-06 13:36:58;13120.0
2026-05-06 13:37:13;13156.7
2026-05-06 13:37:28;13210.0
2026-05-06 13:37:43;13305.8
2026-05-06 13:37:58;13405.0
2026-05-06 13:38:13;13369.2
2026-05-06 13:38:28;13303.3
2026-05-06 13:38:43;13280.0
2026-05-06 13:38:58;13299.2
2026-05-06 13:39:16;13361.7
2026-05-06 13:39:28;13300.8
2026-05-06 13:39:43;13178.3
2026-05-06 13:39:59;13033.3
2026-05-06 13:40:14;12920.8
2026-05-06 13:40:29;12794.2
2026-05-06 13:40:46;12659.2
2026-05-06 13:40:59;12620.0
2026-05-06 13:41:15;12605.0
2026-05-06 13:41:29;12593.3
2026-05-06 13:41:44;12595.0
2026-05-06 13:41:59;12562.5
2026-05-06 13:42:14;12452.5
2026-05-06 13:42:29;12334.2
2026-05-06 13:42:44;12202.5
2026-05-06 13:42:59;12075.8
2026-05-06 13:43:14;11830.0
2026-05-06 13:43:29;11592.5
2026-05-06 13:43:44;11383.3
2026-05-06 13:43:59;11178.3
2026-05-06 13:44:14;11004.2
2026-05-06 13:44:29;10798.3
2026-05-06 13:44:44;10587.5
2026-05-06 13:44:59;10370.0
2026-05-06 13:45:14;10151.7
2026-05-06 13:45:29;9956.7
2026-05-06 13:45:44;9430.0
2026-05-06 13:45:59;8066.7
2026-05-06 13:46:14;7849.2
2026-05-06 13:46:32;7770.0
2026-05-06 13:46:44;7761.7
2026-05-06 13:46:59;7718.3
2026-05-06 13:47:17;7703.3
2026-05-06 13:47:29;7664.2
2026-05-06 13:47:46;7636.7
2026-05-06 13:47:59;7615.0
2026-05-06 13:48:14;7582.5
2026-05-06 13:48:30;7552.5
2026-05-06 13:48:45;7514.2
2026-05-06 13:49:00;7526.7
2026-05-06 13:49:25;7564.2
2026-05-06 13:49:30;3349.2
2026-05-06 13:49:45;10504.2
2026-05-06 13:50:01;10452.5
2026-05-06 13:50:17;10384.2
2026-05-06 13:50:31;10333.3
2026-05-06 13:50:46;10385.0
2026-05-06 13:51:01;10586.7
2026-05-06 13:51:16;10814.2
2026-05-06 13:51:31;11171.7
2026-05-06 13:51:46;11569.2
2026-05-06 13:52:01;12271.7
2026-05-06 13:52:16;13089.2
2026-05-06 13:52:32;15215.8
2026-05-06 13:52:46;14065.0
2026-05-06 13:53:01;19275.8
2026-05-06 13:53:16;22020.0
2026-05-06 13:53:31;37343.3
2026-05-06 13:53:46;31196.7
2026-05-06 13:54:01;30235.8
2026-05-06 13:54:16;37796.7
2026-05-06 13:54:31;39573.3
2026-05-06 13:54:46;44384.2
2026-05-06 13:55:01;45868.3
2026-05-06 13:55:16;46070.0
2026-05-06 13:55:32;46719.2
2026-05-06 13:55:48;46651.7
2026-05-06 13:56:02;46322.5
2026-05-06 13:56:16;45800.8
2026-05-06 13:56:32;45335.0
2026-05-06 13:56:47;45363.3
2026-05-06 13:57:03;45334.2
2026-05-06 13:57:18;41228.3
2026-05-06 13:58:04;38553.3
2026-05-06 13:58:19;39521.7
2026-05-06 13:58:34;39660.0
2026-05-06 13:58:49;39307.5
2026-05-06 13:59:05;39759.2
2026-05-06 13:59:20;39681.7
2026-05-06 13:59:36;40104.2
2026-05-06 13:59:51;34026.7
2026-05-06 14:00:06;36600.8
2026-05-06 14:00:21;36768.3
2026-05-06 14:00:37;39570.0
2026-05-06 14:00:52;39680.0
2026-05-06 14:01:07;40336.7
2026-05-06 14:01:25;44614.2
2026-05-06 14:01:38;44070.0
2026-05-06 14:01:53;39835.0
2026-05-06 14:02:09;43065.0
2026-05-06 14:02:24;35689.2
2026-05-06 14:02:39;40497.5
2026-05-06 14:02:54;34095.0
2026-05-06 14:03:10;35999.2
2026-05-06 14:03:25;29490.8
2026-05-06 14:03:41;12045.8
2026-05-06 14:03:56;11539.2
2026-05-06 14:04:11;11217.5
2026-05-06 14:04:26;10937.5
2026-05-06 14:04:42;10709.2
2026-05-06 14:04:57;10480.8
2026-05-06 14:05:12;10292.5
2026-05-06 14:05:27;10141.7
2026-05-06 14:05:43;9953.3
2026-05-06 14:05:58;9841.7
2026-05-06 14:06:14;9752.5
2026-05-06 14:06:29;9755.0
2026-05-06 14:06:44;9823.3
2026-05-06 14:06:59;10185.0
2026-05-06 14:07:15;12657.5
2026-05-06 14:07:30;20214.2
2026-05-06 14:07:45;29026.7
2026-05-06 14:08:00;24746.7
2026-05-06 14:08:16;22123.3
2026-05-06 14:08:31;15015.8
2026-05-06 14:08:47;13209.2
2026-05-06 14:09:02;13515.8
2026-05-06 14:09:17;13660.0
2026-05-06 14:09:32;12470.8
2026-05-06 14:09:48;12560.8
2026-05-06 14:10:03;12415.0
2026-05-06 14:10:19;12371.7
2026-05-06 14:10:34;12191.7
2026-05-06 14:10:49;12029.2
2026-05-06 14:11:04;11914.2
2026-05-06 14:11:20;11816.7
2026-05-06 14:11:35;11705.0
2026-05-06 14:11:51;11630.8
2026-05-06 14:12:06;11565.0
2026-05-06 14:12:21;11601.7
2026-05-06 14:12:36;11613.3
2026-05-06 14:12:52;11663.3
2026-05-06 14:13:07;11708.3
2026-05-06 14:13:22;11666.7
2026-05-06 14:13:37;11649.2
2026-05-06 14:13:53;11779.2
2026-05-06 14:14:08;11909.2
2026-05-06 14:14:25;11113.3
2026-05-06 14:14:39;11275.0
2026-05-06 14:14:54;15269.2
2026-05-06 14:15:09;22507.5
2026-05-06 14:15:25;22975.0
2026-05-06 14:15:40;26200.0
2026-05-06 14:15:55;29349.2
2026-05-06 14:16:13;32840.0
2026-05-06 14:16:26;34321.7
2026-05-06 14:16:41;35063.3
2026-05-06 14:17:06;35406.7
2026-05-06 14:17:12;35894.2
2026-05-06 14:17:27;36289.2
2026-05-06 14:17:42;36257.5
2026-05-06 14:17:58;36471.7
2026-05-06 14:18:13;36449.2
2026-05-06 14:18:29;36465.0
2026-05-06 14:18:44;36662.5
2026-05-06 14:18:59;36758.3
2026-05-06 14:19:14;36765.0
2026-05-06 14:19:30;36669.2
2026-05-06 14:19:45;36585.0
2026-05-06 14:20:00;36478.3
2026-05-06 14:20:15;36428.3
2026-05-06 14:20:31;36321.7
2026-05-06 14:20:46;36226.7
2026-05-06 14:21:02;36507.5
2026-05-06 14:21:17;36563.3
2026-05-06 14:21:32;36530.0
2026-05-06 14:21:47;36722.5
2026-05-06 14:22:03;36800.0
2026-05-06 14:22:20;36681.7
2026-05-06 14:22:33;36747.5
2026-05-06 14:22:52;36577.5
2026-05-06 14:23:04;36443.3
2026-05-06 14:23:19;36348.3
2026-05-06 14:23:35;36290.0
2026-05-06 14:23:50;36290.8
2026-05-06 14:24:05;36425.8
2026-05-06 14:24:20;36705.0
2026-05-06 14:24:36;36855.0
2026-05-06 14:24:57;37203.3
2026-05-06 14:25:06;37759.2
2026-05-06 14:25:21;38115.8
2026-05-06 14:25:37;38385.0
2026-05-06 14:25:52;38535.0
2026-05-06 14:26:08;38798.3
2026-05-06 14:26:22;39020.8
2026-05-06 14:26:38;39103.3
2026-05-06 14:26:54;39063.3
2026-05-06 14:27:09;38523.3
2026-05-06 14:27:24;38105.8
2026-05-06 14:27:40;38064.2
2026-05-06 14:27:55;37881.7
2026-05-06 14:28:10;37678.3
2026-05-06 14:28:25;37700.0
2026-05-06 14:28:41;37432.5
2026-05-06 14:28:56;37066.7
2026-05-06 14:29:11;36746.7
2026-05-06 14:29:28;36785.8
2026-05-06 14:29:42;36623.3
2026-05-06 14:29:57;36583.3
2026-05-06 14:30:13;36398.3
2026-05-06 14:30:29;36211.7
2026-05-06 14:30:43;35881.7
2026-05-06 14:31:00;35743.3
2026-05-06 14:31:14;9976.7
2026-05-06 14:31:29;34890.0
2026-05-06 14:31:44;34769.2
2026-05-06 14:31:59;34425.0
2026-05-06 14:32:15;34482.5
2026-05-06 14:32:30;33911.7
2026-05-06 14:32:45;31660.8
2026-05-06 14:33:00;27755.8
2026-05-06 14:33:16;20868.3
2026-05-06 14:33:31;17291.7
2026-05-06 14:33:47;14374.2
2026-05-06 14:34:01;13724.2
2026-05-06 14:34:17;13271.7
2026-05-06 14:34:32;12839.2
2026-05-06 14:34:48;12430.8
2026-05-06 14:35:03;12077.5
2026-05-06 14:35:18;11724.2
2026-05-06 14:35:33;11455.8
2026-05-06 14:35:49;11281.7
2026-05-06 14:36:04;11182.5
2026-05-06 14:36:19;11097.5
2026-05-06 14:36:34;10899.2
2026-05-06 14:36:50;10646.7
2026-05-06 14:37:05;10451.7
2026-05-06 14:40:23;2604.2
2026-05-06 14:40:39;7171.7
2026-05-06 14:40:54;7019.2
2026-05-06 14:41:52;6244.2
2026-05-06 14:42:08;6040.8
2026-05-06 14:42:23;5878.3
2026-05-06 14:42:38;5710.0
2026-05-06 14:42:53;5541.7
2026-05-06 14:43:08;5395.0
2026-05-06 14:43:23;5211.7
2026-05-06 14:43:38;4973.3
2026-05-06 14:43:53;4776.7
2026-05-06 14:44:08;4609.2
2026-05-06 14:44:23;4484.2
2026-05-06 14:44:38;4400.0
2026-05-06 14:44:53;4362.5
2026-05-06 14:45:08;4315.0
2026-05-06 14:45:23;4276.7
2026-05-06 14:45:38;4235.0
2026-05-06 14:45:53;4208.3
2026-05-06 14:46:08;4175.8
2026-05-06 14:46:23;4142.5
2026-05-06 14:46:38;4116.7
2026-05-06 14:46:53;4105.8
2026-05-06 14:47:08;4102.5
2026-05-06 14:47:23;4092.5
2026-05-06 14:47:38;4079.2
2026-05-06 14:47:53;4086.7
2026-05-06 14:48:08;4099.2
2026-05-06 14:48:23;4102.5
2026-05-06 14:48:39;4099.2
2026-05-06 14:48:53;4090.0
2026-05-06 14:49:08;4065.0
2026-05-06 14:49:23;4044.2
2026-05-06 14:49:38;3975.0
2026-05-06 14:49:53;3916.7
2026-05-06 14:50:08;3957.5
2026-05-06 14:50:23;4010.0
2026-05-06 14:50:38;3751.7
2026-05-06 14:50:53;3705.8
2026-05-06 14:51:10;3677.5
2026-05-06 14:51:24;3776.7
2026-05-06 14:51:38;3736.7
2026-05-06 14:51:54;3635.8
2026-05-06 14:52:09;3524.2
2026-05-06 14:52:24;3468.3
2026-05-06 14:52:39;4090.8
2026-05-06 14:52:54;5065.8
2026-05-06 14:53:09;3806.7
2026-05-06 14:53:24;3419.2
2026-05-06 14:53:39;3365.0
2026-05-06 14:53:56;3331.7
2026-05-06 14:54:09;3308.3
2026-05-06 14:54:24;3304.2
2026-05-06 14:54:40;3325.8
2026-05-06 14:54:56;3388.3
2026-05-06 14:55:39;3432.5
2026-05-06 14:55:54;3417.5
2026-05-06 14:56:09;3358.3
2026-05-06 14:56:24;3333.3
2026-05-06 14:56:40;3340.8
2026-05-06 14:56:54;3376.7
2026-05-06 14:57:09;3392.5
2026-05-06 14:57:24;3379.2
2026-05-06 14:57:39;3355.8
2026-05-06 14:57:54;3366.7
2026-05-06 14:58:09;3390.0
2026-05-06 14:58:24;3430.0
2026-05-06 14:58:39;3454.2
2026-05-06 14:58:54;3493.3
2026-05-06 14:59:09;3565.0
2026-05-06 14:59:24;3657.5
2026-05-06 14:59:40;3747.5
2026-05-06 14:59:55;3790.8
2026-05-06 15:00:10;3845.8
2026-05-06 15:00:25;3879.2
2026-05-06 15:00:40;3897.5
2026-05-06 15:00:55;3906.7
2026-05-06 15:01:10;3935.8
2026-05-06 15:01:25;3975.0
2026-05-06 15:01:40;4014.2
2026-05-06 15:01:55;4055.8
2026-05-06 15:02:10;4098.3
2026-05-06 15:02:27;4097.5
2026-05-06 15:02:40;4068.3
2026-05-06 15:02:55;4028.3
2026-05-06 15:03:10;4007.5
2026-05-06 15:03:26;4009.2
2026-05-06 15:03:40;4035.8
2026-05-06 15:03:55;4026.7
2026-05-06 15:04:10;4022.5
2026-05-06 15:04:25;4033.3
2026-05-06 15:04:41;4090.8
2026-05-06 15:04:56;4172.5
2026-05-06 15:05:11;4238.3
2026-05-06 15:05:26;4308.3
2026-05-06 15:05:41;4409.2
2026-05-06 15:05:56;4504.2
2026-05-06 15:06:11;4590.8
2026-05-06 15:06:26;4674.2
2026-05-06 15:06:41;4743.3
2026-05-06 15:06:56;4814.2
2026-05-06 15:07:11;4890.0
2026-05-06 15:07:26;4978.3
2026-05-06 15:07:42;5065.8
2026-05-06 15:07:56;5125.0
2026-05-06 15:08:11;5180.0
2026-05-06 15:08:27;5237.5
2026-05-06 15:08:41;5307.5
2026-05-06 15:08:56;5391.7
2026-05-06 15:09:12;5481.7
2026-05-06 15:09:27;5580.0
2026-05-06 15:09:42;5670.8
2026-05-06 15:09:57;5767.5
2026-05-06 15:10:12;5865.8
2026-05-06 15:10:27;5982.5
2026-05-06 15:10:42;6110.8
2026-05-06 15:10:58;6237.5
2026-05-06 15:11:13;6378.3
2026-05-06 15:11:28;6536.7
2026-05-06 15:11:42;6709.2
2026-05-06 15:11:57;6885.0
2026-05-06 15:12:12;7059.2
2026-05-06 15:12:27;7257.5
2026-05-06 15:12:47;7445.0
2026-05-06 15:12:57;7610.8
2026-05-06 15:13:12;7771.7
2026-05-06 15:13:27;7932.5
2026-05-06 15:13:43;8095.0
2026-05-06 15:13:58;8245.8
2026-05-06 15:14:12;8410.8
2026-05-06 15:14:27;8598.3
2026-05-06 15:14:43;8775.8
2026-05-06 15:15:00;8940.0
2026-05-06 15:15:13;9110.8
2026-05-06 15:15:28;9287.5
2026-05-06 15:15:43;9434.2
2026-05-06 15:15:58;9542.5
2026-05-06 15:16:13;9602.5
2026-05-06 15:16:28;9619.2
2026-05-06 15:16:43;9685.0
2026-05-06 15:16:58;9766.7
2026-05-06 15:17:13;9886.7
2026-05-06 15:17:28;10090.0
2026-05-06 15:17:43;10345.8
2026-05-06 15:17:58;13932.5
2026-05-06 15:18:13;21167.5
2026-05-06 15:18:28;23030.8
2026-05-06 15:18:43;25844.2
2026-05-06 15:18:59;26537.5
2026-05-06 15:19:13;26627.5
2026-05-06 15:19:44;26075.8
2026-05-06 15:19:44;25453.3
2026-05-06 15:19:59;25436.7
2026-05-06 15:20:13;25967.5
2026-05-06 15:21:24;25731.7
2026-05-06 15:21:39;25638.3
2026-05-06 15:21:55;25965.0
2026-05-06 15:22:09;25844.2
2026-05-06 15:22:24;25527.5
2026-05-06 15:22:39;25457.5
2026-05-06 15:22:54;25394.2
2026-05-06 15:23:09;25383.3
2026-05-06 15:23:24;25409.2
2026-05-06 15:23:39;25128.3
2026-05-06 15:23:54;25030.0
2026-05-06 15:24:09;24794.2
2026-05-06 15:24:24;24517.5
2026-05-06 15:24:39;24211.7
2026-05-06 15:24:54;23937.5
2026-05-06 15:25:09;23529.2
2026-05-06 15:25:24;23239.2
2026-05-06 15:25:40;23000.0
2026-05-06 15:25:54;22826.7
2026-05-06 15:26:09;22417.5
2026-05-06 15:26:24;22088.3
2026-05-06 15:26:39;21877.5
2026-05-06 15:26:54;21635.0
2026-05-06 15:27:09;21132.5
2026-05-06 15:27:24;20776.7
2026-05-06 15:27:39;20299.2
2026-05-06 15:27:54;19637.5
2026-05-06 15:28:10;19069.2
2026-05-06 15:28:24;18713.3
2026-05-06 15:28:39;18320.0
2026-05-06 15:28:55;17671.7
2026-05-06 15:29:10;17346.7
2026-05-06 15:29:26;16912.5
2026-05-06 15:29:41;16575.0
2026-05-06 15:29:56;16469.2
2026-05-06 15:30:11;16328.3
2026-05-06 15:30:27;16350.0
2026-05-06 15:30:42;15879.2
2026-05-06 15:30:58;14810.8
2026-05-06 15:31:13;12680.0
2026-05-06 15:31:28;10166.7
2026-05-06 15:31:43;9768.3
2026-05-06 15:31:59;8955.0
2026-05-06 15:32:14;8567.5
2026-05-06 15:32:30;8040.8
2026-05-06 15:32:45;8604.2
2026-05-06 15:33:00;10473.3
2026-05-06 15:33:15;13026.7
2026-05-06 15:33:31;13738.3
2026-05-06 15:33:46;13563.3
2026-05-06 15:34:02;13319.2
2026-05-06 15:34:17;13087.5
2026-05-06 15:34:32;12504.2
2026-05-06 15:34:47;12371.7
2026-05-06 15:35:03;12169.2
2026-05-06 15:35:18;11946.7
2026-05-06 15:35:34;11775.0
2026-05-06 15:35:49;11554.2
2026-05-06 15:36:04;11220.8
2026-05-06 15:36:19;10863.3
2026-05-06 15:36:35;10651.7
2026-05-06 15:36:50;10474.2
2026-05-06 15:37:06;9320.8
2026-05-06 15:37:21;9535.8
2026-05-06 15:37:36;8896.7
2026-05-06 15:37:51;10360.0
2026-05-06 15:38:07;10408.3
2026-05-06 15:38:22;10122.5
2026-05-06 15:38:38;9995.0
2026-05-06 15:38:53;9705.8
2026-05-06 15:39:08;10230.8
2026-05-06 15:39:24;10520.0
2026-05-06 15:39:38;10778.3
2026-05-06 15:39:54;10611.7
2026-05-06 15:40:09;10421.7
2026-05-06 15:40:24;10123.3
2026-05-06 15:40:39;9819.2
2026-05-06 15:40:55;7869.2
2026-05-06 15:41:10;5584.2
2026-05-06 15:41:25;4723.3
2026-05-06 15:41:40;4546.7
2026-05-06 15:41:55;4441.7
2026-05-06 15:42:10;4360.0
2026-05-06 15:42:25;4277.5
2026-05-06 15:42:40;4178.3
2026-05-06 15:42:55;4117.5
2026-05-06 15:43:10;4077.5
2026-05-06 15:43:25;4033.3
2026-05-06 15:43:40;4002.5
2026-05-06 15:43:55;4005.8
2026-05-06 15:44:10;4026.7
2026-05-06 15:44:25;4063.3
2026-05-06 15:44:40;4090.0
2026-05-06 15:44:55;4110.0
2026-05-06 15:45:10;4101.7
2026-05-06 15:45:25;4090.0
2026-05-06 15:45:40;4063.3
2026-05-06 15:45:55;4097.5
2026-05-06 15:46:10;4160.0
2026-05-06 15:46:25;4225.0
2026-05-06 15:46:40;4294.2
2026-05-06 15:46:55;4317.5
2026-05-06 15:47:10;4291.7
2026-05-06 15:47:25;4255.0
2026-05-06 15:47:40;4210.0
2026-05-06 15:47:55;4220.0
2026-05-06 15:48:10;4232.5
2026-05-06 15:48:25;4215.8
2026-05-06 15:48:40;4170.8
2026-05-06 15:48:55;4070.8
2026-05-06 15:49:10;3907.5
2026-05-06 15:49:25;3753.3
2026-05-06 15:49:40;3645.8
2026-05-06 15:49:55;3542.5
2026-05-06 15:50:10;3446.7
2026-05-06 15:50:25;3376.7
2026-05-06 15:50:40;3310.8
2026-05-06 15:50:55;3240.8
2026-05-06 15:51:11;3170.8
2026-05-06 15:51:25;3118.3
2026-05-06 15:51:40;3018.3
2026-05-06 15:51:55;2932.5
2026-05-06 15:52:10;2878.3
2026-05-06 15:52:25;2830.8
2026-05-06 15:52:41;2809.2
2026-05-06 15:52:56;2820.8
2026-05-06 15:53:11;2813.3
2026-05-06 15:53:26;2812.5
2026-05-06 15:53:41;2838.3
2026-05-06 15:53:56;2844.2
2026-05-06 15:54:11;2820.0
2026-05-06 15:54:26;2825.0
2026-05-06 15:54:41;2859.2
2026-05-06 15:54:56;2867.5
2026-05-06 15:55:11;2825.0
2026-05-06 15:55:26;2636.7
2026-05-06 15:55:41;1695.8
2026-05-06 15:55:56;2950.8
2026-05-06 15:56:11;2816.7
2026-05-06 15:56:26;2952.5
2026-05-06 15:56:41;2941.7
2026-05-06 15:56:57;2920.8
2026-05-06 15:57:12;2869.2
2026-05-06 15:57:26;2819.2
2026-05-06 15:57:41;2747.5
2026-05-06 15:57:57;2742.5
2026-05-06 15:58:12;2750.0
2026-05-06 15:58:27;2757.5
2026-05-06 15:58:42;2762.5
2026-05-06 15:58:57;2676.7
2026-05-06 15:59:12;2694.2
2026-05-06 15:59:27;2649.2
2026-05-06 15:59:42;2633.3
2026-05-06 15:59:57;2595.8
2026-05-06 16:00:12;2539.2
2026-05-06 16:00:27;1722.5
2026-05-07 08:45:40;1486.7
2026-05-07 08:45:56;3136.7
2026-05-07 08:46:11;4647.5
2026-05-07 08:46:26;5803.3
2026-05-07 08:46:41;8250.0
2026-05-07 08:46:56;8168.3
2026-05-07 08:47:11;8040.8
2026-05-07 08:47:26;7994.2
2026-05-07 08:47:41;8085.0
2026-05-07 08:47:57;8149.2
2026-05-07 08:48:12;8220.8
2026-05-07 08:48:26;4580.8
2026-05-07 08:48:42;7986.7
2026-05-07 08:48:57;8057.5
2026-05-07 08:49:12;7989.2
2026-05-07 08:49:27;7905.0
2026-05-07 08:49:42;7878.3
2026-05-07 08:49:57;7930.0
2026-05-07 08:50:12;8021.7
2026-05-07 08:50:27;8035.8
2026-05-07 08:50:42;8011.7
2026-05-07 08:50:57;7981.7
2026-05-07 08:51:12;7950.0
2026-05-07 08:51:27;7923.3
2026-05-07 08:51:43;7919.2
2026-05-07 08:51:58;7880.8
2026-05-07 08:52:13;7864.2
2026-05-07 08:52:28;7860.8
2026-05-07 08:52:44;7854.2
2026-05-07 08:52:58;7855.8
2026-05-07 08:53:14;7853.3
2026-05-07 08:53:28;7865.8
2026-05-07 08:53:43;7868.3
2026-05-07 08:53:58;7902.5
2026-05-07 08:54:13;7982.5
2026-05-07 08:54:28;8076.7
2026-05-07 08:54:43;8075.8
2026-05-07 08:54:59;8152.5
2026-05-07 08:55:14;8230.0
2026-05-07 08:55:29;8414.2
2026-05-07 08:55:44;8260.0
2026-05-07 08:55:59;8342.5
2026-05-07 08:56:14;8652.5
2026-05-07 08:56:29;8631.7
2026-05-07 08:56:44;8824.2
2026-05-07 08:56:59;8975.8
2026-05-07 08:57:14;9102.5
2026-05-07 08:57:30;9184.2
2026-05-07 08:57:47;9205.0
2026-05-07 08:58:02;9239.2
2026-05-07 08:58:14;9255.0
2026-05-07 08:58:30;9250.8
2026-05-07 08:58:45;9220.8
2026-05-07 08:59:00;9162.5
2026-05-07 08:59:15;9119.2
2026-05-07 08:59:30;9101.7
2026-05-07 08:59:45;9071.7
2026-05-07 09:00:00;9008.3
2026-05-07 09:00:15;8995.8
2026-05-07 09:00:30;9090.0
2026-05-07 09:00:45;9222.5
2026-05-07 09:01:00;9443.3
2026-05-07 09:01:15;9700.8
2026-05-07 09:01:31;9991.7
2026-05-07 09:01:45;10239.2
2026-05-07 09:02:01;10794.2
2026-05-07 09:02:16;11224.2
2026-05-07 09:02:31;11624.2
2026-05-07 09:02:47;11968.3
2026-05-07 09:03:01;12275.0
2026-05-07 09:03:16;12510.0
2026-05-07 09:03:31;12736.7
2026-05-07 09:03:47;12955.8
2026-05-07 09:04:02;13158.3
2026-05-07 09:04:17;13564.2
2026-05-07 09:04:31;13725.8
2026-05-07 09:04:46;13648.3
2026-05-07 09:05:01;13984.2
2026-05-07 09:05:16;14025.8
2026-05-07 09:05:32;14133.3
2026-05-07 09:05:47;14155.8
2026-05-07 09:06:02;14321.7
2026-05-07 09:06:17;14268.3
2026-05-07 09:06:32;13785.8
2026-05-07 09:06:47;13959.2
2026-05-07 09:07:02;14177.5
2026-05-07 09:07:17;14835.8
2026-05-07 09:07:32;15365.8
2026-05-07 09:07:47;15775.8
2026-05-07 09:08:03;14933.3
2026-05-07 09:08:22;14474.2
2026-05-07 09:08:34;14185.8
2026-05-07 09:08:47;13881.7
2026-05-07 09:09:03;13777.5
2026-05-07 09:09:18;14104.2
2026-05-07 09:09:33;13718.3
2026-05-07 09:09:48;12993.3
2026-05-07 09:10:03;11911.7
2026-05-07 09:10:18;10962.5
2026-05-07 09:10:33;10270.0
2026-05-07 09:10:50;9611.7
2026-05-07 09:11:03;9112.5
2026-05-07 09:11:18;8853.3
2026-05-07 09:11:33;8793.3
2026-05-07 09:11:49;9108.3
2026-05-07 09:12:03;10114.2
2026-05-07 09:12:18;11529.2
2026-05-07 09:12:34;12245.0
2026-05-07 09:12:49;12890.0
2026-05-07 09:13:04;13006.7
2026-05-07 09:13:19;13705.0
2026-05-07 09:13:34;12160.0
2026-05-07 09:13:49;11856.7
2026-05-07 09:14:04;11501.7
2026-05-07 09:14:19;10980.0
2026-05-07 09:14:34;10276.7
2026-05-07 09:14:49;9740.0
2026-05-07 09:15:04;9568.3
2026-05-07 09:15:19;9576.7
2026-05-07 09:15:34;9835.0
2026-05-07 09:15:49;10109.2
2026-05-07 09:16:05;10528.3
2026-05-07 09:16:20;10914.2
2026-05-07 09:16:36;11115.8
2026-05-07 09:16:50;12399.2
2026-05-07 09:17:05;23230.0
2026-05-07 09:17:20;30690.0
2026-05-07 09:17:35;34206.7
2026-05-07 09:17:50;40655.8
2026-05-07 09:18:06;40426.7
2026-05-07 09:18:23;36949.2
2026-05-07 09:18:36;38522.5
2026-05-07 09:18:50;32855.0
2026-05-07 09:19:05;30786.7
2026-05-07 09:19:20;29441.7
2026-05-07 09:19:35;23034.2
2026-05-07 09:19:50;14886.7
2026-05-07 09:20:06;11674.2
2026-05-07 09:20:21;11431.7
2026-05-07 09:20:36;11537.5
2026-05-07 09:20:51;11446.7
2026-05-07 09:21:06;11323.3
2026-05-07 09:21:21;11747.5
2026-05-07 09:21:36;11554.2
2026-05-07 09:21:51;12104.2
2026-05-07 09:22:06;13089.2
2026-05-07 09:22:21;12794.2
2026-05-07 09:22:36;12656.7
2026-05-07 09:22:51;12838.3
2026-05-07 09:23:06;13563.3
2026-05-07 09:23:21;13437.5
2026-05-07 09:23:36;13042.5
2026-05-07 09:23:51;13080.8
2026-05-07 09:24:06;13020.0
2026-05-07 09:24:21;13050.8
2026-05-07 09:24:36;13990.0
2026-05-07 09:24:51;15127.5
2026-05-07 09:25:07;16875.8
2026-05-07 09:25:22;14752.5
2026-05-07 09:25:37;13190.0
2026-05-07 09:26:27;13012.5
2026-05-07 09:26:33;10370.8
2026-05-07 09:26:48;11075.8
2026-05-07 09:27:03;12256.7
2026-05-07 09:27:18;13646.7
2026-05-07 09:27:33;19651.7
2026-05-07 09:27:48;41015.0
2026-05-07 09:28:03;50509.2
2026-05-07 09:28:18;54612.5
2026-05-07 09:28:33;54315.0
2026-05-07 09:28:48;54612.5
2026-05-07 09:29:03;54612.5
2026-05-07 09:29:18;54612.5
2026-05-07 09:29:33;54612.5
2026-05-07 09:29:48;54612.5
2026-05-07 09:30:03;54612.5
2026-05-07 09:30:18;54612.5
2026-05-07 09:30:33;54612.5
2026-05-07 09:30:48;54612.5
2026-05-07 09:31:04;54612.5
2026-05-07 09:31:19;54612.5
2026-05-07 09:31:34;54612.5
2026-05-07 09:31:49;54612.5
2026-05-07 09:32:04;54612.5
2026-05-07 09:32:19;54612.5
2026-05-07 09:32:34;54612.5
2026-05-07 09:32:49;54612.5
2026-05-07 09:33:04;54612.5
2026-05-07 09:33:19;42341.7
2026-05-07 09:33:34;13706.7
2026-05-07 09:33:49;12495.0
2026-05-07 09:34:04;21531.7
2026-05-07 09:34:19;21732.5
2026-05-07 09:34:34;21499.2
2026-05-07 09:34:49;13331.7
2026-05-07 09:35:04;12355.0
2026-05-07 09:35:19;12145.8
2026-05-07 09:35:34;12360.8
2026-05-07 09:35:49;12789.2
2026-05-07 09:36:04;13428.3
2026-05-07 09:36:19;15205.8
2026-05-07 09:36:35;27370.8
2026-05-07 09:36:50;48515.8
2026-05-07 09:37:05;54612.5
2026-05-07 09:37:20;54612.5
2026-05-07 09:37:35;54612.5
2026-05-07 09:37:50;54612.5
2026-05-07 09:38:05;54612.5
2026-05-07 09:38:20;54612.5
2026-05-07 09:38:35;54612.5
2026-05-07 09:38:50;54612.5
2026-05-07 09:39:05;54612.5
2026-05-07 09:39:20;54612.5
2026-05-07 09:39:35;54612.5
2026-05-07 09:39:50;54612.5
2026-05-07 09:40:05;54612.5
2026-05-07 09:40:20;54612.5
2026-05-07 09:40:35;54612.5
2026-05-07 09:40:50;46467.5
2026-05-07 09:41:05;54612.5
2026-05-07 09:41:20;51466.7
2026-05-07 09:41:35;54612.5
2026-05-07 09:41:50;20380.0
2026-05-07 09:42:07;18701.7
2026-05-07 09:42:21;22400.0
2026-05-07 09:42:35;39837.5
2026-05-07 09:42:50;45990.0
2026-05-07 09:43:06;44667.5
2026-05-07 09:43:20;54612.5
2026-05-07 09:43:35;54612.5
2026-05-07 09:43:50;54612.5
2026-05-07 09:44:06;52341.7
2026-05-07 09:44:21;30453.3
2026-05-07 09:44:36;46008.3
2026-05-07 09:45:25;13566.7
2026-05-07 09:45:41;54612.5
2026-05-07 09:45:43;54612.5
2026-05-07 09:45:58;54612.5
2026-05-07 09:46:14;48320.8
2026-05-07 09:46:28;30196.7
2026-05-07 09:46:44;50519.2
2026-05-07 09:46:59;36608.3
2026-05-07 09:47:15;54612.5
2026-05-07 09:47:30;23762.5
2026-05-07 09:47:45;32556.7
2026-05-07 09:48:00;54612.5
2026-05-07 09:48:16;54612.5
2026-05-07 09:48:31;54612.5
2026-05-07 09:48:46;54612.5
2026-05-07 09:49:01;54612.5
2026-05-07 09:49:17;54612.5
2026-05-07 09:49:32;48262.5
2026-05-07 09:49:48;54612.5
2026-05-07 09:50:03;21696.7
2026-05-07 09:50:18;16953.3
2026-05-07 09:50:33;19278.3
2026-05-07 09:50:49;15907.5
2026-05-07 09:51:04;14591.7
2026-05-07 09:51:20;14140.0
2026-05-07 09:51:35;13884.2
2026-05-07 09:51:51;13715.0
2026-05-07 09:52:06;13735.0
2026-05-07 09:52:21;13952.5
2026-05-07 09:52:36;14255.0
2026-05-07 09:52:52;14915.0
2026-05-07 09:53:07;16136.7
2026-05-07 09:53:22;20623.3
2026-05-07 09:53:37;54612.5
2026-05-07 09:53:53;18891.7
2026-05-07 09:54:09;17032.5
2026-05-07 09:54:24;16155.0
2026-05-07 09:54:39;15640.0
2026-05-07 09:54:54;15657.5
2026-05-07 09:55:10;17130.0
2026-05-07 09:55:25;36945.0
2026-05-07 09:55:40;51646.7
2026-05-07 09:55:55;54612.5
2026-05-07 09:56:11;54612.5
2026-05-07 09:56:26;54612.5
2026-05-07 09:56:41;12355.8
2026-05-07 09:56:56;11264.2
2026-05-07 09:57:11;10909.2
2026-05-07 09:57:27;10739.2
2026-05-07 09:57:42;10609.2
2026-05-07 09:57:57;10549.2
2026-05-07 09:58:12;10730.0
2026-05-07 09:58:27;11129.2
2026-05-07 09:58:43;11800.0
2026-05-07 09:59:00;12721.7
2026-05-07 09:59:12;14664.2
2026-05-07 09:59:27;18290.8
2026-05-07 09:59:42;39040.8
2026-05-07 09:59:57;54612.5
2026-05-07 10:00:12;54612.5
2026-05-07 10:00:27;54612.5
2026-05-07 10:00:42;54612.5
2026-05-07 10:00:57;54544.2
2026-05-07 10:01:12;47090.8
2026-05-07 10:01:27;54612.5
2026-05-07 10:01:42;54612.5
2026-05-07 10:01:57;54612.5
2026-05-07 10:02:13;54612.5
2026-05-07 10:02:28;54612.5
2026-05-07 10:02:43;13736.7
2026-05-07 10:02:58;12187.5
2026-05-07 10:03:15;11453.3
2026-05-07 10:03:30;11460.8
2026-05-07 10:03:46;11925.0
2026-05-07 10:03:59;12950.0
2026-05-07 10:04:15;14317.5
2026-05-07 10:04:30;16446.7
2026-05-07 10:04:45;13817.5
2026-05-07 10:05:01;14365.0
2026-05-07 10:05:16;14994.2
2026-05-07 10:05:31;13563.3
2026-05-07 10:05:46;13106.7
2026-05-07 10:06:01;12730.8
2026-05-07 10:06:16;12932.5
2026-05-07 10:06:31;13470.0
2026-05-07 10:06:46;13580.8
2026-05-07 10:07:01;13484.2
2026-05-07 10:07:16;14025.8
2026-05-07 10:07:31;14362.5
2026-05-07 10:07:46;14936.7
2026-05-07 10:08:01;14208.3
2026-05-07 10:08:16;14553.3
2026-05-07 10:08:31;15280.0
2026-05-07 10:08:46;16302.5
2026-05-07 10:09:01;18203.3
2026-05-07 10:09:16;42188.3
2026-05-07 10:09:31;54612.5
2026-05-07 10:09:46;54612.5
2026-05-07 10:10:01;54612.5
2026-05-07 10:10:16;54612.5
2026-05-07 10:10:31;54612.5
2026-05-07 10:10:46;54612.5
2026-05-07 10:11:01;54612.5
2026-05-07 10:11:16;43305.0
2026-05-07 10:11:31;29388.3
2026-05-07 10:11:46;39587.5
2026-05-07 10:12:01;47681.7
2026-05-07 10:12:16;18854.2
2026-05-07 10:12:32;19190.8
2026-05-07 10:12:47;19180.8
2026-05-07 10:13:02;19431.7
2026-05-07 10:13:17;19330.0
2026-05-07 10:13:33;54612.5
2026-05-07 10:13:47;33520.8
2026-05-07 10:14:03;20251.7
2026-05-07 10:14:18;18974.2
2026-05-07 10:14:34;18864.2
2026-05-07 10:14:49;18838.3
2026-05-07 10:15:04;20147.5
2026-05-07 10:15:19;17397.5
2026-05-07 10:15:35;20488.3
2026-05-07 10:15:50;20255.8
2026-05-07 10:16:05;19125.0
2026-05-07 10:16:22;19247.5
2026-05-07 10:16:36;21563.3
2026-05-07 10:16:51;23027.5
2026-05-07 10:17:07;23198.3
2026-05-07 10:17:23;24084.2
2026-05-07 10:17:37;29523.3
2026-05-07 10:17:53;21612.5
2026-05-07 10:18:10;20776.7
2026-05-07 10:18:23;20655.0
2026-05-07 10:18:38;20499.2
2026-05-07 10:18:53;20141.7
2026-05-07 10:19:09;20398.3
2026-05-07 10:19:24;20210.0
2026-05-07 10:19:43;19920.8
2026-05-07 10:19:56;18851.7
2026-05-07 10:20:10;18090.8
2026-05-07 10:20:25;17786.7
2026-05-07 10:20:44;17349.2
2026-05-07 10:20:56;17020.0
2026-05-07 10:21:12;16915.0
2026-05-07 10:21:26;16675.0
2026-05-07 10:21:42;16547.5
2026-05-07 10:21:57;17255.8
2026-05-07 10:22:13;18439.2
2026-05-07 10:22:28;16230.0
2026-05-07 10:22:43;33115.8
2026-05-07 10:22:59;18950.8
2026-05-07 10:23:15;54554.2
2026-05-07 10:23:29;54612.5
2026-05-07 10:23:45;54612.5
2026-05-07 10:23:59;54612.5
2026-05-07 10:24:15;39765.0
2026-05-07 10:24:30;54612.5
2026-05-07 10:24:46;54612.5
2026-05-07 10:25:01;54612.5
2026-05-07 10:25:16;54612.5
2026-05-07 10:25:31;54612.5
2026-05-07 10:25:48;54612.5
2026-05-07 10:26:02;54612.5
2026-05-07 10:26:18;54612.5
2026-05-07 10:26:32;54612.5
2026-05-07 10:26:48;54612.5
2026-05-07 10:27:03;54612.5
2026-05-07 10:27:18;54612.5
2026-05-07 10:27:33;54612.5
2026-05-07 10:27:49;54612.5
2026-05-07 10:28:04;54612.5
2026-05-07 10:28:20;54612.5
2026-05-07 10:28:35;54612.5
2026-05-07 10:28:50;54612.5
2026-05-07 10:29:05;54612.5
2026-05-07 10:29:21;54612.5
2026-05-07 10:29:36;54612.5
2026-05-07 10:29:51;54612.5
2026-05-07 10:30:06;54612.5
2026-05-07 10:30:22;54612.5
2026-05-07 10:30:37;53191.7
2026-05-07 10:30:52;54612.5
2026-05-07 10:31:07;54612.5
2026-05-07 10:31:23;32765.8
2026-05-07 10:31:39;54612.5
2026-05-07 10:31:53;24805.8
2026-05-07 10:32:08;31920.0
2026-05-07 10:32:24;19320.0
2026-05-07 10:32:39;16754.2
2026-05-07 10:32:55;17115.8
2026-05-07 10:33:09;17486.7
2026-05-07 10:33:25;18683.3
2026-05-07 10:33:40;17460.0
2026-05-07 10:33:56;17765.0
2026-05-07 10:34:11;18465.8
2026-05-07 10:34:26;22267.5
2026-05-07 10:34:41;21531.7
2026-05-07 10:34:57;42045.0
2026-05-07 10:35:12;32170.8
2026-05-07 10:35:27;22912.5
2026-05-07 10:35:42;15156.7
2026-05-07 10:35:58;32157.5
2026-05-07 10:36:13;17225.8
2026-05-07 10:36:28;38957.5
2026-05-07 10:36:44;16646.7
2026-05-07 10:36:59;16638.3
2026-05-07 10:37:14;17168.3
2026-05-07 10:37:30;17107.5
2026-05-07 10:37:45;17613.3
2026-05-07 10:38:00;18053.3
2026-05-07 10:38:15;18525.0
2026-05-07 10:38:31;18837.5
2026-05-07 10:38:46;18921.7
2026-05-07 10:39:01;18905.0
2026-05-07 10:39:17;18565.8
2026-05-07 10:39:32;18140.8
2026-05-07 10:39:47;17636.7
2026-05-07 10:40:03;17270.0
2026-05-07 10:40:18;16085.8
2026-05-07 10:40:33;14900.0
2026-05-07 10:40:48;14717.5
2026-05-07 10:41:04;13882.5
2026-05-07 10:41:19;13841.7
2026-05-07 10:41:34;14875.0
2026-05-07 10:41:49;16675.8
2026-05-07 10:42:05;17099.2
2026-05-07 10:42:20;17412.5
2026-05-07 10:42:36;17673.3
2026-05-07 10:42:51;17522.5
2026-05-07 10:43:06;6321.7
2026-05-07 10:43:21;9895.8
2026-05-07 10:43:37;18140.0
2026-05-07 10:43:52;17806.7
2026-05-07 10:44:07;17181.7
2026-05-07 10:44:23;16859.2
2026-05-07 10:44:38;16439.2
2026-05-07 10:44:53;16385.0
2026-05-07 10:45:09;16345.8
2026-05-07 10:45:24;16246.7
2026-05-07 10:45:41;16210.0
2026-05-07 10:45:54;16503.3
2026-05-07 10:46:10;16874.2
2026-05-07 10:46:25;17054.2
2026-05-07 10:46:41;17513.3
2026-05-07 10:46:56;17767.5
2026-05-07 10:47:11;18273.3
2026-05-07 10:47:26;17907.5
2026-05-07 10:47:42;17295.0
2026-05-07 10:47:57;16791.7
2026-05-07 10:48:13;16490.0
2026-05-07 10:48:28;16160.0
2026-05-07 10:48:43;15849.2
2026-05-07 10:48:58;15584.2
2026-05-07 10:49:14;15583.3
2026-05-07 10:49:29;15669.2
2026-05-07 10:49:45;15883.3
2026-05-07 10:50:00;16136.7
2026-05-07 10:50:15;16235.0
2026-05-07 10:50:30;16616.7
2026-05-07 10:50:46;16852.5
2026-05-07 10:51:01;17093.3
2026-05-07 10:51:17;16955.8
2026-05-07 10:51:32;16699.2
2026-05-07 10:51:47;15567.5
2026-05-07 10:52:02;14513.3
2026-05-07 10:52:17;14885.0
2026-05-07 10:52:32;14853.3
2026-05-07 10:52:47;14257.5
2026-05-07 10:53:02;14285.8
2026-05-07 10:53:18;14265.8
2026-05-07 10:53:32;14933.3
2026-05-07 10:53:47;15945.8
2026-05-07 10:54:02;16932.5
2026-05-07 10:54:17;17670.8
2026-05-07 10:54:32;18092.5
2026-05-07 10:54:47;16615.0
2026-05-07 10:55:02;16090.8
2026-05-07 10:55:17;15708.3
2026-05-07 10:55:32;15332.5
2026-05-07 10:55:47;15209.2
2026-05-07 10:56:02;15102.5
2026-05-07 10:56:17;15030.0
2026-05-07 10:56:32;16570.8
2026-05-07 10:56:48;15052.5
2026-05-07 10:57:03;18859.2
2026-05-07 10:57:19;14284.2
2026-05-07 10:57:34;11732.5
2026-05-07 10:57:49;43285.8
2026-05-07 10:58:04;54612.5
2026-05-07 10:58:20;52040.0
2026-05-07 10:58:35;54612.5
2026-05-07 10:58:51;28360.0
2026-05-07 10:59:06;54612.5
2026-05-07 10:59:21;41433.3
2026-05-07 10:59:36;45118.3
2026-05-07 10:59:52;42905.8
2026-05-07 11:00:07;17633.3
2026-05-07 11:00:23;30844.2
2026-05-07 11:00:38;24053.3
2026-05-07 11:00:53;26172.5
2026-05-07 11:01:08;20331.7
2026-05-07 11:01:24;17103.3
2026-05-07 11:01:39;15548.3
2026-05-07 11:01:54;13795.8
2026-05-07 11:02:10;16519.2
2026-05-07 11:02:25;13757.5
2026-05-07 11:02:40;16159.2
2026-05-07 11:02:56;15853.3
2026-05-07 11:03:11;14090.8
2026-05-07 11:03:26;12471.7
2026-05-07 11:03:41;12334.2
2026-05-07 11:03:57;54612.5
2026-05-07 11:04:12;10582.5
2026-05-07 11:04:28;54612.5
2026-05-07 11:04:43;54612.5
2026-05-07 11:04:58;54612.5
2026-05-07 11:05:13;54612.5
2026-05-07 11:05:29;54612.5
2026-05-07 11:05:44;54612.5
2026-05-07 11:06:00;7602.5
2026-05-07 11:06:15;8398.3
2026-05-07 11:06:30;10449.2
2026-05-07 11:06:45;6433.3
2026-05-07 11:07:01;7180.8
2026-05-07 11:07:16;54612.5
2026-05-07 11:07:32;54612.5
2026-05-07 11:07:47;54612.5
2026-05-07 11:08:02;54612.5
2026-05-07 11:08:18;54612.5
2026-05-07 11:08:33;45003.3
2026-05-07 11:08:48;42015.0
2026-05-07 11:09:04;35232.5
2026-05-07 11:09:19;42399.2
2026-05-07 11:09:34;36028.3
2026-05-07 11:09:49;33187.5
2026-05-07 11:10:05;36900.8
2026-05-07 11:10:20;21787.5
2026-05-07 11:10:35;22440.0
2026-05-07 11:10:51;40065.8
2026-05-07 11:11:06;34632.5
2026-05-07 11:11:21;27156.7
2026-05-07 11:11:37;52065.8
2026-05-07 11:11:52;39833.3
2026-05-07 11:12:07;20533.3
2026-05-07 11:12:22;12241.7
2026-05-07 11:12:38;9374.2
2026-05-07 11:12:53;6915.8
2026-05-07 11:13:09;6955.8
2026-05-07 11:13:24;10255.8
2026-05-07 11:13:39;8369.2
2026-05-07 11:13:54;4614.2
2026-05-07 11:14:10;10597.5
2026-05-07 11:14:25;7810.0
2026-05-07 11:14:41;54612.5
2026-05-07 11:14:56;54612.5
2026-05-07 11:15:11;54612.5
2026-05-07 11:15:26;54612.5
2026-05-07 11:15:42;54612.5
2026-05-07 11:15:57;54612.5
2026-05-07 11:16:13;54612.5
2026-05-07 11:16:28;54612.5
2026-05-07 11:16:43;54612.5
2026-05-07 11:16:58;54612.5
2026-05-07 11:17:14;54612.5
2026-05-07 11:17:29;54612.5
2026-05-07 11:17:45;20552.5
2026-05-07 11:18:00;27320.0
2026-05-07 11:18:16;33384.2
2026-05-07 11:18:30;12995.0
2026-05-07 11:18:46;13189.2
2026-05-07 11:19:01;12922.5
2026-05-07 11:19:17;12945.8
2026-05-07 11:19:32;12835.8
2026-05-07 11:19:47;13107.5
2026-05-07 11:20:02;16469.2
2026-05-07 11:20:18;15885.8
2026-05-07 11:20:33;27640.0
2026-05-07 11:20:48;46652.5
2026-05-07 11:21:03;53281.7
2026-05-07 11:21:22;54612.5
2026-05-07 11:21:34;54232.5
2026-05-07 11:21:50;54612.5
2026-05-07 11:22:05;54612.5
2026-05-07 11:22:20;54612.5
2026-05-07 11:22:35;54612.5
2026-05-07 11:22:51;23077.5
2026-05-07 11:23:06;32900.0
2026-05-07 11:23:22;12096.7
2026-05-07 11:23:37;16648.3
2026-05-07 11:23:52;30455.0
2026-05-07 11:24:07;54612.5
2026-05-07 11:24:22;33435.0
2026-05-07 11:24:37;12821.7
2026-05-07 11:24:52;14013.3
2026-05-07 11:25:07;12633.3
2026-05-07 11:25:22;54612.5
2026-05-07 11:25:37;36551.7
2026-05-07 11:25:52;5670.8
2026-05-07 11:30:59;5928.3
2026-05-07 11:31:14;54612.5
2026-05-07 11:31:29;54612.5
2026-05-07 11:32:02;54612.5
2026-05-07 11:32:18;54612.5
2026-05-07 11:32:34;54612.5
2026-05-07 11:32:49;54612.5
2026-05-07 11:33:04;54612.5
2026-05-07 11:33:19;54612.5
2026-05-07 11:33:35;54612.5
2026-05-07 11:33:50;54612.5
2026-05-07 11:34:05;54612.5
2026-05-07 11:34:20;54612.5
2026-05-07 11:34:36;54612.5
2026-05-07 11:34:51;54612.5
2026-05-07 11:35:06;54612.5
2026-05-07 11:35:21;54612.5
2026-05-07 11:35:37;54612.5
2026-05-07 11:35:52;54612.5
2026-05-07 11:36:07;54612.5
2026-05-07 11:36:22;54612.5
2026-05-07 11:36:38;54612.5
2026-05-07 11:36:53;54612.5
2026-05-07 11:37:08;54612.5
2026-05-07 11:37:23;54612.5
2026-05-07 11:37:39;54612.5
2026-05-07 11:37:54;54612.5
2026-05-07 11:38:09;54612.5
2026-05-07 11:38:24;54612.5
2026-05-07 11:38:42;54612.5
2026-05-07 11:38:56;54612.5
2026-05-07 11:39:11;54612.5
2026-05-07 11:39:27;54612.5
2026-05-07 11:39:42;54612.5
2026-05-07 11:39:58;54612.5
2026-05-07 11:40:13;54612.5
2026-05-07 11:40:29;54612.5
2026-05-07 11:40:45;54612.5
2026-05-07 11:41:01;54612.5
2026-05-07 11:41:16;54612.5
2026-05-07 11:41:32;54612.5
2026-05-07 11:41:47;54612.5
2026-05-07 11:42:03;54612.5
2026-05-07 11:42:18;54612.5
2026-05-07 11:42:34;54612.5
2026-05-07 11:42:49;54612.5
2026-05-07 11:43:05;54612.5
2026-05-07 11:43:21;54612.5
2026-05-07 11:43:36;54612.5
2026-05-07 11:43:52;54612.5
2026-05-07 11:44:08;54612.5
2026-05-07 11:44:23;54612.5
2026-05-07 11:44:39;54612.5
2026-05-07 11:44:54;54612.5
2026-05-07 11:45:25;54612.5
2026-05-07 11:45:40;54612.5
2026-05-07 11:45:56;54612.5
2026-05-07 11:46:11;54612.5
2026-05-07 11:46:27;54612.5
2026-05-07 11:46:42;54612.5
2026-05-07 11:46:58;54612.5
2026-05-07 11:47:13;54612.5
2026-05-07 11:47:29;54612.5
2026-05-07 11:47:45;54612.5
2026-05-07 11:48:00;54612.5
2026-05-07 11:48:16;54612.5
2026-05-07 11:48:32;54612.5
2026-05-07 11:48:47;54612.5
2026-05-07 11:49:03;54612.5
2026-05-07 11:49:19;54612.5
2026-05-07 11:49:34;54612.5
2026-05-07 11:49:50;54612.5
2026-05-07 11:50:05;54612.5
2026-05-07 11:50:21;54612.5
2026-05-07 11:50:36;54612.5
2026-05-07 11:59:51;54612.5
2026-05-07 12:00:07;54612.5
2026-05-07 12:00:22;54612.5
2026-05-07 12:00:38;54612.5
2026-05-07 12:00:55;54612.5
2026-05-07 12:01:09;54612.5
2026-05-07 12:01:25;54612.5
2026-05-07 12:01:40;54612.5
2026-05-07 12:01:57;54612.5
2026-05-07 12:02:11;54612.5
2026-05-07 12:02:27;54612.5
2026-05-07 12:02:43;54612.5
2026-05-07 12:02:58;54612.5
2026-05-07 12:03:14;54612.5
2026-05-07 12:03:29;54612.5
2026-05-07 12:03:45;54612.5
2026-05-07 12:04:00;54612.5
2026-05-07 12:04:16;54612.5
2026-05-07 12:04:31;54612.5
2026-05-07 12:04:47;54612.5
2026-05-07 12:05:03;54612.5
2026-05-07 12:05:18;54612.5
2026-05-07 12:05:34;54612.5
2026-05-07 12:05:49;54612.5
2026-05-07 12:06:05;54612.5
2026-05-07 12:06:20;54612.5
2026-05-07 12:06:36;54612.5
2026-05-07 12:06:51;54612.5
2026-05-07 12:07:07;54612.5
2026-05-07 12:07:22;54612.5
2026-05-07 12:07:38;54612.5
2026-05-07 12:07:53;54612.5
2026-05-07 12:08:09;54612.5
2026-05-07 12:08:25;54612.5
2026-05-07 12:08:40;54612.5
2026-05-07 12:08:56;54612.5
2026-05-07 12:09:11;54612.5
2026-05-07 12:09:27;54612.5
2026-05-07 12:09:42;54612.5
2026-05-07 12:09:59;54612.5
2026-05-07 12:10:13;54612.5
2026-05-07 12:10:29;54612.5
2026-05-07 12:10:47;54612.5
2026-05-07 12:11:00;54612.5
2026-05-07 12:11:16;54612.5
2026-05-07 12:11:31;54612.5
2026-05-07 12:11:47;54612.5
2026-05-07 12:12:02;54612.5
2026-05-07 12:12:18;54612.5
2026-05-07 12:12:48;54612.5
2026-05-07 12:13:10;54612.5
2026-05-07 12:13:25;54612.5
2026-05-07 12:13:41;54612.5
2026-05-07 12:14:07;54612.5
2026-05-07 12:14:12;54612.5
2026-05-07 12:14:28;54612.5
2026-05-07 12:14:44;54612.5
2026-05-07 12:14:59;54612.5
2026-05-07 12:15:15;54612.5
2026-05-07 12:15:30;54612.5
2026-05-07 12:15:46;54612.5
2026-05-07 12:16:01;54612.5
2026-05-07 12:16:17;54612.5
2026-05-07 12:16:32;54612.5
2026-05-07 12:16:48;54612.5
2026-05-07 12:17:05;54612.5
2026-05-07 12:17:19;54612.5
2026-05-07 12:17:35;54612.5
2026-05-07 12:17:50;54612.5
2026-05-07 12:18:06;54612.5
2026-05-07 12:18:21;54612.5
2026-05-07 12:18:37;54612.5
2026-05-07 12:18:52;54612.5
2026-05-07 12:19:08;52817.5
2026-05-07 12:19:23;12420.0
2026-05-07 12:19:39;11958.3
2026-05-07 12:19:55;33046.7
2026-05-07 12:20:10;54612.5
2026-05-07 12:20:26;54612.5
2026-05-07 12:20:41;54612.5
2026-05-07 12:20:57;54612.5
2026-05-07 12:21:12;54612.5
2026-05-07 12:21:28;54612.5
2026-05-07 12:21:43;54612.5
2026-05-07 12:21:59;54612.5
2026-05-07 12:22:14;54612.5
2026-05-07 12:22:30;54612.5
2026-05-07 12:22:45;54612.5
2026-05-07 12:23:01;54612.5
2026-05-07 12:23:17;54612.5
2026-05-07 12:23:32;54612.5
2026-05-07 12:23:48;54612.5
2026-05-07 12:24:04;54612.5
2026-05-07 12:24:19;54612.5
2026-05-07 12:24:35;54612.5
2026-05-07 12:24:50;54612.5
2026-05-07 12:25:05;54612.5
2026-05-07 12:25:21;54612.5
2026-05-07 12:25:37;54612.5
2026-05-07 12:25:52;54612.5
2026-05-07 12:26:08;54612.5
2026-05-07 12:26:23;54612.5
2026-05-07 12:26:39;54612.5
2026-05-07 12:26:54;54612.5
2026-05-07 12:27:10;54612.5
2026-05-07 12:27:27;54612.5
2026-05-07 12:27:41;54612.5
2026-05-07 12:27:56;54612.5
2026-05-07 12:28:12;54612.5
2026-05-07 12:28:28;54612.5
2026-05-07 12:28:43;54612.5
2026-05-07 12:28:59;54612.5
2026-05-07 12:29:14;54612.5
2026-05-07 12:29:30;54612.5
2026-05-07 12:29:45;54612.5
2026-05-07 12:30:01;54612.5
2026-05-07 12:30:16;54612.5
2026-05-07 12:30:32;54612.5
2026-05-07 12:30:48;54612.5
2026-05-07 12:31:03;54612.5
2026-05-07 12:31:19;54612.5
2026-05-07 12:31:34;54612.5
2026-05-07 12:31:50;54612.5
2026-05-07 12:32:05;54612.5
2026-05-07 12:32:21;54612.5
2026-05-07 12:32:36;54612.5
2026-05-07 12:32:52;54612.5
2026-05-07 12:33:07;54612.5
2026-05-07 12:33:23;54612.5
2026-05-07 12:33:39;54612.5
2026-05-07 12:33:54;54612.5
2026-05-07 12:34:12;54612.5
2026-05-07 12:34:25;54612.5
2026-05-07 12:34:41;54612.5
2026-05-07 12:34:56;54612.5
2026-05-07 12:35:12;54612.5
2026-05-07 12:35:27;54612.5
2026-05-07 12:35:43;54612.5
2026-05-07 12:35:58;54612.5
2026-05-07 12:36:15;54612.5
2026-05-07 12:36:30;54612.5
2026-05-07 12:36:46;54612.5
2026-05-07 12:37:01;54612.5
2026-05-07 12:37:16;54612.5
2026-05-07 12:37:32;54612.5
2026-05-07 12:37:47;54612.5
2026-05-07 12:38:03;54612.5
2026-05-07 12:38:18;54612.5
2026-05-07 12:38:34;54612.5
2026-05-07 12:38:50;54612.5
2026-05-07 12:39:05;54612.5
2026-05-07 12:39:21;54612.5
2026-05-07 12:39:36;54612.5
2026-05-07 12:39:52;54612.5
2026-05-07 12:40:07;54612.5
2026-05-07 12:40:23;54612.5
2026-05-07 12:40:38;54612.5
2026-05-07 12:40:54;54612.5
2026-05-07 12:41:09;54612.5
2026-05-07 12:41:25;54612.5
2026-05-07 12:41:41;54612.5
2026-05-07 12:41:57;54612.5
2026-05-07 12:42:12;54612.5
2026-05-07 12:42:28;54612.5
2026-05-07 12:42:43;54612.5
2026-05-07 12:42:58;54612.5
2026-05-07 12:43:17;54612.5
2026-05-07 12:43:30;54612.5
2026-05-07 12:43:45;54612.5
2026-05-07 12:44:02;54612.5
2026-05-07 12:44:16;54612.5
2026-05-07 12:44:32;54612.5
2026-05-07 12:44:47;54612.5
2026-05-07 12:45:03;54612.5
2026-05-07 12:45:18;54612.5
2026-05-07 12:45:34;54612.5
2026-05-07 12:45:49;54612.5
2026-05-07 12:46:05;54612.5
2026-05-07 12:46:20;54612.5
2026-05-07 12:46:36;54612.5
2026-05-07 12:46:52;26755.8
2026-05-07 12:47:07;3056.7
2026-05-07 12:47:23;54612.5
2026-05-07 12:47:38;54612.5
2026-05-07 12:47:54;54612.5
2026-05-07 12:48:09;54612.5
2026-05-07 12:48:25;54612.5
2026-05-07 12:48:41;54612.5
2026-05-07 12:48:56;54612.5
2026-05-07 12:49:12;54612.5
2026-05-07 12:49:27;54612.5
2026-05-07 12:49:43;54612.5
2026-05-07 12:49:58;54612.5
2026-05-07 12:50:14;54612.5
2026-05-07 12:50:30;54612.5
2026-05-07 12:50:45;54612.5
2026-05-07 12:51:01;54612.5
2026-05-07 12:51:17;54612.5
2026-05-07 12:51:32;54612.5
2026-05-07 12:51:47;54612.5
2026-05-07 12:52:02;54612.5
2026-05-07 12:52:17;54612.5
2026-05-07 12:52:32;54612.5
2026-05-07 12:52:48;54612.5
2026-05-07 12:53:03;54612.5
2026-05-07 12:53:18;54612.5
2026-05-07 12:53:33;54612.5
2026-05-07 12:53:49;54612.5
2026-05-07 12:54:04;54612.5
2026-05-07 12:54:20;54612.5
2026-05-07 12:54:35;53455.0
2026-05-07 12:54:50;46852.5
2026-05-07 12:55:05;40013.3
2026-05-07 12:55:21;32595.0
2026-05-07 12:55:36;26107.5
2026-05-07 12:55:51;20294.2
2026-05-07 12:56:06;15971.7
2026-05-07 12:56:22;13233.3
2026-05-07 12:56:37;7940.0
2026-05-07 12:56:52;54612.5
2026-05-07 12:57:07;54612.5
2026-05-07 12:57:23;54612.5
2026-05-07 12:57:38;54612.5
2026-05-07 12:57:54;54612.5
2026-05-07 12:58:09;54612.5
2026-05-07 12:58:24;54612.5
2026-05-07 12:58:39;54612.5
2026-05-07 12:58:55;48320.0
2026-05-07 12:59:10;36145.8
2026-05-07 12:59:26;26845.0
2026-05-07 12:59:41;20105.0
2026-05-07 12:59:56;17723.3
2026-05-07 13:00:11;17750.0
2026-05-07 13:00:27;17371.7
2026-05-07 13:00:42;17488.3
2026-05-07 13:00:58;17317.5
2026-05-07 13:01:13;17712.5
2026-05-07 13:01:28;16410.8
2026-05-07 13:01:43;12325.8
2026-05-07 13:08:45;31800.0
2026-05-07 13:09:01;54612.5
2026-05-07 13:09:16;5017.5
2026-05-07 13:09:32;54612.5
2026-05-07 13:09:47;54612.5
2026-05-07 13:10:02;54612.5
2026-05-07 13:10:17;54612.5
2026-05-07 13:10:33;54612.5
2026-05-07 13:10:48;54612.5
2026-05-07 13:11:03;54612.5
2026-05-07 13:11:18;52713.3
2026-05-07 13:11:34;29402.5
2026-05-07 13:11:49;32022.5
2026-05-07 13:12:06;42682.5
2026-05-07 13:12:20;34330.8
2026-05-07 13:12:35;31253.3
2026-05-07 13:12:51;35600.8
2026-05-07 13:13:06;37736.7
2026-05-07 13:13:21;54612.5
2026-05-07 13:13:37;54612.5
2026-05-07 13:13:52;49903.3
2026-05-07 13:14:07;54612.5
2026-05-07 13:14:22;54612.5
2026-05-07 13:14:37;54612.5
2026-05-07 13:14:53;54612.5
2026-05-07 13:15:08;54612.5
2026-05-07 13:15:25;54612.5
2026-05-07 13:15:39;54612.5
2026-05-07 13:15:54;54612.5
2026-05-07 13:16:09;54612.5
2026-05-07 13:16:25;54612.5
2026-05-07 13:16:40;54612.5
2026-05-07 13:16:56;54612.5
2026-05-07 13:17:10;54612.5
2026-05-07 13:17:26;54612.5
2026-05-07 13:17:41;54612.5
2026-05-07 13:17:56;54612.5
2026-05-07 13:18:11;54612.5
2026-05-07 13:18:27;54612.5
2026-05-07 13:18:42;54612.5
2026-05-07 13:18:57;54612.5
2026-05-07 13:19:12;54612.5
2026-05-07 13:19:28;54612.5
2026-05-07 13:19:43;54612.5
2026-05-07 13:19:58;54612.5
2026-05-07 13:20:13;54612.5
2026-05-07 13:20:29;54612.5
2026-05-07 13:20:44;54612.5
2026-05-07 13:21:00;54612.5
2026-05-07 13:21:14;54612.5
2026-05-07 13:21:30;54612.5
2026-05-07 13:21:45;54612.5
2026-05-07 13:22:00;54612.5
2026-05-07 13:22:15;54612.5
2026-05-07 13:22:31;54612.5
2026-05-07 13:22:46;54612.5
2026-05-07 13:23:01;54612.5
2026-05-07 13:23:16;54612.5
2026-05-07 13:23:32;54612.5
2026-05-07 13:23:47;54612.5
2026-05-07 13:24:03;54612.5
2026-05-07 13:24:25;54612.5
2026-05-07 13:24:42;54612.5
2026-05-07 13:24:56;54612.5
2026-05-07 13:25:04;54612.5
2026-05-07 13:25:20;54612.5
2026-05-07 13:25:35;54612.5
2026-05-07 13:25:50;54612.5
2026-05-07 13:26:05;54612.5
2026-05-07 13:26:39;6576.7
2026-05-07 13:26:51;54612.5
2026-05-07 13:27:07;54612.5
2026-05-07 13:27:22;54612.5
2026-05-07 13:27:38;54612.5
2026-05-07 13:27:53;54612.5
2026-05-07 13:28:08;54612.5
2026-05-07 13:28:23;54612.5
2026-05-07 13:28:38;54612.5
2026-05-07 13:28:54;54612.5
2026-05-07 13:29:09;54612.5
2026-05-07 13:29:24;54612.5
2026-05-07 13:29:39;54612.5
2026-05-07 13:29:55;54612.5
2026-05-07 13:30:10;54612.5
2026-05-07 13:30:25;54612.5
2026-05-07 13:30:40;54612.5
2026-05-07 13:30:56;54612.5
2026-05-07 13:31:11;54612.5
2026-05-07 13:31:26;54612.5
2026-05-07 13:31:42;54612.5
2026-05-07 13:31:57;54612.5
2026-05-07 13:32:12;54612.5
2026-05-07 13:32:27;54612.5
2026-05-07 13:32:42;54612.5
2026-05-07 13:32:58;54612.5
2026-05-07 13:33:13;54612.5
2026-05-07 13:33:28;54612.5
2026-05-07 13:33:44;54612.5
2026-05-07 13:33:59;54612.5
2026-05-07 13:34:15;54612.5
2026-05-07 13:34:30;54612.5
2026-05-07 13:34:45;54612.5
2026-05-07 13:35:00;54612.5
2026-05-07 13:35:18;54612.5
2026-05-07 13:35:32;54612.5
2026-05-07 13:35:48;54612.5
2026-05-07 13:36:04;54612.5
2026-05-07 13:36:19;54612.5
2026-05-07 13:36:34;54612.5
2026-05-07 13:36:50;54612.5
2026-05-07 13:37:06;54612.5
2026-05-07 13:37:21;54612.5
2026-05-07 13:37:37;54612.5
2026-05-07 13:37:52;54612.5
2026-05-07 13:38:08;54612.5
2026-05-07 13:38:23;54612.5
2026-05-07 13:38:41;54612.5
2026-05-07 13:38:55;54612.5
2026-05-07 13:39:10;54612.5
2026-05-07 13:39:26;54612.5
2026-05-07 13:39:41;54612.5
2026-05-07 13:39:56;54612.5
2026-05-07 13:40:11;54612.5
2026-05-07 13:40:27;54612.5
2026-05-07 13:40:42;54612.5
2026-05-07 13:40:58;54612.5
2026-05-07 13:41:14;54612.5
2026-05-07 13:41:29;54612.5
2026-05-07 13:41:45;54612.5
2026-05-07 13:42:00;54612.5
2026-05-07 13:42:16;54612.5
2026-05-07 13:42:31;54612.5
2026-05-07 13:42:47;54612.5
2026-05-07 13:43:03;54612.5
2026-05-07 13:43:18;54612.5
2026-05-07 13:43:34;54612.5
2026-05-07 13:43:49;54612.5
2026-05-07 13:44:04;54612.5
2026-05-07 13:44:19;54612.5
2026-05-07 13:44:35;54612.5
2026-05-07 13:44:50;54612.5
2026-05-07 13:45:05;54612.5
2026-05-07 13:45:20;54612.5
2026-05-07 13:45:36;54612.5
2026-05-07 13:45:51;54612.5
2026-05-07 13:46:06;54612.5
2026-05-07 13:46:21;54612.5
2026-05-07 13:46:37;54612.5
2026-05-07 13:46:52;54612.5
2026-05-07 13:47:07;54612.5
2026-05-07 13:47:22;54612.5
2026-05-07 13:47:38;54612.5
2026-05-07 13:47:53;54612.5
2026-05-07 13:48:09;54612.5
2026-05-07 13:48:24;54612.5
2026-05-07 13:48:39;54612.5
2026-05-07 13:48:54;54612.5
2026-05-07 13:49:10;54612.5
2026-05-07 13:49:25;54612.5
2026-05-07 13:49:40;54612.5
2026-05-07 13:49:55;54612.5
2026-05-07 13:50:11;54612.5
2026-05-07 13:50:26;54612.5
2026-05-07 13:50:41;54612.5
2026-05-07 13:50:56;54612.5
2026-05-07 13:51:13;54612.5
2026-05-07 13:51:28;54612.5
2026-05-07 13:51:44;54612.5
2026-05-07 13:51:59;54612.5
2026-05-07 13:52:15;54612.5
2026-05-07 13:52:30;54612.5
2026-05-07 13:52:45;54612.5
2026-05-07 13:53:00;54612.5
2026-05-07 13:53:16;54612.5
2026-05-07 13:53:33;49701.7
2026-05-07 13:54:31;54612.5
2026-05-07 13:54:47;54612.5
2026-05-07 13:55:02;54612.5
2026-05-07 13:55:17;54612.5
2026-05-07 13:55:32;54612.5
2026-05-07 13:55:48;47184.2
2026-05-07 13:56:03;54612.5
2026-05-07 13:56:19;54612.5
2026-05-07 13:56:33;54612.5
2026-05-07 13:56:49;54612.5
2026-05-07 13:57:07;54612.5
2026-05-07 13:57:20;54612.5
2026-05-07 13:57:35;54612.5
2026-05-07 13:57:50;54612.5
2026-05-07 13:58:05;54612.5
2026-05-07 13:58:21;54612.5
2026-05-07 13:58:36;54612.5
2026-05-07 13:58:51;54612.5
2026-05-07 13:59:06;54612.5
2026-05-07 13:59:22;54612.5
2026-05-07 13:59:37;54612.5
2026-05-07 13:59:52;54612.5
2026-05-07 14:00:07;54612.5
2026-05-07 14:00:23;54612.5
2026-05-07 14:00:38;54612.5
2026-05-07 14:00:53;54612.5
2026-05-07 14:01:08;54612.5
2026-05-07 14:01:24;54612.5
2026-05-07 14:01:39;54612.5
2026-05-07 14:01:54;54612.5
2026-05-07 14:02:09;54612.5
2026-05-07 14:02:25;54612.5
2026-05-07 14:02:40;54612.5
2026-05-07 14:02:56;54612.5
2026-05-07 14:03:10;54612.5
2026-05-07 14:03:26;54612.5
2026-05-07 14:03:41;54612.5
2026-05-07 14:03:57;54612.5
2026-05-07 14:04:11;54612.5
2026-05-07 14:04:27;54612.5
2026-05-07 14:04:42;54612.5
2026-05-07 14:04:58;54612.5
2026-05-07 14:05:16;54612.5
2026-05-07 14:05:28;54612.5
2026-05-07 14:05:43;54612.5
2026-05-07 14:05:59;54612.5
2026-05-07 14:06:14;54612.5
2026-05-07 14:06:29;54612.5
2026-05-07 14:06:44;54612.5
2026-05-07 14:07:00;54612.5
2026-05-07 14:07:15;54612.5
2026-05-07 14:07:30;54612.5
2026-05-07 14:07:45;54612.5
2026-05-07 14:08:01;54612.5
2026-05-07 14:08:16;54612.5
2026-05-07 14:08:32;54612.5
2026-05-07 14:08:46;54612.5
2026-05-07 14:09:02;54612.5
2026-05-07 14:09:18;54612.5
2026-05-07 14:09:32;54612.5
2026-05-07 14:09:48;54612.5
2026-05-07 14:10:03;54612.5
2026-05-07 14:10:18;54612.5
2026-05-07 14:10:33;54612.5
2026-05-07 14:10:49;54612.5
2026-05-07 14:11:04;54612.5
2026-05-07 14:11:19;54612.5
2026-05-07 14:11:34;54612.5
2026-05-07 14:11:50;54612.5
2026-05-07 14:12:05;54612.5
2026-05-07 14:12:22;54612.5
2026-05-07 14:12:36;54612.5
2026-05-07 14:12:51;54612.5
2026-05-07 14:13:06;54612.5
2026-05-07 14:13:22;54612.5
2026-05-07 14:13:37;54612.5
2026-05-07 14:13:52;54612.5
2026-05-07 14:14:08;54612.5
2026-05-07 14:14:23;54612.5
2026-05-07 14:14:38;54612.5
2026-05-07 14:14:53;54612.5
2026-05-07 14:15:08;54612.5
2026-05-07 14:15:24;54612.5
2026-05-07 14:15:39;54612.5
2026-05-07 14:15:54;54612.5
2026-05-07 14:16:09;54612.5
2026-05-07 14:16:25;54612.5
2026-05-07 14:16:40;54612.5
2026-05-07 14:16:56;54612.5
2026-05-07 14:17:23;54348.3
2026-05-07 14:17:26;54240.0
2026-05-07 14:17:41;54049.2
2026-05-07 14:17:58;53782.5
2026-05-07 14:18:12;53921.7
2026-05-07 14:18:27;53785.0
2026-05-07 14:18:42;53923.3
2026-05-07 14:18:58;53943.3
2026-05-07 14:19:13;53735.8
2026-05-07 14:19:28;53621.7
2026-05-07 14:19:43;53172.5
2026-05-07 14:19:59;52761.7
2026-05-07 14:20:14;52780.0
2026-05-07 14:20:29;53041.7
2026-05-07 14:20:44;53626.7
2026-05-07 14:21:00;53210.8
2026-05-07 14:21:15;53455.0
2026-05-07 14:21:30;53240.0
2026-05-07 14:21:45;53225.8
2026-05-07 14:22:01;53307.5
2026-05-07 14:22:16;53305.8
2026-05-07 14:22:32;53541.7
2026-05-07 14:22:47;53388.3
2026-05-07 14:23:02;53213.3
2026-05-07 14:23:17;52987.5
2026-05-07 14:23:33;52880.0
2026-05-07 14:23:48;52853.3
2026-05-07 14:24:03;53045.8
2026-05-07 14:24:18;52776.7
2026-05-07 14:24:34;52690.0
2026-05-07 14:24:49;52640.8
2026-05-07 14:25:04;52695.0
2026-05-07 14:25:19;52737.5
2026-05-07 14:25:35;52641.7
2026-05-07 14:25:50;52203.3
2026-05-07 14:26:05;51841.7
2026-05-07 14:26:20;50867.5
2026-05-07 14:26:36;50344.2
2026-05-07 14:26:51;49717.5
2026-05-07 14:27:06;50340.8
2026-05-07 14:27:21;51080.8
2026-05-07 14:27:37;51062.5
2026-05-07 14:27:52;51203.3
2026-05-07 14:28:07;50633.3
2026-05-07 14:28:22;50203.3
2026-05-07 14:28:38;49890.8
2026-05-07 14:28:53;49721.7
2026-05-07 14:29:08;49570.8
2026-05-07 14:29:23;49775.0
2026-05-07 14:29:39;49935.8
2026-05-07 14:29:54;50508.3
2026-05-07 14:30:09;50135.0
2026-05-07 14:30:24;50100.8
2026-05-07 14:30:40;49692.5
2026-05-07 14:30:55;49058.3
2026-05-07 14:31:11;48475.0
2026-05-07 14:31:25;47721.7
2026-05-07 14:31:41;47558.3
2026-05-07 14:31:56;47025.0
2026-05-07 14:32:11;46749.2
2026-05-07 14:32:26;46252.5
2026-05-07 14:32:42;45888.3
2026-05-07 14:32:57;45596.7
2026-05-07 14:33:13;45508.3
2026-05-07 14:33:28;45565.8
2026-05-07 14:33:43;45690.8
2026-05-07 14:33:58;45760.8
2026-05-07 14:34:14;45774.2
2026-05-07 14:34:29;45585.0
2026-05-07 14:34:44;45291.7
2026-05-07 14:34:59;45846.7
2026-05-07 14:35:15;46320.8
2026-05-07 14:35:30;45655.0
2026-05-07 14:35:45;45220.0
2026-05-07 14:36:00;45030.8
2026-05-07 14:36:16;45063.3
2026-05-07 14:36:31;44769.2
2026-05-07 14:36:47;45206.7
2026-05-07 14:37:02;44951.7
2026-05-07 14:37:17;44961.7
2026-05-07 14:37:32;44872.5
2026-05-07 14:37:48;44456.7
2026-05-07 14:38:03;44294.2
2026-05-07 14:38:18;43833.3
2026-05-07 14:38:33;43725.0
2026-05-07 14:38:49;43460.0
2026-05-07 14:39:04;43778.3
2026-05-07 14:39:19;44092.5
2026-05-07 14:39:34;44180.0
2026-05-07 14:39:50;43764.2
2026-05-07 14:40:05;43357.5
2026-05-07 14:40:20;42956.7
2026-05-07 14:40:35;42977.5
2026-05-07 14:40:51;43303.3
2026-05-07 14:41:06;42764.2
2026-05-07 14:41:22;41943.3
2026-05-07 14:41:37;41378.3
2026-05-07 14:41:52;40715.8
2026-05-07 14:42:07;39876.7
2026-05-07 14:42:23;37668.3
2026-05-07 14:42:38;34637.5
2026-05-07 14:42:53;39501.7
2026-05-07 14:43:08;37640.8
2026-05-07 14:43:24;12011.7
2026-05-07 14:43:39;12210.8
2026-05-07 14:43:55;11975.0
2026-05-07 14:44:10;12140.0
2026-05-07 14:44:25;12400.0
2026-05-07 14:44:40;12710.8
2026-05-07 14:44:57;13167.5
2026-05-07 14:45:11;13435.8
2026-05-07 14:45:26;15766.7
2026-05-07 14:45:41;44215.0
2026-05-07 14:45:57;45516.7
2026-05-07 14:46:12;45013.3
2026-05-07 14:46:28;44500.8
2026-05-07 14:46:43;44252.5
2026-05-07 14:46:58;44436.7
2026-05-07 14:47:13;44768.3
2026-05-07 14:47:29;44375.0
2026-05-07 14:47:44;44001.7
2026-05-07 14:48:00;43894.2
2026-05-07 14:48:15;43930.0
2026-05-07 14:48:30;43993.3
2026-05-07 14:48:45;43317.5
2026-05-07 14:49:01;43728.3
2026-05-07 14:49:16;43022.5
2026-05-07 14:49:32;42898.3
2026-05-07 14:49:47;42533.3
2026-05-07 14:50:02;42410.8
2026-05-07 14:50:17;42208.3
2026-05-07 14:50:33;42144.2
2026-05-07 14:50:48;42275.8
2026-05-07 14:51:04;41845.8
2026-05-07 14:51:19;40711.7
2026-05-07 14:51:34;40201.7
2026-05-07 14:51:50;39616.7
2026-05-07 14:52:05;38930.8
2026-05-07 14:52:20;38200.8
2026-05-07 14:52:35;37321.7
2026-05-07 14:52:50;35015.8
2026-05-07 14:53:06;34035.8
2026-05-07 14:53:21;19696.7
2026-05-07 14:53:37;31034.2
2026-05-07 14:53:52;33705.8
2026-05-07 14:54:07;36246.7
2026-05-07 14:54:29;35230.8
2026-05-07 14:54:41;34545.8
2026-05-07 14:54:53;36245.8
2026-05-07 14:55:08;35724.2
2026-05-07 14:55:23;34475.0
2026-05-07 14:55:39;33559.2
2026-05-07 14:55:54;30706.7
2026-05-07 14:56:10;23430.8
2026-05-07 14:56:25;30494.2
2026-05-07 14:56:40;26352.5
2026-05-07 14:56:55;31375.0
2026-05-07 14:57:11;28674.2
2026-05-07 14:57:26;15903.3
2026-05-07 14:57:41;7900.8
2026-05-07 14:57:56;7896.7
2026-05-07 14:58:12;7968.3
2026-05-07 14:58:27;9397.5
2026-05-07 14:58:43;7695.8
2026-05-07 14:58:58;7618.3
2026-05-07 14:59:13;7528.3
2026-05-07 14:59:28;7492.5
2026-05-07 14:59:44;7450.8
2026-05-07 14:59:59;7213.3
2026-05-07 15:00:14;6865.8
2026-05-07 15:00:29;6541.7
2026-05-07 15:00:45;6283.3
2026-05-07 15:01:00;6175.8
2026-05-07 15:01:16;6069.2
2026-05-07 15:01:31;5934.2
2026-05-07 15:01:46;5738.3
2026-05-07 15:02:01;5498.3
2026-05-07 15:02:17;5315.0
2026-05-07 15:02:32;5181.7
2026-05-07 15:02:48;5097.5
2026-05-07 15:03:03;5085.0
2026-05-07 15:03:18;5023.3
2026-05-07 15:03:34;4970.0
2026-05-07 15:03:48;4920.0
2026-05-07 15:04:03;4870.8
2026-05-07 15:04:18;4865.8
2026-05-07 15:04:34;4833.3
2026-05-07 15:04:48;4782.5
2026-05-07 15:05:03;4751.7
2026-05-07 15:05:18;4709.2
2026-05-07 15:05:33;4705.0
2026-05-07 15:05:48;4632.5
2026-05-07 15:06:03;4546.7
2026-05-07 15:06:18;4422.5
2026-05-07 15:06:33;4294.2
2026-05-07 15:06:49;4193.3
2026-05-07 15:07:03;4130.0
2026-05-07 15:07:18;4110.8
2026-05-07 15:07:34;4075.0
2026-05-07 15:07:48;4025.8
2026-05-07 15:08:04;3975.0
2026-05-07 15:08:19;3910.8
2026-05-07 15:08:34;3850.0
2026-05-07 15:08:49;3784.2
2026-05-07 15:09:04;3718.3
2026-05-07 15:09:19;3690.8
2026-05-07 15:09:34;3678.3
2026-05-07 15:09:49;3645.8
2026-05-07 15:10:04;3622.5
2026-05-07 15:10:19;3578.3
2026-05-07 15:10:34;3518.3
2026-05-07 15:10:49;3480.8
2026-05-07 15:11:04;3427.5
2026-05-07 15:11:19;3345.8
2026-05-07 15:11:34;3270.8
2026-05-07 15:11:49;3205.8
2026-05-07 15:12:04;3155.0
2026-05-07 15:12:19;3132.5
2026-05-07 15:12:34;3099.2
2026-05-07 15:12:49;3051.7
2026-05-07 15:13:04;3001.7
2026-05-07 15:13:19;2972.5
2026-05-07 15:13:34;2961.7
2026-05-07 15:13:49;2935.8
2026-05-07 15:14:04;2929.2
2026-05-07 15:14:19;2918.3
2026-05-07 15:14:35;2906.7
2026-05-07 15:14:49;2865.0
2026-05-07 15:15:04;2812.5
2026-05-07 15:15:19;2787.5
2026-05-07 15:15:34;2771.7
2026-05-07 15:15:49;2780.8
2026-05-07 15:16:04;2805.8
2026-05-07 15:16:19;2803.3
2026-05-07 15:16:34;2810.8
2026-05-07 15:16:51;2833.3
2026-05-07 15:17:05;2856.7
2026-05-07 15:17:20;2865.0
2026-05-07 15:17:35;2854.2
2026-05-07 15:17:50;2831.7
2026-05-07 15:18:05;2800.0
2026-05-07 15:18:20;2799.2
2026-05-07 15:18:35;2799.2
2026-05-07 15:18:50;2819.2
2026-05-07 15:19:05;2807.5
2026-05-07 15:19:20;2820.0
2026-05-07 15:19:35;2872.5
2026-05-07 15:19:50;2926.7
2026-05-07 15:20:05;2976.7
2026-05-07 15:20:20;3015.8
2026-05-07 15:20:35;3056.7
2026-05-07 15:20:50;3120.0
2026-05-07 15:21:05;3157.5
2026-05-07 15:21:20;3212.5
2026-05-07 15:21:35;3337.5
2026-05-07 15:21:50;3470.0
2026-05-07 15:22:05;3669.2
2026-05-07 15:22:20;3930.0
2026-05-07 15:22:35;4260.0
2026-05-07 15:22:50;5465.0
2026-05-07 15:23:05;14005.8
2026-05-07 15:23:21;22120.8
2026-05-07 15:23:36;14600.8
2026-05-07 15:23:51;12030.0
2026-05-07 15:24:06;6838.3
2026-05-07 15:24:21;6034.2
2026-05-07 15:24:36;6343.3
2026-05-07 15:24:51;6627.5
2026-05-07 15:25:06;6877.5
2026-05-07 15:25:21;7015.8
2026-05-07 15:25:36;7124.2
2026-05-07 15:25:51;7235.8
2026-05-07 15:26:06;7313.3
2026-05-07 15:26:21;7373.3
2026-05-07 15:26:36;7390.8
2026-05-07 15:26:51;7411.7
2026-05-07 15:27:06;7460.8
2026-05-07 15:27:21;7548.3
2026-05-07 15:27:36;8020.8
2026-05-07 15:27:51;9311.7
2026-05-07 15:28:06;17237.5
2026-05-07 15:28:21;21542.5
2026-05-07 15:28:36;21970.0
2026-05-07 15:28:51;21664.2
2026-05-07 15:29:06;21480.8
2026-05-07 15:29:21;20705.0
2026-05-07 15:29:36;15476.7
2026-05-07 15:29:51;7641.7
2026-05-07 15:30:08;6160.0
2026-05-07 15:30:21;5910.8
2026-05-07 15:30:38;5720.8
2026-05-07 15:30:51;5559.2
2026-05-07 15:31:11;5405.8
2026-05-07 15:31:21;5313.3
2026-05-07 15:31:38;5284.2
2026-05-07 15:31:51;5300.8
2026-05-07 15:32:07;5347.5
2026-05-07 15:32:22;5468.3
2026-05-07 15:32:37;5616.7
2026-05-07 15:32:52;5855.0
2026-05-07 15:33:07;6481.7
2026-05-07 15:33:22;7320.8
2026-05-07 15:33:37;8120.0
2026-05-07 15:33:52;17928.3
2026-05-07 15:34:07;19314.2
2026-05-07 15:34:22;19636.7
2026-05-07 15:34:39;19497.5
2026-05-07 15:35:02;18521.7
2026-05-07 15:35:16;17831.7
2026-05-07 15:35:31;19188.3
2026-05-07 15:35:37;19707.5
2026-05-07 15:35:52;20426.7
2026-05-07 15:36:07;20607.5
2026-05-07 15:36:22;20534.2
2026-05-07 15:36:37;20281.7
2026-05-07 15:36:52;19960.8
2026-05-07 15:37:07;19618.3
2026-05-07 15:37:22;17497.5
2026-05-07 15:37:37;13994.2
2026-05-07 15:37:52;8715.8
2026-05-07 15:38:07;8848.3
2026-05-07 15:38:22;8993.3
2026-05-07 15:38:37;10186.7
2026-05-07 15:38:52;14503.3
2026-05-07 15:39:09;16315.0
2026-05-07 15:39:22;15907.5
2026-05-07 15:39:37;15822.5
2026-05-07 15:39:52;16300.8
2026-05-07 15:40:07;16460.8
2026-05-07 15:40:28;16524.2
2026-05-07 15:40:37;16681.7
2026-05-07 15:40:55;16377.5
2026-05-07 15:41:07;15835.8
2026-05-07 15:41:22;15711.7
2026-05-07 15:41:38;9872.5
2026-05-07 15:41:53;4292.5
2026-05-07 15:42:07;4238.3
2026-05-07 15:42:22;4228.3
2026-05-07 15:42:37;4259.2
2026-05-07 15:42:53;4150.0
2026-05-07 15:43:10;4050.0
2026-05-07 15:43:23;3976.7
2026-05-07 15:43:38;3918.3
2026-05-07 15:43:53;3896.7
2026-05-07 15:44:08;3905.8
2026-05-07 15:44:23;3950.8
2026-05-07 15:44:38;4030.8
2026-05-07 15:44:53;4104.2
2026-05-07 15:45:08;4168.3
2026-05-07 15:45:23;4253.3
2026-05-07 15:45:38;4375.8
2026-05-07 15:45:53;4535.8
2026-05-07 15:46:08;4643.3
2026-05-07 15:46:23;4711.7
2026-05-07 15:46:38;4811.7
2026-05-07 15:46:56;4925.8
2026-05-07 15:47:08;5037.5
2026-05-07 15:47:23;5000.0
2026-05-07 15:47:38;4814.2
2026-05-07 15:47:53;4631.7
2026-05-07 15:48:08;4514.2
2026-05-07 15:48:23;4435.0
2026-05-07 15:48:38;4459.2
2026-05-07 15:48:54;4626.7
2026-05-07 15:49:08;4757.5
2026-05-07 15:49:23;4850.8
2026-05-07 15:49:38;5125.8
2026-05-07 15:49:53;11990.8
2026-05-07 15:50:08;12397.5
2026-05-07 15:50:23;13364.2
2026-05-07 15:50:38;13690.0
2026-05-07 15:50:53;13733.3
2026-05-07 15:51:10;13690.8
2026-05-07 15:51:25;13572.5
2026-05-07 15:51:40;13439.2
2026-05-07 15:51:55;13004.2
2026-05-07 15:52:10;12061.7
2026-05-07 15:52:25;10950.8
2026-05-07 15:52:40;10749.2
2026-05-07 15:52:55;9167.5
2026-05-07 15:53:10;5900.0
2026-05-07 15:53:25;3172.5
2026-05-07 15:53:40;3022.5
2026-05-07 15:53:55;3028.3
2026-05-07 15:54:10;3042.5
2026-05-07 15:54:25;3115.8
2026-05-07 15:54:40;3241.7
2026-05-07 15:54:55;3210.0
2026-05-07 15:55:10;3250.8
2026-05-07 15:55:25;3430.0
2026-05-07 15:55:40;4678.3
2026-05-07 15:55:55;5354.2
2026-05-07 15:56:12;4924.2
2026-05-07 15:56:25;3723.3
2026-05-07 15:56:40;3168.3
2026-05-07 15:56:55;3235.0
2026-05-07 15:57:10;3298.3
2026-05-07 15:57:25;3105.8
2026-05-07 15:57:40;3110.0
2026-05-07 15:57:55;3181.7
2026-05-07 15:58:10;3175.8
2026-05-07 15:58:25;3099.2
2026-05-07 15:58:40;3075.0
2026-05-07 15:58:55;3095.0
2026-05-07 15:59:11;3112.5
2026-05-07 15:59:26;3154.2
2026-05-07 15:59:41;3171.7
2026-05-07 15:59:56;3214.2
2026-05-07 16:00:11;3937.5
2026-05-07 16:00:26;4200.8
2026-05-07 16:00:41;5218.3
2026-05-07 16:00:56;5219.2
2026-05-07 16:01:11;5115.8
2026-05-07 16:01:26;4856.7
2026-05-07 16:01:41;4652.5
2026-05-07 16:01:56;4703.3
2026-05-07 16:02:11;4525.0
2026-05-07 16:02:26;3887.5
2026-05-07 16:02:41;2985.0
2026-05-07 16:02:56;2791.7
2026-05-07 16:03:11;2714.2
2026-05-07 16:03:26;2901.7
2026-05-07 16:03:41;2754.2
2026-05-07 16:03:56;2393.3
2026-05-07 16:04:11;2353.3
2026-05-07 16:04:26;2218.3
2026-05-07 16:04:41;2312.5
2026-05-07 16:04:56;2296.7
2026-05-07 16:05:11;1674.2
2026-05-08 08:53:29;15451.7
2026-05-08 08:53:44;17760.0
2026-05-08 08:54:00;12706.7
2026-05-08 08:54:15;10623.3
2026-05-08 08:54:30;10453.3
2026-05-08 08:54:45;10481.7
2026-05-08 08:55:00;10515.0
2026-05-08 08:55:15;10579.2
2026-05-08 08:55:30;14701.7
2026-05-08 08:55:46;14404.2
2026-05-08 08:56:03;10618.3
2026-05-08 08:56:15;10637.5
2026-05-08 08:56:31;10573.3
2026-05-08 08:56:45;10618.3
2026-05-08 08:57:00;10943.3
2026-05-08 08:57:15;10740.0
2026-05-08 08:57:30;10602.5
2026-05-08 08:57:46;10595.8
2026-05-08 08:58:01;10534.2
2026-05-08 08:58:16;10740.0
2026-05-08 08:58:31;10710.8
2026-05-08 08:58:46;10652.5
2026-05-08 08:59:01;10513.3
2026-05-08 08:59:16;10511.7
2026-05-08 08:59:31;10517.5
2026-05-08 08:59:46;10531.7
2026-05-08 09:00:01;10511.7
2026-05-08 09:00:16;10485.0
2026-05-08 09:00:31;10495.8
2026-05-08 09:00:46;10429.2
2026-05-08 09:01:02;10335.8
2026-05-08 09:01:17;10281.7
2026-05-08 09:01:32;10230.0
2026-05-08 09:01:47;10261.7
2026-05-08 09:02:02;10156.7
2026-05-08 09:02:17;10396.7
2026-05-08 09:02:32;10153.3
2026-05-08 09:02:47;10163.3
2026-05-08 09:03:02;10052.5
2026-05-08 09:03:17;10011.7
2026-05-08 09:03:32;10005.0
2026-05-08 09:03:47;9946.7
2026-05-08 09:04:02;10004.2
2026-05-08 09:04:17;10184.2
2026-05-08 09:04:33;10019.2
2026-05-08 09:04:48;10115.0
2026-05-08 09:05:03;10178.3
2026-05-08 09:05:18;10202.5
2026-05-08 09:05:33;10178.3
2026-05-08 09:05:48;10137.5
2026-05-08 09:06:04;10223.3
2026-05-08 09:06:19;10079.2
2026-05-08 09:06:34;10050.0
2026-05-08 09:06:48;10067.5
2026-05-08 09:07:03;10409.2
2026-05-08 09:07:18;10153.3
2026-05-08 09:07:34;9972.5
2026-05-08 09:07:49;9952.5
2026-05-08 09:08:04;10161.7
2026-05-08 09:08:19;10123.3
2026-05-08 09:08:34;10275.0
2026-05-08 09:08:49;10450.8
2026-05-08 09:09:04;11198.3
2026-05-08 09:09:19;10765.8
2026-05-08 09:09:34;11339.2
2026-05-08 09:09:49;10906.7
2026-05-08 09:10:04;10531.7
2026-05-08 09:10:19;10609.2
2026-05-08 09:10:34;10389.2
2026-05-08 09:10:49;10430.0
2026-05-08 09:11:04;9980.8
2026-05-08 09:11:19;9995.8
2026-05-08 09:11:34;10107.5
2026-05-08 09:11:50;9918.3
2026-05-08 09:12:04;9893.3
2026-05-08 09:12:20;9941.7
2026-05-08 09:12:35;9995.0
2026-05-08 09:12:50;10048.3
2026-05-08 09:13:05;10164.2
2026-05-08 09:13:20;10212.5
2026-05-08 09:13:35;10282.5
2026-05-08 09:13:50;10319.2
2026-05-08 09:14:05;10467.5
2026-05-08 09:14:20;10532.5
2026-05-08 09:14:35;10560.0
2026-05-08 09:14:50;10635.8
2026-05-08 09:15:05;10743.3
2026-05-08 09:15:20;10850.0
2026-05-08 09:15:35;10880.0
2026-05-08 09:15:50;10920.8
2026-05-08 09:16:05;10960.8
2026-05-08 09:16:20;11015.0
2026-05-08 09:16:37;11060.8
2026-05-08 09:16:50;11110.8
2026-05-08 09:17:05;11130.0
2026-05-08 09:17:21;11145.8
2026-05-08 09:17:35;11166.7
2026-05-08 09:17:51;11245.8
2026-05-08 09:18:06;11215.0
2026-05-08 09:18:21;11166.7
2026-05-08 09:18:36;11134.2
2026-05-08 09:18:51;11250.8
2026-05-08 09:19:06;11342.5
2026-05-08 09:19:21;11420.8
2026-05-08 09:19:36;11480.8
2026-05-08 09:19:51;11433.3
2026-05-08 09:20:06;11398.3
2026-05-08 09:20:21;11402.5
2026-05-08 09:20:36;11589.2
2026-05-08 09:20:51;11649.2
2026-05-08 09:21:06;11718.3
2026-05-08 09:21:21;11883.3
2026-05-08 09:21:36;12043.3
2026-05-08 09:21:51;12166.7
2026-05-08 09:22:06;12217.5
2026-05-08 09:22:22;12220.0
2026-05-08 09:22:36;12232.5
2026-05-08 09:22:51;12180.0
2026-05-08 09:23:06;12100.0
2026-05-08 09:23:21;12075.8
2026-05-08 09:23:36;12085.0
2026-05-08 09:23:51;12133.3
2026-05-08 09:24:06;12160.0
2026-05-08 09:24:21;12190.8
2026-05-08 09:24:36;12200.8
2026-05-08 09:24:51;12183.3
2026-05-08 09:25:06;12129.2
2026-05-08 09:25:21;12213.3
2026-05-08 09:25:36;12316.7
2026-05-08 09:25:51;12432.5
2026-05-08 09:26:06;12567.5
2026-05-08 09:26:21;12730.8
2026-05-08 09:26:36;12761.7
2026-05-08 09:26:51;12773.3
2026-05-08 09:27:07;12832.5
2026-05-08 09:27:21;13006.7
2026-05-08 09:27:36;12400.0
2026-05-08 09:27:51;12566.7
2026-05-08 09:28:06;12799.2
2026-05-08 09:28:21;12859.2
2026-05-08 09:28:36;12895.8
2026-05-08 09:28:51;12915.8
2026-05-08 09:29:06;12944.2
2026-05-08 09:29:21;12943.3
2026-05-08 09:29:36;12976.7
2026-05-08 09:29:51;13003.3
2026-05-08 09:30:06;13029.2
2026-05-08 09:30:21;13037.5
2026-05-08 09:30:36;13045.0
2026-05-08 09:30:51;13066.7
2026-05-08 09:31:07;13157.5
2026-05-08 09:31:21;13165.8
2026-05-08 09:31:36;13210.0
2026-05-08 09:31:51;13101.7
2026-05-08 09:32:06;13084.2
2026-05-08 09:32:21;13115.0
2026-05-08 09:32:36;12740.8
2026-05-08 09:32:51;12490.0
2026-05-08 09:33:06;54612.5
2026-05-08 09:33:21;54612.5
2026-05-08 09:33:36;54612.5
2026-05-08 09:33:51;54612.5
2026-05-08 09:34:06;54612.5
2026-05-08 09:34:22;54612.5
2026-05-08 09:34:37;54612.5
2026-05-08 09:34:53;54612.5
2026-05-08 09:35:08;54612.5
2026-05-08 09:35:23;54612.5
2026-05-08 09:35:38;54612.5
2026-05-08 09:35:54;54612.5
2026-05-08 09:36:09;54612.5
2026-05-08 09:36:25;54612.5
2026-05-08 09:36:40;54612.5
2026-05-08 09:36:55;54612.5
2026-05-08 09:37:10;54612.5
2026-05-08 09:37:26;54612.5
2026-05-08 09:37:41;54612.5
2026-05-08 09:37:56;54612.5
2026-05-08 09:38:12;54612.5
2026-05-08 09:38:27;54612.5
2026-05-08 09:38:42;54612.5
2026-05-08 09:38:58;54612.5
2026-05-08 09:39:13;54612.5
2026-05-08 09:39:28;54612.5
2026-05-08 09:39:43;54612.5
2026-05-08 09:39:59;54612.5
2026-05-08 09:40:14;54612.5
2026-05-08 09:40:30;54612.5
2026-05-08 09:40:45;54612.5
2026-05-08 09:41:00;54612.5
2026-05-08 09:41:15;54612.5
2026-05-08 09:41:31;54612.5
2026-05-08 09:41:46;54612.5
2026-05-08 09:42:02;54612.5
2026-05-08 09:42:17;54612.5
2026-05-08 09:42:32;54612.5
2026-05-08 09:42:47;54612.5
2026-05-08 09:43:03;54612.5
2026-05-08 09:43:18;54612.5
2026-05-08 09:43:34;54612.5
2026-05-08 09:43:49;54612.5
2026-05-08 09:44:04;54612.5
2026-05-08 09:44:19;54612.5
2026-05-08 09:44:35;54612.5
2026-05-08 09:44:50;54612.5
2026-05-08 09:45:05;54612.5
2026-05-08 09:45:21;54612.5
2026-05-08 09:45:36;54612.5
2026-05-08 09:45:51;54612.5
2026-05-08 09:46:07;54612.5
2026-05-08 09:46:22;54612.5
2026-05-08 09:46:37;54612.5
2026-05-08 09:46:52;54612.5
2026-05-08 09:47:08;54612.5
2026-05-08 09:47:54;54612.5
2026-05-08 09:48:09;54612.5
2026-05-08 09:48:24;54612.5
2026-05-08 09:48:40;54612.5
2026-05-08 09:48:55;54612.5
2026-05-08 09:49:10;54612.5
2026-05-08 09:49:26;54612.5
2026-05-08 09:49:41;54612.5
2026-05-08 09:49:56;54612.5
2026-05-08 09:50:12;54612.5
2026-05-08 09:50:27;54612.5
2026-05-08 09:50:42;54612.5
2026-05-08 09:50:57;54612.5
2026-05-08 09:51:13;54612.5
2026-05-08 09:51:28;54612.5
2026-05-08 09:51:44;54612.5
2026-05-08 09:51:59;54612.5
2026-05-08 09:52:14;54612.5
2026-05-08 09:52:29;54612.5
2026-05-08 09:52:47;12924.2
2026-05-08 09:53:00;12923.3
2026-05-08 09:53:16;12925.8
2026-05-08 09:53:31;12925.0
2026-05-08 09:53:46;12932.5
2026-05-08 09:54:01;12956.7
2026-05-08 09:54:17;13009.2
2026-05-08 09:54:32;13058.3
2026-05-08 09:54:48;13076.7
2026-05-08 09:55:03;13050.8
2026-05-08 09:55:18;13047.5
2026-05-08 09:55:33;13050.0
2026-05-08 09:55:48;13095.0
2026-05-08 09:56:03;13165.0
2026-05-08 09:56:18;13195.0
2026-05-08 09:56:33;13194.2
2026-05-08 09:56:48;13194.2
2026-05-08 09:57:03;13193.3
2026-05-08 09:57:18;13222.5
2026-05-08 09:57:33;13179.2
2026-05-08 09:57:48;13139.2
2026-05-08 09:58:03;13148.3
2026-05-08 09:58:18;13099.2
2026-05-08 09:58:33;13042.5
2026-05-08 09:58:48;13039.2
2026-05-08 09:59:03;13085.8
2026-05-08 09:59:18;13094.2
2026-05-08 09:59:33;13089.2
2026-05-08 09:59:48;13097.5
2026-05-08 10:00:03;13087.5
2026-05-08 10:00:18;13031.7
2026-05-08 10:00:33;12988.3
2026-05-08 10:00:48;12916.7
2026-05-08 10:01:03;12861.7
2026-05-08 10:01:18;12836.7
2026-05-08 10:01:33;12815.0
2026-05-08 10:01:48;12805.0
2026-05-08 10:02:03;12780.8
2026-05-08 10:02:18;12778.3
2026-05-08 10:02:33;12770.8
2026-05-08 10:02:48;12798.3
2026-05-08 10:03:03;12773.3
2026-05-08 10:03:18;12739.2
2026-05-08 10:03:33;12770.8
2026-05-08 10:03:48;12805.0
2026-05-08 10:04:03;12820.8
2026-05-08 10:04:18;12800.0
2026-05-08 10:04:33;12785.0
2026-05-08 10:04:48;12923.3
2026-05-08 10:05:03;13085.0
2026-05-08 10:05:18;13225.0
2026-05-08 10:05:33;13350.0
2026-05-08 10:05:48;13421.7
2026-05-08 10:06:03;13470.0
2026-05-08 10:06:18;13606.7
2026-05-08 10:06:33;13671.7
2026-05-08 10:06:48;13684.2
2026-05-08 10:07:03;13691.7
2026-05-08 10:07:18;11534.2
2026-05-08 10:07:33;14305.8
2026-05-08 10:07:48;14266.7
2026-05-08 10:08:03;14299.2
2026-05-08 10:08:18;14428.3
2026-05-08 10:08:35;14552.5
2026-05-08 10:08:48;14565.8
2026-05-08 10:09:03;14285.8
2026-05-08 10:09:18;14589.2
2026-05-08 10:09:33;14649.2
2026-05-08 10:09:48;14676.7
2026-05-08 10:10:03;14652.5
2026-05-08 10:10:18;14645.8
2026-05-08 10:10:33;14652.5
2026-05-08 10:10:48;14666.7
2026-05-08 10:11:03;14666.7
2026-05-08 10:11:18;14705.8
2026-05-08 10:11:33;14698.3
2026-05-08 10:11:48;14705.0
2026-05-08 10:12:03;14744.2
2026-05-08 10:12:18;14782.5
2026-05-08 10:12:33;14791.7
2026-05-08 10:12:48;14778.3
2026-05-08 10:13:03;14770.8
2026-05-08 10:13:18;14743.3
2026-05-08 10:13:33;14832.5
2026-05-08 10:13:48;14900.8
2026-05-08 10:14:03;14894.2
2026-05-08 10:14:18;15004.2
2026-05-08 10:14:33;15046.7
2026-05-08 10:14:48;15120.0
2026-05-08 10:15:03;15249.2
2026-05-08 10:15:19;15417.5
2026-05-08 10:15:33;15253.3
2026-05-08 10:15:48;15274.2
2026-05-08 10:16:03;15355.8
2026-05-08 10:16:18;15371.7
2026-05-08 10:16:33;15503.3
2026-05-08 10:16:48;15581.7
2026-05-08 10:17:03;15545.0
2026-05-08 10:17:18;15565.0
2026-05-08 10:17:33;15656.7
2026-05-08 10:17:48;15755.0
2026-05-08 10:18:03;15859.2
2026-05-08 10:18:18;16031.7
2026-05-08 10:18:33;16407.5
2026-05-08 10:18:48;16219.2
2026-05-08 10:19:03;16138.3
2026-05-08 10:19:19;15960.8
2026-05-08 10:19:33;15881.7
2026-05-08 10:19:49;15877.5
2026-05-08 10:20:03;15876.7
2026-05-08 10:20:18;15790.8
2026-05-08 10:20:33;15647.5
2026-05-08 10:20:48;15514.2
2026-05-08 10:21:03;15391.7
2026-05-08 10:21:18;15200.0
2026-05-08 10:21:33;15145.0
2026-05-08 10:21:48;15107.5
2026-05-08 10:22:03;15166.7
2026-05-08 10:22:18;15030.0
2026-05-08 10:22:35;15039.2
2026-05-08 10:22:48;15040.0
2026-05-08 10:23:03;14945.8
2026-05-08 10:23:18;14876.7
2026-05-08 10:23:33;14915.0
2026-05-08 10:23:48;14861.7
2026-05-08 10:24:03;14810.0
2026-05-08 10:24:18;14795.0
2026-05-08 10:24:33;14927.5
2026-05-08 10:24:48;14855.8
2026-05-08 10:25:04;14859.2
2026-05-08 10:25:19;14781.7
2026-05-08 10:25:34;13955.8
2026-05-08 10:25:48;13898.3
2026-05-08 10:26:04;15375.0
2026-05-08 10:26:19;14483.3
2026-05-08 10:26:34;14978.3
2026-05-08 10:26:48;14913.3
2026-05-08 10:27:04;14985.0
2026-05-08 10:27:19;14943.3
2026-05-08 10:27:34;14910.0
2026-05-08 10:27:49;14802.5
2026-05-08 10:28:04;14788.3
2026-05-08 10:28:19;14713.3
2026-05-08 10:28:34;14704.2
2026-05-08 10:28:49;14486.7
2026-05-08 10:29:04;14305.8
2026-05-08 10:29:19;14320.0
2026-05-08 10:29:34;14174.2
2026-05-08 10:29:49;14215.8
2026-05-08 10:30:04;14197.5
2026-05-08 10:30:19;14213.3
2026-05-08 10:30:34;14099.2
2026-05-08 10:30:49;14034.2
2026-05-08 10:31:04;13747.5
2026-05-08 10:31:19;13915.8
2026-05-08 10:31:34;13803.3
2026-05-08 10:31:49;13722.5
2026-05-08 10:32:05;13675.0
2026-05-08 10:32:19;13621.7
2026-05-08 10:32:34;13584.2
2026-05-08 10:32:49;13720.8
2026-05-08 10:33:06;13540.8
2026-05-08 10:33:19;13499.2
2026-05-08 10:33:34;13478.3
2026-05-08 10:33:49;13440.0
2026-05-08 10:34:04;13458.3
2026-05-08 10:34:19;13499.2
2026-05-08 10:34:34;13553.3
2026-05-08 10:34:49;13675.0
2026-05-08 10:35:04;13831.7
2026-05-08 10:35:19;14025.0
2026-05-08 10:35:34;14220.0
2026-05-08 10:35:50;9588.3
2026-05-08 18:22:48;0.0
2026-05-08 18:23:03;0.0
2026-05-08 18:23:19;0.0
2026-05-08 18:23:34;0.0
2026-05-08 18:23:50;0.0
2026-05-08 18:24:05;0.0
2026-05-08 18:24:21;0.0
2026-05-13 08:23:28;0.0
2026-05-13 08:23:44;0.0
2026-05-13 08:23:59;0.0
2026-05-13 08:24:15;0.0
2026-05-13 08:24:30;0.0
2026-05-13 08:24:46;0.0
2026-05-13 08:51:32;3432.0
2026-05-13 08:51:47;5622.4
2026-05-13 08:52:02;2772.6
2026-05-13 08:52:17;4781.5
2026-05-13 08:52:32;4752.7
2026-05-13 08:52:47;4724.0
2026-05-13 08:53:02;5126.5
2026-05-13 08:53:17;6012.3
2026-05-13 08:53:32;6066.3
2026-05-13 08:53:48;6414.8
2026-05-13 08:54:02;5049.2
2026-05-13 12:20:32;6594.5
2026-05-13 12:20:47;3617.1
2026-05-13 12:21:02;15406.4
2026-05-13 12:21:17;3087.0
2026-05-13 12:21:33;18461.1
2026-05-13 12:21:47;18786.3
2026-05-13 12:22:03;18795.3
2026-05-13 12:22:18;18342.5
2026-05-13 12:22:33;18227.5
2026-05-13 12:22:48;18197.0
2026-05-13 12:23:03;18193.4
2026-05-13 12:23:18;18324.5
2026-05-13 12:23:33;18479.1
2026-05-13 12:23:48;18574.3
2026-05-13 12:24:03;18768.4
2026-05-13 12:24:18;18806.1
2026-05-13 12:24:33;18883.4
2026-05-13 12:24:48;18942.7
2026-05-13 12:25:03;17566.2
2026-05-13 12:25:18;21321.7
2026-05-13 12:25:33;19075.6
2026-05-13 12:25:48;19113.4
2026-05-13 12:26:03;18960.6
2026-05-13 12:26:18;19273.3
2026-05-13 12:26:33;21001.9
2026-05-13 12:26:49;20886.9
2026-05-13 12:27:03;19708.1
2026-05-13 12:27:18;23706.2
2026-05-13 12:27:33;29080.6
2026-05-13 12:27:48;39294.1
2026-05-13 12:28:03;44562.5
2026-05-13 12:28:18;30236.0
2026-05-13 12:28:33;68721.5
2026-05-13 12:28:48;68525.6
2026-05-13 12:29:03;68527.4
2026-05-13 12:29:18;42436.8
2026-05-13 12:29:33;66741.3
2026-05-13 12:29:48;68599.3
2026-05-13 12:30:03;68592.1
2026-05-13 12:30:18;67607.4
2026-05-13 12:30:42;67717.0
2026-05-13 12:30:48;68141.1
2026-05-13 12:31:04;68771.8
2026-05-13 12:31:19;69555.2
2026-05-13 12:31:34;69625.3
2026-05-13 12:31:49;69519.3
2026-05-13 12:32:05;74591.9
2026-05-13 12:32:20;69885.9
2026-05-13 12:32:35;72306.3
2026-05-13 12:32:51;72877.7
2026-05-13 12:33:06;73564.1
2026-05-13 12:33:21;74421.2
2026-05-13 12:33:36;74956.6
2026-05-13 12:33:52;75017.7
2026-05-13 12:34:07;74796.7
2026-05-13 12:34:23;74234.3
2026-05-13 12:34:38;73939.6
2026-05-13 12:34:53;74363.7
2026-05-13 12:35:08;73123.8
2026-05-13 12:35:24;71760.0
2026-05-13 12:35:39;69727.7
2026-05-13 12:35:54;67794.3
2026-05-13 12:36:09;68540.0
2026-05-13 12:36:25;68570.5
2026-05-13 12:36:40;68694.5
2026-05-13 12:36:56;68241.7
2026-05-13 12:37:11;68419.6
2026-05-13 12:37:26;68823.9
2026-05-13 12:37:41;68275.9
2026-05-13 12:37:57;67977.6
2026-05-13 12:38:12;67454.7
2026-05-13 12:38:27;67887.7
2026-05-13 12:38:42;67914.7
2026-05-13 12:38:58;68153.7
2026-05-13 12:39:13;68018.9
2026-05-13 12:39:30;68640.6
2026-05-13 12:39:43;69143.8
2026-05-13 12:39:59;69152.7
2026-05-13 12:40:14;68955.1
2026-05-13 12:40:29;70221.9
2026-05-13 12:40:44;71199.4
2026-05-13 12:41:00;71610.9
2026-05-13 12:41:15;71716.9
2026-05-13 12:41:31;71645.0
2026-05-13 12:41:46;72022.3
2026-05-13 12:42:01;71533.6
2026-05-13 12:42:16;71474.3
2026-05-13 12:42:32;71219.1
2026-05-13 12:42:47;71023.3
2026-05-13 12:43:02;70302.7
2026-05-13 12:43:17;69986.5
2026-05-13 12:43:33;70020.6
2026-05-13 12:43:48;70124.8
2026-05-13 12:44:03;70223.7
2026-05-13 12:44:18;70038.6
2026-05-13 12:44:34;69984.7
2026-05-13 12:44:49;70187.7
2026-05-13 12:45:04;70356.6
2026-05-13 12:45:19;71138.3
2026-05-13 12:45:35;70300.9
2026-05-13 12:45:50;69528.3
2026-05-13 12:46:05;69553.4
2026-05-13 12:46:25;69404.3
2026-05-13 12:46:36;69348.6
2026-05-13 12:46:54;70013.4
2026-05-13 12:47:06;70392.6
2026-05-13 12:47:21;69993.7
2026-05-13 12:47:37;69307.3
2026-05-13 12:47:52;68511.3
2026-05-13 12:48:07;66466.4
2026-05-13 12:48:22;67312.7
2026-05-13 12:48:38;70917.3
2026-05-13 12:48:53;72144.5
2026-05-13 12:49:08;71972.0
2026-05-13 12:49:23;73718.6
2026-05-13 12:49:39;71107.7
2026-05-13 12:49:54;65275.1
2026-05-13 12:50:09;40931.0
2026-05-13 12:50:24;28626.0
2026-05-13 12:50:40;27299.9
2026-05-13 12:50:55;32649.2
2026-05-13 12:51:10;43459.2
2026-05-13 12:51:25;47266.8
2026-05-13 12:51:41;37335.5
2026-05-13 12:51:56;47035.0
2026-05-13 12:52:11;60800.9
2026-05-13 12:52:26;63002.0
2026-05-13 12:52:42;66058.5
2026-05-13 12:52:57;67057.6
2026-05-13 12:53:13;66748.5
2026-05-13 12:53:28;65675.8
2026-05-13 12:53:43;64622.8
2026-05-13 12:53:58;63325.5
2026-05-13 12:54:13;61239.3
2026-05-13 12:54:28;60529.5
2026-05-13 12:54:44;56412.9
2026-05-13 12:54:59;51063.6
2026-05-13 12:55:15;29948.5
2026-05-13 12:55:30;14930.2
2026-05-13 12:55:45;13375.9
2026-05-13 12:56:00;13320.2
2026-05-13 12:56:16;13510.7
2026-05-13 12:56:31;14198.9
2026-05-13 12:56:46;14260.0
2026-05-13 12:57:01;18274.2
2026-05-13 12:57:17;35278.0
2026-05-13 12:57:32;48186.8
2026-05-13 12:57:47;53541.5
2026-05-13 12:58:02;55309.6
2026-05-13 12:58:18;57234.1
2026-05-13 12:58:33;57827.0
2026-05-13 12:58:48;57295.2
2026-05-13 12:59:03;42772.8
2026-05-13 12:59:19;55349.1
2026-05-13 12:59:34;56238.6
2026-05-13 12:59:49;56148.7
2026-05-13 13:00:04;56912.4
2026-05-13 13:00:20;57013.0
2026-05-13 13:00:35;55322.2
2026-05-13 13:00:51;21346.9
2026-05-13 13:01:06;15145.9
2026-05-13 13:01:21;11983.4
2026-05-13 13:01:36;9943.9
2026-05-13 13:01:52;9262.9
2026-05-13 13:02:07;8838.8
2026-05-13 13:02:22;8531.6
2026-05-13 13:02:37;8359.1
2026-05-13 13:02:53;8265.6
2026-05-13 13:03:08;8249.5
2026-05-13 13:03:23;8165.0
2026-05-13 13:03:38;8139.8
2026-05-13 13:03:54;8177.6
2026-05-13 13:04:09;8332.1
2026-05-13 13:04:25;8612.4
2026-05-13 13:04:40;9054.5
2026-05-13 13:04:55;9505.5
2026-05-13 13:05:10;9742.7
2026-05-13 13:05:26;9649.2
2026-05-13 13:05:43;9598.9
2026-05-13 13:05:57;9388.7
2026-05-13 13:06:12;9286.2
2026-05-13 13:06:27;9155.1
2026-05-13 13:06:42;9047.3
2026-05-13 13:06:58;8968.2
2026-05-13 13:07:13;8961.0
2026-05-13 13:07:28;8982.6
2026-05-13 13:07:43;8952.0
2026-05-13 13:07:59;8892.7
2026-05-13 13:08:14;8865.8
2026-05-13 13:08:30;8919.7
2026-05-13 13:08:45;9022.1
2026-05-13 13:09:00;9162.3
2026-05-13 13:09:15;9031.1
2026-05-13 13:09:31;9171.2
2026-05-13 13:09:46;8855.0
2026-05-13 13:10:02;8360.9
2026-05-13 13:10:24;7877.5
2026-05-13 13:10:32;7545.1
2026-05-13 13:10:47;7322.3
2026-05-13 13:11:04;7207.3
2026-05-13 13:11:17;7119.2
2026-05-13 13:11:38;7027.6
2026-05-13 13:11:54;6964.7
2026-05-13 13:12:04;6858.7
2026-05-13 13:12:17;6833.5
2026-05-13 13:12:32;6860.5
2026-05-13 13:12:47;6909.0
2026-05-13 13:13:02;6914.4
2026-05-13 13:13:17;6844.3
2026-05-13 13:13:32;6698.7
2026-05-13 13:13:47;7081.5
2026-05-13 13:14:02;6650.2
2026-05-13 13:14:17;6583.7
2026-05-13 13:14:32;6549.6
2026-05-13 13:14:47;6517.3
2026-05-13 13:15:02;6450.8
2026-05-13 13:15:17;6497.5
2026-05-13 13:15:32;6574.8
2026-05-13 13:15:47;6750.9
2026-05-13 13:16:02;6953.9
2026-05-13 13:16:17;7210.9
2026-05-13 13:16:32;7496.6
2026-05-13 13:16:47;7780.5
2026-05-13 13:17:02;8136.2
2026-05-13 13:17:17;8362.7
2026-05-13 13:17:32;8447.1
2026-05-13 13:17:47;8301.6
2026-05-13 13:18:02;8069.8
2026-05-13 13:18:17;7906.2
2026-05-13 13:18:32;7942.2
2026-05-13 13:18:53;8077.0
2026-05-13 13:19:02;8152.4
2026-05-13 13:19:23;8148.8
2026-05-13 13:19:45;8017.7
2026-05-13 13:20:04;7773.3
2026-05-13 13:20:16;7573.8
2026-05-13 13:20:30;7345.6
2026-05-13 13:20:45;7144.4
2026-05-13 13:21:00;7038.4
2026-05-13 13:21:15;7203.7
2026-05-13 13:21:30;7273.7
2026-05-13 13:21:45;7439.1
2026-05-13 13:22:00;7678.0
2026-05-13 13:22:15;9259.3
2026-05-13 13:22:30;8725.6
2026-05-13 13:22:45;9834.3
2026-05-13 13:23:00;13429.8
2026-05-13 13:23:15;13014.8
2026-05-13 13:23:33;30464.2
2026-05-13 13:23:45;12429.0
2026-05-13 13:24:00;9397.7
2026-05-13 13:24:15;8704.1
2026-05-13 13:24:30;8125.5
2026-05-13 13:24:45;7642.1
2026-05-13 13:25:00;7227.0
2026-05-13 13:25:15;6989.8
2026-05-13 13:25:30;6749.1
2026-05-13 13:25:45;6664.6
2026-05-13 13:26:00;6540.6
2026-05-13 13:26:15;6465.2
2026-05-13 13:26:30;6332.2
2026-05-13 13:26:45;6237.0
2026-05-13 13:27:01;6308.8
2026-05-13 13:27:16;6684.4
2026-05-13 13:27:31;7342.0
2026-05-13 13:27:46;8114.7
2026-05-13 13:28:01;9054.5
2026-05-13 13:28:16;9978.0
2026-05-13 13:28:31;10678.8
2026-05-13 13:28:46;11288.0
2026-05-13 13:29:01;11649.1
2026-05-13 13:29:16;11208.9
2026-05-13 13:29:31;10477.6
2026-05-13 13:29:46;9863.0
2026-05-13 13:30:01;9487.5
2026-05-13 13:30:16;9153.3
2026-05-13 13:30:31;8930.5
2026-05-13 13:30:46;8819.1
2026-05-13 13:31:01;8795.7
2026-05-13 13:31:16;8767.0
2026-05-13 13:31:31;8763.4
2026-05-13 13:31:46;8648.4
2026-05-13 13:32:01;8678.9
2026-05-13 13:32:16;8835.2
2026-05-13 13:32:31;8962.8
2026-05-13 13:32:46;9059.8
2026-05-13 13:33:01;9262.9
2026-05-13 13:33:16;9572.0
2026-05-13 13:33:31;9933.1
2026-05-13 13:33:46;10297.9
2026-05-13 13:34:01;10430.9
2026-05-13 13:34:16;10695.0
2026-05-13 13:34:46;10804.6
2026-05-13 13:35:01;11002.3
2026-05-13 13:35:16;11286.2
2026-05-13 13:35:32;11385.0
2026-05-13 13:35:46;11697.7
2026-05-13 13:36:02;12583.5
2026-05-13 13:36:17;14013.8
2026-05-13 13:36:32;17079.3
2026-05-13 13:36:47;35071.4
2026-05-13 13:37:04;39125.2
2026-05-13 13:37:17;36404.7
2026-05-13 13:37:32;30834.4
2026-05-13 13:37:47;26106.8
2026-05-13 13:38:02;22408.8
2026-05-13 13:38:17;19154.7
2026-05-13 13:38:32;18029.8
2026-05-13 13:38:47;32924.1
2026-05-13 13:39:02;28597.3
2026-05-13 13:39:17;12035.5
2026-05-13 13:39:32;11394.0
2026-05-13 13:39:47;11088.5
2026-05-13 13:40:02;10960.9
2026-05-13 13:40:17;10901.6
2026-05-13 13:40:33;10892.7
2026-05-13 13:40:47;10881.9
2026-05-13 13:41:02;10914.2
2026-05-13 13:41:17;10916.0
2026-05-13 13:41:32;10858.5
2026-05-13 13:41:47;10847.7
2026-05-13 13:42:02;10932.2
2026-05-13 13:42:17;11194.5
2026-05-13 13:42:32;11467.7
2026-05-13 13:42:47;12323.0
2026-05-13 13:43:02;12411.0
2026-05-13 13:43:17;12560.2
2026-05-13 13:43:32;11855.8
2026-05-13 13:43:47;11907.9
2026-05-13 13:44:02;12243.9
2026-05-13 13:44:17;12547.6
2026-05-13 13:44:32;12854.8
2026-05-13 13:44:47;13234.0
2026-05-13 13:45:02;13800.0
2026-05-13 13:45:18;13965.3
2026-05-13 13:45:32;13959.9
2026-05-13 13:45:47;14134.2
2026-05-13 13:46:02;13967.1
2026-05-13 13:46:17;14198.9
2026-05-13 13:46:34;14734.4
2026-05-13 13:46:47;14910.5
2026-05-13 13:47:02;15462.1
2026-05-13 13:47:17;18356.9
2026-05-13 13:47:33;28906.3
2026-05-13 13:47:48;38045.2
2026-05-13 13:48:03;41358.7
2026-05-13 13:48:18;41444.9
2026-05-13 13:48:33;42303.8
2026-05-13 13:48:49;39610.3
2026-05-13 13:49:03;45416.0
2026-05-13 13:49:18;46043.1
2026-05-13 13:49:33;43771.9
2026-05-13 13:49:48;33962.7
2026-05-13 13:50:03;33607.0
2026-05-13 13:50:18;22205.8
2026-05-13 13:50:33;12624.8
2026-05-13 13:50:48;11785.7
2026-05-13 13:51:03;11322.1
2026-05-13 13:51:18;10905.2
2026-05-13 13:51:33;10576.4
2026-05-13 13:51:48;10394.9
2026-05-13 13:52:03;10400.3
2026-05-13 13:52:18;10409.3
2026-05-13 13:52:33;10385.9
2026-05-13 13:52:48;10394.9
2026-05-13 13:53:03;10459.6
2026-05-13 13:53:18;10596.2
2026-05-13 13:53:33;10768.7
2026-05-13 13:53:48;10867.5
2026-05-13 13:54:03;10978.9
2026-05-13 13:54:18;11210.7
2026-05-13 13:54:33;11210.7
2026-05-13 13:54:48;11313.1
2026-05-13 13:55:03;11446.1
2026-05-13 13:55:18;11571.9
2026-05-13 13:55:33;11792.9
2026-05-13 13:55:48;12123.5
2026-05-13 13:56:03;12380.5
2026-05-13 13:56:20;12633.8
2026-05-13 13:56:37;12842.3
2026-05-13 13:56:48;13043.5
2026-05-13 13:57:03;13234.0
2026-05-13 13:57:18;13426.2
2026-05-13 13:57:33;13638.3
2026-05-13 13:57:48;13852.1
2026-05-13 13:58:03;14042.6
2026-05-13 13:58:18;14218.7
2026-05-13 13:58:33;14364.2
2026-05-13 13:58:48;14461.2
2026-05-13 13:59:03;14527.7
2026-05-13 13:59:18;14639.1
2026-05-13 13:59:33;14720.0
2026-05-13 13:59:48;14896.1
2026-05-13 14:00:03;15250.1
2026-05-13 14:00:18;15938.3
2026-05-13 14:00:33;16782.8
2026-05-13 14:00:48;20135.8
2026-05-13 14:01:03;28521.8
2026-05-13 14:01:18;46830.2
2026-05-13 14:01:33;50862.3
2026-05-13 14:01:48;51498.4
2026-05-13 14:02:03;51329.5
2026-05-13 14:02:18;51803.9
2026-05-13 14:02:33;52378.9
2026-05-13 14:02:48;52961.1
2026-05-13 14:03:03;51209.1
2026-05-13 14:03:19;51629.6
2026-05-13 14:03:34;52858.7
2026-05-13 14:03:50;52617.9
2026-05-13 14:04:05;51830.9
2026-05-13 14:04:20;51581.1
2026-05-13 14:04:35;51503.8
2026-05-13 14:04:51;52506.5
2026-05-13 14:05:06;53618.7
2026-05-13 14:05:22;52727.5
2026-05-13 14:05:37;52265.7
2026-05-13 14:05:52;50741.9
2026-05-13 14:06:07;49996.2
2026-05-13 14:06:23;50059.1
2026-05-13 14:06:38;50463.4
2026-05-13 14:06:54;47958.6
2026-05-13 14:07:09;46398.9
2026-05-13 14:07:24;47302.7
2026-05-13 14:07:39;46465.4
2026-05-13 14:07:55;46407.9
2026-05-13 14:08:10;50524.5
2026-05-13 14:09:14;49061.9
2026-05-13 14:09:29;32545.0
2026-05-13 14:09:45;22823.9
2026-05-13 14:10:00;20718.0
2026-05-13 14:10:15;21345.1
2026-05-13 14:10:30;23478.0
2026-05-13 14:10:45;25127.5
2026-05-13 14:11:01;22218.4
2026-05-13 14:11:16;22112.3
2026-05-13 14:11:31;18779.1
2026-05-13 14:11:47;18303.0
2026-05-13 14:12:02;17846.6
2026-05-13 14:12:17;17435.1
2026-05-13 14:12:37;16998.4
2026-05-13 14:12:48;16637.3
2026-05-13 14:13:03;16489.9
2026-05-13 14:13:18;16516.9
2026-05-13 14:13:33;16664.2
2026-05-13 14:13:49;16818.7
2026-05-13 14:14:04;16955.3
2026-05-13 14:14:20;17002.0
2026-05-13 14:14:35;16973.3
2026-05-13 14:14:50;16820.5
2026-05-13 14:15:05;16504.3
2026-05-13 14:15:21;16135.9
2026-05-13 14:15:36;15735.2
2026-05-13 14:15:52;15147.7
2026-05-13 14:16:07;14517.0
2026-05-13 14:16:22;13880.9
2026-05-13 14:16:37;13329.2
2026-05-13 14:16:53;12838.7
2026-05-13 14:17:08;12529.6
2026-05-13 14:17:24;12340.9
2026-05-13 14:17:39;12251.1
2026-05-13 14:17:54;12170.2
2026-05-13 14:18:09;12143.3
2026-05-13 14:18:25;12109.1
2026-05-13 14:18:40;12042.7
2026-05-13 14:18:55;11970.8
2026-05-13 14:19:11;11819.8
2026-05-13 14:19:25;11728.2
2026-05-13 14:19:41;11643.7
2026-05-13 14:19:56;11437.1
2026-05-13 14:20:11;11302.3
2026-05-13 14:20:26;11288.0
2026-05-13 14:20:41;11311.3
2026-05-13 14:20:56;11406.6
2026-05-13 14:21:11;11688.7
2026-05-13 14:21:26;12037.3
2026-05-13 14:21:41;12376.9
2026-05-13 14:21:56;12635.6
2026-05-13 14:22:11;12707.5
2026-05-13 14:22:26;12734.5
2026-05-13 14:22:41;12793.7
2026-05-13 14:23:26;12872.8
2026-05-13 14:23:28;13508.9
2026-05-13 14:23:46;14058.7
2026-05-13 14:24:07;14908.7
2026-05-13 14:24:13;20957.0
2026-05-13 14:24:28;28561.3
2026-05-13 14:24:43;22103.4
2026-05-13 14:24:58;30530.7
2026-05-13 14:25:13;36447.8
2026-05-13 14:25:28;33281.7
2026-05-13 14:25:43;38546.6
2026-05-13 14:25:58;38176.4
2026-05-13 14:26:13;39094.6
2026-05-13 14:26:29;39446.8
2026-05-13 14:26:44;39728.9
2026-05-13 14:26:59;39676.8
2026-05-13 14:27:14;39888.8
2026-05-13 14:27:30;40196.1
2026-05-13 14:27:45;40422.5
2026-05-13 14:28:00;40645.3
2026-05-13 14:28:15;40515.9
2026-05-13 14:28:31;40478.2
2026-05-13 14:28:46;39870.9
2026-05-13 14:29:02;39364.1
2026-05-13 14:29:17;38701.1
2026-05-13 14:29:32;37644.5
2026-05-13 14:29:47;36728.1
2026-05-13 14:30:03;36616.7
2026-05-13 14:30:18;36503.5
2026-05-13 14:30:34;36101.0
2026-05-13 14:30:49;35562.0
2026-05-13 14:31:04;35305.0
2026-05-13 14:31:19;35105.5
2026-05-13 14:31:35;35265.5
2026-05-13 14:31:50;35423.6
2026-05-13 14:32:06;35308.6
2026-05-13 14:32:20;35473.9
2026-05-13 14:32:36;35709.3
2026-05-13 14:32:51;36041.7
2026-05-13 14:33:07;36154.9
2026-05-13 14:33:22;35734.5
2026-05-13 14:33:39;34893.5
2026-05-13 14:33:53;33364.4
2026-05-13 14:34:08;33624.9
2026-05-13 14:34:23;33943.0
2026-05-13 14:34:39;32545.0
2026-05-13 14:34:54;28735.6
2026-05-13 14:35:09;21018.0
2026-05-13 14:35:24;12842.3
2026-05-13 14:35:40;12373.3
2026-05-13 14:35:55;12118.1
2026-05-13 14:36:10;12071.4
2026-05-13 14:36:25;12434.4
2026-05-13 14:36:41;14260.0
2026-05-13 14:36:56;15738.8
2026-05-13 14:37:12;16387.5
2026-05-13 14:37:27;17623.7
2026-05-13 14:37:42;21073.8
2026-05-13 14:37:57;26933.4
2026-05-13 14:38:13;28487.7
2026-05-13 14:38:28;31046.4
2026-05-13 14:38:44;32952.9
2026-05-13 14:38:59;32218.0
2026-05-13 14:39:14;32582.7
2026-05-13 14:39:29;29499.3
2026-05-13 14:39:45;14847.6
2026-05-13 14:40:00;11476.6
2026-05-13 14:40:15;10709.4
2026-05-13 14:40:30;10134.4
2026-05-13 14:40:46;9618.7
2026-05-13 14:41:01;9194.6
2026-05-13 14:41:17;8729.2
2026-05-13 14:41:32;8263.8
2026-05-13 14:41:47;7809.2
2026-05-13 14:42:02;7502.0
2026-05-13 14:42:18;7331.2
2026-05-13 14:42:33;7263.0
2026-05-13 14:42:49;7144.4
2026-05-13 14:43:04;7002.4
2026-05-13 14:43:19;6871.2
2026-05-13 14:43:34;6820.9
2026-05-13 14:43:50;6919.8
2026-05-13 14:44:05;7049.1
2026-05-13 14:44:20;7140.8
2026-05-13 14:44:35;7212.7
2026-05-13 14:44:50;7291.7
2026-05-13 14:45:05;7309.7
2026-05-13 14:45:20;7272.0
2026-05-13 14:45:35;7183.9
2026-05-13 14:45:50;6977.3
2026-05-13 14:46:05;6794.0
2026-05-13 14:46:20;6632.3
2026-05-13 14:46:35;6447.2
2026-05-13 14:46:50;6308.8
2026-05-13 14:47:05;6172.3
2026-05-13 14:47:20;6055.5
2026-05-13 14:47:36;6008.7
2026-05-13 14:47:50;5992.6
2026-05-13 14:48:05;5958.4
2026-05-13 14:48:20;5847.0
2026-05-13 14:48:35;5692.5
2026-05-13 14:48:50;5494.8
2026-05-13 14:49:05;5327.7
2026-05-13 14:49:20;5130.1
2026-05-13 14:49:35;5011.5
2026-05-13 14:49:50;4918.0
2026-05-13 14:50:05;4839.0
2026-05-13 14:50:20;4801.3
2026-05-13 14:50:35;4707.8
2026-05-13 14:50:50;4697.0
2026-05-13 14:51:05;4724.0
2026-05-13 14:51:20;4768.9
2026-05-13 14:51:35;4819.2
2026-05-13 14:51:51;4830.0
2026-05-13 14:52:05;4849.8
2026-05-13 14:52:21;4871.3
2026-05-13 14:52:36;4901.9
2026-05-13 14:52:51;4919.8
2026-05-13 14:53:06;4982.7
2026-05-13 14:53:21;5036.6
2026-05-13 14:53:36;5164.2
2026-05-13 14:53:51;5277.4
2026-05-13 14:54:06;5394.2
2026-05-13 14:54:21;5500.2
2026-05-13 14:54:36;5593.7
2026-05-13 14:54:51;5649.4
2026-05-13 14:55:06;5759.0
2026-05-13 14:55:22;5852.4
2026-05-13 14:55:36;5886.6
2026-05-13 14:55:51;5949.5
2026-05-13 14:56:06;6005.2
2026-05-13 14:56:21;6062.7
2026-05-13 14:56:36;6084.2
2026-05-13 14:56:51;5974.6
2026-05-13 14:57:06;5748.2
2026-05-13 14:57:23;5545.2
2026-05-13 14:57:36;5408.6
2026-05-13 14:57:51;5333.1
2026-05-13 14:58:06;5343.9
2026-05-13 14:58:22;5381.6
2026-05-13 14:58:37;5417.6
2026-05-13 14:58:51;5460.7
2026-05-13 14:59:06;5475.1
2026-05-13 14:59:22;5494.8
2026-05-13 14:59:37;5496.6
2026-05-13 14:59:52;5433.7
2026-05-13 15:00:07;5336.7
2026-05-13 15:00:22;5277.4
2026-05-13 15:00:37;5223.5
2026-05-13 15:00:52;5219.9
2026-05-13 15:01:07;5189.4
2026-05-13 15:01:22;5067.2
2026-05-13 15:01:37;4901.9
2026-05-13 15:01:52;4790.5
2026-05-13 15:02:07;4725.8
2026-05-13 15:02:22;4695.2
2026-05-13 15:02:37;4634.1
2026-05-13 15:02:52;4578.4
2026-05-13 15:03:07;4506.6
2026-05-13 15:03:22;4413.1
2026-05-13 15:03:37;4316.1
2026-05-13 15:03:52;4186.7
2026-05-13 15:04:07;4057.3
2026-05-13 15:04:23;3945.9
2026-05-13 15:04:38;3865.1
2026-05-13 15:04:53;3802.2
2026-05-13 15:05:08;3733.9
2026-05-13 15:05:23;3696.2
2026-05-13 15:05:38;3687.2
2026-05-13 15:05:53;3694.4
2026-05-13 15:06:08;3724.9
2026-05-13 15:06:23;3775.2
2026-05-13 15:06:38;3822.0
2026-05-13 15:06:53;3848.9
2026-05-13 15:07:08;3899.2
2026-05-13 15:07:23;3940.5
2026-05-13 15:07:38;3954.9
2026-05-13 15:07:55;3967.5
2026-05-13 15:08:08;4010.6
2026-05-13 15:08:23;4046.6
2026-05-13 15:08:38;4089.7
2026-05-13 15:08:53;4136.4
2026-05-13 15:09:09;4158.0
2026-05-13 15:09:23;4168.8
2026-05-13 15:09:39;4163.4
2026-05-13 15:09:54;4109.5
2026-05-13 15:10:09;4021.4
2026-05-13 15:10:24;3944.1
2026-05-13 15:10:39;3863.3
2026-05-13 15:10:54;3746.5
2026-05-13 15:11:09;3669.2
2026-05-13 15:11:24;3590.2
2026-05-13 15:11:41;3491.3
2026-05-13 15:11:54;3385.3
2026-05-13 15:12:09;3318.8
2026-05-13 15:12:24;3202.0
2026-05-13 15:12:39;3124.8
2026-05-13 15:12:54;3061.9
2026-05-13 15:13:09;3025.9
2026-05-13 15:13:24;2995.4
2026-05-13 15:13:39;2941.5
2026-05-13 15:13:54;2882.2
2026-05-13 15:14:09;2812.1
2026-05-13 15:14:25;2770.8
2026-05-13 15:14:39;2724.1
2026-05-13 15:14:55;2695.3
2026-05-13 15:15:10;2654.0
2026-05-13 15:15:25;2616.3
2026-05-13 15:15:40;2583.9
2026-05-13 15:15:55;2582.1
2026-05-13 15:16:10;2565.9
2026-05-13 15:16:25;2542.6
2026-05-13 15:16:40;2513.8
2026-05-13 15:16:55;2499.5
2026-05-13 15:17:10;2497.7
2026-05-13 15:17:25;2504.8
2026-05-13 15:17:40;2503.0
2026-05-13 15:17:55;2492.3
2026-05-13 15:18:10;2490.5
2026-05-13 15:18:25;2495.9
2026-05-13 15:18:40;2522.8
2026-05-13 15:18:55;2555.2
2026-05-13 15:19:10;2571.3
2026-05-13 15:19:25;2592.9
2026-05-13 15:19:41;2598.3
2026-05-13 15:19:56;2600.1
2026-05-13 15:20:11;2598.3
2026-05-13 15:20:26;2596.5
2026-05-13 15:20:41;2609.1
2026-05-13 15:20:56;2621.6
2026-05-13 15:21:11;2609.1
2026-05-13 15:21:26;2607.3
2026-05-13 15:21:41;2600.1
2026-05-13 15:21:56;2594.7
2026-05-13 15:22:11;2571.3
2026-05-13 15:22:26;2539.0
2026-05-13 15:22:42;2510.2
2026-05-13 15:22:56;2522.8
2026-05-13 15:23:11;2551.6
2026-05-13 15:23:26;2585.7
2026-05-13 15:23:41;2625.2
2026-05-13 15:23:56;2634.2
2026-05-13 15:24:11;2619.8
2026-05-13 15:24:26;2612.7
2026-05-13 15:24:42;2639.6
2026-05-13 15:24:57;2704.3
2026-05-13 15:25:12;2769.0
2026-05-13 15:25:27;2824.7
2026-05-13 15:25:42;2873.2
2026-05-13 15:25:57;2957.7
2026-05-13 15:26:12;3076.2
2026-05-13 15:26:27;3234.4
2026-05-13 15:26:42;3459.0
2026-05-13 15:26:57;3674.6
2026-05-13 15:27:12;3786.0
2026-05-13 15:27:28;3813.0
2026-05-13 15:27:43;3822.0
2026-05-13 15:27:58;3829.1
2026-05-13 15:28:12;3807.6
2026-05-13 15:28:27;3791.4
2026-05-13 15:28:42;3782.4
2026-05-13 15:28:57;3814.8
2026-05-13 15:29:12;3893.8
2026-05-13 15:29:28;4075.3
2026-05-13 15:29:43;4456.3
2026-05-13 15:29:58;4955.8
2026-05-13 15:30:13;5370.9
2026-05-13 15:30:28;5778.8
2026-05-13 15:30:43;6086.0
2026-05-13 15:30:58;6287.3
2026-05-13 15:31:13;6731.1
2026-05-13 15:31:28;6747.3
2026-05-13 15:31:43;6459.8
2026-05-13 15:31:58;6265.7
2026-05-13 15:32:13;6192.0
2026-05-13 15:32:28;6129.1
2026-05-13 15:32:43;6053.7
2026-05-13 15:32:58;5915.3
2026-05-13 15:33:13;5811.1
2026-05-13 15:33:28;5723.0
2026-05-13 15:33:43;5662.0
2026-05-13 15:33:58;5627.8
2026-05-13 15:34:13;5609.8
2026-05-13 15:34:28;5615.2
2026-05-13 15:34:44;5586.5
2026-05-13 15:34:59;5401.4
2026-05-13 15:35:14;5203.8
2026-05-13 15:35:29;5042.0
2026-05-13 15:35:44;4822.8
2026-05-13 15:35:59;4551.5
2026-05-13 15:36:14;4290.9
2026-05-13 15:36:31;4075.3
2026-05-13 15:36:44;3892.0
2026-05-13 15:36:59;3721.3
2026-05-13 15:37:14;3597.3
2026-05-13 15:37:29;3491.3
2026-05-13 15:37:44;3419.5
2026-05-13 15:37:59;3331.4
2026-05-13 15:38:14;3232.6
2026-05-13 15:38:29;3144.5
2026-05-13 15:38:44;3076.2
2026-05-13 15:38:59;3017.0
2026-05-13 15:39:14;2927.1
2026-05-13 15:39:29;2826.5
2026-05-13 15:39:45;2693.5
2026-05-13 15:40:00;2560.5
2026-05-13 15:40:15;2433.0
2026-05-13 15:40:30;2328.8
2026-05-13 15:40:45;2240.7
2026-05-13 15:41:00;2167.0
2026-05-13 15:41:15;2113.1
2026-05-13 15:41:30;2055.6
2026-05-13 15:41:45;2032.3
2026-05-13 15:42:00;2012.5
2026-05-13 15:42:15;2007.1
2026-05-13 15:42:30;2019.7
2026-05-13 15:42:50;2032.3
2026-05-13 15:43:01;2035.9
2026-05-13 15:43:15;2030.5
2026-05-13 15:43:30;2025.1
2026-05-13 15:43:45;2021.5
2026-05-13 15:44:00;2017.9
2026-05-13 15:44:15;2025.1
2026-05-13 15:44:31;2037.7
2026-05-13 15:44:46;2057.4
2026-05-13 15:45:01;2080.8
2026-05-13 15:45:16;2093.4
2026-05-13 15:45:31;2095.2
2026-05-13 15:45:46;2097.0
2026-05-13 15:46:01;2109.5
2026-05-13 15:46:16;2113.1
2026-05-13 15:46:31;2118.5
2026-05-13 15:46:46;2122.1
2026-05-13 15:47:01;2136.5
2026-05-13 15:47:16;2149.1
2026-05-13 15:47:31;2161.6
2026-05-13 15:47:46;2188.6
2026-05-13 15:48:04;1577.7
2026-05-13 15:48:16;2073.6
2026-05-13 15:48:31;2177.8
2026-05-13 15:48:46;2237.1
2026-05-13 15:49:02;2246.1
2026-05-13 15:49:17;2246.1
2026-05-13 15:49:34;2235.3
2026-05-13 15:49:47;2242.5
2026-05-13 15:50:02;2427.6
2026-05-13 15:50:17;2456.3
2026-05-13 15:50:32;2535.4
2026-05-13 15:50:47;2634.2
2026-05-13 15:51:02;2718.7
2026-05-13 15:51:17;2799.5
2026-05-13 15:51:32;2787.0
2026-05-13 15:51:47;2627.0
2026-05-13 15:52:03;2664.8
2026-05-13 15:52:17;2574.9
2026-05-13 15:52:33;2551.6
2026-05-13 15:52:48;2542.6
2026-05-13 15:53:03;2565.9
2026-05-13 15:53:18;2558.8
2026-05-13 15:53:33;2567.7
2026-05-13 15:53:48;2583.9
2026-05-13 15:54:03;2603.7
2026-05-13 15:54:18;2623.4
2026-05-13 15:54:33;2657.6
2026-05-13 15:54:48;2695.3
2026-05-13 15:55:03;2742.0
2026-05-13 15:55:18;2788.8
2026-05-13 15:55:33;2806.7
2026-05-13 15:55:48;2808.5
2026-05-13 15:56:04;2785.2
2026-05-13 15:56:19;2785.2
2026-05-13 15:56:34;2821.1
2026-05-13 15:56:49;2830.1
2026-05-13 15:57:04;2869.6
2026-05-13 15:57:19;2898.4
2026-05-13 15:57:34;2914.5
2026-05-13 15:57:51;2930.7
2026-05-13 15:58:05;2952.3
2026-05-13 15:58:19;2952.3
2026-05-13 15:58:34;2984.6
2026-05-13 15:58:49;2986.4
2026-05-13 15:59:04;2943.3
2026-05-13 15:59:19;2887.6
2026-05-13 15:59:35;2729.5
2026-05-13 15:59:50;2752.8
2026-05-13 16:00:05;2668.4
2026-05-13 16:00:20;2659.4
2026-05-13 16:00:35;1322.5
2026-05-13 16:00:50;1214.7
2026-05-14 07:46:37;0.0
2026-05-14 07:46:53;0.0
2026-05-14 07:47:08;0.0
2026-05-14 07:47:24;0.0
2026-05-14 07:47:39;0.0
2026-05-14 07:47:55;0.0
2026-05-14 07:48:10;0.0
2026-05-14 08:18:46;4091.5
2026-05-14 08:19:03;3045.7
2026-05-14 08:19:16;2447.3
2026-05-14 08:19:31;2722.3
2026-05-14 08:19:46;1511.2
2026-05-14 08:20:01;5130.1
2026-05-14 08:20:16;5166.0
2026-05-14 08:20:31;5248.7
2026-05-14 08:20:46;5227.1
2026-05-14 08:21:01;5325.9
2026-05-14 08:21:17;5392.4
2026-05-14 08:21:32;5415.8
2026-05-14 08:21:47;5444.5
2026-05-14 08:22:02;2833.7
2026-05-14 08:22:17;5640.4
2026-05-14 08:22:32;5670.9
2026-05-14 08:22:47;5708.7
2026-05-14 08:23:02;5723.0
2026-05-14 08:23:17;5705.1
2026-05-14 08:23:32;5784.1
2026-05-14 08:23:47;5782.3
2026-05-14 08:24:02;5775.2
2026-05-14 08:24:17;5773.4
2026-05-14 08:24:32;5775.2
2026-05-14 08:24:47;5782.3
2026-05-14 08:25:02;5768.0
2026-05-14 08:25:18;5791.3
2026-05-14 08:25:33;5784.1
2026-05-14 08:25:48;5760.8
2026-05-14 08:26:03;5760.8
2026-05-14 08:26:18;5733.8
2026-05-14 08:26:33;5719.5
2026-05-14 08:26:48;5708.7
2026-05-14 08:27:03;5699.7
2026-05-14 08:27:19;5703.3
2026-05-14 08:27:33;5735.6
2026-05-14 08:27:48;5742.8
2026-05-14 08:28:03;5760.8
2026-05-14 08:28:18;5791.3
2026-05-14 08:28:33;5816.5
2026-05-14 08:28:48;5861.4
2026-05-14 08:29:03;5938.7
2026-05-14 08:29:19;6010.5
2026-05-14 08:29:33;6066.3
2026-05-14 08:29:49;6104.0
2026-05-14 08:30:04;6118.4
2026-05-14 08:30:19;6116.6
2026-05-14 08:30:34;6107.6
2026-05-14 08:30:49;6084.2
2026-05-14 08:31:04;6068.0
2026-05-14 08:31:19;6055.5
2026-05-14 08:31:34;6041.1
2026-05-14 08:31:49;6035.7
2026-05-14 08:32:04;6035.7
2026-05-14 08:32:19;6024.9
2026-05-14 08:32:34;6024.9
2026-05-14 08:32:49;6032.1
2026-05-14 08:33:04;6041.1
2026-05-14 08:33:19;6062.7
2026-05-14 08:33:34;6077.0
2026-05-14 08:33:49;6082.4
2026-05-14 08:34:04;6084.2
2026-05-14 08:34:20;6116.6
2026-05-14 08:34:34;6127.3
2026-05-14 08:34:50;6132.7
2026-05-14 08:35:05;6129.1
2026-05-14 08:35:20;6122.0
2026-05-14 08:35:35;6111.2
2026-05-14 08:35:50;6086.0
2026-05-14 08:36:05;6078.8
2026-05-14 08:36:20;6071.6
2026-05-14 08:36:35;6055.5
2026-05-14 08:36:50;6035.7
2026-05-14 08:37:05;6028.5
2026-05-14 08:37:20;6014.1
2026-05-14 08:37:35;5996.2
2026-05-14 08:37:51;5972.8
2026-05-14 08:38:07;5953.0
2026-05-14 08:38:20;5929.7
2026-05-14 08:38:35;5947.7
2026-05-14 08:38:50;5947.7
2026-05-14 08:39:05;5935.1
2026-05-14 08:39:20;5956.6
2026-05-14 08:39:36;5974.6
2026-05-14 08:39:51;6001.6
2026-05-14 08:40:06;6021.3
2026-05-14 08:40:21;6057.3
2026-05-14 08:40:36;6055.5
2026-05-14 08:40:51;6035.7
2026-05-14 08:41:06;6021.3
2026-05-14 08:41:21;6014.1
2026-05-14 08:41:36;6005.2
2026-05-14 08:41:51;5989.0
2026-05-14 08:42:06;5985.4
2026-05-14 08:42:21;5990.8
2026-05-14 08:42:37;5992.6
2026-05-14 08:42:51;5996.2
2026-05-14 08:43:06;6001.6
2026-05-14 08:43:21;6008.7
2026-05-14 08:43:38;6015.9
2026-05-14 08:43:51;6044.7
2026-05-14 08:44:06;6098.6
2026-05-14 08:44:21;6210.0
2026-05-14 08:44:36;6319.6
2026-05-14 08:44:52;6495.7
2026-05-14 08:45:07;6515.5
2026-05-14 08:45:22;6470.5
2026-05-14 08:45:37;6362.7
2026-05-14 08:45:54;6312.4
2026-05-14 08:46:07;6307.0
2026-05-14 08:46:22;6321.4
2026-05-14 08:46:37;6323.2
2026-05-14 08:46:52;6307.0
2026-05-14 08:47:07;6278.3
2026-05-14 08:47:22;6245.9
2026-05-14 08:47:37;6233.4
2026-05-14 08:47:53;6208.2
2026-05-14 08:48:07;6188.4
2026-05-14 08:48:22;6174.1
2026-05-14 08:48:37;6138.1
2026-05-14 08:48:52;6143.5
2026-05-14 08:49:07;6165.1
2026-05-14 08:49:22;6175.9
2026-05-14 08:49:37;6181.2
2026-05-14 08:49:53;6228.0
2026-05-14 08:50:08;6292.7
2026-05-14 08:50:23;6334.0
2026-05-14 08:50:38;6344.8
2026-05-14 08:50:53;6350.2
2026-05-14 08:51:08;6334.0
2026-05-14 08:51:23;6312.4
2026-05-14 08:51:38;6301.6
2026-05-14 08:51:53;6301.6
2026-05-14 08:52:08;6312.4
2026-05-14 08:52:23;6310.6
2026-05-14 08:52:38;6281.9
2026-05-14 08:52:54;6240.5
2026-05-14 08:53:09;6222.6
2026-05-14 08:53:23;6192.0
2026-05-14 08:53:38;6177.7
2026-05-14 08:53:53;6138.1
2026-05-14 08:54:08;6113.0
2026-05-14 08:54:23;6082.4
2026-05-14 08:54:38;6068.0
2026-05-14 08:54:53;6068.0
2026-05-14 08:55:09;6073.4
2026-05-14 08:55:24;6073.4
2026-05-14 08:55:39;6073.4
2026-05-14 08:55:54;6077.0
2026-05-14 08:56:09;6078.8
2026-05-14 08:56:24;6086.0
2026-05-14 08:56:39;6087.8
2026-05-14 08:56:54;6118.4
2026-05-14 08:57:09;6130.9
2026-05-14 08:57:24;6165.1
2026-05-14 08:57:39;6229.8
2026-05-14 08:57:54;6280.1
2026-05-14 08:58:09;6348.4
2026-05-14 08:58:24;6360.9
2026-05-14 08:58:39;6359.1
2026-05-14 08:58:54;6321.4
2026-05-14 08:59:09;6317.8
2026-05-14 08:59:24;6366.3
2026-05-14 08:59:39;6427.4
2026-05-14 08:59:55;6511.9
2026-05-14 09:00:10;6547.8
2026-05-14 09:00:25;6564.0
2026-05-14 09:00:40;6590.9
2026-05-14 09:00:55;6614.3
2026-05-14 09:01:10;6623.3
2026-05-14 09:01:25;6621.5
2026-05-14 09:01:40;6626.9
2026-05-14 09:01:55;6653.8
2026-05-14 09:02:10;6695.2
2026-05-14 09:02:25;6698.7
2026-05-14 09:02:40;6736.5
2026-05-14 09:02:55;6713.1
2026-05-14 09:03:10;6675.4
2026-05-14 09:03:26;6653.8
2026-05-14 09:03:41;6639.5
2026-05-14 09:03:55;6626.9
2026-05-14 09:04:10;6587.3
2026-05-14 09:04:25;6569.4
2026-05-14 09:04:40;6580.2
2026-05-14 09:04:55;6610.7
2026-05-14 09:05:11;6632.3
2026-05-14 09:05:26;6643.0
2026-05-14 09:05:41;6653.8
2026-05-14 09:05:56;6664.6
2026-05-14 09:06:11;6680.8
2026-05-14 09:06:26;6693.4
2026-05-14 09:06:41;6704.1
2026-05-14 09:06:56;6731.1
2026-05-14 09:07:11;6750.9
2026-05-14 09:07:26;6763.4
2026-05-14 09:07:41;6808.4
2026-05-14 09:07:56;6891.0
2026-05-14 09:08:11;7148.0
2026-05-14 09:08:26;7467.8
2026-05-14 09:08:41;7723.0
2026-05-14 09:08:56;7922.4
2026-05-14 09:09:11;8012.3
2026-05-14 09:09:27;8003.3
2026-05-14 09:09:42;7906.2
2026-05-14 09:09:56;7798.4
2026-05-14 09:10:11;7694.2
2026-05-14 09:10:27;7611.6
2026-05-14 09:10:42;7555.9
2026-05-14 09:10:57;7496.6
2026-05-14 09:11:12;7442.7
2026-05-14 09:11:27;7444.5
2026-05-14 09:11:42;6537.0
2026-05-14 09:11:57;6889.2
2026-05-14 09:12:12;7773.3
2026-05-14 09:12:27;7352.8
2026-05-14 09:12:42;7325.9
2026-05-14 09:12:57;7270.2
2026-05-14 09:13:12;7223.4
2026-05-14 09:13:27;7254.0
2026-05-14 09:13:42;7164.1
2026-05-14 09:13:57;7200.1
2026-05-14 09:14:12;7360.0
2026-05-14 09:14:27;7676.2
2026-05-14 09:14:42;7924.2
2026-05-14 09:14:57;8026.6
2026-05-14 09:15:12;8026.6
2026-05-14 09:15:28;7999.7
2026-05-14 09:15:43;7931.4
2026-05-14 09:15:58;7847.0
2026-05-14 09:16:13;7780.5
2026-05-14 09:16:28;7678.0
2026-05-14 09:16:43;7572.0
2026-05-14 09:16:58;7496.6
2026-05-14 09:17:13;7448.0
2026-05-14 09:17:28;7376.2
2026-05-14 09:17:43;7367.2
2026-05-14 09:17:58;7640.3
2026-05-14 09:18:13;7780.5
2026-05-14 09:18:28;7866.7
2026-05-14 09:18:43;8032.0
2026-05-14 09:18:58;8071.6
2026-05-14 09:19:13;7967.3
2026-05-14 09:19:28;7895.5
2026-05-14 09:19:43;7847.0
2026-05-14 09:19:58;7735.5
2026-05-14 09:20:14;7787.7
2026-05-14 09:20:29;7746.3
2026-05-14 09:20:44;7917.0
2026-05-14 09:21:00;8008.7
2026-05-14 09:21:14;8339.3
2026-05-14 09:21:29;8184.8
2026-05-14 09:21:44;8587.3
2026-05-14 09:21:59;8138.0
2026-05-14 09:22:14;8371.6
2026-05-14 09:22:29;10296.1
2026-05-14 09:22:44;9388.7
2026-05-14 09:22:59;9940.3
2026-05-14 09:23:14;10066.1
2026-05-14 09:23:29;9703.1
2026-05-14 09:23:44;9465.9
2026-05-14 09:23:59;17181.7
2026-05-14 09:24:14;10795.6
2026-05-14 09:24:29;9647.4
2026-05-14 09:24:44;10777.7
2026-05-14 09:24:59;9931.3
2026-05-14 09:25:14;12730.9
2026-05-14 09:25:30;15656.2
2026-05-14 09:25:45;24924.5
2026-05-14 09:25:59;65208.6
2026-05-14 09:26:15;71416.8
2026-05-14 09:26:30;27195.7
2026-05-14 09:26:45;38756.8
2026-05-14 09:27:00;30516.3
2026-05-14 09:27:15;37308.5
2026-05-14 09:27:30;67763.8
2026-05-14 09:27:45;57963.6
2026-05-14 09:28:00;55548.6
2026-05-14 09:28:15;62498.9
2026-05-14 09:28:30;68507.7
2026-05-14 09:28:45;72272.1
2026-05-14 09:29:00;73039.4
2026-05-14 09:29:15;73930.6
2026-05-14 09:29:30;74051.0
2026-05-14 09:29:45;74004.3
2026-05-14 09:30:00;74649.4
2026-05-14 09:30:15;74523.6
2026-05-14 09:30:31;73833.6
2026-05-14 09:30:46;72762.7
2026-05-14 09:31:02;72090.6
2026-05-14 09:31:17;72823.7
2026-05-14 09:31:32;72888.4
2026-05-14 09:31:47;73154.4
2026-05-14 09:32:03;73350.2
2026-05-14 09:32:18;71634.2
2026-05-14 09:32:34;73711.4
2026-05-14 09:32:49;74638.6
2026-05-14 09:33:04;74487.7
2026-05-14 09:33:19;74491.3
2026-05-14 09:33:35;73488.6
2026-05-14 09:33:50;73429.3
2026-05-14 09:34:05;73136.4
2026-05-14 09:34:21;72414.1
2026-05-14 09:34:36;66998.3
2026-05-14 09:34:51;74248.7
2026-05-14 09:35:07;74651.2
2026-05-14 09:35:22;74458.9
2026-05-14 09:35:37;75098.6
2026-05-14 09:35:52;74944.1
2026-05-14 09:36:08;74967.4
2026-05-14 09:36:23;75321.4
2026-05-14 09:36:38;74983.6
2026-05-14 09:36:53;74753.6
2026-05-14 09:37:09;74142.7
2026-05-14 09:37:24;74237.9
2026-05-14 09:37:40;74453.5
2026-05-14 09:37:55;74415.8
2026-05-14 09:38:10;74591.9
2026-05-14 09:38:25;74602.7
2026-05-14 09:38:41;74489.5
2026-05-14 09:38:57;74250.5
2026-05-14 09:39:11;74627.8
2026-05-14 09:39:27;75059.1
2026-05-14 09:39:42;75328.6
2026-05-14 09:39:57;75069.8
2026-05-14 09:40:13;75030.3
2026-05-14 09:40:28;74622.4
2026-05-14 09:40:43;74237.9
2026-05-14 09:40:58;74246.9
2026-05-14 09:41:14;74626.0
2026-05-14 09:41:29;74464.3
2026-05-14 09:41:45;74651.2
2026-05-14 09:42:00;74753.6
2026-05-14 09:42:15;74963.8
2026-05-14 09:42:30;75193.8
2026-05-14 09:42:46;75113.0
2026-05-14 09:43:01;74922.5
2026-05-14 09:43:16;74408.6
2026-05-14 09:43:31;74189.4
2026-05-14 09:43:47;73997.1
2026-05-14 09:44:02;73833.6
2026-05-14 09:44:18;73501.2
2026-05-14 09:44:32;73143.6
2026-05-14 09:44:48;74509.2
2026-05-14 09:45:03;74417.6
2026-05-14 09:45:19;74475.1
2026-05-14 09:45:34;73810.2
2026-05-14 09:45:49;68080.0
2026-05-14 09:46:04;18930.1
2026-05-14 09:46:20;22789.8
2026-05-14 09:46:35;29752.7
2026-05-14 09:46:50;63424.3
2026-05-14 09:47:05;71382.7
2026-05-14 09:47:21;73193.9
2026-05-14 09:47:36;73664.7
2026-05-14 09:47:52;73761.7
2026-05-14 09:48:07;75023.1
2026-05-14 09:48:22;76221.6
2026-05-14 09:48:37;75788.6
2026-05-14 09:48:53;75630.5
2026-05-14 09:49:08;75569.4
2026-05-14 09:49:24;75817.3
2026-05-14 09:49:39;74791.3
2026-05-14 09:49:54;74171.4
2026-05-14 09:50:09;73797.7
2026-05-14 09:50:25;74347.5
2026-05-14 09:50:40;74649.4
2026-05-14 09:50:55;74877.6
2026-05-14 09:51:10;75084.2
2026-05-14 09:51:26;75032.1
2026-05-14 09:51:41;75632.3
2026-05-14 09:51:57;74225.3
2026-05-14 09:52:12;74250.5
2026-05-14 09:52:27;73923.4
2026-05-14 09:52:42;74142.7
2026-05-14 09:52:58;73650.3
2026-05-14 09:53:13;73542.5
2026-05-14 09:53:28;12439.8
2026-05-14 09:53:43;65055.9
2026-05-14 09:54:00;12340.9
2026-05-14 09:54:14;72223.6
2026-05-14 09:54:30;71846.3
2026-05-14 09:54:45;65239.1
2026-05-14 09:55:00;30852.3
2026-05-14 09:55:15;63460.2
2026-05-14 09:55:31;58256.5
2026-05-14 09:55:46;42898.6
2026-05-14 09:56:01;45056.6
2026-05-14 09:56:16;28378.0
2026-05-14 09:56:32;21900.3
2026-05-14 09:56:47;29882.0
2026-05-14 09:57:03;26417.7
2026-05-14 09:57:18;29035.7
2026-05-14 09:57:33;21239.1
2026-05-14 09:57:48;16119.8
2026-05-14 09:58:04;30855.9
2026-05-14 09:58:20;39719.9
2026-05-14 09:58:36;34999.5
2026-05-14 09:58:51;49847.1
2026-05-14 09:59:06;57940.2
2026-05-14 09:59:21;63082.9
2026-05-14 09:59:37;75873.0
2026-05-14 09:59:52;72920.8
2026-05-14 10:00:08;58876.4
2026-05-14 10:00:23;75779.6
2026-05-14 10:00:38;75900.0
2026-05-14 10:00:53;72672.8
2026-05-14 10:01:09;57606.0
2026-05-14 10:01:24;55282.7
2026-05-14 10:01:39;38640.0
2026-05-14 10:01:55;50801.2
2026-05-14 10:02:10;64281.4
2026-05-14 10:02:25;68144.7
2026-05-14 10:02:41;37912.3
2026-05-14 10:02:56;26297.3
2026-05-14 10:03:11;21298.4
2026-05-14 10:03:27;16964.3
2026-05-14 10:03:42;16268.9
2026-05-14 10:03:57;15720.9
2026-05-14 10:04:13;11568.3
2026-05-14 10:04:28;10804.6
2026-05-14 10:04:43;10750.7
2026-05-14 10:04:59;10851.3
2026-05-14 10:05:14;11431.7
2026-05-14 10:05:29;12447.0
2026-05-14 10:05:44;13897.0
2026-05-14 10:06:00;13737.1
2026-05-14 10:06:15;13350.8
2026-05-14 10:06:31;14170.2
2026-05-14 10:06:46;15769.4
2026-05-14 10:07:01;15092.0
2026-05-14 10:07:16;15056.0
2026-05-14 10:07:32;13742.5
2026-05-14 10:07:47;13934.8
2026-05-14 10:08:02;13821.6
2026-05-14 10:08:17;13278.9
2026-05-14 10:08:33;12813.5
2026-05-14 10:08:48;11956.4
2026-05-14 10:09:03;11629.4
2026-05-14 10:09:18;11482.0
2026-05-14 10:09:34;11340.1
2026-05-14 10:09:49;12130.7
2026-05-14 10:10:05;12739.8
2026-05-14 10:10:20;12608.7
2026-05-14 10:10:35;12912.3
2026-05-14 10:10:50;8206.3
2026-05-14 10:11:06;8783.1
2026-05-14 10:11:21;63878.9
2026-05-14 10:11:37;50700.6
2026-05-14 10:11:52;59918.6
2026-05-14 10:12:07;56109.2
2026-05-14 10:12:22;44201.3
2026-05-14 10:12:38;48630.6
2026-05-14 10:12:53;43991.1
2026-05-14 10:13:08;24854.4
2026-05-14 10:13:23;45793.4
2026-05-14 10:13:39;11927.7
2026-05-14 10:13:54;12087.6
2026-05-14 10:14:10;45721.5
2026-05-14 10:14:25;40670.5
2026-05-14 10:14:40;36658.0
2026-05-14 10:14:55;24119.5
2026-05-14 10:15:11;48679.1
2026-05-14 10:15:26;36623.9
2026-05-14 10:15:42;17192.5
2026-05-14 10:15:57;11210.7
2026-05-14 10:16:12;11553.9
2026-05-14 10:16:30;11029.2
2026-05-14 10:16:56;11845.0
2026-05-14 10:17:00;13045.3
2026-05-14 10:17:15;13972.5
2026-05-14 10:17:31;12387.7
2026-05-14 10:17:45;11785.7
2026-05-14 10:18:00;11920.5
2026-05-14 10:18:15;11915.1
2026-05-14 10:18:30;11951.0
2026-05-14 10:18:45;12491.9
2026-05-14 10:19:01;12161.2
2026-05-14 10:19:16;14436.1
2026-05-14 10:19:31;14881.7
2026-05-14 10:19:47;14808.0
2026-05-14 10:20:02;16324.6
2026-05-14 10:20:17;17729.8
2026-05-14 10:20:32;18581.5
2026-05-14 10:20:47;18682.1
2026-05-14 10:21:02;13670.6
2026-05-14 10:21:17;13072.3
2026-05-14 10:21:32;12420.0
2026-05-14 10:21:47;37008.4
2026-05-14 10:22:02;31450.7
2026-05-14 10:22:18;36128.0
2026-05-14 10:22:33;47602.8
2026-05-14 10:22:48;67244.5
2026-05-14 10:23:03;71982.8
2026-05-14 10:23:18;69264.1
2026-05-14 10:23:33;69839.1
2026-05-14 10:23:48;44600.2
2026-05-14 10:24:03;21984.8
2026-05-14 10:24:18;17720.8
2026-05-14 10:24:33;15941.9
2026-05-14 10:24:48;15861.0
2026-05-14 10:25:03;16114.4
2026-05-14 10:25:18;16166.5
2026-05-14 10:25:33;16310.2
2026-05-14 10:25:48;16321.0
2026-05-14 10:26:03;16473.7
2026-05-14 10:26:18;16502.5
2026-05-14 10:26:33;16597.7
2026-05-14 10:26:48;16585.2
2026-05-14 10:27:03;18953.4
2026-05-14 10:27:18;18475.5
2026-05-14 10:27:33;17665.1
2026-05-14 10:27:48;19345.2
2026-05-14 10:28:03;19257.1
2026-05-14 10:28:18;17656.1
2026-05-14 10:28:33;43930.0
2026-05-14 10:28:48;20062.1
2026-05-14 10:29:03;53210.9
2026-05-14 10:29:18;94688.1
2026-05-14 10:29:33;92106.0
2026-05-14 10:29:48;89261.6
2026-05-14 10:30:03;87604.8
2026-05-14 10:30:19;98573.0
2026-05-14 10:30:34;99908.0
2026-05-14 10:30:49;21111.5
2026-05-14 10:31:04;22874.2
2026-05-14 10:31:20;33229.6
2026-05-14 10:31:35;21000.1
2026-05-14 10:31:51;14402.0
2026-05-14 10:32:06;7020.4
2026-05-14 10:32:21;13029.1
2026-05-14 10:32:36;12725.5
2026-05-14 10:32:52;12572.7
2026-05-14 10:33:07;4643.1
2026-05-14 10:33:23;21792.5
2026-05-14 10:33:38;10594.4
2026-05-14 10:33:53;96546.1
2026-05-14 10:34:08;96903.7
2026-05-14 10:34:24;97683.5
2026-05-14 10:34:39;98213.6
2026-05-14 10:34:55;98035.7
2026-05-14 10:35:10;98087.8
2026-05-14 10:35:25;98080.6
2026-05-14 10:35:40;98285.5
2026-05-14 10:35:56;98502.9
2026-05-14 10:36:11;98803.0
2026-05-14 10:36:26;98921.6
2026-05-14 10:36:41;98581.9
2026-05-14 10:36:57;98673.6
2026-05-14 10:37:12;98688.0
2026-05-14 10:37:28;99018.6
2026-05-14 10:37:43;99101.2
2026-05-14 10:37:58;99148.0
2026-05-14 10:38:14;99076.1
2026-05-14 10:38:29;99363.6
2026-05-14 10:38:44;99478.6
2026-05-14 10:38:59;99924.2
2026-05-14 10:39:14;100253.0
2026-05-14 10:39:30;100488.4
2026-05-14 10:39:45;100495.6
2026-05-14 10:40:00;100333.9
2026-05-14 10:40:15;100393.2
2026-05-14 10:40:31;100650.1
2026-05-14 10:40:46;100858.6
2026-05-14 10:41:02;101521.6
2026-05-14 10:41:17;101340.1
2026-05-14 10:41:32;101014.9
2026-05-14 10:41:47;100881.9
2026-05-14 10:42:03;100628.6
2026-05-14 10:42:18;101031.1
2026-05-14 10:42:33;99884.7
2026-05-14 10:42:48;99938.6
2026-05-14 10:43:04;99990.7
2026-05-14 10:43:19;98558.6
2026-05-14 10:43:34;98982.6
2026-05-14 10:43:49;99155.1
2026-05-14 10:44:05;99699.6
2026-05-14 10:44:20;99893.7
2026-05-14 10:44:35;99381.6
2026-05-14 10:44:50;99467.8
2026-05-14 10:45:06;100165.0
2026-05-14 10:45:21;100303.4
2026-05-14 10:45:36;100191.9
2026-05-14 10:45:51;100346.5
2026-05-14 10:46:07;100448.9
2026-05-14 10:46:22;100837.0
2026-05-14 10:46:38;100321.3
2026-05-14 10:47:36;100948.4
2026-05-14 10:47:59;101519.8
2026-05-14 10:48:07;101505.5
2026-05-14 10:48:23;98479.5
2026-05-14 10:48:38;101654.6
2026-05-14 10:48:54;101433.6
2026-05-14 10:49:10;101226.9
2026-05-14 10:49:25;101297.0
2026-05-14 10:49:41;101483.9
2026-05-14 10:49:56;101931.3
2026-05-14 10:50:12;102353.6
2026-05-14 10:50:27;102493.7
2026-05-14 10:50:43;102008.6
2026-05-14 10:50:58;102434.4
2026-05-14 10:51:14;102651.9
2026-05-14 10:51:29;102429.1
2026-05-14 10:51:45;102057.1
2026-05-14 10:52:01;102443.4
2026-05-14 10:52:17;102632.1
2026-05-14 10:52:32;102774.1
2026-05-14 10:52:47;102799.2
2026-05-14 10:53:03;102874.7
2026-05-14 10:53:19;102549.4
2026-05-14 10:53:34;102642.9
2026-05-14 10:53:50;102439.8
2026-05-14 10:54:05;102200.9
2026-05-14 10:54:21;101881.0
2026-05-14 10:54:36;101455.1
2026-05-14 10:54:52;99922.4
2026-05-14 10:55:08;100141.6
2026-05-14 10:55:23;100470.5
2026-05-14 10:55:39;100506.4
2026-05-14 10:55:54;100968.2
2026-05-14 10:56:10;101433.6
2026-05-14 10:56:25;102123.6
2026-05-14 10:56:41;101081.4
2026-05-14 10:56:56;100873.0
2026-05-14 10:57:12;102238.6
2026-05-14 10:57:27;102951.9
2026-05-14 10:57:43;102995.1
2026-05-14 10:57:59;103043.6
2026-05-14 10:58:14;102984.3
2026-05-14 10:58:30;102461.4
2026-05-14 10:58:45;102669.8
2026-05-14 10:59:01;101663.6
2026-05-14 10:59:16;101401.2
2026-05-14 10:59:32;101548.6
2026-05-14 10:59:47;102515.3
2026-05-14 11:00:03;103271.8
2026-05-14 11:00:19;102813.6
2026-05-14 11:00:34;102378.7
2026-05-14 11:00:49;102969.9
2026-05-14 11:01:05;102876.5
2026-05-14 11:01:21;102786.6
2026-05-14 11:01:36;103043.6
2026-05-14 11:01:52;102527.9
2026-05-14 11:02:07;102468.6
2026-05-14 11:02:23;102542.3
2026-05-14 11:02:38;102520.7
2026-05-14 11:02:54;102662.6
2026-05-14 11:03:10;103036.4
2026-05-14 11:03:25;102666.2
2026-05-14 11:03:41;103004.1
2026-05-14 11:03:56;102899.8
2026-05-14 11:04:12;103084.9
2026-05-14 11:04:27;103158.6
2026-05-14 11:04:43;103155.0
2026-05-14 11:05:04;103444.3
2026-05-14 11:05:14;103895.3
2026-05-14 11:05:29;103848.6
2026-05-14 11:05:45;103825.2
2026-05-14 11:06:01;103690.5
2026-05-14 11:06:16;103719.2
2026-05-14 11:06:32;104134.3
2026-05-14 11:06:47;104587.1
2026-05-14 11:07:03;103816.2
2026-05-14 11:07:18;103692.3
2026-05-14 11:07:34;103266.4
2026-05-14 11:07:49;102928.6
2026-05-14 11:08:05;102756.1
2026-05-14 11:08:21;102202.6
2026-05-14 11:08:36;102598.0
2026-05-14 11:08:52;102348.2
2026-05-14 11:09:07;103449.7
2026-05-14 11:09:23;103783.9
2026-05-14 11:09:38;103519.8
2026-05-14 11:09:54;101913.4
2026-05-14 11:10:09;102465.0
2026-05-14 11:10:25;105171.1
2026-05-14 11:10:40;105688.6
2026-05-14 11:10:56;105214.2
2026-05-14 11:11:11;104964.4
2026-05-14 11:11:27;106022.8
2026-05-14 11:11:43;105286.1
2026-05-14 11:11:59;104644.6
2026-05-14 11:12:14;105755.1
2026-05-14 11:12:29;105936.6
2026-05-14 11:12:45;104752.4
2026-05-14 11:13:00;105228.6
2026-05-14 11:13:16;106188.1
2026-05-14 11:13:31;106748.7
2026-05-14 11:13:47;107156.6
2026-05-14 11:14:02;104836.9
2026-05-14 11:14:18;104898.0
2026-05-14 11:14:34;95058.3
2026-05-14 11:14:49;48993.6
2026-05-14 11:15:05;23416.9
2026-05-14 11:15:20;22881.4
2026-05-14 11:15:36;23231.8
2026-05-14 11:15:51;20667.7
2026-05-14 11:16:07;18917.5
2026-05-14 11:16:22;17850.2
2026-05-14 11:16:38;17521.3
2026-05-14 11:16:54;17415.3
2026-05-14 11:17:09;17573.4
2026-05-14 11:17:25;17898.7
2026-05-14 11:17:40;18313.8
2026-05-14 11:17:56;18989.4
2026-05-14 11:18:11;20047.7
2026-05-14 11:18:27;21995.5
2026-05-14 11:18:42;29316.0
2026-05-14 11:18:57;90393.6
2026-05-14 11:19:12;101058.0
2026-05-14 11:19:28;101076.0
2026-05-14 11:19:43;102405.7
2026-05-14 11:19:58;92643.3
2026-05-14 11:20:13;45484.3
2026-05-14 11:20:29;45493.3
2026-05-14 11:20:44;55160.5
2026-05-14 11:20:59;66461.0
2026-05-14 11:21:14;38873.6
2026-05-14 11:21:30;27449.1
2026-05-14 11:21:45;32875.6
2026-05-14 11:22:00;26291.9
2026-05-14 11:22:16;80246.6
2026-05-14 11:22:31;102925.0
2026-05-14 11:22:46;102567.4
2026-05-14 11:23:01;102781.2
2026-05-14 11:23:16;102856.7
2026-05-14 11:23:32;102346.4
2026-05-14 11:23:47;79405.7
2026-05-14 11:24:02;101404.8
2026-05-14 11:24:17;93000.9
2026-05-14 11:24:33;99708.6
2026-05-14 11:24:48;103618.6
2026-05-14 11:25:03;104387.6
2026-05-14 11:25:18;95401.5
2026-05-14 11:25:34;94066.4
2026-05-14 11:25:50;100283.6
2026-05-14 11:26:05;101286.2
2026-05-14 11:26:21;81394.8
2026-05-14 11:26:36;91083.6
2026-05-14 11:26:52;96643.1
2026-05-14 11:27:08;43128.6
2026-05-14 11:27:23;55365.3
2026-05-14 11:27:39;35416.4
2026-05-14 11:27:54;24547.1
2026-05-14 11:28:10;29319.6
2026-05-14 11:28:27;24099.7
2026-05-14 11:28:41;46185.1
2026-05-14 11:28:56;102721.9
2026-05-14 11:29:11;104274.4
2026-05-14 11:29:26;105016.6
2026-05-14 11:29:42;105187.3
2026-05-14 11:29:57;104605.1
2026-05-14 11:30:12;95453.6
2026-05-14 11:30:27;51514.6
2026-05-14 11:30:43;25713.3
2026-05-14 11:30:58;53363.6
2026-05-14 11:31:13;102324.8
2026-05-14 11:31:28;101358.1
2026-05-14 11:31:44;102648.3
2026-05-14 11:31:59;104416.4
2026-05-14 11:32:14;105047.1
2026-05-14 11:32:29;104653.6
2026-05-14 11:32:45;103963.6
2026-05-14 11:33:00;103807.3
2026-05-14 11:33:15;104015.7
2026-05-14 11:33:30;103246.6
2026-05-14 11:33:46;103658.1
2026-05-14 11:34:01;105429.8
2026-05-14 11:34:16;80438.9
2026-05-14 11:34:31;25641.4
2026-05-14 11:34:47;76823.6
2026-05-14 11:35:02;21016.3
2026-05-14 11:35:17;23016.2
2026-05-14 11:35:32;39189.8
2026-05-14 11:35:48;38014.7
2026-05-14 11:36:03;42972.3
2026-05-14 11:36:19;15596.9
2026-05-14 11:36:33;14306.7
2026-05-14 11:36:49;8238.7
2026-05-14 11:37:04;10204.5
2026-05-14 11:37:20;9270.1
2026-05-14 11:37:35;13600.5
2026-05-14 11:37:50;13967.1
2026-05-14 11:38:05;14464.8
2026-05-14 11:38:21;15038.0
2026-05-14 11:38:36;15487.3
2026-05-14 11:38:51;16031.7
2026-05-14 11:39:06;16676.8
2026-05-14 11:39:22;17350.6
2026-05-14 11:39:37;17864.5
2026-05-14 11:39:52;18197.0
2026-05-14 11:40:07;19032.5
2026-05-14 11:40:23;20128.6
2026-05-14 11:40:38;21359.5
2026-05-14 11:40:53;23186.9
2026-05-14 11:41:08;22818.5
2026-05-14 11:41:24;24547.1
2026-05-14 11:41:39;26962.1
2026-05-14 11:41:55;22832.9
2026-05-14 11:42:10;43128.6
2026-05-14 11:42:25;78893.6
2026-05-14 11:42:40;28818.3
2026-05-14 11:42:56;45714.3
2026-05-14 11:43:11;31957.4
2026-05-14 11:43:26;89293.9
2026-05-14 11:43:41;86433.3
2026-05-14 11:43:57;75213.6
2026-05-14 11:44:12;44481.6
2026-05-14 11:44:28;27060.9
2026-05-14 11:44:43;100504.6
2026-05-14 11:44:58;106198.9
2026-05-14 11:45:13;103798.3
2026-05-14 11:45:29;94763.6
2026-05-14 11:45:44;103058.0
2026-05-14 11:45:59;103773.1
2026-05-14 11:46:14;102971.7
2026-05-14 11:46:30;102112.8
2026-05-14 11:46:45;98901.8
2026-05-14 11:47:01;79247.6
2026-05-14 11:47:15;101949.3
2026-05-14 11:47:31;102084.1
2026-05-14 11:47:46;101043.7
2026-05-14 11:48:02;102190.1
2026-05-14 11:48:17;103730.0
2026-05-14 11:48:32;104669.8
2026-05-14 11:48:47;105397.5
2026-05-14 11:49:03;105654.4
2026-05-14 11:49:18;106010.2
2026-05-14 11:49:33;106445.1
2026-05-14 11:49:49;107296.8
2026-05-14 11:50:04;105801.8
2026-05-14 11:50:19;102558.4
2026-05-14 11:50:34;109339.8
2026-05-14 11:50:49;109330.9
2026-05-14 11:51:05;107528.6
2026-05-14 11:51:20;94179.6
2026-05-14 11:51:35;102191.9
2026-05-14 11:51:50;97983.6
2026-05-14 11:52:06;96242.4
2026-05-14 11:52:21;101158.7
2026-05-14 11:52:36;103674.3
2026-05-14 11:52:51;103352.6
2026-05-14 11:53:07;103040.0
2026-05-14 11:53:22;83312.1
2026-05-14 11:53:37;80532.3
2026-05-14 11:53:53;80165.8
2026-05-14 11:54:08;100732.8
2026-05-14 11:54:23;101778.6
2026-05-14 11:54:38;103458.7
2026-05-14 11:54:54;103491.0
2026-05-14 11:55:09;103273.6
2026-05-14 11:55:25;103812.6
2026-05-14 11:55:41;103710.2
2026-05-14 11:55:56;103325.7
2026-05-14 11:56:12;103388.6
2026-05-14 11:56:27;103756.9
2026-05-14 11:56:43;104127.1
2026-05-14 11:56:59;103848.6
2026-05-14 11:57:14;103963.6
2026-05-14 11:57:30;103807.3
2026-05-14 11:57:45;103963.6
2026-05-14 11:58:01;103938.4
2026-05-14 11:58:32;104331.9
2026-05-14 11:58:48;104714.7
2026-05-14 11:59:03;95759.1
2026-05-14 11:59:19;98202.8
2026-05-14 11:59:34;98754.4
2026-05-14 11:59:50;99426.5
2026-05-14 12:00:05;99248.6
2026-05-14 12:00:21;98959.3
2026-05-14 12:00:36;99415.7
2026-05-14 12:00:52;100513.6
2026-05-14 12:01:08;101406.6
2026-05-14 12:01:23;57465.9
2026-05-14 12:01:39;82526.9
2026-05-14 12:01:54;75648.4
2026-05-14 12:02:10;88630.9
2026-05-14 12:02:25;96928.8
2026-05-14 12:02:41;74063.6
2026-05-14 12:02:57;69700.8
2026-05-14 12:03:12;74473.3
2026-05-14 12:03:28;40253.6
2026-05-14 12:03:43;19226.6
2026-05-14 12:03:59;17742.3
2026-05-14 12:04:15;17158.4
2026-05-14 12:04:30;17136.8
2026-05-14 12:04:46;17799.8
2026-05-14 12:05:01;19090.0
2026-05-14 12:05:17;21127.7
2026-05-14 12:05:33;22498.7
2026-05-14 12:05:48;23389.9
2026-05-14 12:06:04;22568.7
2026-05-14 12:06:19;21452.9
2026-05-14 12:06:34;20599.4
2026-05-14 12:06:49;19645.2
2026-05-14 12:07:04;20121.4
2026-05-14 12:07:20;51750.0
2026-05-14 12:07:35;49209.2
2026-05-14 12:07:50;40183.5
2026-05-14 12:08:05;67803.3
2026-05-14 12:08:21;90098.9
2026-05-14 12:08:36;30356.4
2026-05-14 12:08:51;42778.2
2026-05-14 12:09:06;36620.3
2026-05-14 12:09:22;36503.5
2026-05-14 12:09:37;18035.2
2026-05-14 12:09:52;16703.7
2026-05-14 12:10:08;16360.5
2026-05-14 12:10:23;16358.7
2026-05-14 12:10:38;16533.0
2026-05-14 12:10:53;17320.1
2026-05-14 12:11:08;18840.2
2026-05-14 12:11:24;32773.2
2026-05-14 12:11:39;20759.3
2026-05-14 12:11:55;19388.3
2026-05-14 12:12:10;20240.0
2026-05-14 12:12:25;20877.9
2026-05-14 12:12:40;20399.9
2026-05-14 12:12:56;20006.4
2026-05-14 12:13:11;19848.3
2026-05-14 12:13:26;20441.3
2026-05-14 12:13:42;19117.0
2026-05-14 12:13:57;18694.7
2026-05-14 12:14:12;18565.3
2026-05-14 12:14:27;18716.2
2026-05-14 12:14:42;19005.5
2026-05-14 12:14:58;19744.1
2026-05-14 12:15:13;20879.7
2026-05-14 12:15:29;23776.2
2026-05-14 12:15:44;60581.6
2026-05-14 12:15:59;78293.4
2026-05-14 12:16:14;24976.6
2026-05-14 12:16:30;28088.7
2026-05-14 12:16:45;33996.9
2026-05-14 12:17:00;68859.8
2026-05-14 12:17:15;66892.3
2026-05-14 12:17:31;98946.7
2026-05-14 12:17:46;100026.6
2026-05-14 12:18:02;100398.6
2026-05-14 12:18:17;99000.6
2026-05-14 12:18:32;97286.4
2026-05-14 12:18:47;97408.6
2026-05-14 12:19:03;98314.2
2026-05-14 12:19:18;79506.3
2026-05-14 12:19:33;96989.9
2026-05-14 12:19:48;91367.5
2026-05-14 12:20:04;88551.8
2026-05-14 12:20:19;71763.6
2026-05-14 12:20:35;85100.0
2026-05-14 12:20:49;36453.2
2026-05-14 12:21:05;19683.0
2026-05-14 12:21:20;18434.1
2026-05-14 12:21:36;17052.3
2026-05-14 12:21:51;16358.7
2026-05-14 12:22:06;16128.7
2026-05-14 12:22:21;16144.9
2026-05-14 12:22:37;16511.5
2026-05-14 12:22:52;17307.5
2026-05-14 12:23:07;23172.5
2026-05-14 12:23:22;28110.3
2026-05-14 12:23:38;28196.6
2026-05-14 12:23:53;19984.8
2026-05-14 12:24:08;43795.2
2026-05-14 12:24:24;15690.3
2026-05-14 12:24:39;17165.5
2026-05-14 12:24:54;26683.6
2026-05-14 12:25:09;31109.3
2026-05-14 12:25:24;36271.7
2026-05-14 12:25:40;14899.7
2026-05-14 12:25:55;13131.6
2026-05-14 12:26:11;11985.2
2026-05-14 12:26:26;11615.0
2026-05-14 12:26:41;11354.5
2026-05-14 12:26:56;11314.9
2026-05-14 12:27:12;11101.1
2026-05-14 12:27:27;11075.9
2026-05-14 12:27:42;11135.2
2026-05-14 12:27:57;11207.1
2026-05-14 12:28:13;11331.1
2026-05-14 12:28:28;11435.3
2026-05-14 12:28:44;11550.3
2026-05-14 12:28:59;11667.1
2026-05-14 12:29:14;11837.8
2026-05-14 12:29:29;12073.2
2026-05-14 12:29:45;12373.3
2026-05-14 12:30:00;12694.9
2026-05-14 12:30:15;13011.2
2026-05-14 12:30:30;13277.1
2026-05-14 12:30:46;13377.7
2026-05-14 12:31:01;13316.6
2026-05-14 12:31:17;13377.7
2026-05-14 12:31:32;13517.9
2026-05-14 12:31:47;13827.0
2026-05-14 12:32:02;14184.5
2026-05-14 12:32:18;14472.0
2026-05-14 12:32:33;14637.3
2026-05-14 12:32:49;14784.7
2026-05-14 12:33:04;15154.8
2026-05-14 12:33:19;15458.5
2026-05-14 12:33:34;15701.1
2026-05-14 12:33:50;15997.6
2026-05-14 12:34:05;16250.9
2026-05-14 12:34:20;15956.2
2026-05-14 12:34:35;15562.7
2026-05-14 12:34:51;15393.8
2026-05-14 12:35:06;15354.3
2026-05-14 12:35:22;15548.4
2026-05-14 12:35:37;15787.3
2026-05-14 12:35:52;15959.8
2026-05-14 12:36:07;16242.0
2026-05-14 12:36:23;16509.7
2026-05-14 12:36:38;16491.7
2026-05-14 12:36:54;16292.3
2026-05-14 12:37:09;16304.8
2026-05-14 12:37:24;16595.9
2026-05-14 12:37:39;16948.1
2026-05-14 12:37:55;17284.1
2026-05-14 12:38:10;17623.7
2026-05-14 12:38:26;17977.7
2026-05-14 12:38:41;18205.9
2026-05-14 12:38:56;18495.2
2026-05-14 12:39:11;18924.7
2026-05-14 12:39:27;19920.2
2026-05-14 12:39:42;21190.5
2026-05-14 12:39:58;23855.3
2026-05-14 12:40:13;29051.9
2026-05-14 12:40:28;48479.7
2026-05-14 12:40:43;44476.3
2026-05-14 12:41:01;55744.4
2026-05-14 12:41:14;38686.7
2026-05-14 12:41:30;40595.0
2026-05-14 12:41:45;25226.3
2026-05-14 12:42:00;22682.0
2026-05-14 12:42:15;21765.5
2026-05-14 12:42:31;21341.5
2026-05-14 12:42:46;20906.6
2026-05-14 12:43:01;20410.7
2026-05-14 12:43:16;20083.7
2026-05-14 12:43:32;19769.2
2026-05-14 12:43:47;19463.7
2026-05-14 12:44:03;19028.9
2026-05-14 12:44:18;18660.5
2026-05-14 12:44:33;18340.7
2026-05-14 12:44:48;18094.5
2026-05-14 12:45:04;17871.7
2026-05-14 12:45:19;17526.7
2026-05-14 12:45:35;17088.3
2026-05-14 12:45:50;16748.7
2026-05-14 12:46:05;16473.7
2026-05-14 12:46:20;16270.7
2026-05-14 12:46:36;15916.7
2026-05-14 12:46:51;15578.9
2026-05-14 12:47:07;15345.3
2026-05-14 12:47:22;15478.3
2026-05-14 12:47:37;15746.0
2026-05-14 12:47:52;16049.7
2026-05-14 12:48:08;16288.7
2026-05-14 12:48:23;16392.9
2026-05-14 12:48:39;16310.2
2026-05-14 12:48:54;16037.1
2026-05-14 12:49:09;15663.4
2026-05-14 12:49:24;15375.9
2026-05-14 12:49:40;15246.5
2026-05-14 12:49:55;15088.4
2026-05-14 12:50:11;14845.8
2026-05-14 12:50:26;14707.4
2026-05-14 12:50:41;14592.4
2026-05-14 12:50:56;14667.9
2026-05-14 12:51:12;14676.9
2026-05-14 12:51:27;14788.3
2026-05-14 12:51:42;14926.6
2026-05-14 12:51:57;15020.1
2026-05-14 12:52:13;15065.0
2026-05-14 12:52:28;15050.6
2026-05-14 12:52:44;15012.9
2026-05-14 12:52:59;14935.6
2026-05-14 12:53:14;14835.0
2026-05-14 12:53:29;14592.4
2026-05-14 12:53:45;14353.4
2026-05-14 12:54:00;14184.5
2026-05-14 12:54:16;13933.0
2026-05-14 12:54:31;13778.4
2026-05-14 12:54:46;13358.0
2026-05-14 12:55:01;13068.7
2026-05-14 12:55:17;12892.6
2026-05-14 12:55:32;12930.3
2026-05-14 12:55:47;12964.5
2026-05-14 12:56:02;12921.3
2026-05-14 12:56:17;12933.9
2026-05-14 12:56:32;12935.7
2026-05-14 12:56:47;12716.5
2026-05-14 12:57:02;12637.4
2026-05-14 12:57:17;12527.8
2026-05-14 12:57:32;12619.5
2026-05-14 12:57:47;12612.3
2026-05-14 12:58:02;12880.0
2026-05-14 12:58:17;13153.1
2026-05-14 12:58:32;13494.5
2026-05-14 12:58:47;13852.1
2026-05-14 12:59:02;14304.9
2026-05-14 12:59:17;14808.0
2026-05-14 12:59:32;15345.3
2026-05-14 12:59:47;15995.8
2026-05-14 13:00:02;16750.5
2026-05-14 13:00:17;17417.1
2026-05-14 13:00:33;18369.5
2026-05-14 13:00:48;19537.4
2026-05-14 13:01:03;21262.4
2026-05-14 13:01:19;21751.2
2026-05-14 13:01:34;26191.2
2026-05-14 13:01:49;25465.3
2026-05-14 13:02:05;25688.1
2026-05-14 13:02:20;25303.6
2026-05-14 13:02:35;24665.7
2026-05-14 13:02:50;33186.5
2026-05-14 13:03:06;32536.0
2026-05-14 13:03:21;26493.1
2026-05-14 13:03:37;26383.5
2026-05-14 13:03:52;27916.2
2026-05-14 13:04:07;55424.6
2026-05-14 13:04:22;43223.8
2026-05-14 13:04:38;63794.4
2026-05-14 13:04:53;77545.9
2026-05-14 13:05:09;65902.2
2026-05-14 13:05:24;83414.5
2026-05-14 13:05:39;80649.1
2026-05-14 13:05:54;74573.9
2026-05-14 13:06:10;53327.7
2026-05-14 13:06:25;69118.6
2026-05-14 13:06:41;67654.1
2026-05-14 13:06:56;80487.4
2026-05-14 13:07:11;79756.1
2026-05-14 13:07:26;81371.5
2026-05-14 13:07:42;80913.3
2026-05-14 13:07:57;80942.0
2026-05-14 13:08:12;80697.7
2026-05-14 13:08:27;80911.5
2026-05-14 13:08:43;81285.2
2026-05-14 13:08:59;80040.0
2026-05-14 13:09:14;75558.6
2026-05-14 13:09:29;55065.2
2026-05-14 13:09:44;33385.9
2026-05-14 13:10:00;64969.6
2026-05-14 13:10:15;63656.1
2026-05-14 13:10:30;78043.7
2026-05-14 13:10:45;78243.1
2026-05-14 13:11:01;68953.3
2026-05-14 13:11:16;70426.7
2026-05-14 13:11:31;30965.5
2026-05-14 13:11:46;56403.9
2026-05-14 13:12:02;38582.5
2026-05-14 13:12:17;18577.9
2026-05-14 13:12:32;16621.1
2026-05-14 13:12:47;23407.9
2026-05-14 13:13:03;20146.6
2026-05-14 13:13:18;13765.9
2026-05-14 13:13:34;12687.7
2026-05-14 13:13:49;11832.4
2026-05-14 13:14:04;10925.0
2026-05-14 13:14:19;10274.5
2026-05-14 13:14:35;9660.0
2026-05-14 13:14:50;9244.9
2026-05-14 13:15:05;8801.1
2026-05-14 13:15:20;8420.2
2026-05-14 13:15:36;8033.8
2026-05-14 13:15:51;7757.1
2026-05-14 13:16:06;7406.7
2026-05-14 13:16:21;7063.5
2026-05-14 13:16:37;6795.8
2026-05-14 13:16:52;6639.5
2026-05-14 13:17:08;6499.3
2026-05-14 13:17:23;6387.9
2026-05-14 13:17:38;6206.4
2026-05-14 13:17:53;6071.6
2026-05-14 13:18:09;5938.7
2026-05-14 13:18:24;5829.1
2026-05-14 13:18:55;5728.4
2026-05-14 13:19:10;5618.8
2026-05-14 13:19:25;5509.2
2026-05-14 13:19:41;5435.5
2026-05-14 13:19:56;5403.2
2026-05-14 13:20:11;5381.6
2026-05-14 13:20:26;5333.1
2026-05-14 13:20:45;5361.9
2026-05-14 13:20:58;5399.6
2026-05-14 13:21:13;5442.7
2026-05-14 13:21:28;5426.6
2026-05-14 13:21:43;5410.4
2026-05-14 13:21:58;5394.2
2026-05-14 13:22:14;5444.5
2026-05-14 13:22:29;5439.1
2026-05-14 13:22:45;5381.6
2026-05-14 13:23:00;5286.4
2026-05-14 13:23:15;5198.4
2026-05-14 13:23:30;5193.0
2026-05-14 13:23:46;5092.3
2026-05-14 13:24:01;4979.1
2026-05-14 13:24:16;4849.8
2026-05-14 13:24:32;4713.2
2026-05-14 13:24:47;4578.4
2026-05-14 13:25:02;4463.4
2026-05-14 13:25:18;4402.3
2026-05-14 13:25:33;4389.8
2026-05-14 13:25:48;4379.0
2026-05-14 13:26:03;4366.4
2026-05-14 13:26:19;4337.7
2026-05-14 13:26:34;4294.5
2026-05-14 13:26:49;4265.8
2026-05-14 13:27:04;4211.9
2026-05-14 13:27:19;4168.8
2026-05-14 13:27:34;4131.0
2026-05-14 13:27:49;4073.5
2026-05-14 13:28:04;4043.0
2026-05-14 13:28:20;4001.6
2026-05-14 13:28:34;3949.5
2026-05-14 13:28:49;3917.2
2026-05-14 13:29:04;3856.1
2026-05-14 13:29:19;3820.2
2026-05-14 13:29:35;3791.4
2026-05-14 13:29:49;3751.9
2026-05-14 13:30:04;3741.1
2026-05-14 13:30:19;3732.1
2026-05-14 13:30:34;3689.0
2026-05-14 13:30:49;3624.3
2026-05-14 13:31:04;3563.2
2026-05-14 13:31:19;3523.7
2026-05-14 13:31:34;3507.5
2026-05-14 13:31:50;3509.3
2026-05-14 13:32:04;3521.9
2026-05-14 13:32:19;3521.9
2026-05-14 13:32:34;3538.0
2026-05-14 13:32:49;3563.2
2026-05-14 13:33:04;3609.9
2026-05-14 13:33:19;3699.8
2026-05-14 13:33:34;3804.0
2026-05-14 13:33:49;3895.6
2026-05-14 13:34:04;3985.5
2026-05-14 13:34:19;4048.4
2026-05-14 13:34:34;4150.8
2026-05-14 13:34:49;4278.4
2026-05-14 13:35:04;4405.9
2026-05-14 13:35:19;4538.9
2026-05-14 13:35:34;4625.2
2026-05-14 13:35:50;4707.8
2026-05-14 13:36:04;4750.9
2026-05-14 13:36:20;4797.7
2026-05-14 13:36:35;4826.4
2026-05-14 13:36:50;4919.8
2026-05-14 13:37:05;4957.6
2026-05-14 13:37:20;5016.9
2026-05-14 13:37:35;5054.6
2026-05-14 13:37:50;5081.6
2026-05-14 13:38:05;5087.0
2026-05-14 13:38:20;5072.6
2026-05-14 13:38:35;5031.2
2026-05-14 13:38:50;4973.7
2026-05-14 13:39:05;4932.4
2026-05-14 13:39:20;4844.4
2026-05-14 13:39:35;4738.4
2026-05-14 13:39:56;4655.7
2026-05-14 13:40:07;4580.2
2026-05-14 13:40:20;4499.4
2026-05-14 13:40:35;4409.5
2026-05-14 13:40:50;4305.3
2026-05-14 13:41:05;4190.3
2026-05-14 13:41:20;4113.0
2026-05-14 13:41:35;4048.4
2026-05-14 13:41:50;3994.5
2026-05-14 13:42:05;3960.3
2026-05-14 13:42:20;3953.1
2026-05-14 13:42:35;3956.7
2026-05-14 13:42:50;3967.5
2026-05-14 13:43:05;4001.6
2026-05-14 13:43:21;4062.7
2026-05-14 13:43:35;4147.2
2026-05-14 13:43:50;4213.7
2026-05-14 13:44:05;4289.1
2026-05-14 13:44:20;4373.6
2026-05-14 13:44:35;4528.1
2026-05-14 13:44:51;4826.4
2026-05-14 13:45:05;4770.7
2026-05-14 13:45:21;4657.5
2026-05-14 13:45:35;4670.1
2026-05-14 13:45:50;4743.8
2026-05-14 13:46:05;4862.3
2026-05-14 13:46:21;4952.2
2026-05-14 13:46:36;4977.3
2026-05-14 13:46:51;5045.6
2026-05-14 13:47:06;5104.9
2026-05-14 13:47:21;5184.0
2026-05-14 13:47:36;5214.5
2026-05-14 13:47:51;5255.9
2026-05-14 13:48:06;5275.6
2026-05-14 13:48:21;5270.2
2026-05-14 13:48:36;5189.4
2026-05-14 13:48:51;5052.8
2026-05-14 13:49:06;4923.4
2026-05-14 13:49:21;4781.5
2026-05-14 13:49:36;4675.5
2026-05-14 13:49:51;4605.4
2026-05-14 13:50:06;4531.7
2026-05-14 13:50:21;4508.4
2026-05-14 13:50:36;4470.6
2026-05-14 13:50:51;4454.5
2026-05-14 13:51:06;4477.8
2026-05-14 13:51:21;4540.7
2026-05-14 13:51:36;4634.1
2026-05-14 13:51:51;4700.6
2026-05-14 13:52:06;4794.1
2026-05-14 13:52:21;4878.5
2026-05-14 13:52:36;4986.3
2026-05-14 13:52:51;5112.1
2026-05-14 13:53:06;5248.7
2026-05-14 13:53:21;5327.7
2026-05-14 13:53:36;5430.2
2026-05-14 13:53:51;5512.8
2026-05-14 13:54:06;5618.8
2026-05-14 13:54:21;5735.6
2026-05-14 13:54:36;5904.5
2026-05-14 13:54:51;6123.8
2026-05-14 13:55:06;6271.1
2026-05-14 13:55:22;6758.0
2026-05-14 13:55:37;6768.8
2026-05-14 13:55:52;6761.6
2026-05-14 13:56:07;6813.7
2026-05-14 13:56:22;6896.4
2026-05-14 13:56:37;6991.6
2026-05-14 13:56:52;7126.4
2026-05-14 13:57:07;7257.6
2026-05-14 13:57:22;7342.0
2026-05-14 13:57:37;7347.4
2026-05-14 13:57:52;7584.6
2026-05-14 13:58:07;7784.1
2026-05-14 13:58:37;8103.9
2026-05-14 13:58:53;8220.7
2026-05-14 13:59:08;8276.4
2026-05-14 13:59:23;8298.0
2026-05-14 13:59:38;4822.8
2026-05-14 13:59:53;8179.4
2026-05-14 14:00:08;8238.7
2026-05-14 14:00:23;8335.7
2026-05-14 14:00:38;8457.9
2026-05-14 14:00:53;8799.3
2026-05-14 14:01:08;9243.1
2026-05-14 14:01:23;9789.4
2026-05-14 14:01:38;10547.7
2026-05-14 14:01:53;11093.9
2026-05-14 14:02:08;12130.7
2026-05-14 14:02:23;13379.5
2026-05-14 14:02:38;13859.3
2026-05-14 14:02:53;15437.0
2026-05-14 14:03:08;15111.7
2026-05-14 14:03:23;12763.2
2026-05-14 14:03:38;11909.7
2026-05-14 14:03:53;11712.0
2026-05-14 14:04:08;12055.2
2026-05-14 14:04:23;14567.3
2026-05-14 14:04:38;18899.5
2026-05-14 14:04:53;21496.0
2026-05-14 14:05:08;14373.2
2026-05-14 14:05:23;10984.3
2026-05-14 14:05:39;10193.7
2026-05-14 14:05:53;10454.2
2026-05-14 14:06:08;11683.3
2026-05-14 14:06:23;43856.3
2026-05-14 14:06:38;12146.9
2026-05-14 14:06:53;12944.7
2026-05-14 14:07:08;15769.4
2026-05-14 14:07:23;18651.6
2026-05-14 14:07:38;36756.9
2026-05-14 14:07:54;38111.7
2026-05-14 14:08:08;38036.3
2026-05-14 14:08:24;43441.3
2026-05-14 14:08:38;44201.3
2026-05-14 14:08:53;43748.5
2026-05-14 14:09:08;42585.9
2026-05-14 14:09:23;21634.4
2026-05-14 14:09:38;12157.7
2026-05-14 14:09:53;11327.5
2026-05-14 14:10:08;10881.9
2026-05-14 14:10:23;10603.4
2026-05-14 14:10:39;10671.6
2026-05-14 14:10:53;10438.0
2026-05-14 14:11:08;10479.4
2026-05-14 14:11:23;10457.8
2026-05-14 14:11:38;10371.6
2026-05-14 14:11:54;10287.1
2026-05-14 14:12:08;10405.7
2026-05-14 14:12:23;10511.7
2026-05-14 14:12:41;10662.7
2026-05-14 14:12:54;10752.5
2026-05-14 14:13:09;10865.7
2026-05-14 14:13:23;10971.7
2026-05-14 14:13:38;11067.0
2026-05-14 14:13:53;11117.3
2026-05-14 14:14:09;11056.2
2026-05-14 14:14:23;10987.9
2026-05-14 14:14:39;10987.9
2026-05-14 14:14:56;11072.3
2026-05-14 14:15:09;11164.0
2026-05-14 14:15:24;11383.2
2026-05-14 14:15:54;11852.2
2026-05-14 14:16:31;12022.9
2026-05-14 14:16:32;12071.4
2026-05-14 14:16:39;12351.7
2026-05-14 14:16:54;12694.9
2026-05-14 14:17:09;12950.1
2026-05-14 14:17:24;13259.1
2026-05-14 14:17:39;13719.1
2026-05-14 14:17:54;14301.3
2026-05-14 14:18:09;14811.6
2026-05-14 14:18:24;15327.3
2026-05-14 14:18:39;15841.2
2026-05-14 14:18:54;16369.5
2026-05-14 14:19:09;16660.6
2026-05-14 14:19:24;17088.3
2026-05-14 14:19:39;17217.7
2026-05-14 14:19:54;17030.8
2026-05-14 14:20:09;16737.9
2026-05-14 14:20:24;16423.4
2026-05-14 14:20:39;16206.0
2026-05-14 14:20:54;15965.2
2026-05-14 14:21:09;15670.5
2026-05-14 14:21:24;15677.7
2026-05-14 14:21:39;15850.2
2026-05-14 14:21:54;16750.5
2026-05-14 14:22:09;19568.0
2026-05-14 14:22:24;27779.7
2026-05-14 14:22:39;36072.3
2026-05-14 14:22:54;29522.7
2026-05-14 14:23:09;30640.3
2026-05-14 14:23:24;31087.7
2026-05-14 14:23:39;40330.9
2026-05-14 14:23:54;38945.5
2026-05-14 14:24:09;36552.0
2026-05-14 14:24:24;27152.6
2026-05-14 14:24:39;21451.1
2026-05-14 14:24:54;20083.7
2026-05-14 14:25:09;18797.1
2026-05-14 14:25:24;18942.7
2026-05-14 14:25:39;19381.1
2026-05-14 14:25:54;19629.1
2026-05-14 14:26:09;19616.5
2026-05-14 14:26:24;20047.7
2026-05-14 14:26:39;20612.0
2026-05-14 14:26:54;21271.4
2026-05-14 14:27:09;24038.6
2026-05-14 14:27:24;30782.3
2026-05-14 14:27:39;22239.9
2026-05-14 14:27:57;4627.0
2026-05-14 14:28:09;10051.7
2026-05-14 14:36:05;966.7
2026-05-14 14:36:06;18107.1
2026-05-14 14:36:18;17241.0
2026-05-14 14:36:33;16533.0
2026-05-14 14:36:48;15618.4
2026-05-14 14:37:03;15404.6
2026-05-14 14:37:18;15210.5
2026-05-14 14:37:33;14017.4
2026-05-14 14:37:48;13363.4
2026-05-14 14:38:03;13048.9
2026-05-14 14:38:18;12889.0
2026-05-14 14:38:33;12887.2
2026-05-14 14:38:48;12774.0
2026-05-14 14:39:03;12551.2
2026-05-14 14:39:18;12463.1
2026-05-14 14:39:33;12145.1
2026-05-14 14:39:48;12522.4
2026-05-14 14:40:05;12610.5
2026-05-14 14:40:18;12811.7
2026-05-14 14:40:33;13023.7
2026-05-14 14:40:48;13190.9
2026-05-14 14:41:03;13616.7
2026-05-14 14:41:18;13985.1
2026-05-14 14:41:33;14470.2
2026-05-14 14:41:48;14906.9
2026-05-14 14:42:03;15257.3
2026-05-14 14:42:18;15480.1
2026-05-14 14:42:33;15710.1
2026-05-14 14:42:48;16042.5
2026-05-14 14:43:03;16238.4
2026-05-14 14:43:18;16622.9
2026-05-14 14:43:33;17318.3
2026-05-14 14:43:48;18869.0
2026-05-14 14:44:03;20897.7
2026-05-14 14:44:18;22213.0
2026-05-14 14:44:33;22279.5
2026-05-14 14:44:49;22658.6
2026-05-14 14:45:03;22124.9
2026-05-14 14:45:18;25533.6
2026-05-14 14:45:33;29425.6
2026-05-14 14:45:48;31828.0
2026-05-14 14:46:03;26385.3
2026-05-14 14:46:18;37283.4
2026-05-14 14:46:33;50136.4
2026-05-14 14:46:49;50317.9
2026-05-14 14:47:04;50465.2
2026-05-14 14:47:19;50432.9
2026-05-14 14:47:34;51052.8
2026-05-14 14:47:50;51261.2
2026-05-14 14:48:05;51518.2
2026-05-14 14:48:21;51776.9
2026-05-14 14:48:36;51295.4
2026-05-14 14:48:51;50639.5
2026-05-14 14:49:06;50192.1
2026-05-14 14:49:22;49300.9
2026-05-14 14:49:37;48418.6
2026-05-14 14:49:53;47408.8
2026-05-14 14:50:08;47565.1
2026-05-14 14:50:23;47796.9
2026-05-14 14:50:38;47532.7
2026-05-14 14:50:54;47645.9
2026-05-14 14:51:09;47836.4
2026-05-14 14:51:25;47613.6
2026-05-14 14:51:40;46348.6
2026-05-14 14:51:55;40239.2
2026-05-14 14:52:10;34383.2
2026-05-14 14:52:26;25149.1
2026-05-14 14:52:41;29387.9
2026-05-14 14:52:56;38916.7
2026-05-14 14:53:11;41240.1
2026-05-14 14:53:27;44841.0
2026-05-14 14:53:42;44494.2
2026-05-14 14:53:58;41533.0
2026-05-14 14:54:13;42426.0
2026-05-14 14:54:28;32196.4
2026-05-14 14:54:43;28036.6
2026-05-14 14:54:59;24196.7
2026-05-14 14:55:14;24764.5
2026-05-14 14:55:29;24955.0
2026-05-14 14:55:44;31427.3
2026-05-14 14:56:00;37578.0
2026-05-14 14:56:15;43392.7
2026-05-14 14:56:31;44835.6
2026-05-14 14:56:46;46168.9
2026-05-14 14:57:01;47263.2
2026-05-14 14:57:16;45888.6
2026-05-14 14:57:32;42577.0
2026-05-14 14:57:47;44968.6
2026-05-14 14:58:02;47141.0
2026-05-14 14:58:17;48105.9
2026-05-14 14:58:33;48271.3
2026-05-14 14:58:48;48055.6
2026-05-14 14:59:04;47716.0
2026-05-14 14:59:19;47194.9
2026-05-14 14:59:34;46037.7
2026-05-14 14:59:49;45822.1
2026-05-14 15:00:05;45067.4
2026-05-14 15:00:20;45157.3
2026-05-14 15:00:35;45009.9
2026-05-14 15:00:50;43833.0
2026-05-14 15:01:06;42005.5
2026-05-14 15:01:21;37428.9
2026-05-14 15:01:37;36359.8
2026-05-14 15:01:52;33624.9
2026-05-14 15:02:07;26861.5
2026-05-14 15:02:22;22964.1
2026-05-14 15:02:38;19109.8
2026-05-14 15:02:53;19003.8
2026-05-14 15:03:08;23336.0
2026-05-14 15:03:23;29251.3
2026-05-14 15:03:39;37533.1
2026-05-14 15:03:54;39101.8
2026-05-14 15:04:10;39933.8
2026-05-14 15:04:25;40674.1
2026-05-14 15:04:40;39940.9
2026-05-14 15:04:55;32350.9
2026-05-14 15:05:11;22247.1
2026-05-14 15:05:26;22286.6
2026-05-14 15:05:41;27129.2
2026-05-14 15:05:56;36102.8
2026-05-14 15:06:12;36995.9
2026-05-14 15:06:27;38699.3
2026-05-14 15:06:43;39790.0
2026-05-14 15:06:58;40185.3
2026-05-14 15:07:13;40411.7
2026-05-14 15:07:28;40478.2
2026-05-14 15:07:44;40402.7
2026-05-14 15:07:59;40242.8
2026-05-14 15:08:14;40023.6
2026-05-14 15:08:29;40077.5
2026-05-14 15:08:45;39838.5
2026-05-14 15:09:00;40012.8
2026-05-14 15:09:16;40000.2
2026-05-14 15:09:31;40181.7
2026-05-14 15:09:46;40047.0
2026-05-14 15:10:01;39987.7
2026-05-14 15:10:17;39793.6
2026-05-14 15:10:32;39473.8
2026-05-14 15:10:47;39197.0
2026-05-14 15:11:02;39382.1
2026-05-14 15:11:18;39721.7
2026-05-14 15:11:33;40181.7
2026-05-14 15:11:49;40305.7
2026-05-14 15:12:04;40406.3
2026-05-14 15:12:19;40458.4
2026-05-14 15:12:34;40453.0
2026-05-14 15:12:50;40302.1
2026-05-14 15:13:05;40451.3
2026-05-14 15:13:20;40483.6
2026-05-14 15:13:35;40366.8
2026-05-14 15:13:51;40091.9
2026-05-14 15:14:06;39693.0
2026-05-14 15:14:22;39247.3
2026-05-14 15:14:37;38480.1
2026-05-14 15:14:52;37119.8
2026-05-14 15:15:07;34832.4
2026-05-14 15:15:23;17710.0
2026-05-14 15:15:38;11762.3
2026-05-14 15:15:53;11205.3
2026-05-14 15:16:08;10874.7
2026-05-14 15:16:24;10714.8
2026-05-14 15:16:39;10702.2
2026-05-14 15:16:56;10824.4
2026-05-14 15:17:10;11083.1
2026-05-14 15:17:25;12394.8
2026-05-14 15:17:40;15577.1
2026-05-14 15:17:56;28455.3
2026-05-14 15:18:11;34228.7
2026-05-14 15:18:26;35132.5
2026-05-14 15:18:41;34884.5
2026-05-14 15:18:57;34888.1
2026-05-14 15:19:14;35022.9
2026-05-14 15:19:28;34990.5
2026-05-14 15:19:43;34884.5
2026-05-14 15:19:58;34757.0
2026-05-14 15:20:13;34703.0
2026-05-14 15:20:29;34728.2
2026-05-14 15:20:44;34580.9
2026-05-14 15:20:59;34404.8
2026-05-14 15:21:14;34176.6
2026-05-14 15:21:30;34117.3
2026-05-14 15:21:45;34253.8
2026-05-14 15:22:01;34444.3
2026-05-14 15:22:16;34636.6
2026-05-14 15:22:31;34888.1
2026-05-14 15:22:48;35143.3
2026-05-14 15:23:02;35254.7
2026-05-14 15:23:17;35238.5
2026-05-14 15:23:33;35060.6
2026-05-14 15:23:47;34927.7
2026-05-14 15:24:03;34760.5
2026-05-14 15:24:18;34663.5
2026-05-14 15:24:34;34654.5
2026-05-14 15:24:49;34401.2
2026-05-14 15:25:04;34198.1
2026-05-14 15:25:19;34040.0
2026-05-14 15:25:35;34011.3
2026-05-14 15:25:50;33871.1
2026-05-14 15:26:05;33657.3
2026-05-14 15:26:20;33305.1
2026-05-14 15:26:36;32859.5
2026-05-14 15:26:51;32415.6
2026-05-14 15:27:07;31934.1
2026-05-14 15:27:22;31560.3
2026-05-14 15:27:37;31267.4
2026-05-14 15:27:52;31301.6
2026-05-14 15:28:08;30981.7
2026-05-14 15:28:23;30674.5
2026-05-14 15:28:38;30503.7
2026-05-14 15:28:53;30307.9
2026-05-14 15:29:09;30074.3
2026-05-14 15:29:24;29919.8
2026-05-14 15:29:40;29946.7
2026-05-14 15:29:55;30119.2
2026-05-14 15:30:10;30334.8
2026-05-14 15:30:25;30475.0
2026-05-14 15:30:41;30539.7
2026-05-14 15:30:56;30579.2
2026-05-14 15:31:12;30518.1
2026-05-14 15:31:27;30331.2
2026-05-14 15:31:42;30245.0
2026-05-14 15:31:57;30117.4
2026-05-14 15:32:13;30007.8
2026-05-14 15:32:28;29928.7
2026-05-14 15:32:43;29824.5
2026-05-14 15:32:58;29580.2
2026-05-14 15:33:14;29402.3
2026-05-14 15:33:29;29202.8
2026-05-14 15:33:45;29073.4
2026-05-14 15:34:00;28983.6
2026-05-14 15:34:15;28724.8
2026-05-14 15:34:30;28157.0
2026-05-14 15:34:46;27600.0
2026-05-14 15:35:01;26963.9
2026-05-14 15:35:16;26509.3
2026-05-14 15:35:31;26123.0
2026-05-14 15:35:47;25760.0
2026-05-14 15:36:02;25530.0
2026-05-14 15:36:18;25476.1
2026-05-14 15:36:33;25555.2
2026-05-14 15:36:48;25709.7
2026-05-14 15:37:03;25817.5
2026-05-14 15:37:19;26025.9
2026-05-14 15:37:34;26245.2
2026-05-14 15:37:49;26414.1
2026-05-14 15:38:04;26593.7
2026-05-14 15:38:20;5615.2
2026-05-14 15:38:36;26780.6
2026-05-14 15:38:51;26766.2
2026-05-14 15:39:06;26631.5
2026-05-14 15:39:27;26811.2
2026-05-14 15:39:52;27100.5
2026-05-14 15:40:07;27299.9
2026-05-14 15:40:22;27371.8
2026-05-14 15:40:38;27427.5
2026-05-14 15:40:53;27463.4
2026-05-14 15:41:09;27503.0
2026-05-14 15:41:24;27468.8
2026-05-14 15:41:39;27519.1
2026-05-14 15:41:54;27452.7
2026-05-14 15:42:10;27429.3
2026-05-14 15:42:25;27352.0
2026-05-14 15:42:40;27285.5
2026-05-14 15:42:55;27211.9
2026-05-14 15:43:11;27071.7
2026-05-14 15:43:26;26823.7
2026-05-14 15:43:42;26468.0
2026-05-14 15:43:57;26209.2
2026-05-14 15:44:12;26025.9
2026-05-14 15:44:27;25936.1
2026-05-14 15:44:43;25919.9
2026-05-14 15:44:58;25844.5
2026-05-14 15:45:13;25772.6
2026-05-14 15:45:28;25724.1
2026-05-14 15:45:44;25522.8
2026-05-14 15:45:59;25350.3
2026-05-14 15:46:15;25300.0
2026-05-14 15:46:30;25247.9
2026-05-14 15:46:45;25041.2
2026-05-14 15:47:00;24996.3
2026-05-14 15:47:16;24879.5
2026-05-14 15:47:31;24818.4
2026-05-14 15:47:46;24868.7
2026-05-14 15:48:01;24877.7
2026-05-14 15:48:17;24974.8
2026-05-14 15:48:32;25017.9
2026-05-14 15:48:48;25084.4
2026-05-14 15:49:03;25026.9
2026-05-14 15:49:18;24822.0
2026-05-14 15:49:33;24610.0
2026-05-14 15:49:49;24394.4
2026-05-14 15:50:04;24205.7
2026-05-14 15:50:20;23955.9
2026-05-14 15:50:35;23724.1
2026-05-14 15:50:50;23537.3
2026-05-14 15:51:05;23488.7
2026-05-14 15:51:21;23460.0
2026-05-14 15:51:36;23452.8
2026-05-14 15:51:52;23531.9
2026-05-14 15:52:07;23641.5
2026-05-14 15:52:22;23639.7
2026-05-14 15:52:37;23539.1
2026-05-14 15:52:53;23454.6
2026-05-14 15:53:08;23531.9
2026-05-14 15:53:24;23675.6
2026-05-14 15:53:39;23840.9
2026-05-14 15:53:54;23920.0
2026-05-14 15:54:09;23921.8
2026-05-14 15:54:25;23993.7
2026-05-14 15:54:40;23954.1
2026-05-14 15:54:55;23943.4
2026-05-14 15:55:11;23839.1
2026-05-14 15:55:26;23713.4
2026-05-14 15:55:41;23515.7
2026-05-14 15:55:57;23230.0
2026-05-14 15:56:12;22938.9
2026-05-14 15:56:27;22619.1
2026-05-14 15:56:42;22385.5
2026-05-14 15:56:58;22069.2
2026-05-14 15:57:13;21832.0
2026-05-14 15:57:29;21492.4
2026-05-14 15:57:44;21032.4
2026-05-14 15:57:59;20797.0
2026-05-14 15:58:30;20090.9
2026-05-14 15:58:46;19904.0
2026-05-14 15:59:01;18378.4
2026-05-14 15:59:16;16037.1
2026-05-14 15:59:31;14632.0
2026-05-14 15:59:46;14375.0
2026-05-14 16:00:02;14067.7
2026-05-14 16:00:17;12544.0
2026-05-14 16:00:32;9291.6
2026-05-14 16:00:47;7827.2
2026-05-14 16:01:03;5627.8
2026-05-14 16:01:18;5473.3
2026-05-14 16:01:34;3701.6
2026-05-15 07:53:32;3362.0
2026-05-15 07:53:47;5597.3
2026-05-15 07:54:02;6431.0
2026-05-15 07:54:17;12529.6
2026-05-15 07:54:32;12736.2
2026-05-15 07:54:47;13018.4
2026-05-15 07:55:02;13438.8
2026-05-15 07:55:17;13850.3
2026-05-15 07:55:32;14182.7
2026-05-15 07:55:48;14340.9
2026-05-15 07:56:02;14324.7
2026-05-15 07:56:17;14175.5
2026-05-15 07:56:32;13983.3
2026-05-15 07:56:47;13974.3
2026-05-15 07:57:02;14046.2
2026-05-15 07:57:17;13963.5
2026-05-15 07:57:33;13850.3
2026-05-15 07:57:47;13641.9
2026-05-15 07:58:03;13410.1
2026-05-15 07:58:18;13225.0
2026-05-15 07:58:33;13162.1
2026-05-15 07:58:48;12986.0
2026-05-15 07:59:03;12736.2
2026-05-15 07:59:18;12545.8
2026-05-15 07:59:33;12274.5
2026-05-15 07:59:48;11895.3
2026-05-15 08:00:03;11751.6
2026-05-15 08:00:18;11629.4
2026-05-15 08:00:33;11595.2
2026-05-15 08:00:48;11701.2
2026-05-15 08:01:03;11665.3
2026-05-15 08:01:18;11553.9
2026-05-15 08:01:34;11399.4
2026-05-15 08:01:48;11113.7
2026-05-15 08:02:05;10619.5
2026-05-15 08:02:18;10274.5
2026-05-15 08:02:33;10130.8
2026-05-15 08:02:48;10159.5
2026-05-15 08:03:03;10204.5
2026-05-15 08:03:18;10540.5
2026-05-15 08:03:33;10612.3
2026-05-15 08:03:48;10624.9
2026-05-15 08:04:03;10650.1
2026-05-15 08:04:19;10756.1
2026-05-15 08:04:34;10867.5
2026-05-15 08:04:49;10984.3
2026-05-15 08:05:04;11196.3
2026-05-15 08:05:19;11323.9
2026-05-15 08:05:34;11422.7
2026-05-15 08:05:49;11415.5
2026-05-15 08:06:04;11394.0
2026-05-15 08:06:19;11429.9
2026-05-15 08:06:34;11350.9
2026-05-15 08:06:49;11365.2
2026-05-15 08:07:04;11228.7
2026-05-15 08:07:19;11207.1
2026-05-15 08:07:34;10876.5
2026-05-15 08:07:49;10824.4
2026-05-15 08:08:04;10558.4
2026-05-15 08:08:19;10441.6
2026-05-15 08:08:34;10319.5
2026-05-15 08:08:49;10190.1
2026-05-15 08:09:04;10017.6
2026-05-15 08:09:19;9938.5
2026-05-15 08:09:35;10060.7
2026-05-15 08:09:50;10305.1
2026-05-15 08:10:05;10306.9
2026-05-15 08:10:20;10288.9
2026-05-15 08:10:35;10055.3
2026-05-15 08:10:50;9649.2
2026-05-15 08:11:05;9471.3
2026-05-15 08:11:20;9374.3
2026-05-15 08:11:36;9262.9
2026-05-15 08:11:50;9178.4
2026-05-15 08:12:05;9140.7
2026-05-15 08:12:20;9126.3
2026-05-15 08:12:35;8944.8
2026-05-15 08:12:52;8693.3
2026-05-15 08:13:05;8707.7
2026-05-15 08:13:20;8687.9
2026-05-15 08:13:37;8792.1
2026-05-15 08:13:50;9108.4
2026-05-15 08:14:05;9388.7
2026-05-15 08:14:20;9543.2
2026-05-15 08:14:36;9622.3
2026-05-15 08:14:51;9710.3
2026-05-15 08:15:06;9821.7
2026-05-15 08:15:21;9857.7
2026-05-15 08:15:36;9819.9
2026-05-15 08:15:51;9767.8
2026-05-15 08:16:06;9753.4
2026-05-15 08:16:21;9742.7
2026-05-15 08:16:36;9751.6
2026-05-15 08:16:51;9767.8
2026-05-15 08:17:06;9787.6
2026-05-15 08:17:21;9823.5
2026-05-15 08:17:36;9852.3
2026-05-15 08:17:52;9900.8
2026-05-15 08:18:07;9951.1
2026-05-15 08:18:22;9990.6
2026-05-15 08:18:37;10019.4
2026-05-15 08:18:52;10067.9
2026-05-15 08:19:07;10164.9
2026-05-15 08:19:22;10323.0
2026-05-15 08:19:37;10551.2
2026-05-15 08:19:52;10804.6
2026-05-15 08:20:07;11058.0
2026-05-15 08:20:22;11311.3
2026-05-15 08:20:37;11543.1
2026-05-15 08:20:52;11694.1
2026-05-15 08:21:07;11825.2
2026-05-15 08:21:22;11913.3
2026-05-15 08:21:38;11931.3
2026-05-15 08:21:52;11884.5
2026-05-15 08:22:07;11724.6
2026-05-15 08:22:22;11553.9
2026-05-15 08:22:37;11404.8
2026-05-15 08:22:52;11307.7
2026-05-15 08:23:08;11212.5
2026-05-15 08:23:23;11171.2
2026-05-15 08:23:38;11207.1
2026-05-15 08:23:53;11322.1
2026-05-15 08:24:08;11403.0
2026-05-15 08:24:23;11521.6
2026-05-15 08:24:38;11627.6
2026-05-15 08:24:53;11773.1
2026-05-15 08:25:08;11880.9
2026-05-15 08:25:23;11828.8
2026-05-15 08:25:38;12037.3
2026-05-15 08:25:53;12175.6
2026-05-15 08:26:08;12269.1
2026-05-15 08:26:23;12511.6
2026-05-15 08:26:38;12551.2
2026-05-15 08:26:53;12635.6
2026-05-15 08:27:08;12610.5
2026-05-15 08:27:24;12587.1
2026-05-15 08:27:39;12583.5
2026-05-15 08:27:53;12459.5
2026-05-15 08:28:08;12326.6
2026-05-15 08:28:24;12199.0
2026-05-15 08:28:44;12087.6
2026-05-15 08:28:54;12010.3
2026-05-15 08:29:09;11949.2
2026-05-15 08:29:24;11891.7
2026-05-15 08:29:40;11816.2
2026-05-15 08:29:54;11697.7
2026-05-15 08:30:09;11722.8
2026-05-15 08:30:26;11827.0
2026-05-15 08:30:39;11839.6
2026-05-15 08:30:54;11870.2
2026-05-15 08:31:09;11954.6
2026-05-15 08:31:26;12128.9
2026-05-15 08:31:41;12468.5
2026-05-15 08:31:54;12914.1
2026-05-15 08:32:09;13386.7
2026-05-15 08:32:24;13904.2
2026-05-15 08:32:39;14482.8
2026-05-15 08:32:54;15122.5
2026-05-15 08:33:09;15753.2
2026-05-15 08:33:24;16364.1
2026-05-15 08:33:39;16946.3
2026-05-15 08:33:54;17519.5
2026-05-15 08:34:09;17995.7
2026-05-15 08:34:24;18470.1
2026-05-15 08:34:41;18926.5
2026-05-15 08:34:54;19330.8
2026-05-15 08:35:10;19603.9
2026-05-15 08:35:25;19709.9
2026-05-15 08:35:40;19749.5
2026-05-15 08:35:55;19729.7
2026-05-15 08:36:10;19571.6
2026-05-15 08:36:25;19190.6
2026-05-15 08:36:40;18773.7
2026-05-15 08:36:55;18223.9
2026-05-15 08:37:10;17864.5
2026-05-15 08:37:25;17345.2
2026-05-15 08:37:40;16994.8
2026-05-15 08:37:55;16772.0
2026-05-15 08:38:10;16748.7
2026-05-15 08:38:25;16892.4
2026-05-15 08:38:40;17072.1
2026-05-15 08:38:55;17206.9
2026-05-15 08:39:10;17291.3
2026-05-15 08:39:25;17320.1
2026-05-15 08:39:40;17440.5
2026-05-15 08:39:55;17271.6
2026-05-15 08:40:10;17124.2
2026-05-15 08:40:25;17151.2
2026-05-15 08:40:42;17334.5
2026-05-15 08:40:55;17217.7
2026-05-15 08:41:10;17199.7
2026-05-15 08:41:25;17246.4
2026-05-15 08:41:40;17206.9
2026-05-15 08:41:55;17064.9
2026-05-15 08:42:11;17091.9
2026-05-15 08:42:26;17007.4
2026-05-15 08:42:41;16978.7
2026-05-15 08:42:56;17054.1
2026-05-15 08:43:11;17417.1
2026-05-15 08:43:26;17206.9
2026-05-15 08:43:41;17167.3
2026-05-15 08:43:56;17320.1
2026-05-15 08:44:11;17230.2
2026-05-15 08:44:27;17404.5
2026-05-15 08:44:41;17657.9
2026-05-15 08:44:56;18092.7
2026-05-15 08:45:11;18432.3
2026-05-15 08:45:26;18502.4
2026-05-15 08:45:41;18660.5
2026-05-15 08:45:56;18786.3
2026-05-15 08:46:11;18942.7
2026-05-15 08:46:26;18610.2
2026-05-15 08:46:41;18655.2
2026-05-15 08:46:56;18743.2
2026-05-15 08:47:12;18768.4
2026-05-15 08:47:26;18829.5
2026-05-15 08:47:42;18858.2
2026-05-15 08:47:57;19000.2
2026-05-15 08:48:12;19163.7
2026-05-15 08:48:27;19359.5
2026-05-15 08:48:42;19388.3
2026-05-15 08:48:57;19345.2
2026-05-15 08:49:12;19260.7
2026-05-15 08:49:27;19230.2
2026-05-15 08:49:42;19125.9
2026-05-15 08:49:57;18917.5
2026-05-15 08:50:12;18655.2
2026-05-15 08:50:27;18391.0
2026-05-15 08:50:42;18090.9
2026-05-15 08:50:57;17776.5
2026-05-15 08:51:12;17507.0
2026-05-15 08:51:27;17338.0
2026-05-15 08:51:42;17278.7
2026-05-15 08:51:57;17206.9
2026-05-15 08:52:12;17126.0
2026-05-15 08:52:27;17021.8
2026-05-15 08:52:42;16933.7
2026-05-15 08:52:57;16881.6
2026-05-15 08:53:12;16933.7
2026-05-15 08:53:27;16994.8
2026-05-15 08:53:42;16773.8
2026-05-15 08:53:57;16633.7
2026-05-15 08:54:12;16549.2
2026-05-15 08:54:27;16312.0
2026-05-15 08:54:43;16110.8
2026-05-15 08:54:57;15859.2
2026-05-15 08:55:12;15600.5
2026-05-15 08:55:27;15383.0
2026-05-15 08:55:42;14874.5
2026-05-15 08:55:57;14428.9
2026-05-15 08:56:12;14096.5
2026-05-15 08:56:28;13724.5
2026-05-15 08:56:42;13433.4
2026-05-15 08:56:58;13282.5
2026-05-15 08:57:13;13192.7
2026-05-15 08:57:28;13198.0
2026-05-15 08:57:43;13137.0
2026-05-15 08:57:58;13151.3
2026-05-15 08:58:13;13167.5
2026-05-15 08:58:29;13190.9
2026-05-15 08:58:43;13264.5
2026-05-15 08:59:00;13393.9
2026-05-15 08:59:13;13555.6
2026-05-15 08:59:28;13733.5
2026-05-15 08:59:45;13897.0
2026-05-15 08:59:58;14008.4
2026-05-15 09:00:15;14071.3
2026-05-15 09:00:28;14121.6
2026-05-15 09:00:43;14103.7
2026-05-15 09:00:58;14143.2
2026-05-15 09:01:13;14184.5
2026-05-15 09:01:35;14324.7
2026-05-15 09:01:43;14644.5
2026-05-15 09:01:58;14633.7
2026-05-15 09:02:13;14635.5
2026-05-15 09:02:28;14646.3
2026-05-15 09:02:43;14671.5
2026-05-15 09:02:58;14718.2
2026-05-15 09:03:13;14764.9
2026-05-15 09:03:28;14835.0
2026-05-15 09:03:43;14903.3
2026-05-15 09:03:58;14994.9
2026-05-15 09:04:14;15104.5
2026-05-15 09:04:28;15226.7
2026-05-15 09:04:43;15325.5
2026-05-15 09:04:58;15393.8
2026-05-15 09:05:13;15478.3
2026-05-15 09:05:28;15557.3
2026-05-15 09:05:43;15652.6
2026-05-15 09:05:59;15746.0
2026-05-15 09:06:14;15817.9
2026-05-15 09:06:29;15977.8
2026-05-15 09:06:44;16150.3
2026-05-15 09:06:59;16436.0
2026-05-15 09:07:14;16809.8
2026-05-15 09:07:29;17199.7
2026-05-15 09:07:44;17656.1
2026-05-15 09:07:59;18125.1
2026-05-15 09:08:14;18653.4
2026-05-15 09:08:29;17988.5
2026-05-15 09:08:44;19729.7
2026-05-15 09:08:59;20311.9
2026-05-15 09:09:14;20737.7
2026-05-15 09:09:29;21239.1
2026-05-15 09:09:44;21745.8
2026-05-15 09:09:59;22187.8
2026-05-15 09:10:14;22647.8
2026-05-15 09:10:29;23116.8
2026-05-15 09:10:44;23646.9
2026-05-15 09:11:01;24265.0
2026-05-15 09:11:14;25097.0
2026-05-15 09:11:29;25727.7
2026-05-15 09:11:44;26480.5
2026-05-15 09:11:59;26155.3
2026-05-15 09:12:14;26764.5
2026-05-15 09:12:29;27531.7
2026-05-15 09:12:44;27770.7
2026-05-15 09:12:59;28085.2
2026-05-15 09:13:14;28554.1
2026-05-15 09:13:29;31542.3
2026-05-15 09:13:44;32545.0
2026-05-15 09:13:59;29659.2
2026-05-15 09:14:14;30931.4
2026-05-15 09:14:29;34981.6
2026-05-15 09:14:44;35132.5
2026-05-15 09:14:59;32067.0
2026-05-15 09:15:14;31416.6
2026-05-15 09:15:29;29573.0
2026-05-15 09:15:44;30879.3
2026-05-15 09:15:59;30471.4
2026-05-15 09:16:14;29366.3
2026-05-15 09:16:29;28800.3
2026-05-15 09:16:44;28236.1
2026-05-15 09:16:59;28171.4
2026-05-15 09:17:14;28038.4
2026-05-15 09:17:29;26868.7
2026-05-15 09:17:44;25555.2
2026-05-15 09:17:59;24755.5
2026-05-15 09:18:14;24286.6
2026-05-15 09:18:29;23973.9
2026-05-15 09:18:44;23424.1
2026-05-15 09:18:59;22965.9
2026-05-15 09:19:14;22678.4
2026-05-15 09:19:29;22525.6
2026-05-15 09:19:44;22459.1
2026-05-15 09:19:59;22403.4
2026-05-15 09:20:14;22329.8
2026-05-15 09:20:29;22392.7
2026-05-15 09:20:44;22575.9
2026-05-15 09:20:59;22730.5
2026-05-15 09:21:14;22881.4
2026-05-15 09:21:29;23192.3
2026-05-15 09:21:44;23402.5
2026-05-15 09:22:00;23637.9
2026-05-15 09:22:14;23878.7
2026-05-15 09:22:29;24139.2
2026-05-15 09:22:44;25150.9
2026-05-15 09:22:59;26056.5
2026-05-15 09:23:14;25571.3
2026-05-15 09:23:29;24642.3
2026-05-15 09:23:44;24060.2
2026-05-15 09:23:59;23848.1
2026-05-15 09:24:14;23654.1
2026-05-15 09:24:29;23655.9
2026-05-15 09:24:44;23729.5
2026-05-15 09:24:59;23853.5
2026-05-15 09:25:14;24067.3
2026-05-15 09:25:29;24498.6
2026-05-15 09:25:44;25300.0
2026-05-15 09:25:59;26859.7
2026-05-15 09:26:14;27181.3
2026-05-15 09:26:29;28451.7
2026-05-15 09:26:44;30974.5
2026-05-15 09:26:59;34155.0
2026-05-15 09:27:15;30868.5
2026-05-15 09:27:29;32023.9
2026-05-15 09:27:44;35761.4
2026-05-15 09:27:59;38625.6
2026-05-15 09:28:14;53478.6
2026-05-15 09:28:29;41389.2
2026-05-15 09:28:44;33655.5
2026-05-15 09:28:59;32766.0
2026-05-15 09:29:14;32658.2
2026-05-15 09:29:29;32284.5
2026-05-15 09:29:44;33023.0
2026-05-15 09:29:59;34916.9
2026-05-15 09:30:14;56434.4
2026-05-15 09:30:36;49972.9
2026-05-15 09:30:45;51940.5
2026-05-15 09:31:00;89895.9
2026-05-15 09:31:16;104883.6
2026-05-15 09:31:31;102109.2
2026-05-15 09:31:46;46981.1
2026-05-15 09:32:01;39333.6
2026-05-15 09:32:17;36715.5
2026-05-15 09:32:32;34128.0
2026-05-15 09:32:48;34810.9
2026-05-15 09:33:03;36165.7
2026-05-15 09:33:18;36029.1
2026-05-15 09:33:33;36501.7
2026-05-15 09:33:50;37588.8
2026-05-15 09:34:13;39896.0
2026-05-15 09:34:22;40399.1
2026-05-15 09:34:35;45610.1
2026-05-15 09:35:20;62403.7
2026-05-15 09:35:44;62901.4
2026-05-15 09:35:51;71303.6
2026-05-15 09:36:06;92230.0
2026-05-15 09:36:22;52835.3
2026-05-15 09:36:37;43874.3
2026-05-15 09:36:57;51669.1
2026-05-15 09:37:07;35035.5
2026-05-15 09:37:22;31971.8
2026-05-15 09:37:37;29359.1
2026-05-15 09:37:52;27506.6
2026-05-15 09:38:08;25362.9
2026-05-15 09:38:23;23991.9
2026-05-15 09:38:40;23400.7
2026-05-15 09:38:53;23269.5
2026-05-15 09:39:09;23478.0
2026-05-15 09:39:24;23636.1
2026-05-15 09:39:40;23684.6
2026-05-15 09:40:00;23902.0
2026-05-15 09:40:10;24038.6
2026-05-15 09:40:25;24306.3
2026-05-15 09:40:41;24640.5
2026-05-15 09:40:56;24990.9
2026-05-15 09:41:12;25585.7
2026-05-15 09:41:27;26796.8
2026-05-15 09:41:42;36602.3
2026-05-15 09:41:57;31572.9
2026-05-15 09:42:13;29831.7
2026-05-15 09:42:28;30843.4
2026-05-15 09:42:44;33518.9
2026-05-15 09:42:59;59487.3
2026-05-15 09:43:14;40334.5
2026-05-15 09:43:29;38988.6
2026-05-15 09:43:45;35450.5
2026-05-15 09:44:00;54731.0
2026-05-15 09:44:15;54953.8
2026-05-15 09:44:31;40774.7
2026-05-15 09:44:46;63471.0
2026-05-15 09:45:01;82291.5
2026-05-15 09:45:17;66753.9
2026-05-15 09:45:32;103320.3
2026-05-15 09:45:47;49791.4
2026-05-15 09:46:02;60055.2
2026-05-15 09:46:18;62285.1
2026-05-15 09:46:33;90968.6
2026-05-15 09:46:49;88553.6
2026-05-15 09:47:04;103379.6
2026-05-15 09:47:19;108896.0
2026-05-15 09:47:34;103149.6
2026-05-15 09:47:50;97523.6
2026-05-15 09:48:05;98576.6
2026-05-15 09:48:20;101218.0
2026-05-15 09:48:35;105435.2
2026-05-15 09:48:51;104421.8
2026-05-15 09:49:06;93660.3
2026-05-15 09:49:22;99478.6
2026-05-15 09:49:37;102353.6
2026-05-15 09:49:52;104028.3
2026-05-15 09:50:07;99286.3
2026-05-15 09:50:23;106493.6
2026-05-15 09:50:38;103904.3
2026-05-15 09:50:53;102889.1
2026-05-15 09:51:08;106806.2
2026-05-15 09:51:24;106578.0
2026-05-15 09:51:39;97868.6
2026-05-15 09:51:54;99780.5
2026-05-15 09:52:09;98923.4
2026-05-15 09:52:25;98988.0
2026-05-15 09:52:40;99843.4
2026-05-15 09:52:55;89083.7
2026-05-15 09:53:10;101541.4
2026-05-15 09:53:26;99616.9
2026-05-15 09:53:41;93654.9
2026-05-15 09:53:57;101877.4
2026-05-15 09:54:11;108299.4
2026-05-15 09:54:27;84988.6
2026-05-15 09:54:42;54005.1
2026-05-15 09:54:58;49442.8
2026-05-15 09:55:13;53778.7
2026-05-15 09:55:28;66187.9
2026-05-15 09:55:43;62621.1
2026-05-15 09:55:59;44921.9
2026-05-15 09:56:14;61066.8
2026-05-15 09:56:29;55952.9
2026-05-15 09:56:44;46909.2
2026-05-15 09:57:00;49953.1
2026-05-15 09:57:15;59020.2
2026-05-15 09:57:30;85218.6
2026-05-15 09:57:45;80543.1
2026-05-15 09:58:01;89358.6
2026-05-15 09:58:16;60285.2
2026-05-15 09:58:31;56763.3
2026-05-15 09:58:46;97385.2
2026-05-15 09:59:02;106691.2
2026-05-15 09:59:17;88012.7
2026-05-15 09:59:33;106082.1
2026-05-15 09:59:48;92794.2
2026-05-15 10:00:03;98919.8
2026-05-15 10:00:18;95638.7
2026-05-15 10:00:34;104067.8
2026-05-15 10:00:49;104628.4
2026-05-15 10:01:04;104937.5
2026-05-15 10:01:19;105113.6
2026-05-15 10:01:35;104468.5
2026-05-15 10:01:50;104980.6
2026-05-15 10:02:05;105343.6
2026-05-15 10:02:20;105313.0
2026-05-15 10:02:37;104921.3
2026-05-15 10:02:51;104730.9
2026-05-15 10:03:08;102459.6
2026-05-15 10:03:21;100743.6
2026-05-15 10:03:37;101548.6
2026-05-15 10:03:52;102491.9
2026-05-15 10:04:07;103949.2
2026-05-15 10:04:22;74737.4
2026-05-15 10:04:38;61517.8
2026-05-15 10:05:12;28820.1
2026-05-15 10:05:24;21794.3
2026-05-15 10:05:39;19307.4
2026-05-15 10:05:57;17742.3
2026-05-15 10:06:10;18150.2
2026-05-15 10:06:25;20599.4
2026-05-15 10:06:40;35152.3
2026-05-15 10:06:56;97426.6
2026-05-15 10:07:11;98515.5
2026-05-15 10:07:26;98867.6
2026-05-15 10:07:41;99248.6
2026-05-15 10:07:57;99133.6
2026-05-15 10:08:12;98903.6
2026-05-15 10:08:27;99550.5
2026-05-15 10:08:42;99638.5
2026-05-15 10:08:58;100015.9
2026-05-15 10:09:13;100330.3
2026-05-15 10:09:29;100795.7
2026-05-15 10:09:43;101455.1
2026-05-15 10:09:59;99893.7
2026-05-15 10:10:14;96292.7
2026-05-15 10:10:30;67661.3
2026-05-15 10:10:44;74712.3
2026-05-15 10:11:00;69395.3
2026-05-15 10:11:15;98626.9
2026-05-15 10:11:31;100499.2
2026-05-15 10:11:48;100723.8
2026-05-15 10:12:01;99361.8
2026-05-15 10:12:16;98979.1
2026-05-15 10:12:32;98443.6
2026-05-15 10:12:47;98046.5
2026-05-15 10:13:02;98098.6
2026-05-15 10:13:17;98883.8
2026-05-15 10:13:33;99593.6
2026-05-15 10:13:48;99103.0
2026-05-15 10:14:03;99593.6
2026-05-15 10:14:18;99679.8
2026-05-15 10:14:48;100251.2
2026-05-15 10:15:04;100321.3
2026-05-15 10:15:19;100650.1
2026-05-15 10:15:35;101088.6
2026-05-15 10:15:50;101173.0
2026-05-15 10:16:05;101498.3
2026-05-15 10:16:20;102287.1
2026-05-15 10:16:36;101891.8
2026-05-15 10:16:51;101203.6
2026-05-15 10:17:06;101277.3
2026-05-15 10:17:21;100217.1
2026-05-15 10:17:37;100414.8
2026-05-15 10:17:52;100380.6
2026-05-15 10:18:07;101088.6
2026-05-15 10:18:22;100743.6
2026-05-15 10:18:38;101525.2
2026-05-15 10:18:54;101203.6
2026-05-15 10:19:09;100801.1
2026-05-15 10:19:25;101474.9
2026-05-15 10:19:40;102008.6
2026-05-15 10:19:56;102696.8
2026-05-15 10:20:11;102750.7
2026-05-15 10:20:27;102315.9
2026-05-15 10:20:43;103410.1
2026-05-15 10:20:58;103602.4
2026-05-15 10:21:14;102772.3
2026-05-15 10:21:29;103541.3
2026-05-15 10:21:45;104256.5
2026-05-15 10:22:00;104856.6
2026-05-15 10:22:16;104998.6
2026-05-15 10:22:32;104078.6
2026-05-15 10:22:47;105408.3
2026-05-15 10:23:03;105169.3
2026-05-15 10:23:19;103798.3
2026-05-15 10:23:34;103117.3
2026-05-15 10:23:50;104251.1
2026-05-15 10:24:06;104193.6
2026-05-15 10:24:21;103582.6
2026-05-15 10:24:37;104348.1
2026-05-15 10:24:52;104791.9
2026-05-15 10:25:08;103888.1
2026-05-15 10:25:23;104461.3
2026-05-15 10:25:39;104308.6
2026-05-15 10:25:54;102671.6
2026-05-15 10:26:10;105566.4
2026-05-15 10:26:26;103906.1
2026-05-15 10:26:41;102695.0
2026-05-15 10:26:57;100477.6
2026-05-15 10:27:12;105063.3
2026-05-15 10:27:28;104950.1
2026-05-15 10:27:43;104612.3
2026-05-15 10:27:59;105343.6
2026-05-15 10:28:15;106263.6
2026-05-15 10:28:30;105907.8
2026-05-15 10:28:46;107151.2
2026-05-15 10:29:01;107348.9
2026-05-15 10:29:17;107859.2
2026-05-15 10:29:32;107397.4
2026-05-15 10:29:48;107873.6
2026-05-15 10:30:03;107257.3
2026-05-15 10:30:19;106930.2
2026-05-15 10:30:35;106100.1
2026-05-15 10:30:50;105995.9
2026-05-15 10:31:06;104768.6
2026-05-15 10:31:21;105501.7
2026-05-15 10:31:37;104973.4
2026-05-15 10:31:52;105075.9
2026-05-15 10:32:08;106425.3
2026-05-15 10:32:24;106173.7
2026-05-15 10:32:39;105918.6
2026-05-15 10:32:55;105706.6
2026-05-15 10:33:10;106723.6
2026-05-15 10:33:26;107041.6
2026-05-15 10:33:41;106148.6
2026-05-15 10:33:57;106576.2
2026-05-15 10:34:13;107032.6
2026-05-15 10:34:28;107943.7
2026-05-15 10:34:44;108847.5
2026-05-15 10:34:59;110058.6
2026-05-15 10:35:15;22958.7
2026-05-15 10:35:30;33722.0
2026-05-15 10:35:46;16628.3
2026-05-15 10:36:01;15104.5
2026-05-15 10:36:17;13729.9
2026-05-15 10:36:32;13187.3
2026-05-15 10:36:48;13023.7
2026-05-15 10:37:05;12915.9
2026-05-15 10:37:19;12872.8
2026-05-15 10:37:35;13043.5
2026-05-15 10:37:50;13774.8
2026-05-15 10:38:06;20080.1
2026-05-15 10:38:21;101271.9
2026-05-15 10:38:36;100048.2
2026-05-15 10:38:51;93220.1
2026-05-15 10:39:07;40244.6
2026-05-15 10:39:22;103404.8
2026-05-15 10:39:37;71515.6
2026-05-15 10:39:52;66655.1
2026-05-15 10:40:08;104276.2
2026-05-15 10:40:22;104001.3
2026-05-15 10:40:38;104261.9
2026-05-15 10:40:53;101841.5
2026-05-15 10:41:47;97715.9
2026-05-15 10:42:17;68191.4
2026-05-15 10:42:33;85227.6
2026-05-15 10:42:49;12508.0
2026-05-15 10:43:04;84485.5
2026-05-15 10:43:20;101363.5
2026-05-15 10:43:36;102880.1
2026-05-15 10:43:51;103090.3
2026-05-15 10:44:07;102858.5
2026-05-15 10:44:22;103773.1
2026-05-15 10:44:38;96603.6
2026-05-15 10:44:54;104414.6
2026-05-15 10:45:09;105573.6
2026-05-15 10:45:25;105916.8
2026-05-15 10:45:40;77346.5
2026-05-15 10:45:56;104817.1
2026-05-15 10:46:11;105573.6
2026-05-15 10:46:27;72169.7
2026-05-15 10:46:43;22845.5
2026-05-15 10:46:58;79172.1
2026-05-15 10:47:14;15386.6
2026-05-15 10:47:29;102987.9
2026-05-15 10:47:45;74178.6
2026-05-15 10:48:00;14524.1
2026-05-15 10:48:16;103158.6
2026-05-15 10:48:31;104653.6
2026-05-15 10:48:47;105688.6
2026-05-15 10:49:03;40801.6
2026-05-15 10:49:18;107693.9
2026-05-15 10:49:34;106452.3
2026-05-15 10:49:51;107181.8
2026-05-15 10:50:05;108333.6
2026-05-15 10:50:21;103473.0
2026-05-15 10:50:36;106493.6
2026-05-15 10:50:52;89780.9
2026-05-15 10:51:07;92923.6
2026-05-15 10:51:23;106148.6
2026-05-15 10:51:38;81308.6
2026-05-15 10:51:54;71616.3
2026-05-15 10:52:10;53823.6
2026-05-15 10:52:25;33414.7
2026-05-15 10:52:41;33698.6
2026-05-15 10:52:56;43868.9
2026-05-15 10:53:12;72956.7
2026-05-15 10:53:27;91372.9
2026-05-15 10:53:43;67672.1
2026-05-15 10:53:59;79484.8
2026-05-15 10:54:14;61643.6
2026-05-15 10:54:30;64286.8
2026-05-15 10:54:45;56723.7
2026-05-15 10:55:01;58046.2
2026-05-15 10:55:16;56339.2
2026-05-15 10:55:32;77973.6
2026-05-15 10:55:48;62448.6
2026-05-15 10:56:03;50833.6
2026-05-15 10:56:19;58008.5
2026-05-15 10:56:34;70811.2
2026-05-15 10:56:50;69742.1
2026-05-15 10:57:05;78577.3
2026-05-15 10:57:21;86179.9
2026-05-15 10:57:37;83608.6
2026-05-15 10:57:52;51290.0
2026-05-15 10:58:07;78016.7
2026-05-15 10:58:22;97194.8
2026-05-15 10:58:37;101548.6
2026-05-15 10:58:53;106588.8
2026-05-15 10:59:08;105676.0
2026-05-15 10:59:23;103818.0
2026-05-15 10:59:40;105039.9
2026-05-15 10:59:54;105934.8
2026-05-15 11:00:09;105205.2
2026-05-15 11:00:24;105614.9
2026-05-15 11:00:39;102684.2
2026-05-15 11:00:55;107068.6
2026-05-15 11:01:10;107819.7
2026-05-15 11:01:25;107952.6
2026-05-15 11:01:40;107758.6
2026-05-15 11:01:56;107985.0
2026-05-15 11:02:12;108351.6
2026-05-15 11:02:27;108082.0
2026-05-15 11:02:43;107785.5
2026-05-15 11:02:59;107578.9
2026-05-15 11:03:14;106914.1
2026-05-15 11:03:30;106240.2
2026-05-15 11:03:46;106074.9
2026-05-15 11:04:01;105623.9
2026-05-15 11:04:18;103733.6
2026-05-15 11:04:32;104653.6
2026-05-15 11:05:03;103963.6
2026-05-15 11:05:18;103634.8
2026-05-15 11:05:33;104387.6
2026-05-15 11:05:49;105329.2
2026-05-15 11:06:05;105343.6
2026-05-15 11:06:22;103828.8
2026-05-15 11:06:36;103226.9
2026-05-15 11:06:51;103043.6
2026-05-15 11:07:07;99688.8
2026-05-15 11:07:46;99555.9
2026-05-15 11:07:48;95070.9
2026-05-15 11:08:04;98051.9
2026-05-15 11:08:21;99861.3
2026-05-15 11:08:35;100321.3
2026-05-15 11:08:51;101298.8
2026-05-15 11:09:06;98087.8
2026-05-15 11:09:22;99983.5
2026-05-15 11:09:37;100298.0
2026-05-15 11:09:53;99789.4
2026-05-15 11:10:08;100513.6
2026-05-15 11:10:24;84192.6
2026-05-15 11:10:40;24574.1
2026-05-15 11:10:55;56549.4
2026-05-15 11:11:11;100858.6
2026-05-15 11:11:26;101394.1
2026-05-15 11:11:42;100646.6
2026-05-15 11:11:58;100283.6
2026-05-15 11:12:13;24033.2
2026-05-15 11:12:29;70672.9
2026-05-15 11:12:44;96603.6
2026-05-15 11:13:00;98601.7
2026-05-15 11:13:15;98860.5
2026-05-15 11:13:32;97000.7
2026-05-15 11:13:47;99363.6
2026-05-15 11:14:02;99015.0
2026-05-15 11:14:18;90355.9
2026-05-15 11:14:33;100369.8
2026-05-15 11:14:49;99471.4
2026-05-15 11:15:05;82113.6
2026-05-15 11:15:20;86713.6
2026-05-15 11:15:36;66184.3
2026-05-15 11:15:51;60569.1
2026-05-15 11:16:07;26707.0
2026-05-15 11:16:25;54267.4
2026-05-15 11:16:38;65979.5
2026-05-15 11:16:53;49063.7
2026-05-15 11:17:09;78807.3
2026-05-15 11:17:25;71479.7
2026-05-15 11:17:40;48844.5
2026-05-15 11:17:56;29786.8
2026-05-15 11:18:12;18116.1
2026-05-15 11:18:28;22646.0
2026-05-15 11:18:43;23048.5
2026-05-15 11:18:58;31675.3
2026-05-15 11:19:13;26868.7
2026-05-15 11:19:33;21530.2
2026-05-15 11:19:46;18153.8
2026-05-15 11:20:00;16813.4
2026-05-15 11:20:19;23684.6
2026-05-15 11:20:32;79421.9
2026-05-15 11:20:48;11593.4
2026-05-15 11:21:06;11861.2
2026-05-15 11:21:18;11667.1
2026-05-15 11:21:34;11730.0
2026-05-15 11:21:49;13701.2
2026-05-15 11:22:05;14835.0
2026-05-15 11:22:20;11604.2
2026-05-15 11:22:36;15041.6
2026-05-15 11:22:52;11462.3
2026-05-15 11:23:07;11997.7
2026-05-15 11:23:24;11933.0
2026-05-15 11:23:41;14675.1
2026-05-15 11:23:54;12703.9
2026-05-15 11:24:11;11949.2
2026-05-15 11:24:26;17099.1
2026-05-15 11:24:43;12774.0
2026-05-15 11:24:56;13363.4
2026-05-15 11:25:12;17034.4
2026-05-15 11:25:29;15947.3
2026-05-15 11:25:43;16164.7
2026-05-15 11:26:29;13755.1
2026-05-15 11:26:49;14452.3
2026-05-15 11:27:11;14894.3
2026-05-15 11:27:31;15366.9
2026-05-15 11:27:47;16020.9
2026-05-15 11:28:02;16285.1
2026-05-15 11:28:18;16894.2
2026-05-15 11:28:33;17866.3
2026-05-15 11:28:49;18574.3
2026-05-15 11:29:44;15941.9
2026-05-15 11:29:59;15616.6
2026-05-15 11:30:15;15442.3
2026-05-15 11:30:50;14632.0
2026-05-15 11:31:06;13879.1
2026-05-15 11:31:21;13185.5
2026-05-15 11:31:37;12614.1
2026-05-15 11:31:53;12190.0
2026-05-15 11:32:11;12053.4
2026-05-15 11:32:24;11969.0
2026-05-15 11:32:40;12269.1
2026-05-15 11:32:55;11153.2
2026-05-15 11:33:12;56619.5
2026-05-15 11:33:31;20446.6
2026-05-15 11:33:48;11178.4
2026-05-15 11:33:57;106360.6
2026-05-15 11:34:13;104998.6
2026-05-15 11:34:29;93913.7
2026-05-15 11:34:44;84643.6
2026-05-15 11:35:00;94984.6
2026-05-15 11:35:16;94253.3
2026-05-15 11:35:31;98950.3
2026-05-15 11:35:47;98098.6
2026-05-15 11:36:02;101518.0
2026-05-15 11:36:18;101318.6
2026-05-15 11:36:34;105825.1
2026-05-15 11:36:49;107866.4
2026-05-15 11:37:04;109138.6
2026-05-15 11:37:20;111093.6
2026-05-15 11:37:36;110261.6
2026-05-15 11:37:51;108906.8
2026-05-15 11:38:08;108847.5
2026-05-15 11:38:22;108705.5
2026-05-15 11:38:38;108464.8
2026-05-15 11:38:53;101602.5
2026-05-15 11:39:09;89998.3
2026-05-15 11:39:24;25905.5
2026-05-15 11:39:40;21271.4
2026-05-15 11:39:56;25465.3
2026-05-15 11:40:11;21294.8
2026-05-15 11:40:27;19512.3
2026-05-15 11:40:42;19285.9
2026-05-15 11:40:58;20631.7
2026-05-15 11:41:13;35355.3
2026-05-15 11:41:29;96718.6
2026-05-15 11:41:45;94806.7
2026-05-15 11:42:00;109237.4
2026-05-15 11:42:16;113125.9
2026-05-15 11:42:31;114358.5
2026-05-15 11:42:47;111528.4
2026-05-15 11:43:02;112013.6
2026-05-15 11:43:18;113907.5
2026-05-15 11:43:33;109828.6
2026-05-15 11:43:49;50116.6
2026-05-15 11:44:05;106378.6
2026-05-15 11:44:20;112153.7
2026-05-15 11:44:36;108103.6
2026-05-15 11:44:52;110604.8
2026-05-15 11:45:07;21517.6
2026-05-15 11:45:23;21170.8
2026-05-15 11:45:39;19821.3
2026-05-15 11:45:54;18876.2
2026-05-15 11:46:10;18617.4
2026-05-15 11:46:25;19580.5
2026-05-15 11:46:44;21533.7
2026-05-15 11:46:57;45142.9
2026-05-15 11:47:11;106263.6
2026-05-15 11:47:28;105343.6
2026-05-15 11:47:43;104371.5
2026-05-15 11:47:59;95568.6
2026-05-15 11:48:14;103728.2
2026-05-15 11:48:29;105277.1
2026-05-15 11:48:45;104024.7
2026-05-15 11:49:03;61217.7
2026-05-15 11:49:17;25481.5
2026-05-15 11:49:32;59257.3
2026-05-15 11:49:47;16209.6
2026-05-15 11:50:02;14757.7
2026-05-15 11:50:18;14421.7
2026-05-15 11:50:33;14942.8
2026-05-15 11:50:48;17011.0
2026-05-15 11:51:04;18008.3
2026-05-15 11:51:19;18277.8
2026-05-15 11:51:34;26719.5
2026-05-15 11:51:49;29522.7
2026-05-15 11:52:05;98378.9
2026-05-15 11:52:20;105789.2
2026-05-15 11:52:35;105093.8
2026-05-15 11:52:50;108678.6
2026-05-15 11:53:06;108743.3
2026-05-15 11:53:21;108538.4
2026-05-15 11:53:37;108448.6
2026-05-15 11:53:51;108527.6
2026-05-15 11:54:07;107949.1
2026-05-15 11:54:22;108207.8
2026-05-15 11:54:37;108793.6
2026-05-15 11:54:52;107742.4
2026-05-15 11:55:08;107686.7
2026-05-15 11:55:23;107273.4
2026-05-15 11:55:38;107476.5
2026-05-15 11:55:53;108092.8
2026-05-15 11:56:09;107523.2
2026-05-15 11:56:24;106881.7
2026-05-15 11:56:39;107864.6
2026-05-15 11:56:55;108536.6
2026-05-15 11:57:11;108524.1
2026-05-15 11:57:27;108448.6
2026-05-15 11:57:42;108389.3
2026-05-15 11:57:58;108585.1
2026-05-15 11:58:13;108159.3
2026-05-15 11:58:29;108978.7
2026-05-15 11:58:45;108759.4
2026-05-15 11:59:00;108319.2
2026-05-15 11:59:15;24910.1
2026-05-15 11:59:31;20507.7
2026-05-15 11:59:46;104998.6
2026-05-15 12:00:02;107873.6
2026-05-15 12:00:18;106337.3
2026-05-15 12:00:33;106655.3
2026-05-15 12:00:49;107338.1
2026-05-15 12:01:05;21801.5
2026-05-15 12:01:20;18906.7
2026-05-15 12:01:36;19377.5
2026-05-15 12:01:51;24753.7
2026-05-15 12:02:07;70200.3
2026-05-15 12:02:22;37258.2
2026-05-15 12:02:38;105203.4
2026-05-15 12:02:54;103467.6
2026-05-15 12:03:09;102788.4
2026-05-15 12:03:24;102641.1
2026-05-15 12:03:40;103176.6
2026-05-15 12:03:56;103464.1
2026-05-15 12:04:12;103584.4
2026-05-15 12:04:27;92438.4
2026-05-15 12:04:42;19679.4
2026-05-15 12:04:58;15370.5
2026-05-15 12:05:14;14364.2
2026-05-15 12:05:29;13871.9
2026-05-15 12:05:45;13517.9
2026-05-15 12:06:01;13316.6
2026-05-15 12:06:16;13147.7
2026-05-15 12:06:31;13047.1
2026-05-15 12:06:47;13264.5
2026-05-15 12:07:02;13904.2
2026-05-15 12:07:17;14030.0
2026-05-15 12:07:32;13988.7
2026-05-15 12:07:48;14432.5
2026-05-15 12:08:03;14410.9
2026-05-15 12:08:18;14342.7
2026-05-15 12:08:33;14587.0
2026-05-15 12:08:49;15219.5
2026-05-15 12:09:04;18342.5
2026-05-15 12:09:19;24047.6
2026-05-15 12:09:34;16811.6
2026-05-15 12:09:50;14428.9
2026-05-15 12:10:05;13889.8
2026-05-15 12:10:20;13419.1
2026-05-15 12:10:35;13144.1
2026-05-15 12:10:51;13196.2
2026-05-15 12:11:06;13893.4
2026-05-15 12:11:21;22685.5
2026-05-15 12:11:36;27980.9
2026-05-15 12:11:52;71533.6
2026-05-15 12:12:07;90754.8
2026-05-15 12:12:23;44796.1
2026-05-15 12:12:37;17986.7
2026-05-15 12:12:53;13618.5
2026-05-15 12:13:08;12700.3
2026-05-15 12:13:24;12290.6
2026-05-15 12:13:39;12069.6
2026-05-15 12:13:54;11960.0
2026-05-15 12:14:09;11875.5
2026-05-15 12:14:25;11916.9
2026-05-15 12:14:40;12003.1
2026-05-15 12:14:55;12166.6
2026-05-15 12:15:13;12385.9
2026-05-15 12:15:26;12617.7
2026-05-15 12:15:41;12901.6
2026-05-15 12:15:57;13205.2
2026-05-15 12:16:12;13552.0
2026-05-15 12:16:27;13995.9
2026-05-15 12:16:42;14466.6
2026-05-15 12:16:58;15054.2
2026-05-15 12:17:13;15746.0
2026-05-15 12:17:28;16734.3
2026-05-15 12:17:43;18353.3
2026-05-15 12:17:59;20800.6
2026-05-15 12:18:14;38095.5
2026-05-15 12:18:30;19751.2
2026-05-15 12:18:45;18112.5
2026-05-15 12:19:00;17305.7
2026-05-15 12:19:15;16854.7
2026-05-15 12:19:31;16480.9
2026-05-15 12:19:46;16150.3
2026-05-15 12:20:01;15841.2
2026-05-15 12:20:16;15620.2
2026-05-15 12:20:32;15437.0
2026-05-15 12:20:47;15498.0
2026-05-15 12:21:03;15796.3
2026-05-15 12:21:18;16272.5
2026-05-15 12:21:33;17415.3
2026-05-15 12:21:48;19727.9
2026-05-15 12:22:04;58687.7
2026-05-15 12:22:19;69064.7
2026-05-15 12:22:35;99413.9
2026-05-15 12:22:50;65093.6
2026-05-15 12:23:05;20644.3
2026-05-15 12:23:20;18906.7
2026-05-15 12:23:36;18382.0
2026-05-15 12:23:51;18493.4
2026-05-15 12:24:07;18827.7
2026-05-15 12:24:22;19264.3
2026-05-15 12:24:37;20063.9
2026-05-15 12:24:52;21046.8
2026-05-15 12:25:08;22805.9
2026-05-15 12:25:23;25752.8
2026-05-15 12:25:39;61758.6
2026-05-15 12:25:54;43241.8
2026-05-15 12:26:09;30723.0
2026-05-15 12:26:24;21819.5
2026-05-15 12:26:40;19918.4
2026-05-15 12:26:55;19086.4
2026-05-15 12:27:11;18313.8
2026-05-15 12:27:26;17826.8
2026-05-15 12:27:41;17291.3
2026-05-15 12:27:56;16817.0
2026-05-15 12:28:12;16497.1
2026-05-15 12:28:27;16364.1
2026-05-15 12:28:42;16312.0
2026-05-15 12:28:58;16362.3
2026-05-15 12:29:13;16437.8
2026-05-15 12:29:29;16599.5
2026-05-15 12:29:44;16858.3
2026-05-15 12:29:59;17165.5
2026-05-15 12:30:14;17589.6
2026-05-15 12:30:29;18126.9
2026-05-15 12:30:45;18780.9
2026-05-15 12:31:00;19706.3
2026-05-15 12:31:16;21115.1
2026-05-15 12:31:31;22858.0
2026-05-15 12:31:46;26503.9
2026-05-15 12:32:01;88891.4
2026-05-15 12:32:17;95886.6
2026-05-15 12:32:32;96190.3
2026-05-15 12:32:48;94533.6
2026-05-15 12:33:03;88176.2
2026-05-15 12:33:18;98495.7
2026-05-15 12:33:33;99708.6
2026-05-15 12:33:49;100134.4
2026-05-15 12:34:04;100152.4
2026-05-15 12:34:19;100105.7
2026-05-15 12:34:34;99467.8
2026-05-15 12:34:50;98903.6
2026-05-15 12:35:05;98673.6
2026-05-15 12:35:21;98037.5
2026-05-15 12:35:36;97408.6
2026-05-15 12:35:51;97349.3
2026-05-15 12:36:06;97351.1
2026-05-15 12:36:22;96547.9
2026-05-15 12:36:37;95043.9
2026-05-15 12:36:52;96100.5
2026-05-15 12:37:07;98824.5
2026-05-15 12:37:23;26417.7
2026-05-15 12:37:38;40271.6
2026-05-15 12:37:53;80728.2
2026-05-15 12:38:08;23938.0
2026-05-15 12:38:24;24622.6
2026-05-15 12:38:39;45486.1
2026-05-15 12:38:54;82332.8
2026-05-15 12:39:09;40618.4
2026-05-15 12:39:25;28327.7
2026-05-15 12:39:40;53550.5
2026-05-15 12:39:55;27441.9
2026-05-15 12:40:10;30090.5
2026-05-15 12:40:26;74487.7
2026-05-15 12:40:41;71370.1
2026-05-15 12:40:56;87597.7
2026-05-15 12:41:11;87793.5
2026-05-15 12:41:27;101455.1
2026-05-15 12:41:42;60752.3
2026-05-15 12:41:57;99568.4
2026-05-15 12:42:12;63535.7
2026-05-15 12:42:28;31643.0
2026-05-15 12:42:43;74635.0
2026-05-15 12:42:59;89863.5
2026-05-15 12:43:14;94019.7
2026-05-15 12:43:30;93426.7
2026-05-15 12:43:45;91495.1
2026-05-15 12:44:00;92224.6
2026-05-15 12:44:15;90230.1
2026-05-15 12:44:31;73653.9
2026-05-15 12:44:46;61129.7
2026-05-15 12:45:01;86650.7
2026-05-15 12:45:16;79432.7
2026-05-15 12:45:32;71819.3
2026-05-15 12:45:47;70004.5
2026-05-15 12:46:02;84595.1
2026-05-15 12:46:17;88391.9
2026-05-15 12:46:33;88311.0
2026-05-15 12:46:48;88187.0
2026-05-15 12:47:55;79991.5
2026-05-15 12:47:55;79509.9
2026-05-15 12:48:08;82108.2
2026-05-15 12:48:21;87619.2
2026-05-15 12:48:36;88629.1
2026-05-15 12:48:52;88318.2
2026-05-15 12:49:07;87922.9
2026-05-15 12:49:23;86634.5
2026-05-15 12:49:39;83953.6
2026-05-15 12:49:54;83148.6
2026-05-15 12:50:10;88438.6
2026-05-15 12:50:25;87789.9
2026-05-15 12:50:41;87736.0
2026-05-15 12:50:56;87574.3
2026-05-15 12:51:12;88176.2
2026-05-15 12:51:28;89536.5
2026-05-15 12:51:43;90098.9
2026-05-15 12:52:00;90012.7
2026-05-15 12:52:14;90258.8
2026-05-15 12:52:30;90080.9
2026-05-15 12:52:45;91173.4
2026-05-15 12:53:01;92199.5
2026-05-15 12:53:17;92323.4
2026-05-15 12:53:32;92456.4
2026-05-15 12:53:48;91813.1
2026-05-15 12:54:03;91597.5
2026-05-15 12:54:19;91387.3
2026-05-15 12:54:34;91304.6
2026-05-15 12:54:50;91096.2
2026-05-15 12:55:05;90591.2
2026-05-15 12:55:21;90131.3
2026-05-15 12:55:36;89696.4
2026-05-15 12:55:52;88496.1
2026-05-15 12:57:22;88208.6
2026-05-15 12:57:38;88402.7
2026-05-15 12:57:57;87795.3
2026-05-15 12:59:27;87978.6
2026-05-15 12:59:28;87403.6
2026-05-15 12:59:31;87903.1
2026-05-15 12:59:47;15408.2
2026-05-15 13:00:05;90325.3
2026-05-15 13:00:18;90620.0
2026-05-15 13:00:49;90045.0
2026-05-15 13:01:04;89933.6
2026-05-15 13:01:20;90048.6
2026-05-15 13:01:35;90163.6
2026-05-15 13:01:51;89933.6
2026-05-15 13:02:06;88966.9
2026-05-15 13:02:22;88079.2
2026-05-15 13:02:37;87475.5
2026-05-15 13:02:53;87211.3
2026-05-15 13:03:09;87689.3
2026-05-15 13:03:25;87090.9
2026-05-15 13:03:40;88032.5
2026-05-15 13:03:56;89128.6
2026-05-15 13:04:11;90519.4
2026-05-15 13:04:28;90048.6
2026-05-15 13:04:42;90278.6
2026-05-15 13:04:58;89946.2
2026-05-15 13:05:13;89833.0
2026-05-15 13:05:29;89818.6
2026-05-15 13:05:44;88321.8
2026-05-15 13:06:00;90571.5
2026-05-15 13:06:16;91922.7
2026-05-15 13:06:31;92111.4
2026-05-15 13:06:47;92578.6
2026-05-15 13:07:02;93056.6
2026-05-15 13:07:18;93153.6
2026-05-15 13:07:33;92803.2
2026-05-15 13:07:49;87969.6
2026-05-15 13:08:05;49735.7
2026-05-15 13:08:20;48794.1
2026-05-15 13:08:35;39716.3
2026-05-15 13:08:51;54170.4
2026-05-15 13:09:06;23201.2
2026-05-15 13:09:23;21415.2
2026-05-15 13:09:38;20331.6
2026-05-15 13:09:53;20108.8
2026-05-15 13:10:09;19939.9
2026-05-15 13:10:24;19936.3
2026-05-15 13:10:40;20153.7
2026-05-15 13:10:56;20394.5
2026-05-15 13:11:11;20721.6
2026-05-15 13:11:27;21506.8
2026-05-15 13:11:42;26392.5
2026-05-15 13:11:58;39669.6
2026-05-15 13:12:13;33161.3
2026-05-15 13:12:29;36496.3
2026-05-15 13:12:45;29592.7
2026-05-15 13:13:00;27668.3
2026-05-15 13:13:15;31339.3
2026-05-15 13:13:30;90248.0
2026-05-15 13:13:46;88490.7
2026-05-15 13:14:01;86895.1
2026-05-15 13:14:16;82178.3
2026-05-15 13:14:31;66134.0
2026-05-15 13:14:47;39563.6
2026-05-15 13:15:02;23294.7
2026-05-15 13:15:17;21875.2
2026-05-15 13:15:32;20205.9
2026-05-15 13:15:48;18723.4
2026-05-15 13:16:03;17684.8
2026-05-15 13:16:18;16928.4
2026-05-15 13:16:33;16497.1
2026-05-15 13:16:50;17648.9
2026-05-15 13:17:04;30521.7
2026-05-15 13:17:19;45198.6
2026-05-15 13:17:34;29172.3
2026-05-15 13:17:50;12229.5
2026-05-15 13:18:05;11507.2
2026-05-15 13:18:20;10960.9
2026-05-15 13:18:35;10511.7
2026-05-15 13:18:51;10078.7
2026-05-15 13:19:06;9724.7
2026-05-15 13:19:22;9386.9
2026-05-15 13:19:37;9077.8
2026-05-15 13:19:52;8799.3
2026-05-15 13:20:07;8574.7
2026-05-15 13:20:23;8416.6
2026-05-15 13:20:38;8348.3
2026-05-15 13:20:53;8301.6
2026-05-15 13:21:08;8280.0
2026-05-15 13:21:24;8307.0
2026-05-15 13:21:39;8490.2
2026-05-15 13:21:54;8554.9
2026-05-15 13:22:09;8603.4
2026-05-15 13:22:25;8677.1
2026-05-15 13:22:40;8621.4
2026-05-15 13:22:56;8637.6
2026-05-15 13:23:11;8643.0
2026-05-15 13:23:26;8646.6
2026-05-15 13:23:41;8603.4
2026-05-15 13:23:57;8578.3
2026-05-15 13:24:12;8558.5
2026-05-15 13:24:28;8590.9
2026-05-15 13:24:43;8587.3
2026-05-15 13:24:58;8481.2
2026-05-15 13:25:13;8344.7
2026-05-15 13:25:29;8183.0
2026-05-15 13:25:44;8057.2
2026-05-15 13:25:59;7956.6
2026-05-15 13:26:14;7845.2
2026-05-15 13:26:30;7732.0
2026-05-15 13:26:45;7699.6
2026-05-15 13:27:01;7683.4
2026-05-15 13:27:16;7697.8
2026-05-15 13:27:31;7715.8
2026-05-15 13:27:46;7775.1
2026-05-15 13:28:02;7816.4
2026-05-15 13:28:17;7897.3
2026-05-15 13:28:33;7987.1
2026-05-15 13:28:48;8066.2
2026-05-15 13:29:03;8193.7
2026-05-15 13:29:18;8362.7
2026-05-15 13:29:34;8576.5
2026-05-15 13:29:49;8784.9
2026-05-15 13:30:04;9031.1
2026-05-15 13:30:20;9259.3
2026-05-15 13:30:35;9489.3
2026-05-15 13:30:50;9766.0
2026-05-15 13:31:06;10211.6
2026-05-15 13:31:21;10590.8
2026-05-15 13:31:36;10874.7
2026-05-15 13:31:51;11128.0
2026-05-15 13:32:07;11681.5
2026-05-15 13:32:22;12260.1
2026-05-15 13:32:38;13041.7
2026-05-15 13:32:53;23512.1
2026-05-15 13:33:08;75159.7
2026-05-15 13:33:23;75885.6
2026-05-15 13:33:39;75903.6
2026-05-15 13:33:54;76070.7
2026-05-15 13:34:10;76072.5
2026-05-15 13:34:25;64917.5
2026-05-15 13:34:40;75709.5
2026-05-15 13:34:55;28476.9
2026-05-15 13:35:11;14694.8
2026-05-15 13:35:26;14294.1
2026-05-15 13:35:42;13769.5
2026-05-15 13:35:57;13780.2
2026-05-15 13:36:12;18621.0
2026-05-15 13:36:27;18274.2
2026-05-15 13:36:43;14851.2
2026-05-15 13:36:58;16362.3
2026-05-15 13:37:13;17514.1
2026-05-15 13:37:28;14901.5
2026-05-15 13:37:44;13199.8
2026-05-15 13:37:59;12844.1
2026-05-15 13:38:15;12957.3
2026-05-15 13:38:30;13442.4
2026-05-15 13:38:45;14901.5
2026-05-15 13:39:00;17650.7
2026-05-15 13:39:16;19503.3
2026-05-15 13:39:31;65073.8
2026-05-15 13:39:47;74665.5
2026-05-15 13:40:02;46602.0
2026-05-15 13:40:17;52425.6
2026-05-15 13:40:32;72047.5
2026-05-15 13:40:48;54864.0
2026-05-15 13:41:03;55812.7
2026-05-15 13:41:18;15002.1
2026-05-15 13:41:33;14207.9
2026-05-15 13:41:49;14459.5
2026-05-15 13:42:04;20355.0
2026-05-15 13:42:20;14930.2
2026-05-15 13:42:35;13950.9
2026-05-15 13:42:50;14067.7
2026-05-15 13:43:05;14272.6
2026-05-15 13:43:21;15241.1
2026-05-15 13:43:36;17591.4
2026-05-15 13:43:51;58121.7
2026-05-15 13:44:06;73023.2
2026-05-15 13:44:22;55485.7
2026-05-15 13:44:37;35217.0
2026-05-15 13:44:53;73756.3
2026-05-15 13:45:08;73220.9
2026-05-15 13:45:23;72653.0
2026-05-15 13:45:38;72741.1
2026-05-15 13:45:54;72453.6
2026-05-15 13:46:09;72566.8
2026-05-15 13:46:24;72453.6
2026-05-15 13:46:39;72379.9
2026-05-15 13:46:55;72146.3
2026-05-15 13:47:10;71932.5
2026-05-15 13:47:26;72034.9
2026-05-15 13:47:41;71912.7
2026-05-15 13:47:56;72101.4
2026-05-15 13:48:11;58745.2
2026-05-15 13:48:27;50707.8
2026-05-15 13:48:42;46609.1
2026-05-15 13:48:57;71993.6
2026-05-15 13:49:12;66171.7
2026-05-15 13:49:28;24813.0
2026-05-15 13:49:43;54281.8
2026-05-15 13:49:59;72333.2
2026-05-15 13:50:13;71682.7
2026-05-15 13:50:29;71120.3
2026-05-15 13:50:44;56042.7
2026-05-15 13:50:59;64967.8
2026-05-15 13:51:14;64982.2
2026-05-15 13:51:30;64960.6
2026-05-15 13:51:45;64978.6
2026-05-15 13:52:00;64630.0
2026-05-15 13:52:15;64214.9
2026-05-15 13:52:31;64028.0
2026-05-15 13:52:46;63997.5
2026-05-15 13:53:01;64026.2
2026-05-15 13:53:16;63979.5
2026-05-15 13:53:32;63736.9
2026-05-15 13:53:47;63571.6
2026-05-15 13:54:02;63517.7
2026-05-15 13:54:18;63163.7
2026-05-15 13:54:33;62908.6
2026-05-15 13:54:48;62854.7
2026-05-15 13:55:04;62958.9
2026-05-15 13:55:18;62899.6
2026-05-15 13:55:34;62714.5
2026-05-15 13:55:49;62563.6
2026-05-15 13:56:05;62285.1
2026-05-15 13:56:19;61918.5
2026-05-15 13:56:35;61286.0
2026-05-15 13:56:51;60824.2
2026-05-15 13:57:06;60768.5
2026-05-15 13:57:22;60939.2
2026-05-15 13:57:38;61145.9
2026-05-15 13:57:53;61117.1
2026-05-15 13:58:09;61178.2
2026-05-15 13:58:25;61183.6
2026-05-15 13:58:40;61501.6
2026-05-15 13:58:56;61352.5
2026-05-15 13:59:11;61627.4
2026-05-15 13:59:27;61589.7
2026-05-15 13:59:42;61481.9
2026-05-15 13:59:58;61370.5
2026-05-15 14:00:14;61607.7
2026-05-15 14:00:29;61404.6
2026-05-15 14:00:44;61181.8
2026-05-15 14:01:00;60888.9
2026-05-15 14:01:16;60664.3
2026-05-15 14:01:32;60459.4
2026-05-15 14:01:47;60378.6
2026-05-15 14:02:03;60360.6
2026-05-15 14:02:18;60216.9
2026-05-15 14:02:34;60030.0
2026-05-15 14:02:49;59719.1
2026-05-15 14:03:05;59622.1
2026-05-15 14:03:20;59539.4
2026-05-15 14:03:36;59480.2
2026-05-15 14:03:51;59440.6
2026-05-15 14:04:07;59325.6
2026-05-15 14:04:23;59133.4
2026-05-15 14:04:38;58971.6
2026-05-15 14:04:54;58795.5
2026-05-15 14:05:10;58425.4
2026-05-15 14:05:25;57927.7
2026-05-15 14:05:40;57803.7
2026-05-15 14:05:56;57641.9
2026-05-15 14:06:12;57582.7
2026-05-15 14:06:27;57489.2
2026-05-15 14:06:43;57641.9
2026-05-15 14:06:58;57575.5
2026-05-15 14:07:14;57298.7
2026-05-15 14:07:29;57410.2
2026-05-15 14:07:45;57392.2
2026-05-15 14:08:01;57385.0
2026-05-15 14:08:16;57273.6
2026-05-15 14:08:32;57142.4
2026-05-15 14:08:47;57162.2
2026-05-15 14:09:03;57386.8
2026-05-15 14:09:19;57223.3
2026-05-15 14:09:34;57225.1
2026-05-15 14:09:50;57365.2
2026-05-15 14:10:05;57559.3
2026-05-15 14:10:21;57618.6
2026-05-15 14:10:36;57722.8
2026-05-15 14:10:52;57566.5
2026-05-15 14:11:07;57778.5
2026-05-15 14:11:23;58019.3
2026-05-15 14:11:39;58195.4
2026-05-15 14:11:54;58294.2
2026-05-15 14:12:10;58391.2
2026-05-15 14:12:25;58333.7
2026-05-15 14:12:41;58197.2
2026-05-15 14:12:56;58339.1
2026-05-15 14:13:12;58360.7
2026-05-15 14:13:28;58030.1
2026-05-15 14:13:43;57913.3
2026-05-15 14:13:59;57739.0
2026-05-15 14:14:14;57915.1
2026-05-15 14:14:30;57895.3
2026-05-15 14:14:46;57546.7
2026-05-15 14:15:01;57485.6
2026-05-15 14:15:17;57237.7
2026-05-15 14:15:32;57194.5
2026-05-15 14:15:48;57305.9
2026-05-15 14:16:04;57325.7
2026-05-15 14:16:19;57473.0
2026-05-15 14:16:35;57266.4
2026-05-15 14:16:50;57210.7
2026-05-15 14:17:06;57124.4
2026-05-15 14:17:21;57014.8
2026-05-15 14:17:37;57007.7
2026-05-15 14:17:53;56813.6
2026-05-15 14:18:08;56743.5
2026-05-15 14:18:24;56583.6
2026-05-15 14:18:39;56761.5
2026-05-15 14:18:55;56551.2
2026-05-15 14:19:10;56319.4
2026-05-15 14:19:26;56308.7
2026-05-15 14:19:41;55546.8
2026-05-15 14:19:57;55318.6
2026-05-15 14:20:12;54716.6
2026-05-15 14:20:28;54262.0
2026-05-15 14:20:44;53133.6
2026-05-15 14:20:59;52544.2
2026-05-15 14:21:15;52328.6
2026-05-15 14:21:30;51942.3
2026-05-15 14:21:46;52053.7
2026-05-15 14:22:02;51018.7
2026-05-15 14:22:17;50357.4
2026-05-15 14:22:33;51511.0
2026-05-15 14:22:48;51063.6
2026-05-15 14:23:04;45541.8
2026-05-15 14:23:19;50750.9
2026-05-15 14:23:35;44034.2
2026-05-15 14:23:51;34902.5
2026-05-15 14:24:06;14687.7
2026-05-15 14:24:22;13043.5
2026-05-15 14:24:37;12330.2
2026-05-15 14:24:53;11624.0
2026-05-15 14:25:09;11137.0
2026-05-15 14:25:24;10614.1
2026-05-15 14:25:40;10394.9
2026-05-15 14:25:55;10447.0
2026-05-15 14:26:11;11564.7
2026-05-15 14:26:26;22701.7
2026-05-15 14:26:42;13138.7
2026-05-15 14:26:57;10953.8
2026-05-15 14:27:12;9793.0
2026-05-15 14:27:28;9516.2
2026-05-15 14:27:42;9297.0
2026-05-15 14:27:58;9126.3
2026-05-15 14:28:13;8964.6
2026-05-15 14:28:28;8869.4
2026-05-15 14:28:43;8761.6
2026-05-15 14:28:59;8648.4
2026-05-15 14:29:14;8553.1
2026-05-15 14:29:30;8472.3
2026-05-15 14:29:45;8386.0
2026-05-15 14:30:00;8305.2
2026-05-15 14:30:15;8290.8
2026-05-15 14:30:31;8287.2
2026-05-15 14:30:46;8321.3
2026-05-15 14:31:01;8303.4
2026-05-15 14:31:16;8260.2
2026-05-15 14:31:32;8220.7
2026-05-15 14:31:47;8174.0
2026-05-15 14:32:02;8152.4
2026-05-15 14:32:17;8147.0
2026-05-15 14:32:33;8177.6
2026-05-15 14:32:48;8224.3
2026-05-15 14:33:04;8235.1
2026-05-15 14:33:19;8233.3
2026-05-15 14:33:34;8197.3
2026-05-15 14:33:49;8161.4
2026-05-15 14:34:05;8150.6
2026-05-15 14:34:20;8150.6
2026-05-15 14:34:35;8218.9
2026-05-15 14:34:50;8346.5
2026-05-15 14:35:06;8481.2
2026-05-15 14:35:21;8571.1
2026-05-15 14:35:37;8571.1
2026-05-15 14:35:52;9103.0
2026-05-15 14:36:08;9293.4
2026-05-15 14:36:22;9848.7
2026-05-15 14:36:38;14001.2
2026-05-15 14:36:53;15584.3
2026-05-15 14:37:08;12933.9
2026-05-15 14:37:24;10502.7
2026-05-15 14:37:39;10269.1
2026-05-15 14:37:54;10285.3
2026-05-15 14:38:10;10463.2
2026-05-15 14:38:25;10641.1
2026-05-15 14:38:40;10617.7
2026-05-15 14:38:55;10736.3
2026-05-15 14:39:11;10889.1
2026-05-15 14:39:26;10978.9
2026-05-15 14:39:42;11020.2
2026-05-15 14:39:57;11090.3
2026-05-15 14:40:12;11261.0
2026-05-15 14:40:27;11622.2
2026-05-15 14:40:43;12075.0
2026-05-15 14:40:58;12606.9
2026-05-15 14:41:14;16233.0
2026-05-15 14:41:29;25082.6
2026-05-15 14:41:44;23503.1
2026-05-15 14:41:59;25871.4
2026-05-15 14:42:15;36384.9
2026-05-15 14:42:30;46765.5
2026-05-15 14:42:45;48150.9
2026-05-15 14:43:01;48077.2
2026-05-15 14:43:16;47983.7
2026-05-15 14:43:31;47719.6
2026-05-15 14:43:47;47430.3
2026-05-15 14:44:02;47498.6
2026-05-15 14:44:19;47730.4
2026-05-15 14:44:32;47881.3
2026-05-15 14:45:02;47834.6
2026-05-15 14:45:37;47471.6
2026-05-15 14:46:12;47070.9
2026-05-15 14:46:13;46652.3
2026-05-15 14:46:22;46433.0
2026-05-15 14:46:37;46168.9
2026-05-15 14:46:53;45890.4
2026-05-15 14:47:08;45428.6
2026-05-15 14:47:24;45385.5
2026-05-15 14:47:39;45390.9
2026-05-15 14:47:54;45486.1
2026-05-15 14:48:09;45504.1
2026-05-15 14:48:25;45374.7
2026-05-15 14:48:40;34712.0
2026-05-15 14:48:55;39563.6
2026-05-15 14:49:10;30564.8
2026-05-15 14:49:26;20930.0
2026-05-15 14:49:41;37428.9
2026-05-15 14:49:56;32701.3
2026-05-15 14:50:11;36760.5
2026-05-15 14:50:27;41374.8
2026-05-15 14:50:42;41387.4
2026-05-15 14:50:58;36228.6
2026-05-15 14:51:13;9295.2
2026-05-15 14:51:28;8499.2
2026-05-15 14:51:43;9144.3
2026-05-15 14:51:59;9426.4
2026-05-15 14:52:14;9218.0
2026-05-15 14:52:29;9140.7
2026-05-15 14:52:44;9415.6
2026-05-15 14:53:00;9081.4
2026-05-15 14:53:15;8932.3
2026-05-15 14:53:30;8294.4
2026-05-15 14:53:45;7872.1
2026-05-15 14:54:01;7588.2
2026-05-15 14:54:16;7422.9
2026-05-15 14:54:32;7273.7
2026-05-15 14:54:47;7142.6
2026-05-15 14:55:02;7006.0
2026-05-15 14:55:17;6912.6
2026-05-15 14:55:33;6842.5
2026-05-15 14:55:48;6763.4
2026-05-15 14:56:05;6738.3
2026-05-15 14:56:18;6767.0
2026-05-15 14:56:49;7013.2
2026-05-15 14:57:05;7187.5
2026-05-15 14:57:20;7376.2
2026-05-15 14:57:35;7660.1
2026-05-15 14:57:50;8046.4
2026-05-15 14:58:06;8578.3
2026-05-15 14:58:21;11625.8
2026-05-15 14:58:36;9354.5
2026-05-15 14:58:51;11246.6
2026-05-15 14:59:07;10969.9
2026-05-15 14:59:22;10829.8
2026-05-15 14:59:38;27384.4
2026-05-15 14:59:53;31795.7
2026-05-15 15:00:08;9740.9
2026-05-15 15:00:23;12215.2
2026-05-15 15:00:39;9837.9
2026-05-15 15:00:54;8504.6
2026-05-15 15:01:10;7845.2
2026-05-15 15:01:25;7548.7
2026-05-15 15:01:40;7214.5
2026-05-15 15:01:55;6916.2
2026-05-15 15:02:11;6749.1
2026-05-15 15:02:26;6661.0
2026-05-15 15:02:42;6625.1
2026-05-15 15:02:57;6610.7
2026-05-15 15:03:12;6594.5
2026-05-15 15:03:27;6623.3
2026-05-15 15:03:43;6617.9
2026-05-15 15:04:00;6538.8
2026-05-15 15:04:13;6450.8
2026-05-15 15:04:29;6404.1
2026-05-15 15:04:44;6245.9
2026-05-15 15:04:59;6053.7
2026-05-15 15:05:15;5870.4
2026-05-15 15:05:30;5782.3
2026-05-15 15:05:45;5784.1
2026-05-15 15:06:01;5838.0
2026-05-15 15:06:16;5845.2
2026-05-15 15:06:31;5832.7
2026-05-15 15:06:47;5777.0
2026-05-15 15:07:02;5730.2
2026-05-15 15:07:17;5656.6
2026-05-15 15:07:32;5615.2
2026-05-15 15:07:48;5563.1
2026-05-15 15:08:03;5543.4
2026-05-15 15:08:19;5509.2
2026-05-15 15:08:34;5451.7
2026-05-15 15:08:49;5401.4
2026-05-15 15:09:04;5313.4
2026-05-15 15:09:19;5248.7
2026-05-15 15:09:34;5182.2
2026-05-15 15:09:49;5092.3
2026-05-15 15:10:04;4995.3
2026-05-15 15:10:19;4930.6
2026-05-15 15:10:34;4896.5
2026-05-15 15:10:49;4878.5
2026-05-15 15:11:04;4889.3
2026-05-15 15:11:21;4907.3
2026-05-15 15:11:34;4910.9
2026-05-15 15:11:49;4876.7
2026-05-15 15:12:04;4855.2
2026-05-15 15:12:25;4824.6
2026-05-15 15:12:34;4812.0
2026-05-15 15:12:49;4786.9
2026-05-15 15:13:04;4759.9
2026-05-15 15:13:19;4745.5
2026-05-15 15:13:34;4731.2
2026-05-15 15:13:49;4709.6
2026-05-15 15:14:04;4725.8
2026-05-15 15:14:19;4743.8
2026-05-15 15:14:34;4709.6
2026-05-15 15:14:49;4637.7
2026-05-15 15:15:04;4587.4
2026-05-15 15:15:19;4497.6
2026-05-15 15:15:34;4375.4
2026-05-15 15:15:49;4240.6
2026-05-15 15:16:04;4057.3
2026-05-15 15:16:19;3856.1
2026-05-15 15:16:34;3651.2
2026-05-15 15:16:49;3441.0
2026-05-15 15:17:04;3241.6
2026-05-15 15:17:19;3061.9
2026-05-15 15:17:34;2898.4
2026-05-15 15:17:49;2743.8
2026-05-15 15:18:04;2600.1
2026-05-15 15:18:19;2488.7
2026-05-15 15:18:34;2404.2
2026-05-15 15:18:49;2337.7
2026-05-15 15:19:04;2269.5
2026-05-15 15:19:19;2217.3
2026-05-15 15:19:34;2170.6
2026-05-15 15:19:49;2129.3
2026-05-15 15:20:04;2105.9
2026-05-15 15:20:19;2084.4
2026-05-15 15:20:34;2059.2
2026-05-15 15:20:49;2057.4
2026-05-15 15:21:04;2062.8
2026-05-15 15:21:19;2077.2
2026-05-15 15:21:34;2080.8
2026-05-15 15:21:49;2097.0
2026-05-15 15:22:04;2143.7
2026-05-15 15:22:19;2240.7
2026-05-15 15:22:48;2177.8
2026-05-15 15:22:49;2625.2
2026-05-15 15:23:04;2984.6
2026-05-15 15:23:19;3216.4
2026-05-15 15:23:34;3489.5
2026-05-15 15:23:49;3570.4
2026-05-15 15:24:04;3548.8
2026-05-15 15:24:19;3500.3
2026-05-15 15:24:34;3419.5
2026-05-15 15:24:49;3340.4
2026-05-15 15:25:04;3290.1
2026-05-15 15:25:19;3264.9
2026-05-15 15:25:34;3189.5
2026-05-15 15:25:49;3090.6
2026-05-15 15:26:04;2945.1
2026-05-15 15:26:19;2804.9
2026-05-15 15:26:35;2794.1
2026-05-15 15:26:51;2767.2
2026-05-15 15:27:05;2621.6
2026-05-15 15:27:20;2495.9
2026-05-15 15:27:35;2431.2
2026-05-15 15:27:50;2362.9
2026-05-15 15:28:05;2379.1
2026-05-15 15:28:20;2362.9
2026-05-15 15:28:35;2265.9
2026-05-15 15:28:50;2249.7
2026-05-15 15:29:05;2274.8
2026-05-15 15:29:20;2368.3
2026-05-15 15:29:35;2515.6
2026-05-15 15:29:50;2698.9
2026-05-15 15:30:05;3049.3
2026-05-15 15:30:20;3344.0
2026-05-15 15:30:35;3557.8
2026-05-15 15:30:50;3775.2
2026-05-15 15:31:05;3852.5
2026-05-15 15:31:20;3953.1
2026-05-15 15:31:50;4032.2
2026-05-15 15:32:30;3963.9
2026-05-15 15:32:30;3963.9
2026-05-15 15:32:36;3913.6
2026-05-15 15:33:21;3669.2
2026-05-18 09:08:59;1890.3
2026-05-18 09:09:16;6120.2
2026-05-18 09:09:29;8709.5
2026-05-18 09:09:44;8572.9
2026-05-18 09:09:59;8452.5
2026-05-18 09:10:14;8391.4
2026-05-18 09:10:29;8337.5
2026-05-18 09:10:44;8305.2
2026-05-18 09:10:59;8337.5
2026-05-18 09:11:14;8366.2
2026-05-18 09:11:29;8405.8
2026-05-18 09:11:44;8547.7
2026-05-18 09:12:00;8693.3
2026-05-18 09:12:15;8750.8
2026-05-18 09:12:30;8806.5
2026-05-18 09:12:45;8948.4
2026-05-18 09:13:00;9142.5
2026-05-18 09:13:15;9345.5
2026-05-18 09:13:30;9485.7
2026-05-18 09:13:45;9492.9
2026-05-18 09:14:00;9674.4
2026-05-18 09:14:15;9870.2
2026-05-18 09:14:30;10082.3
2026-05-18 09:14:45;10281.7
2026-05-18 09:15:01;10508.1
2026-05-18 09:15:15;10752.5
2026-05-18 09:15:30;10971.7
2026-05-18 09:15:45;11070.5
2026-05-18 09:16:00;10989.7
2026-05-18 09:16:15;10801.0
2026-05-18 09:16:30;10808.2
2026-05-18 09:16:45;10876.5
2026-05-18 09:17:01;10964.5
2026-05-18 09:17:16;10977.1
2026-05-18 09:17:31;10982.5
2026-05-18 09:17:46;11038.2
2026-05-18 09:18:01;11135.2
2026-05-18 09:18:16;11338.3
2026-05-18 09:18:31;11753.4
2026-05-18 09:18:46;12118.1
2026-05-18 09:19:01;12263.7
2026-05-18 09:19:16;12366.1
2026-05-18 09:19:31;12549.4
2026-05-18 09:19:47;12804.5
2026-05-18 09:20:01;12851.2
2026-05-18 09:20:17;12578.1
2026-05-18 09:20:31;12233.1
2026-05-18 09:20:46;12272.7
2026-05-18 09:21:01;12315.8
2026-05-18 09:21:16;12357.1
2026-05-18 09:21:31;12400.2
2026-05-18 09:21:47;12642.8
2026-05-18 09:22:01;12973.4
2026-05-18 09:22:17;13767.7
2026-05-18 09:22:32;14366.0
2026-05-18 09:22:47;14554.7
2026-05-18 09:23:02;14779.3
2026-05-18 09:23:17;15065.0
2026-05-18 09:23:32;15449.5
2026-05-18 09:23:47;16189.8
2026-05-18 09:24:02;16851.1
2026-05-18 09:24:17;17354.2
2026-05-18 09:24:32;17654.3
2026-05-18 09:24:48;18019.1
2026-05-18 09:25:02;18049.6
2026-05-18 09:25:17;17967.0
2026-05-18 09:25:32;18328.1
2026-05-18 09:25:47;18714.5
2026-05-18 09:26:02;18809.7
2026-05-18 09:26:17;19003.8
2026-05-18 09:26:32;19059.5
2026-05-18 09:27:03;16631.9
2026-05-18 09:27:18;16001.2
2026-05-18 09:27:33;16020.9
2026-05-18 09:27:48;16215.0
2026-05-18 09:28:03;16403.7
2026-05-18 09:28:18;16135.9
2026-05-18 09:28:33;15605.9
2026-05-18 09:28:48;14747.0
2026-05-18 09:29:03;13916.8
2026-05-18 09:29:18;13158.5
2026-05-18 09:29:33;12488.3
2026-05-18 09:29:48;11812.7
2026-05-18 09:30:03;11208.9
2026-05-18 09:30:18;10871.1
2026-05-18 09:30:33;10648.3
2026-05-18 09:30:48;10657.3
2026-05-18 09:31:03;15018.3
2026-05-18 09:31:18;10434.5
2026-05-18 09:31:33;10179.3
2026-05-18 09:31:48;9940.3
2026-05-18 09:32:03;9791.2
2026-05-18 09:32:18;9643.8
2026-05-18 09:32:33;9509.1
2026-05-18 09:32:48;9532.4
2026-05-18 09:33:03;9728.3
2026-05-18 09:33:18;10044.5
2026-05-18 09:33:33;10407.5
2026-05-18 09:33:48;10763.3
2026-05-18 09:34:03;11119.1
2026-05-18 09:34:18;11458.7
2026-05-18 09:34:33;11681.5
2026-05-18 09:34:48;11816.2
2026-05-18 09:35:03;11938.4
2026-05-18 09:35:18;12001.3
2026-05-18 09:35:34;12084.0
2026-05-18 09:35:50;12204.4
2026-05-18 09:36:04;12296.0
2026-05-18 09:36:19;12380.5
2026-05-18 09:36:34;12475.7
2026-05-18 09:36:49;12606.9
2026-05-18 09:37:04;12725.5
2026-05-18 09:37:19;12856.6
2026-05-18 09:37:34;13009.4
2026-05-18 09:37:49;13208.8
2026-05-18 09:38:04;13302.3
2026-05-18 09:38:19;13323.8
2026-05-18 09:38:34;13392.1
2026-05-18 09:38:49;13489.1
2026-05-18 09:39:04;13530.5
2026-05-18 09:39:19;13589.8
2026-05-18 09:39:34;13735.3
2026-05-18 09:39:49;14013.8
2026-05-18 09:40:04;14362.4
2026-05-18 09:40:19;14766.7
2026-05-18 09:40:34;15313.0
2026-05-18 09:40:49;16723.5
2026-05-18 09:41:04;18096.3
2026-05-18 09:41:19;19704.5
2026-05-18 09:41:34;22734.1
2026-05-18 09:41:49;50869.5
2026-05-18 09:42:04;86496.2
2026-05-18 09:42:19;93153.6
2026-05-18 09:42:34;96069.9
2026-05-18 09:42:49;97978.2
2026-05-18 09:43:04;89304.7
2026-05-18 09:43:19;96718.6
2026-05-18 09:43:34;89470.0
2026-05-18 09:43:49;94966.6
2026-05-18 09:44:04;53121.0
2026-05-18 09:44:19;19361.3
2026-05-18 09:44:34;17738.7
2026-05-18 09:44:49;18105.3
2026-05-18 09:45:04;17559.1
2026-05-18 09:45:19;17285.9
2026-05-18 09:45:34;17160.2
2026-05-18 09:45:50;16975.1
2026-05-18 09:46:04;16703.7
2026-05-18 09:46:19;16272.5
2026-05-18 09:46:34;15808.9
2026-05-18 09:46:49;15562.7
2026-05-18 09:47:04;15557.3
2026-05-18 09:47:19;15555.5
2026-05-18 09:47:34;15559.1
2026-05-18 09:47:49;15582.5
2026-05-18 09:48:04;15710.1
2026-05-18 09:48:20;15884.4
2026-05-18 09:48:34;16213.2
2026-05-18 09:48:49;16684.0
2026-05-18 09:49:05;17228.4
2026-05-18 09:49:19;17929.2
2026-05-18 09:49:34;18903.1
2026-05-18 09:49:50;20626.3
2026-05-18 09:50:04;21566.1
2026-05-18 09:50:19;46098.8
2026-05-18 09:50:35;64504.2
2026-05-18 09:50:49;49514.7
2026-05-18 09:51:04;20946.2
2026-05-18 09:51:20;18879.8
2026-05-18 09:51:34;16015.5
2026-05-18 09:51:50;15325.5
2026-05-18 09:52:05;16527.7
2026-05-18 09:52:20;16967.9
2026-05-18 09:52:35;17548.3
2026-05-18 09:52:50;18279.6
2026-05-18 09:53:05;19591.3
2026-05-18 09:53:20;19246.3
2026-05-18 09:53:35;18612.0
2026-05-18 09:53:50;17724.4
2026-05-18 09:54:05;16779.2
2026-05-18 09:54:20;16240.2
2026-05-18 09:54:35;15613.0
2026-05-18 09:54:50;15357.9
2026-05-18 09:55:05;15153.0
2026-05-18 09:55:20;15043.4
2026-05-18 09:55:35;14985.9
2026-05-18 09:55:50;14887.1
2026-05-18 09:56:05;14786.5
2026-05-18 09:56:20;14632.0
2026-05-18 09:56:35;14463.0
2026-05-18 09:56:50;14335.5
2026-05-18 09:57:05;14200.7
2026-05-18 09:57:20;14154.0
2026-05-18 09:57:35;13997.7
2026-05-18 09:57:50;13954.5
2026-05-18 09:58:05;13922.2
2026-05-18 09:58:20;13904.2
2026-05-18 09:58:35;13954.5
2026-05-18 09:58:50;14017.4
2026-05-18 09:59:05;14137.8
2026-05-18 09:59:20;14308.5
2026-05-18 09:59:35;14533.1
2026-05-18 09:59:50;14773.9
2026-05-18 10:00:05;15043.4
2026-05-18 10:00:20;15329.1
2026-05-18 10:00:35;15605.9
2026-05-18 10:00:50;15923.9
2026-05-18 10:01:05;16285.1
2026-05-18 10:01:20;16710.9
2026-05-18 10:01:35;17212.3
2026-05-18 10:01:50;17868.1
2026-05-18 10:02:05;18887.0
2026-05-18 10:02:20;20301.1
2026-05-18 10:02:35;22311.8
2026-05-18 10:02:50;24933.4
2026-05-18 10:03:05;24568.7
2026-05-18 10:03:20;24112.3
2026-05-18 10:03:35;22788.0
2026-05-18 10:03:50;21905.7
2026-05-18 10:04:05;21523.0
2026-05-18 10:04:20;21264.2
2026-05-18 10:04:35;21343.3
2026-05-18 10:04:50;21027.0
2026-05-18 10:05:05;20540.1
2026-05-18 10:05:20;20119.6
2026-05-18 10:05:35;19700.9
2026-05-18 10:05:50;19341.6
2026-05-18 10:06:05;19169.1
2026-05-18 10:06:20;18599.5
2026-05-18 10:06:35;18303.0
2026-05-18 10:06:50;18002.9
2026-05-18 10:07:05;17862.7
2026-05-18 10:07:20;17772.9
2026-05-18 10:07:35;17785.5
2026-05-18 10:07:50;17850.2
2026-05-18 10:08:05;18186.2
2026-05-18 10:08:20;18698.3
2026-05-18 10:08:35;19508.7
2026-05-18 10:08:50;20757.5
2026-05-18 10:09:05;22455.5
2026-05-18 10:09:20;24654.9
2026-05-18 10:09:35;26953.1
2026-05-18 10:09:50;29411.2
2026-05-18 10:10:06;34724.6
2026-05-18 10:10:20;54998.7
2026-05-18 10:10:35;98578.4
2026-05-18 10:10:50;99651.1
2026-05-18 10:11:05;102308.7
2026-05-18 10:11:20;103916.9
2026-05-18 10:11:35;101947.5
2026-05-18 10:11:50;103733.6
2026-05-18 10:12:05;103618.6
2026-05-18 10:12:21;103958.2
2026-05-18 10:12:36;104867.4
2026-05-18 10:12:51;104635.6
2026-05-18 10:13:06;105016.6
2026-05-18 10:13:22;105539.4
2026-05-18 10:13:37;103911.5
2026-05-18 10:13:53;105688.6
2026-05-18 10:14:08;106236.6
2026-05-18 10:14:23;104538.6
2026-05-18 10:14:38;93899.3
2026-05-18 10:14:54;38790.9
2026-05-18 10:15:09;24360.2
2026-05-18 10:15:25;24051.2
2026-05-18 10:15:40;23170.7
2026-05-18 10:15:55;22926.3
2026-05-18 10:16:10;22331.6
2026-05-18 10:16:26;22619.1
2026-05-18 10:16:41;28521.8
2026-05-18 10:16:56;38411.8
2026-05-18 10:17:11;59906.0
2026-05-18 10:17:27;82559.2
2026-05-18 10:17:42;88174.5
2026-05-18 10:17:58;93031.4
2026-05-18 10:18:13;98959.3
2026-05-18 10:18:28;99708.6
2026-05-18 10:18:57;100644.8
2026-05-18 10:18:59;91281.3
2026-05-18 12:28:48;9512.7
2026-05-18 12:29:03;8307.0
2026-05-18 12:29:18;12110.9
2026-05-18 12:29:50;12732.7
2026-05-18 12:30:27;12342.7
2026-05-18 12:30:38;13196.2
2026-05-18 12:30:53;13514.3
2026-05-18 12:31:08;13735.3
2026-05-18 12:31:23;13950.9
2026-05-18 12:31:40;14123.4
2026-05-18 12:31:53;14245.6
2026-05-18 12:32:08;14407.3
2026-05-18 12:32:23;14639.1
2026-05-18 12:32:38;14847.6
2026-05-18 12:32:53;14876.3
2026-05-18 12:33:08;14781.1
2026-05-18 12:33:23;14472.0
2026-05-18 12:33:38;14184.5
2026-05-18 12:33:53;13668.8
2026-05-18 12:34:08;13537.7
2026-05-18 12:34:26;13309.5
2026-05-18 12:34:40;13194.5
2026-05-18 12:34:53;13095.6
2026-05-18 12:35:08;13038.1
2026-05-18 12:35:24;13088.4
2026-05-18 12:35:39;13212.4
2026-05-18 12:35:56;13273.5
2026-05-18 12:36:09;13309.5
2026-05-18 12:36:24;13496.3
2026-05-18 12:36:39;13670.6
2026-05-18 12:36:54;13841.3
2026-05-18 12:37:22;13859.3
2026-05-18 12:37:30;14015.6
2026-05-18 12:37:39;14211.5
2026-05-18 12:37:54;14410.9
2026-05-18 12:38:09;14534.9
2026-05-18 12:38:30;14684.1
2026-05-18 12:38:45;14799.1
2026-05-18 12:38:54;14921.2
2026-05-18 12:39:09;14960.8
2026-05-18 12:39:26;14926.6
2026-05-18 12:39:39;14870.9
2026-05-18 12:39:54;14862.0
2026-05-18 12:40:38;14752.3
2026-05-18 12:40:43;14790.1
2026-05-18 12:40:55;14705.6
2026-05-18 12:41:10;14464.8
2026-05-18 12:41:24;14254.6
2026-05-18 12:41:40;14053.4
2026-05-18 12:41:55;13774.8
2026-05-18 12:42:10;13555.6
2026-05-18 12:42:25;13440.6
2026-05-18 12:42:40;13235.8
2026-05-18 12:42:55;13039.9
2026-05-18 12:44:44;11927.7
2026-05-18 12:45:14;11480.2
2026-05-18 12:45:29;11349.1
2026-05-18 12:45:44;11289.8
2026-05-18 12:45:59;11307.7
2026-05-18 12:46:18;11406.6
2026-05-18 12:46:29;11564.7
2026-05-18 12:46:44;11859.4
2026-05-18 12:47:08;12089.4
2026-05-18 12:47:14;12337.3
2026-05-18 12:47:29;12499.1
2026-05-18 12:47:45;12662.6
2026-05-18 12:47:59;12851.2
2026-05-18 12:48:14;13050.7
2026-05-18 12:48:29;13318.4
2026-05-18 12:48:45;13773.0
2026-05-18 12:49:00;14369.6
2026-05-18 12:49:15;15029.1
2026-05-18 12:49:30;15675.9
2026-05-18 12:49:45;16166.5
2026-05-18 12:50:00;16671.4
2026-05-18 12:50:15;17320.1
2026-05-18 12:50:30;17860.9
2026-05-18 12:50:45;18195.2
2026-05-18 12:51:00;18373.0
2026-05-18 12:51:15;18669.5
2026-05-18 12:51:30;18800.7
2026-05-18 12:51:46;18806.1
2026-05-18 12:52:00;18615.6
2026-05-18 12:52:15;18533.0
2026-05-18 12:52:30;18437.7
2026-05-18 12:52:45;18110.7
2026-05-18 12:53:00;18015.5
2026-05-18 12:53:15;18197.0
2026-05-18 12:53:30;18367.7
2026-05-18 12:53:45;18227.5
2026-05-18 12:54:00;18051.4
2026-05-18 12:54:15;17586.0
2026-05-18 12:54:30;17129.6
2026-05-18 12:54:45;16790.0
2026-05-18 12:55:00;16488.1
2026-05-18 12:55:15;16330.0
2026-05-18 12:55:30;16141.3
2026-05-18 12:55:45;15798.1
2026-05-18 12:56:00;15356.1
2026-05-18 12:56:15;15039.8
2026-05-18 12:56:30;14960.8
2026-05-18 12:56:45;15023.7
2026-05-18 12:57:00;15102.7
2026-05-18 12:57:15;15106.3
2026-05-18 12:57:30;15002.1
2026-05-18 12:57:45;15113.5
2026-05-18 12:58:00;15390.2
2026-05-18 12:58:17;15713.7
2026-05-18 12:58:44;16044.3
2026-05-18 12:58:45;16529.5
2026-05-18 12:59:01;17233.8
2026-05-18 12:59:16;18134.1
2026-05-18 12:59:30;18935.5
2026-05-18 12:59:46;20062.1
2026-05-18 13:00:01;21648.8
2026-05-18 13:00:18;24998.1
2026-05-18 13:00:30;42045.1
2026-05-18 13:00:45;24277.6
2026-05-18 13:01:00;23612.7
2026-05-18 13:01:15;23517.5
2026-05-18 13:01:30;23310.9
2026-05-18 13:01:45;23154.5
2026-05-18 13:02:01;23379.1
2026-05-18 13:02:15;24475.2
2026-05-18 13:02:30;31030.2
2026-05-18 13:02:46;39200.6
2026-05-18 13:03:04;54623.2
2026-05-18 13:03:15;35078.6
2026-05-18 13:03:30;37191.7
2026-05-18 13:03:45;69609.1
2026-05-18 13:04:00;49786.0
2026-05-18 13:04:16;77511.8
2026-05-18 13:04:31;95157.1
2026-05-18 13:04:46;92118.6
2026-05-18 13:05:01;88278.7
2026-05-18 13:05:18;83951.8
2026-05-18 13:05:32;93498.6
2026-05-18 13:05:50;86221.3
2026-05-18 13:06:02;93613.6
2026-05-18 13:06:18;89664.1
2026-05-18 13:06:33;95446.4
2026-05-18 13:06:49;95854.3
2026-05-18 13:07:05;54556.7
2026-05-18 13:07:19;70336.9
2026-05-18 13:07:34;59789.2
2026-05-18 13:07:57;58619.4
2026-05-18 13:08:12;67269.6
2026-05-18 13:08:28;48966.6
2026-05-18 13:08:39;23476.2
2026-05-18 13:08:54;21100.7
2026-05-18 13:09:09;20417.9
2026-05-18 13:09:24;19936.3
2026-05-18 13:09:40;19161.9
2026-05-18 13:09:55;18608.4
2026-05-18 13:10:10;18317.3
2026-05-18 13:10:26;18299.4
2026-05-18 13:10:41;18385.6
2026-05-18 13:10:56;18427.0
2026-05-18 13:11:14;18515.0
2026-05-18 13:11:27;18673.1
2026-05-18 13:11:42;18845.6
2026-05-18 13:11:57;19199.6
2026-05-18 13:12:13;19873.4
2026-05-18 13:12:28;20735.9
2026-05-18 13:12:43;21880.5
2026-05-18 13:12:59;22922.7
2026-05-18 13:13:14;23515.7
2026-05-18 13:13:29;23952.3
2026-05-18 13:13:45;23968.5
2026-05-18 13:14:00;23844.5
2026-05-18 13:14:18;23540.9
2026-05-18 13:14:32;24123.0
2026-05-18 13:14:46;25212.0
2026-05-18 13:15:01;27544.3
2026-05-18 13:15:16;31296.2
2026-05-18 13:15:31;25902.0
2026-05-18 13:15:47;26243.4
2026-05-18 13:16:03;26635.1
2026-05-18 13:16:18;27116.6
2026-05-18 13:16:33;28196.6
2026-05-18 13:16:48;27305.3
2026-05-18 13:17:03;29276.5
2026-05-18 13:17:19;37745.2
2026-05-18 13:17:34;28627.8
2026-05-18 13:17:49;38133.3
2026-05-18 13:18:05;47297.3
2026-05-18 13:18:20;82341.8
2026-05-18 13:18:35;76911.6
2026-05-18 13:18:51;73296.3
2026-05-18 13:19:06;89473.6
2026-05-18 13:19:21;65323.6
2026-05-18 13:19:36;37362.4
2026-05-18 13:19:52;30647.5
2026-05-18 13:20:07;30358.2
2026-05-18 13:20:22;32428.2
2026-05-18 13:20:38;60004.8
2026-05-18 13:20:53;70491.4
2026-05-18 13:21:08;78293.4
2026-05-18 13:21:24;58355.3
2026-05-18 13:21:39;67379.2
2026-05-18 13:21:54;70216.5
2026-05-18 13:22:09;67505.0
2026-05-18 13:22:25;79294.3
2026-05-18 13:22:41;73258.6
2026-05-18 13:23:07;76363.6
2026-05-18 13:23:11;73594.6
2026-05-18 13:23:32;80633.0
2026-05-18 13:23:41;81193.6
2026-05-18 13:23:57;80451.5
2026-05-18 13:24:12;77168.6
2026-05-18 13:24:30;74218.1
2026-05-18 13:24:42;76557.7
2026-05-18 13:24:58;76918.8
2026-05-18 13:25:14;76683.4
2026-05-18 13:25:30;78383.3
2026-05-18 13:25:43;78318.6
2026-05-18 13:26:06;48822.9
2026-05-18 13:26:15;29718.5
2026-05-18 13:26:29;39928.4
2026-05-18 13:26:44;61021.9
2026-05-18 13:27:00;74688.9
2026-05-18 13:27:15;80633.0
2026-05-18 13:27:46;81114.5
2026-05-18 13:28:04;81538.6
2026-05-18 13:28:16;82226.8
2026-05-18 13:28:34;82866.5
2026-05-18 13:28:47;83712.8
2026-05-18 13:29:09;66358.6
2026-05-18 13:29:17;19086.4
2026-05-18 13:29:32;17524.9
2026-05-18 13:29:48;17480.0
2026-05-18 13:30:05;17661.5
2026-05-18 13:30:18;18488.0
2026-05-18 13:30:35;22723.3
2026-05-18 13:30:49;31984.4
2026-05-18 13:31:04;65668.6
2026-05-18 13:31:24;25273.0
2026-05-18 13:31:44;36099.2
2026-05-18 13:31:55;42914.8
2026-05-18 13:32:11;21059.4
2026-05-18 13:32:31;20071.1
2026-05-18 13:32:41;19801.6
2026-05-18 13:32:57;19537.4
2026-05-18 13:33:12;19402.7
2026-05-18 13:33:28;19282.3
2026-05-18 13:33:42;19228.4
2026-05-18 13:33:58;19072.0
2026-05-18 13:34:13;18888.7
2026-05-18 13:34:29;18809.7
2026-05-18 13:34:44;18653.4
2026-05-18 13:34:59;18378.4
2026-05-18 13:35:14;18193.4
2026-05-18 13:35:30;18035.2
2026-05-18 13:36:00;17936.4
2026-05-18 13:36:16;16698.4
2026-05-18 13:36:31;16029.9
2026-05-18 13:36:46;15564.5
2026-05-18 13:37:01;17474.6
2026-05-18 13:37:16;27109.5
2026-05-18 13:37:35;25778.0
2026-05-18 13:37:47;27352.0
2026-05-18 13:38:05;24874.1
2026-05-18 13:38:18;12806.3
2026-05-18 13:38:33;11690.5
2026-05-18 13:39:06;11356.2
2026-05-18 13:39:22;10673.4
2026-05-18 13:39:34;10355.4
2026-05-18 13:39:50;9996.0
2026-05-18 13:40:05;9749.8
2026-05-18 13:40:51;9810.9
2026-05-18 13:41:07;9961.9
2026-05-18 13:41:25;10188.3
2026-05-18 13:41:37;10556.6
2026-05-18 13:41:52;10978.9
2026-05-18 13:42:10;11512.6
2026-05-18 13:42:23;12234.9
2026-05-18 13:42:38;13383.1
2026-05-18 13:42:53;15393.8
2026-05-18 13:43:09;18696.5
2026-05-18 13:43:24;26270.3
2026-05-18 13:43:40;41809.7
2026-05-18 13:43:55;54276.4
2026-05-18 13:44:10;57043.6
2026-05-18 13:44:25;67425.9
2026-05-18 13:44:41;75630.5
2026-05-18 13:44:56;74992.6
2026-05-18 13:45:12;74861.4
2026-05-18 13:45:27;74829.1
2026-05-18 13:45:42;74944.1
2026-05-18 13:46:00;75199.2
2026-05-18 13:46:13;73903.7
2026-05-18 13:46:28;74095.9
2026-05-18 13:46:43;74122.9
2026-05-18 13:46:58;72924.4
2026-05-18 13:47:14;72052.9
2026-05-18 13:47:31;72721.3
2026-05-18 13:47:45;73520.9
2026-05-18 13:48:00;73664.7
2026-05-18 13:48:15;74207.3
2026-05-18 13:48:32;74608.0
2026-05-18 13:48:46;71504.8
2026-05-18 13:49:01;66818.6
2026-05-18 13:49:16;58003.1
2026-05-18 13:49:32;61528.6
2026-05-18 13:49:47;50147.2
2026-05-18 13:50:04;23923.6
2026-05-18 13:50:17;23675.6
2026-05-18 13:50:32;23648.7
2026-05-18 13:50:48;23267.7
2026-05-18 13:51:03;22622.7
2026-05-18 13:51:20;22036.9
2026-05-18 13:51:34;21753.0
2026-05-18 13:51:57;21576.9
2026-05-18 13:52:04;21400.8
2026-05-18 13:52:20;21226.5
2026-05-18 13:52:38;21077.3
2026-05-18 13:52:50;20833.0
2026-05-18 13:53:05;20721.6
2026-05-18 13:53:24;11023.8
2026-05-18 13:53:52;25481.5
2026-05-18 13:54:07;31353.7
2026-05-18 13:54:12;31741.8
2026-05-18 13:54:28;26759.1
2026-05-18 13:54:43;24353.0
2026-05-18 13:54:59;39073.0
2026-05-18 13:55:14;64220.3
2026-05-18 13:55:29;71743.8
2026-05-18 13:55:44;80916.9
2026-05-18 13:56:00;81736.3
2026-05-18 13:56:15;80124.5
2026-05-18 13:56:30;81998.6
2026-05-18 13:56:45;80918.7
2026-05-18 13:57:01;80018.4
2026-05-18 13:57:16;76861.3
2026-05-18 13:57:32;68462.7
2026-05-18 13:57:47;56587.2
2026-05-18 13:58:02;61117.1
2026-05-18 13:58:18;77556.7
2026-05-18 13:58:33;81152.3
2026-05-18 13:58:48;79813.6
2026-05-18 13:59:03;79928.6
2026-05-18 13:59:19;79660.9
2026-05-18 13:59:34;79303.3
2026-05-18 13:59:49;79468.6
2026-05-18 14:00:04;55318.6
2026-05-18 14:00:20;56605.2
2026-05-18 14:00:35;75213.6
2026-05-18 14:00:50;76354.6
2026-05-18 14:01:05;75998.8
2026-05-18 14:01:21;76108.4
2026-05-18 14:01:36;75867.7
2026-05-18 14:01:52;75668.2
2026-05-18 14:02:07;75044.7
2026-05-18 14:02:22;73650.3
2026-05-18 14:02:37;72250.5
2026-05-18 14:02:53;72284.7
2026-05-18 14:03:08;67848.2
2026-05-18 14:03:23;57252.0
2026-05-18 14:03:39;49683.6
2026-05-18 14:03:54;58578.1
2026-05-18 14:04:09;70556.1
2026-05-18 14:04:24;72608.1
2026-05-18 14:04:39;72568.6
2026-05-18 14:04:55;72153.5
2026-05-18 14:05:10;72568.6
2026-05-18 14:05:25;73109.5
2026-05-18 14:05:40;73693.4
2026-05-18 14:05:56;74322.3
2026-05-18 14:06:11;74685.3
2026-05-18 14:06:26;74992.6
2026-05-18 14:06:41;74613.4
2026-05-18 14:06:57;74710.5
2026-05-18 14:07:12;74561.3
2026-05-18 14:07:27;74207.3
2026-05-18 14:07:43;74291.8
2026-05-18 14:07:58;74237.9
2026-05-18 14:08:13;74153.4
2026-05-18 14:08:28;73583.8
2026-05-18 14:08:43;72787.8
2026-05-18 14:08:59;71716.9
2026-05-18 14:09:14;71226.3
2026-05-18 14:09:29;71061.0
2026-05-18 14:09:44;70881.3
2026-05-18 14:10:00;71154.5
2026-05-18 14:10:16;71199.4
2026-05-18 14:10:31;70951.4
2026-05-18 14:10:47;70265.0
2026-05-18 14:11:02;68761.0
2026-05-18 14:11:18;67578.7
2026-05-18 14:11:33;67091.7
2026-05-18 14:11:49;66818.6
2026-05-18 14:12:04;66683.8
2026-05-18 14:12:20;66128.6
2026-05-18 14:12:36;66085.5
2026-05-18 14:12:51;65641.6
2026-05-18 14:13:07;65390.1
2026-05-18 14:13:23;64739.6
2026-05-18 14:13:38;64825.9
2026-05-18 14:13:54;65131.3
2026-05-18 14:14:10;65483.5
2026-05-18 14:14:25;65762.0
2026-05-18 14:14:41;66204.1
2026-05-18 14:14:56;66552.7
2026-05-18 14:15:12;66933.6
2026-05-18 14:15:27;67204.9
2026-05-18 14:15:43;67138.4
2026-05-18 14:15:58;66933.6
2026-05-18 14:16:14;66797.0
2026-05-18 14:16:29;66588.6
2026-05-18 14:16:44;66479.0
2026-05-18 14:17:00;66117.8
2026-05-18 14:17:15;65968.7
2026-05-18 14:17:33;45599.3
2026-05-18 14:17:47;56125.4
2026-05-18 14:18:02;68593.9
2026-05-18 14:18:18;68773.6
2026-05-18 14:18:33;69037.7
2026-05-18 14:18:49;74868.6
2026-05-18 14:19:04;75456.2
2026-05-18 14:19:20;75328.6
2026-05-18 14:19:35;75190.2
2026-05-18 14:19:51;75098.6
2026-05-18 14:20:07;74701.5
2026-05-18 14:20:22;74717.7
2026-05-18 14:20:38;74582.9
2026-05-18 14:20:54;74496.6
2026-05-18 14:21:09;74476.9
2026-05-18 14:21:25;74766.2
2026-05-18 14:21:41;74733.8
2026-05-18 14:21:56;74696.1
2026-05-18 14:22:12;74178.6
2026-05-18 14:22:27;73833.6
2026-05-18 14:22:43;73499.4
2026-05-18 14:22:58;73316.1
2026-05-18 14:23:14;73368.2
2026-05-18 14:23:29;73258.6
2026-05-18 14:23:45;73709.6
2026-05-18 14:24:00;73560.5
2026-05-18 14:24:15;73819.2
2026-05-18 14:24:31;73885.7
2026-05-18 14:24:46;73894.7
2026-05-18 14:25:02;73745.5
2026-05-18 14:25:17;73479.6
2026-05-18 14:25:33;73540.7
2026-05-18 14:25:49;73458.0
2026-05-18 14:26:03;73308.9
2026-05-18 14:26:19;73122.0
2026-05-18 14:26:34;73025.0
2026-05-18 14:26:50;73258.6
2026-05-18 14:27:05;73143.6
2026-05-18 14:27:20;73258.6
2026-05-18 14:27:35;73352.0
2026-05-18 14:27:51;73240.6
2026-05-18 14:28:06;73772.5
2026-05-18 14:28:21;74300.8
2026-05-18 14:28:36;74387.0
2026-05-18 14:28:52;74638.6
2026-05-18 14:29:07;74635.0
2026-05-18 14:29:22;75098.6
2026-05-18 14:29:37;75030.3
2026-05-18 14:29:53;74983.6
2026-05-18 14:30:08;75055.5
2026-05-18 14:30:24;74681.7
2026-05-18 14:30:39;74367.3
2026-05-18 14:30:55;74392.4
2026-05-18 14:31:52;73912.7
2026-05-18 14:32:20;73373.6
2026-05-18 14:32:23;72870.5
2026-05-18 14:32:38;72662.0
2026-05-18 14:32:54;72453.6
2026-05-18 14:33:09;72369.1
2026-05-18 14:33:25;71725.9
2026-05-18 14:33:39;71052.0
2026-05-18 14:33:55;71490.5
2026-05-18 14:34:10;71479.7
2026-05-18 14:34:26;71298.2
2026-05-18 14:34:41;71569.5
2026-05-18 14:34:57;70884.9
2026-05-18 14:35:12;70142.8
2026-05-18 14:35:27;70313.5
2026-05-18 14:35:43;70245.2
2026-05-18 14:35:58;70110.5
2026-05-18 14:36:14;70191.3
2026-05-18 14:36:30;70067.3
2026-05-18 14:36:45;69409.7
2026-05-18 14:37:01;68929.9
2026-05-18 14:37:16;68832.9
2026-05-18 14:37:32;68863.4
2026-05-18 14:37:48;68946.1
2026-05-18 14:38:03;69050.3
2026-05-18 14:38:19;68784.4
2026-05-18 14:38:35;69048.5
2026-05-18 14:38:50;68689.1
2026-05-18 14:39:06;68428.6
2026-05-18 14:39:21;67853.6
2026-05-18 14:39:37;67594.8
2026-05-18 14:39:52;67738.6
2026-05-18 14:40:08;67535.5
2026-05-18 14:40:23;67650.5
2026-05-18 14:40:39;68029.7
2026-05-18 14:40:55;67230.1
2026-05-18 14:41:11;68018.9
2026-05-18 14:41:26;67036.0
2026-05-18 14:41:42;66703.6
2026-05-18 14:41:58;66620.9
2026-05-18 14:42:13;66547.3
2026-05-18 14:42:28;66509.5
2026-05-18 14:42:44;66112.4
2026-05-18 14:43:01;65855.5
2026-05-18 14:43:15;65420.6
2026-05-18 14:43:31;65079.2
2026-05-18 14:43:46;65170.9
2026-05-18 14:44:02;64978.6
2026-05-18 14:44:17;64236.5
2026-05-18 14:44:34;63400.9
2026-05-18 14:44:49;62173.7
2026-05-18 14:45:04;61844.8
2026-05-18 14:45:19;60321.1
2026-05-18 14:45:35;58078.6
2026-05-18 14:45:51;59282.5
2026-05-18 14:46:06;31952.0
2026-05-18 14:46:22;13137.0
2026-05-18 14:46:37;12867.4
2026-05-18 14:46:52;12678.7
2026-05-18 14:47:08;12544.0
2026-05-18 14:47:22;12075.0
2026-05-18 14:47:38;11800.1
2026-05-18 14:47:53;11151.4
2026-05-18 14:48:09;10477.6
2026-05-18 14:48:24;10217.0
2026-05-18 14:48:39;10093.0
2026-05-18 14:48:54;10085.9
2026-05-18 14:49:09;10500.9
2026-05-18 14:49:24;11027.4
2026-05-18 14:49:40;11509.0
2026-05-18 14:49:55;10892.7
2026-05-18 14:50:11;11663.5
2026-05-18 14:50:26;10463.2
2026-05-18 14:50:41;10159.5
2026-05-18 14:50:56;10062.5
2026-05-18 14:51:12;10044.5
2026-05-18 14:51:27;9899.0
2026-05-18 14:51:42;9828.9
2026-05-18 14:51:57;9875.6
2026-05-18 14:52:13;10014.0
2026-05-18 14:52:28;10202.7
2026-05-18 14:52:44;10314.1
2026-05-18 14:52:59;10310.5
2026-05-18 14:53:14;10256.6
2026-05-18 14:53:29;10138.0
2026-05-18 14:53:45;9972.7
2026-05-18 14:54:00;9784.0
2026-05-18 14:54:15;9492.9
2026-05-18 14:54:30;9103.0
2026-05-18 14:54:46;8747.2
2026-05-18 14:55:01;8391.4
2026-05-18 14:55:17;8006.9
2026-05-18 14:55:32;7771.5
2026-05-18 14:55:47;7573.8
2026-05-18 14:56:02;7421.1
2026-05-18 14:56:18;7245.0
2026-05-18 14:56:33;7160.5
2026-05-18 14:56:49;7092.3
2026-05-18 14:57:04;7025.8
2026-05-18 14:57:19;6932.3
2026-05-18 14:57:34;6770.6
2026-05-18 14:57:50;6632.3
2026-05-18 14:58:05;6553.2
2026-05-18 14:58:20;6467.0
2026-05-18 14:58:35;6425.6
2026-05-18 14:58:51;6386.1
2026-05-18 14:59:06;6343.0
2026-05-18 14:59:21;6319.6
2026-05-18 14:59:36;6316.0
2026-05-18 14:59:51;6312.4
2026-05-18 15:00:06;6245.9
2026-05-18 15:00:21;6181.2
2026-05-18 15:00:36;6199.2
2026-05-18 15:00:51;6174.1
2026-05-18 15:01:06;6069.8
2026-05-18 15:01:21;5865.0
2026-05-18 15:01:36;5706.9
2026-05-18 15:01:51;5586.5
2026-05-18 15:02:06;5539.8
2026-05-18 15:02:21;5566.7
2026-05-18 15:02:36;5555.9
2026-05-18 15:02:51;5615.2
2026-05-18 15:03:07;5744.6
2026-05-18 15:03:21;5857.8
2026-05-18 15:03:36;5908.1
2026-05-18 15:03:51;5843.4
2026-05-18 15:04:06;5672.7
2026-05-18 15:04:21;5496.6
2026-05-18 15:04:36;5392.4
2026-05-18 15:04:51;5325.9
2026-05-18 15:05:06;5378.0
2026-05-18 15:05:21;5440.9
2026-05-18 15:05:36;5491.2
2026-05-18 15:05:51;5503.8
2026-05-18 15:06:06;5448.1
2026-05-18 15:06:21;5440.9
2026-05-18 15:06:36;5367.3
2026-05-18 15:06:51;5273.8
2026-05-18 15:07:06;5212.7
2026-05-18 15:07:21;5216.3
2026-05-18 15:07:37;5214.5
2026-05-18 15:07:51;5232.5
2026-05-18 15:08:06;5279.2
2026-05-18 15:08:21;5363.7
2026-05-18 15:08:36;5502.0
2026-05-18 15:08:51;5622.4
2026-05-18 15:09:07;5699.7
2026-05-18 15:09:21;5773.4
2026-05-18 15:09:36;5890.2
2026-05-18 15:09:52;6028.5
2026-05-18 15:10:07;6157.9
2026-05-18 15:10:22;6226.2
2026-05-18 15:10:37;6224.4
2026-05-18 15:10:52;6193.8
2026-05-18 15:11:07;6226.2
2026-05-18 15:11:22;6305.2
2026-05-18 15:11:37;6420.2
2026-05-18 15:11:52;6547.8
2026-05-18 15:12:07;6653.8
2026-05-18 15:12:22;6759.8
2026-05-18 15:12:37;6892.8
2026-05-18 15:12:52;7115.6
2026-05-18 15:13:07;7388.7
2026-05-18 15:13:22;7762.5
2026-05-18 15:13:37;8145.2
2026-05-18 15:13:52;8554.9
2026-05-18 15:14:07;8921.5
2026-05-18 15:14:22;9235.9
2026-05-18 15:14:37;9457.0
2026-05-18 15:14:52;9622.3
2026-05-18 15:15:07;9828.9
2026-05-18 15:15:22;9900.8
2026-05-18 15:15:37;9936.7
2026-05-18 15:15:52;9861.2
2026-05-18 15:16:07;9766.0
2026-05-18 15:16:22;9642.0
2026-05-18 15:16:37;9482.1
2026-05-18 15:16:52;9288.0
2026-05-18 15:17:07;9056.2
2026-05-18 15:17:22;8849.6
2026-05-18 15:17:37;8691.5
2026-05-18 15:17:52;8531.6
2026-05-18 15:18:07;8346.5
2026-05-18 15:18:22;8143.4
2026-05-18 15:18:37;7953.0
2026-05-18 15:18:53;7767.9
2026-05-18 15:19:08;7563.0
2026-05-18 15:19:23;7387.0
2026-05-18 15:19:38;7167.7
2026-05-18 15:19:53;6980.9
2026-05-18 15:20:08;6794.0
2026-05-18 15:20:23;6664.6
2026-05-18 15:20:38;6562.2
2026-05-18 15:20:53;6522.7
2026-05-18 15:21:08;6531.6
2026-05-18 15:21:23;6650.2
2026-05-18 15:21:38;6799.4
2026-05-18 15:21:53;6970.1
2026-05-18 15:22:08;7128.2
2026-05-18 15:22:23;7254.0
2026-05-18 15:22:38;7230.6
2026-05-18 15:22:53;7257.6
2026-05-18 15:23:08;7201.9
2026-05-18 15:23:23;7167.7
2026-05-18 15:23:38;7112.0
2026-05-18 15:23:53;7050.9
2026-05-18 15:24:09;6995.2
2026-05-18 15:24:23;6907.2
2026-05-18 15:24:38;6867.7
2026-05-18 15:24:53;6838.9
2026-05-18 15:25:08;6855.1
2026-05-18 15:25:23;6865.9
2026-05-18 15:25:38;6935.9
2026-05-18 15:25:53;7002.4
2026-05-18 15:26:08;7049.1
2026-05-18 15:26:23;7092.3
2026-05-18 15:26:38;7101.2
2026-05-18 15:26:53;7140.8
2026-05-18 15:27:08;7254.0
2026-05-18 15:27:23;7448.0
2026-05-18 15:27:38;7715.8
2026-05-18 15:27:54;7746.3
2026-05-18 15:28:08;7705.0
2026-05-18 15:28:24;7847.0
2026-05-18 15:28:39;7926.0
2026-05-18 15:28:54;8010.5
2026-05-18 15:29:09;8100.3
2026-05-18 15:29:24;8265.6
2026-05-18 15:29:39;8461.5
2026-05-18 15:29:54;8619.6
2026-05-18 15:30:09;8759.8
2026-05-18 15:30:24;8853.2
2026-05-18 15:30:39;8903.5
2026-05-18 15:30:54;8871.2
2026-05-18 15:31:09;8793.9
2026-05-18 15:31:24;8691.5
2026-05-18 15:31:41;8195.5
2026-05-18 15:31:54;8244.1
2026-05-18 15:32:09;8015.9
2026-05-18 15:32:24;8084.1
2026-05-18 15:32:39;7920.6
2026-05-18 15:32:54;7850.5
2026-05-18 15:33:09;7692.4
2026-05-18 15:33:24;7577.4
2026-05-18 15:33:39;7503.7
2026-05-18 15:33:54;7388.7
2026-05-18 15:34:09;7333.0
2026-05-18 15:34:24;7331.2
2026-05-18 15:34:39;7370.8
2026-05-18 15:34:54;7541.5
2026-05-18 15:35:09;7525.3
2026-05-18 15:35:24;7360.0
2026-05-18 15:35:39;7103.0
2026-05-18 15:35:54;6783.2
2026-05-18 15:36:09;6781.4
2026-05-18 15:36:24;6822.7
2026-05-18 15:36:39;7036.6
2026-05-18 15:36:54;7360.0
2026-05-18 15:37:09;7674.5
2026-05-18 15:37:25;7886.5
2026-05-18 15:37:40;8050.0
2026-05-18 15:37:55;8254.8
2026-05-18 15:38:10;8750.8
2026-05-18 15:38:25;10208.0
2026-05-18 15:38:40;16721.7
2026-05-18 15:38:55;22624.5
2026-05-18 15:39:10;25948.7
2026-05-18 15:39:25;29120.2
2026-05-18 15:39:40;27824.6
2026-05-18 15:39:55;21596.6
2026-05-18 15:40:10;25486.9
2026-05-18 15:40:25;23476.2
2026-05-18 15:40:40;21576.9
2026-05-18 15:40:55;23857.1
2026-05-18 15:41:10;21992.0
2026-05-18 15:41:25;15420.8
2026-05-18 15:41:40;14817.0
2026-05-18 15:41:55;13045.3
2026-05-18 15:42:10;19343.4
2026-05-18 15:42:25;25125.7
2026-05-18 15:42:40;32589.9
2026-05-18 15:42:55;32748.0
2026-05-18 15:43:10;32757.0
2026-05-18 15:43:25;31932.3
2026-05-18 15:43:40;31127.3
2026-05-18 15:43:55;31064.4
2026-05-18 15:44:10;30690.6
2026-05-18 15:44:25;29785.0
2026-05-18 15:44:40;24676.5
2026-05-18 15:44:56;17330.9
2026-05-18 15:45:10;8391.4
2026-05-18 15:45:25;8307.0
2026-05-18 15:45:40;8260.2
2026-05-18 15:45:55;8305.2
2026-05-18 15:46:10;8407.6
2026-05-18 15:46:25;8538.7
2026-05-18 15:46:40;8625.0
2026-05-18 15:46:55;8698.7
2026-05-18 15:47:10;8799.3
2026-05-18 15:47:25;8917.9
2026-05-18 15:47:40;9077.8
2026-05-18 15:47:55;9255.7
2026-05-18 15:48:10;9616.9
2026-05-18 15:48:25;10211.6
2026-05-18 15:48:40;10826.2
2026-05-18 15:48:55;11235.9
2026-05-18 15:49:10;11316.7
2026-05-18 15:49:25;11102.9
2026-05-18 15:49:40;11146.0
2026-05-18 15:49:55;10664.5
2026-05-18 15:50:10;9987.0
2026-05-18 15:50:25;9843.3
2026-05-18 15:50:41;11349.1
2026-05-18 15:50:55;19262.5
2026-05-18 15:51:10;19131.3
2026-05-18 15:51:25;14252.8
2026-05-18 15:51:40;10130.8
2026-05-18 15:51:56;9678.0
2026-05-18 15:52:11;11719.2
2026-05-18 15:52:26;11005.9
2026-05-18 15:52:41;11888.1
2026-05-18 15:52:56;11155.0
2026-05-18 15:53:11;18495.2
2026-05-18 15:53:26;18727.0
2026-05-18 15:53:41;17875.3
2026-05-18 15:53:56;11223.3
2026-05-18 15:54:11;12500.9
2026-05-18 15:54:26;8846.0
2026-05-18 15:54:41;8147.0
2026-05-18 15:54:56;7636.7
2026-05-18 15:55:11;7029.4
2026-05-18 15:55:26;7273.7
2026-05-18 15:55:41;12562.0
2026-05-18 15:55:56;19257.1
2026-05-18 15:56:11;21983.0
2026-05-18 15:56:26;23312.7
2026-05-18 15:56:41;6991.6
2026-05-18 15:56:56;6871.2
2026-05-18 15:57:11;7000.6
2026-05-18 15:57:26;6952.1
2026-05-18 15:57:41;8878.4
2026-05-18 15:57:56;16964.3
2026-05-18 15:58:11;19293.0
2026-05-18 15:58:26;19956.1
2026-05-18 15:58:41;19478.1
2026-05-18 15:58:56;18987.6
2026-05-18 15:59:11;12261.9
2026-05-18 15:59:26;14831.4
2026-05-18 15:59:41;20930.0
2026-05-18 15:59:56;25073.6
2026-05-18 16:00:11;25562.3
2026-05-18 16:00:26;25752.8
2026-05-18 16:00:41;25449.1
2026-05-18 16:00:56;24877.7
2026-05-18 16:01:11;24649.5
2026-05-18 16:01:26;24243.4
2026-05-18 16:01:41;22960.5
2026-05-18 16:01:56;23485.2
2026-05-18 16:02:12;20482.6
2026-05-18 16:02:26;21309.1
2026-05-18 16:02:41;20144.8
2026-05-18 16:02:56;23032.3
2026-05-18 16:03:11;22408.8
2026-05-18 16:03:26;22071.0
2026-05-18 16:03:41;13728.1
2026-05-18 16:03:56;11602.4
2026-05-18 16:04:11;12596.1
2026-05-18 16:04:26;8204.5
2026-05-18 16:04:42;6540.6
2026-05-18 16:04:56;6472.3
2026-05-18 16:05:11;6431.0
2026-05-18 16:05:27;6375.3
2026-05-18 16:05:41;6310.6
2026-05-18 16:05:56;6231.6
2026-05-18 16:06:12;6175.9
2026-05-18 16:06:27;6145.3
2026-05-18 16:06:42;6132.7
2026-05-18 16:06:57;6163.3
2026-05-18 16:07:12;7974.5
2026-05-18 16:07:27;8413.0
2026-05-18 16:07:42;11122.7
2026-05-18 16:07:59;15007.5
2026-05-18 16:08:12;16144.9
2026-05-18 16:08:27;8684.3
2026-05-18 16:08:42;5304.4
2026-05-18 16:08:57;5248.7
2026-05-18 16:09:12;5865.0
2026-05-18 16:09:27;7498.4
2026-05-18 16:09:42;6756.2
2026-05-18 16:09:57;5626.0
2026-05-18 16:10:12;5202.0
2026-05-18 16:10:27;5198.4
2026-05-18 16:10:43;5259.5
2026-05-18 16:10:58;5841.6
2026-05-18 16:11:13;8567.5
2026-05-18 16:11:28;12809.9
2026-05-18 16:11:43;13961.7
2026-05-18 16:11:58;14107.3
2026-05-18 16:12:13;12621.2
2026-05-18 16:12:28;8806.5
2026-05-18 16:12:43;7050.9
2026-05-18 16:12:58;6838.9
2026-05-18 16:13:13;6073.4
2026-05-18 16:13:28;6828.1
2026-05-18 16:13:43;7541.5
2026-05-18 16:13:58;6948.5
2026-05-18 16:14:13;6587.3
2026-05-18 16:14:28;7933.2
2026-05-18 16:14:43;7927.8
2026-05-18 16:14:58;11022.0
2026-05-18 16:15:13;13065.1
2026-05-18 16:15:28;13773.0
2026-05-18 16:15:44;10824.4
2026-05-18 16:15:58;6224.4
2026-05-18 16:16:13;6398.7
2026-05-18 16:16:28;10292.5
2026-05-18 16:16:43;12384.1
2026-05-18 16:16:58;12260.1
2026-05-18 16:17:13;10206.2
2026-05-18 16:17:28;8612.4
2026-05-18 16:17:43;6547.8
2026-05-18 16:17:58;7036.6
2026-05-18 16:18:13;8641.2
2026-05-18 16:18:28;10039.1
2026-05-18 16:18:43;11013.0
2026-05-18 16:18:58;12702.1
2026-05-18 16:19:13;12822.5
2026-05-18 16:19:28;12687.7
2026-05-18 16:19:43;12114.5
2026-05-18 16:19:59;12400.2
2026-05-18 16:20:13;12648.2
2026-05-18 16:20:29;12802.7
2026-05-18 16:20:44;12871.0
2026-05-18 16:20:59;12928.5
2026-05-18 16:21:14;12991.4
2026-05-18 16:21:29;12968.0
2026-05-18 16:21:44;13108.2
2026-05-18 16:21:59;13145.9
2026-05-18 16:22:14;13235.8
2026-05-18 16:22:29;8150.6
2026-05-18 16:22:44;6596.3
2026-05-18 16:22:59;6528.0
2026-05-18 16:23:14;6546.0
2026-05-18 16:23:29;6621.5
2026-05-18 16:23:44;6998.8
2026-05-18 16:23:59;6885.6
2026-05-18 16:24:14;7157.0
2026-05-18 16:24:29;7617.0
2026-05-18 16:24:44;7758.9
2026-05-18 16:24:59;7410.3
2026-05-18 16:25:14;6973.7
2026-05-18 16:25:29;6955.7
2026-05-18 16:25:44;6964.7
2026-05-18 16:25:59;6862.3
2026-05-18 16:26:14;6747.3
2026-05-18 16:26:29;6691.6
2026-05-18 16:26:44;6653.8
2026-05-18 16:26:59;6632.3
2026-05-18 16:27:14;6612.5
2026-05-18 16:27:29;6619.7
2026-05-18 16:27:44;6626.9
2026-05-18 16:27:59;6653.8
2026-05-18 16:28:14;8466.9
2026-05-18 16:28:29;10901.6
2026-05-18 16:28:44;11582.7
2026-05-18 16:29:00;11523.4
2026-05-18 16:29:14;11336.5
2026-05-18 16:29:30;11079.5
2026-05-18 16:29:45;10765.1
2026-05-18 16:30:00;10878.3
2026-05-18 16:30:15;10125.4
2026-05-18 16:30:30;9074.2
2026-05-18 16:30:45;6012.3
2026-05-18 16:31:00;4900.1
2026-05-20 07:46:37;1565.1
2026-05-20 07:46:52;5196.6
2026-05-20 07:47:07;3818.4
2026-05-20 07:47:22;3969.3
2026-05-20 07:47:37;5367.3
2026-05-20 07:47:52;5381.6
2026-05-20 07:48:07;5401.4
2026-05-20 07:48:22;5417.6
2026-05-20 07:48:38;5449.9
2026-05-20 07:48:53;5491.2
2026-05-20 07:49:08;5511.0
2026-05-20 07:49:22;5534.4
2026-05-20 07:49:40;5547.0
2026-05-20 07:49:53;5591.9
2026-05-20 07:50:08;5611.6
2026-05-20 07:50:23;5620.6
2026-05-20 07:50:38;5618.8
2026-05-20 07:50:53;5654.8
2026-05-20 07:51:08;5667.3
2026-05-20 07:51:23;5649.4
2026-05-20 07:51:44;5593.7
2026-05-20 07:51:53;5662.0
2026-05-20 07:52:08;5670.9
2026-05-20 07:52:23;5699.7
2026-05-20 07:52:38;5715.9
2026-05-20 07:52:53;5733.8
2026-05-20 07:53:09;5757.2
2026-05-20 07:53:24;5777.0
2026-05-20 07:53:43;5777.0
2026-05-20 07:53:54;5812.9
2026-05-20 07:54:09;5839.8
2026-05-20 07:54:24;5870.4
2026-05-20 07:54:39;5895.5
2026-05-20 07:54:54;5902.7
2026-05-20 07:55:09;5902.7
2026-05-20 07:55:24;5902.7
2026-05-20 07:55:41;5906.3
2026-05-20 07:55:54;5906.3
2026-05-20 07:56:09;5904.5
2026-05-20 07:56:25;5904.5
2026-05-20 07:56:40;5922.5
2026-05-20 07:56:55;5902.7
2026-05-20 07:57:10;5931.5
2026-05-20 07:57:31;5953.0
2026-05-20 07:57:40;5962.0
2026-05-20 07:57:55;5965.6
2026-05-20 07:58:10;5958.4
2026-05-20 07:58:25;5965.6
2026-05-20 07:58:40;5969.2
2026-05-20 07:58:55;5960.2
2026-05-20 07:59:12;5974.6
2026-05-20 07:59:25;5998.0
2026-05-20 07:59:40;6010.5
2026-05-20 08:00:12;6066.3
2026-05-20 08:00:27;6080.6
2026-05-20 08:00:43;6086.0
2026-05-20 08:00:58;6093.2
2026-05-20 08:01:12;6010.5
2026-05-20 08:01:27;6010.5
2026-05-20 08:01:43;6042.9
2026-05-20 08:01:58;6084.2
2026-05-20 08:02:13;6104.0
2026-05-20 08:02:28;6127.3
2026-05-20 08:02:43;6184.8
2026-05-20 08:02:58;6251.3
2026-05-20 08:03:13;6344.8
2026-05-20 08:03:29;6470.5
2026-05-20 08:03:44;6511.9
2026-05-20 08:03:59;6628.7
2026-05-20 08:04:13;6804.8
2026-05-20 08:04:28;6822.7
2026-05-20 08:04:43;6779.6
2026-05-20 08:05:01;6734.7
2026-05-20 08:05:13;6657.4
2026-05-20 08:05:29;6569.4
2026-05-20 08:05:44;6468.7
2026-05-20 08:05:59;6427.4
2026-05-20 08:06:23;6420.2
2026-05-20 08:06:29;6458.0
2026-05-20 08:06:49;6481.3
2026-05-20 08:07:03;6520.9
2026-05-20 08:07:14;6535.2
2026-05-20 08:07:30;6549.6
2026-05-20 08:07:45;6562.2
2026-05-20 08:08:00;6589.1
2026-05-20 08:08:15;6628.7
2026-05-20 08:08:30;6659.2
2026-05-20 08:08:45;6713.1
2026-05-20 08:09:02;6745.5
2026-05-20 08:09:15;6736.5
2026-05-20 08:09:30;6684.4
2026-05-20 08:09:45;6628.7
2026-05-20 08:10:00;6587.3
2026-05-20 08:10:15;6634.1
2026-05-20 08:10:30;6666.4
2026-05-20 08:10:45;6702.3
2026-05-20 08:11:00;6761.6
2026-05-20 08:11:15;6776.0
2026-05-20 08:11:30;6722.1
2026-05-20 08:11:45;6682.6
2026-05-20 08:12:01;6659.2
2026-05-20 08:12:16;6736.5
2026-05-20 08:12:31;6652.0
2026-05-20 08:12:46;6229.8
2026-05-20 08:13:01;6240.5
2026-05-20 08:13:16;6245.9
2026-05-20 08:13:33;6420.2
2026-05-20 08:13:46;6501.1
2026-05-20 08:14:01;6567.6
2026-05-20 08:14:16;6652.0
2026-05-20 08:14:31;6758.0
2026-05-20 08:14:46;6847.9
2026-05-20 08:15:01;6995.2
2026-05-20 08:15:16;7155.2
2026-05-20 08:15:31;7232.4
2026-05-20 08:15:47;7257.6
2026-05-20 08:16:02;7219.8
2026-05-20 08:16:17;7176.7
2026-05-20 08:16:34;7042.0
2026-05-20 08:16:46;7009.6
2026-05-20 08:17:01;7024.0
2026-05-20 08:17:17;6991.6
2026-05-20 08:17:31;6912.6
2026-05-20 08:17:47;6756.2
2026-05-20 08:18:02;6353.7
2026-05-20 08:18:17;6177.7
2026-05-20 08:18:34;6084.2
2026-05-20 08:18:47;6005.2
2026-05-20 08:19:02;5985.4
2026-05-20 08:19:19;6008.7
2026-05-20 08:19:35;6245.9
2026-05-20 08:19:47;6546.0
2026-05-20 08:20:02;6722.1
2026-05-20 08:20:17;6869.5
2026-05-20 08:20:32;6977.3
2026-05-20 08:20:47;7047.3
2026-05-20 08:21:08;7165.9
2026-05-20 08:21:17;7307.9
2026-05-20 08:21:32;7453.4
2026-05-20 08:21:49;7566.6
2026-05-20 08:22:02;7645.7
2026-05-20 08:22:17;7690.6
2026-05-20 08:22:34;7715.8
2026-05-20 08:22:48;7645.7
2026-05-20 08:23:03;7615.2
2026-05-20 08:23:18;7433.7
2026-05-20 08:23:33;7316.9
2026-05-20 08:23:48;7367.2
2026-05-20 08:24:03;7690.6
2026-05-20 08:24:18;7660.1
2026-05-20 08:24:33;7313.3
2026-05-20 08:24:52;7122.8
2026-05-20 08:25:03;7237.8
2026-05-20 08:25:18;7227.0
2026-05-20 08:25:33;7293.5
2026-05-20 08:25:48;7324.1
2026-05-20 08:26:04;7275.5
2026-05-20 08:26:18;7237.8
2026-05-20 08:26:33;7228.8
2026-05-20 08:26:51;7200.1
2026-05-20 08:27:03;7205.5
2026-05-20 08:27:18;7218.0
2026-05-20 08:27:33;7280.9
2026-05-20 08:27:49;7336.6
2026-05-20 08:28:04;7421.1
2026-05-20 08:28:19;7485.8
2026-05-20 08:28:34;7446.2
2026-05-20 08:28:49;7333.0
2026-05-20 08:29:04;7234.2
2026-05-20 08:29:19;7167.7
2026-05-20 08:29:34;7151.6
2026-05-20 08:29:49;7142.6
2026-05-20 08:30:04;7124.6
2026-05-20 08:30:19;7146.2
2026-05-20 08:30:34;7196.5
2026-05-20 08:30:49;7252.2
2026-05-20 08:31:04;7316.9
2026-05-20 08:31:19;7277.3
2026-05-20 08:31:34;7306.1
2026-05-20 08:31:49;7327.7
2026-05-20 08:32:04;7227.0
2026-05-20 08:32:19;7040.2
2026-05-20 08:32:34;6869.5
2026-05-20 08:32:50;6916.2
2026-05-20 08:33:05;6997.0
2026-05-20 08:33:20;7079.7
2026-05-20 08:33:35;7148.0
2026-05-20 08:33:50;7212.7
2026-05-20 08:34:05;7275.5
2026-05-20 08:34:20;7318.7
2026-05-20 08:34:35;7351.0
2026-05-20 08:34:50;7369.0
2026-05-20 08:36:13;7356.4
2026-05-20 08:36:21;7318.7
2026-05-20 08:36:46;7315.1
2026-05-20 08:37:24;7306.1
2026-05-20 08:37:28;7324.1
2026-05-20 08:37:45;7311.5
2026-05-20 08:38:01;7304.3
2026-05-20 08:39:32;7460.6
2026-05-20 08:39:48;7473.2
2026-05-20 08:39:58;7514.5
2026-05-20 08:40:12;7536.1
2026-05-20 08:40:36;7550.5
2026-05-20 08:40:43;7559.5
2026-05-20 08:40:52;7566.6
2026-05-20 08:41:07;7573.8
2026-05-20 08:41:43;7618.7
2026-05-20 08:41:53;7624.1
2026-05-20 08:43:09;7721.2
2026-05-20 08:43:30;7737.3
2026-05-20 08:43:39;7773.3
2026-05-20 08:43:55;7811.0
2026-05-20 08:44:13;7852.3
2026-05-20 08:44:26;7866.7
2026-05-20 08:44:44;7873.9
2026-05-20 08:44:55;7868.5
2026-05-20 08:45:10;7843.4
2026-05-20 08:45:25;7805.6
2026-05-20 08:45:41;7771.5
2026-05-20 08:45:56;7760.7
2026-05-20 08:46:14;7764.3
2026-05-20 08:46:25;7719.4
2026-05-20 08:46:40;7690.6
2026-05-20 08:46:55;7660.1
2026-05-20 08:47:15;7678.0
2026-05-20 08:47:29;7688.8
2026-05-20 08:47:51;7699.6
2026-05-20 08:47:56;7732.0
2026-05-20 08:48:12;7780.5
2026-05-20 08:48:26;7830.8
2026-05-20 08:48:40;7886.5
2026-05-20 08:48:56;7931.4
2026-05-20 08:49:15;7990.7
2026-05-20 08:49:30;8024.8
2026-05-20 08:49:47;8057.2
2026-05-20 08:49:56;8073.4
2026-05-20 08:50:16;8100.3
2026-05-20 08:50:39;8098.5
2026-05-20 08:50:42;8091.3
2026-05-20 08:51:01;8021.2
2026-05-20 08:51:13;8015.9
2026-05-20 08:51:31;8006.9
2026-05-20 08:51:42;7994.3
2026-05-20 08:51:58;7996.1
2026-05-20 08:52:13;8001.5
2026-05-20 08:52:27;8006.9
2026-05-20 08:52:50;8001.5
2026-05-20 08:52:58;7999.7
2026-05-20 08:53:13;7996.1
2026-05-20 08:53:32;8012.3
2026-05-20 08:53:45;8006.9
2026-05-20 08:53:58;8026.6
2026-05-20 08:54:17;8060.8
2026-05-20 08:54:34;8100.3
2026-05-20 08:54:50;8129.1
2026-05-20 08:55:00;8157.8
2026-05-20 08:55:29;8177.6
2026-05-20 08:55:57;8152.4
2026-05-20 08:56:13;8127.3
2026-05-20 08:56:34;8141.6
2026-05-20 08:57:18;8242.3
2026-05-20 08:57:28;8267.4
2026-05-20 08:57:43;8294.4
2026-05-20 08:57:58;8326.7
2026-05-20 08:58:29;8353.7
2026-05-20 08:58:33;8486.6
2026-05-20 08:58:57;8520.8
2026-05-20 08:59:37;8616.0
2026-05-20 08:59:49;8668.1
2026-05-20 09:00:07;8687.9
2026-05-20 09:00:19;8727.4
2026-05-20 09:00:34;8765.2
2026-05-20 09:00:49;8806.5
2026-05-20 09:01:12;8840.6
2026-05-20 09:01:19;8840.6
2026-05-20 09:01:37;9058.0
2026-05-20 09:01:49;9054.5
2026-05-20 09:02:04;9043.7
2026-05-20 09:02:19;9032.9
2026-05-20 09:02:47;8989.8
2026-05-20 09:03:04;8957.4
2026-05-20 09:03:37;8876.6
2026-05-20 09:03:58;8840.6
2026-05-20 09:04:22;8824.5
2026-05-20 09:04:37;8806.5
2026-05-20 09:04:52;8777.7
2026-05-20 09:05:08;8725.6
2026-05-20 09:05:22;8689.7
2026-05-20 09:05:37;8639.4
2026-05-20 09:05:58;8669.9
2026-05-20 09:06:08;8718.4
2026-05-20 09:06:23;8788.5
2026-05-20 09:06:38;8867.6
2026-05-20 09:06:53;8953.8
2026-05-20 09:07:08;9049.1
2026-05-20 09:07:23;9149.7
2026-05-20 09:07:38;9219.8
2026-05-20 09:07:53;9273.7
2026-05-20 09:08:08;9336.6
2026-05-20 09:08:23;9392.3
2026-05-20 09:08:38;9372.5
2026-05-20 09:08:55;9368.9
2026-05-20 09:09:08;9413.8
2026-05-20 09:09:23;9446.2
2026-05-20 09:09:38;9457.0
2026-05-20 09:09:53;9500.1
2026-05-20 09:10:08;9521.6
2026-05-20 09:10:23;9422.8
2026-05-20 09:10:38;6966.5
2026-05-20 09:10:57;6057.3
2026-05-20 09:11:09;6463.4
2026-05-20 09:11:24;6664.6
2026-05-20 09:11:39;9496.5
2026-05-20 09:11:54;9543.2
2026-05-20 09:12:09;9586.3
2026-05-20 09:12:24;9606.1
2026-05-20 09:12:39;9647.4
2026-05-20 09:12:54;9726.5
2026-05-20 09:13:09;9816.3
2026-05-20 09:13:24;9857.7
2026-05-20 09:13:41;9908.0
2026-05-20 09:13:54;9915.2
2026-05-20 09:14:09;9931.3
2026-05-20 09:14:24;9906.2
2026-05-20 09:14:39;9881.0
2026-05-20 09:14:54;9848.7
2026-05-20 09:15:09;9832.5
2026-05-20 09:15:24;9812.7
2026-05-20 09:15:39;9794.8
2026-05-20 09:15:54;9757.0
2026-05-20 09:16:09;9760.6
2026-05-20 09:16:24;9733.7
2026-05-20 09:16:39;9742.7
2026-05-20 09:16:54;9784.0
2026-05-20 09:17:09;9841.5
2026-05-20 09:17:24;9909.8
2026-05-20 09:17:40;9985.2
2026-05-20 09:17:54;10067.9
2026-05-20 09:18:09;10111.0
2026-05-20 09:18:25;10175.7
2026-05-20 09:18:40;10182.9
2026-05-20 09:18:55;10206.2
2026-05-20 09:19:10;10182.9
2026-05-20 09:19:28;10166.7
2026-05-20 09:19:40;10060.7
2026-05-20 09:19:55;9972.7
2026-05-20 09:20:10;9931.3
2026-05-20 09:20:25;9857.7
2026-05-20 09:20:40;9866.6
2026-05-20 09:20:55;9882.8
2026-05-20 09:21:10;9881.0
2026-05-20 09:21:25;9956.5
2026-05-20 09:21:40;9974.5
2026-05-20 09:21:59;10019.4
2026-05-20 09:22:10;10078.7
2026-05-20 09:22:25;10087.7
2026-05-20 09:22:40;10069.7
2026-05-20 09:22:55;10044.5
2026-05-20 09:23:10;9940.3
2026-05-20 09:23:25;9988.8
2026-05-20 09:23:40;9965.5
2026-05-20 09:23:55;10042.7
2026-05-20 09:24:11;10076.9
2026-05-20 09:24:25;10112.8
2026-05-20 09:24:40;10093.0
2026-05-20 09:24:55;9834.3
2026-05-20 09:25:10;9719.3
2026-05-20 09:25:25;9376.1
2026-05-20 09:25:40;9368.9
2026-05-20 09:25:56;9753.4
2026-05-20 09:26:26;9900.8
2026-05-20 09:26:41;9757.0
2026-05-20 09:26:56;9859.5
2026-05-20 09:27:11;9972.7
2026-05-20 09:27:26;9988.8
2026-05-20 09:27:41;9996.0
2026-05-20 09:27:56;10051.7
2026-05-20 09:28:11;10093.0
2026-05-20 09:28:26;10179.3
2026-05-20 09:28:41;10218.8
2026-05-20 09:28:56;10294.3
2026-05-20 09:29:11;10359.0
2026-05-20 09:29:26;10414.7
2026-05-20 09:29:41;10438.0
2026-05-20 09:29:56;10454.2
2026-05-20 09:30:11;10477.6
2026-05-20 09:30:26;10524.3
2026-05-20 09:30:41;10515.3
2026-05-20 09:30:56;10524.3
2026-05-20 09:31:11;10547.7
2026-05-20 09:31:26;10637.5
2026-05-20 09:31:41;10738.1
2026-05-20 09:31:56;10831.6
2026-05-20 09:32:11;10910.6
2026-05-20 09:32:27;10993.3
2026-05-20 09:32:42;11092.1
2026-05-20 09:32:56;11167.6
2026-05-20 09:33:11;11235.9
2026-05-20 09:33:27;11320.3
2026-05-20 09:33:41;11406.6
2026-05-20 09:33:56;11447.9
2026-05-20 09:34:11;11528.7
2026-05-20 09:34:26;11668.9
2026-05-20 09:34:41;11746.2
2026-05-20 09:34:56;11774.9
2026-05-20 09:35:11;11782.1
2026-05-20 09:35:26;11780.3
2026-05-20 09:35:41;11789.3
2026-05-20 09:35:57;11796.5
2026-05-20 09:36:12;11773.1
2026-05-20 09:36:28;11762.3
2026-05-20 09:36:43;11744.4
2026-05-20 09:36:58;11740.8
2026-05-20 09:37:13;11740.8
2026-05-20 09:37:29;11764.1
2026-05-20 09:37:44;11774.9
2026-05-20 09:38:02;14366.0
2026-05-20 09:38:15;16601.3
2026-05-20 09:38:30;11054.4
2026-05-20 09:38:45;69609.1
2026-05-20 09:39:01;70079.9
2026-05-20 09:39:16;70486.0
2026-05-20 09:39:32;70640.5
2026-05-20 09:39:47;70622.6
2026-05-20 09:40:02;15751.4
2026-05-20 09:40:17;13336.4
2026-05-20 09:40:33;13135.2
2026-05-20 09:40:48;17697.4
2026-05-20 09:41:03;17778.3
2026-05-20 09:41:18;17841.2
2026-05-20 09:41:34;17816.0
2026-05-20 09:41:49;17803.4
2026-05-20 09:42:05;17781.9
2026-05-20 09:42:20;69585.8
2026-05-20 09:42:36;74953.0
2026-05-20 09:42:50;71718.7
2026-05-20 09:43:36;70268.6
2026-05-20 09:43:51;70038.6
2026-05-20 09:44:06;69684.6
2026-05-20 09:44:21;70263.2
2026-05-20 09:44:37;70304.5
2026-05-20 09:44:52;70698.0
2026-05-20 09:45:08;70619.0
2026-05-20 09:45:23;69091.6
2026-05-20 09:45:38;68419.6
2026-05-20 09:45:54;68985.6
2026-05-20 09:46:09;69887.7
2026-05-20 09:46:24;70374.6
2026-05-20 09:46:39;70651.3
2026-05-20 09:46:54;70459.1
2026-05-20 09:47:10;70874.1
2026-05-20 09:47:25;71292.8
2026-05-20 09:47:41;71418.6
2026-05-20 09:47:56;71621.6
2026-05-20 09:48:12;71993.6
2026-05-20 09:48:26;72448.2
2026-05-20 09:48:42;73062.7
2026-05-20 09:48:57;73582.0
2026-05-20 09:49:13;73792.3
2026-05-20 09:49:29;73776.1
2026-05-20 09:49:51;73283.8
2026-05-20 09:50:14;73569.5
2026-05-20 09:50:29;73422.1
2026-05-20 09:50:51;73016.0
2026-05-20 09:51:00;73071.7
2026-05-20 09:51:21;72793.2
2026-05-20 09:51:30;72913.6
2026-05-20 09:51:46;73321.5
2026-05-20 09:52:06;73831.8
2026-05-20 09:52:17;74293.6
2026-05-20 09:52:32;74467.9
2026-05-20 09:52:47;73594.6
2026-05-20 09:53:03;74013.3
2026-05-20 09:53:18;75035.7
2026-05-20 09:53:33;75571.2
2026-05-20 09:53:48;75213.6
2026-05-20 09:54:03;70000.9
2026-05-20 09:54:19;71037.7
2026-05-20 09:54:34;68610.1
2026-05-20 09:54:49;69177.9
2026-05-20 09:55:04;69566.0
2026-05-20 09:55:20;70660.3
2026-05-20 09:55:35;68644.2
2026-05-20 09:55:51;68994.6
2026-05-20 09:56:06;69064.7
2026-05-20 09:56:21;70557.9
2026-05-20 09:56:36;70662.1
2026-05-20 09:56:52;71353.9
2026-05-20 09:57:07;72051.1
2026-05-20 09:57:22;71914.5
2026-05-20 09:57:38;69397.1
2026-05-20 09:58:08;67612.8
2026-05-20 09:58:23;67503.2
2026-05-20 09:58:53;67327.1
2026-05-20 09:58:57;68651.4
2026-05-20 09:59:17;70141.0
2026-05-20 09:59:29;70482.4
2026-05-20 09:59:43;71276.6
2026-05-20 10:00:17;71291.0
2026-05-20 10:00:26;71073.6
2026-05-20 10:00:32;71684.5
2026-05-20 10:00:49;71132.9
2026-05-20 10:01:04;71648.6
2026-05-20 10:01:19;71946.9
2026-05-20 10:01:34;71447.3
2026-05-20 10:02:10;70363.8
2026-05-20 10:02:20;69560.6
2026-05-20 10:02:37;69664.8
2026-05-20 10:02:51;70067.3
2026-05-20 10:03:06;70153.6
2026-05-20 10:03:46;70638.8
2026-05-20 10:03:52;71404.2
2026-05-20 10:04:30;72942.3
2026-05-20 10:04:46;73028.6
2026-05-20 10:05:01;73745.5
2026-05-20 10:05:16;74688.9
2026-05-20 10:05:31;75157.9
2026-05-20 10:05:47;75989.8
2026-05-20 10:06:08;76162.3
2026-05-20 10:06:19;76555.9
2026-05-20 10:06:39;76478.6
2026-05-20 10:06:54;76248.6
2026-05-20 10:07:10;75492.1
2026-05-20 10:07:25;74178.6
2026-05-20 10:07:44;72518.3
2026-05-20 10:07:56;70205.7
2026-05-20 10:08:11;69799.6
2026-05-20 10:08:27;69769.1
2026-05-20 10:08:42;70755.5
2026-05-20 10:08:57;70773.5
2026-05-20 10:09:12;71449.1
2026-05-20 10:09:27;72676.4
2026-05-20 10:09:43;74095.9
2026-05-20 10:09:58;74784.1
2026-05-20 10:10:13;75150.7
2026-05-20 10:10:28;75166.9
2026-05-20 10:10:44;75098.6
2026-05-20 10:11:00;74929.7
2026-05-20 10:11:15;74135.5
2026-05-20 10:11:29;73761.7
2026-05-20 10:11:45;72798.6
2026-05-20 10:12:00;72744.7
2026-05-20 10:12:15;72645.9
2026-05-20 10:12:30;72322.4
2026-05-20 10:12:55;72626.1
2026-05-20 10:13:01;73321.5
2026-05-20 10:13:16;73364.6
2026-05-20 10:13:31;73497.6
2026-05-20 10:13:47;73438.3
2026-05-20 10:14:05;73833.6
2026-05-20 10:14:17;74320.5
2026-05-20 10:14:32;74638.6
2026-05-20 10:14:48;72694.4
2026-05-20 10:15:03;73179.5
2026-05-20 10:15:19;72775.2
2026-05-20 10:15:36;72108.6
2026-05-20 10:15:49;72025.9
2026-05-20 10:16:04;71984.6
2026-05-20 10:16:19;72056.5
2026-05-20 10:16:34;72054.7
2026-05-20 10:16:51;71860.6
2026-05-20 10:17:09;71887.6
2026-05-20 10:17:23;72511.1
2026-05-20 10:17:37;72494.9
2026-05-20 10:17:53;72568.6
2026-05-20 10:18:08;72807.6
2026-05-20 10:18:23;72805.8
2026-05-20 10:18:38;73846.2
2026-05-20 10:18:55;73887.5
2026-05-20 10:19:09;73528.1
2026-05-20 10:19:24;73373.6
2026-05-20 10:19:39;73303.5
2026-05-20 10:19:55;73648.5
2026-05-20 10:20:30;73630.5
2026-05-20 10:20:46;74167.8
2026-05-20 10:21:01;74063.6
2026-05-20 10:21:28;73815.6
2026-05-20 10:21:31;73634.1
2026-05-20 10:22:20;73197.5
2026-05-20 10:22:20;72620.7
2026-05-20 10:22:47;72550.6
2026-05-20 10:23:18;71533.6
2026-05-20 10:24:24;74573.9
2026-05-20 10:24:40;74615.2
2026-05-20 10:25:06;74956.6
2026-05-20 10:25:10;75993.4
2026-05-20 10:25:38;75788.6
2026-05-20 10:25:43;76449.8
2026-05-20 10:26:01;76938.6
2026-05-20 10:26:14;76512.7
2026-05-20 10:26:29;77120.1
2026-05-20 10:26:44;77553.1
2026-05-20 10:26:59;77398.6
2026-05-20 10:27:24;77813.7
2026-05-20 10:27:30;77725.6
2026-05-20 10:27:45;78146.1
2026-05-20 10:28:01;77795.7
2026-05-20 10:28:19;78086.8
2026-05-20 10:28:35;77391.4
2026-05-20 10:28:47;77465.1
2026-05-20 10:29:02;76697.8
2026-05-20 10:29:18;75903.6
2026-05-20 10:29:32;75673.6
2026-05-20 10:29:48;76248.6
2026-05-20 10:30:03;75820.9
2026-05-20 10:30:19;75799.4
2026-05-20 10:30:33;74980.0
2026-05-20 10:30:49;74374.5
2026-05-20 10:31:04;73776.1
2026-05-20 10:31:20;72613.5
2026-05-20 10:31:35;72746.5
2026-05-20 10:31:50;72406.9
2026-05-20 10:32:05;71986.4
2026-05-20 10:32:21;71188.6
2026-05-20 10:32:36;70955.0
2026-05-20 10:32:51;70915.5
2026-05-20 10:33:06;70556.1
2026-05-20 10:33:22;70302.7
2026-05-20 10:33:37;58364.3
2026-05-20 10:33:52;61419.0
2026-05-20 10:34:07;42533.8
2026-05-20 10:34:23;27713.2
2026-05-20 10:34:38;24110.5
2026-05-20 10:34:53;23107.8
2026-05-20 10:35:08;27819.2
2026-05-20 10:35:24;27535.3
2026-05-20 10:35:39;43489.8
2026-05-20 10:35:54;49972.9
2026-05-20 10:36:09;47451.9
2026-05-20 10:36:25;49185.9
2026-05-20 10:36:40;47187.7
2026-05-20 10:36:56;57279.0
2026-05-20 10:37:11;58098.4
2026-05-20 10:37:26;65772.8
2026-05-20 10:37:42;51638.6
2026-05-20 10:37:57;32699.5
2026-05-20 10:38:12;30453.4
2026-05-20 10:38:27;25095.2
2026-05-20 10:38:42;27585.6
2026-05-20 10:38:58;26892.0
2026-05-20 10:39:13;28144.5
2026-05-20 10:39:28;24994.5
2026-05-20 10:39:43;25100.5
2026-05-20 10:39:59;49789.6
2026-05-20 10:40:14;25145.5
2026-05-20 10:40:29;24947.8
2026-05-20 10:40:45;29840.7
2026-05-20 10:41:00;24854.4
2026-05-20 10:41:15;24791.5
2026-05-20 10:41:30;24432.1
2026-05-20 10:41:45;24491.4
2026-05-20 10:42:01;24495.0
2026-05-20 10:42:16;24588.4
2026-05-20 10:42:31;24829.2
2026-05-20 10:42:46;24868.7
2026-05-20 10:43:02;25118.5
2026-05-20 10:43:17;25418.6
2026-05-20 10:43:33;25571.3
2026-05-20 10:43:48;25212.0
2026-05-20 10:44:03;33385.9
2026-05-20 10:44:18;25395.2
2026-05-20 10:44:35;19548.2
2026-05-20 10:44:48;76647.5
2026-05-20 10:45:04;21346.9
2026-05-20 10:45:19;36343.6
2026-05-20 10:45:35;60723.6
2026-05-20 10:45:50;86763.9
2026-05-20 10:46:05;25788.7
2026-05-20 10:46:20;26200.2
2026-05-20 10:46:36;51523.6
2026-05-20 10:46:51;33204.5
2026-05-20 10:47:06;55512.7
2026-05-20 10:47:21;43583.2
2026-05-20 10:47:37;62484.5
2026-05-20 10:47:52;30475.0
2026-05-20 10:48:07;42523.0
2026-05-20 10:48:23;26069.1
2026-05-20 10:48:38;25686.3
2026-05-20 10:48:53;26383.5
2026-05-20 10:49:08;88194.2
2026-05-20 10:49:23;88783.6
2026-05-20 10:49:39;84988.6
2026-05-20 10:49:54;87570.7
2026-05-20 10:50:12;88553.6
2026-05-20 10:50:24;76449.8
2026-05-20 10:50:53;36620.3
2026-05-20 10:51:06;26376.3
2026-05-20 10:51:21;31553.1
2026-05-20 10:51:37;23866.1
2026-05-20 10:51:52;22270.5
2026-05-20 10:52:07;21014.5
2026-05-20 10:52:22;20263.4
2026-05-20 10:52:38;19817.7
2026-05-20 10:52:53;19537.4
2026-05-20 10:53:08;19402.7
2026-05-20 10:53:23;19499.7
2026-05-20 10:53:39;19891.4
2026-05-20 10:53:54;20461.0
2026-05-20 10:54:09;20957.0
2026-05-20 10:54:24;21305.5
2026-05-20 10:54:40;21549.9
2026-05-20 10:54:55;21824.8
2026-05-20 10:55:10;22150.1
2026-05-20 10:55:25;22556.2
2026-05-20 10:55:41;22171.6
2026-05-20 10:55:56;21302.0
2026-05-20 10:56:12;20374.8
2026-05-20 10:56:27;19591.3
2026-05-20 10:56:42;18955.2
2026-05-20 10:56:57;18382.0
2026-05-20 10:57:13;17796.2
2026-05-20 10:57:28;17397.3
2026-05-20 10:57:43;16998.4
2026-05-20 10:57:58;16727.1
2026-05-20 10:58:14;16053.3
2026-05-20 10:58:29;15544.8
2026-05-20 10:58:45;15100.9
2026-05-20 10:59:00;14786.5
2026-05-20 10:59:15;14642.7
2026-05-20 10:59:30;14542.1
2026-05-20 10:59:46;14473.8
2026-05-20 11:00:01;14434.3
2026-05-20 11:00:16;14499.0
2026-05-20 11:00:31;14660.7
2026-05-20 11:00:47;14948.2
2026-05-20 11:01:02;15291.4
2026-05-20 11:01:18;15604.1
2026-05-20 11:01:33;15967.0
2026-05-20 11:01:49;16461.2
2026-05-20 11:02:03;16917.6
2026-05-20 11:02:19;17230.2
2026-05-20 11:02:34;17476.4
2026-05-20 11:02:50;17749.5
2026-05-20 11:03:05;18029.8
2026-05-20 11:03:20;18595.9
2026-05-20 11:03:35;23761.9
2026-05-20 11:03:51;37808.0
2026-05-20 11:04:06;50109.4
2026-05-20 11:04:22;57413.7
2026-05-20 11:04:37;26439.2
2026-05-20 11:04:52;60096.5
2026-05-20 11:05:07;56488.4
2026-05-20 11:05:23;69628.9
2026-05-20 11:05:38;66930.0
2026-05-20 11:05:54;60944.6
2026-05-20 11:06:09;49839.9
2026-05-20 11:06:24;36712.0
2026-05-20 11:06:39;52788.6
2026-05-20 11:06:55;47432.1
2026-05-20 11:07:10;30178.5
2026-05-20 11:07:25;55974.4
2026-05-20 11:07:40;70092.5
2026-05-20 11:07:56;41696.5
2026-05-20 11:08:11;43976.7
2026-05-20 11:08:26;50100.5
2026-05-20 11:08:41;40318.3
2026-05-20 11:08:57;30823.6
2026-05-20 11:09:13;27945.0
2026-05-20 11:09:28;26002.6
2026-05-20 11:09:43;25084.4
2026-05-20 11:09:58;24295.5
2026-05-20 11:10:13;23610.9
2026-05-20 11:10:29;23014.4
2026-05-20 11:10:44;22626.3
2026-05-20 11:11:00;22473.5
2026-05-20 11:11:15;22268.7
2026-05-20 11:11:30;22699.9
2026-05-20 11:11:45;23724.1
2026-05-20 11:12:01;32058.0
2026-05-20 11:12:16;44594.8
2026-05-20 11:12:31;44880.5
2026-05-20 11:12:46;61907.7
2026-05-20 11:13:02;69995.5
2026-05-20 11:13:17;51913.5
2026-05-20 11:13:33;69010.8
2026-05-20 11:13:48;61095.5
2026-05-20 11:14:03;46973.9
2026-05-20 11:14:18;42668.6
2026-05-20 11:14:34;49728.5
2026-05-20 11:14:49;55782.2
2026-05-20 11:15:04;58305.0
2026-05-20 11:15:19;67424.1
2026-05-20 11:15:35;50718.6
2026-05-20 11:15:50;70504.0
2026-05-20 11:16:05;37894.3
2026-05-20 11:16:20;33114.6
2026-05-20 11:16:36;31240.5
2026-05-20 11:16:51;29095.0
2026-05-20 11:17:07;27547.9
2026-05-20 11:17:22;26778.8
2026-05-20 11:17:37;26592.0
2026-05-20 11:17:52;27059.1
2026-05-20 11:18:08;30433.7
2026-05-20 11:18:23;37570.9
2026-05-20 11:18:38;61835.9
2026-05-20 11:18:53;46418.7
2026-05-20 11:19:09;37218.7
2026-05-20 11:19:24;24522.0
2026-05-20 11:19:39;24074.5
2026-05-20 11:19:55;27053.7
2026-05-20 11:20:10;29939.5
2026-05-20 11:20:25;24928.0
2026-05-20 11:20:41;25116.7
2026-05-20 11:20:56;39518.7
2026-05-20 11:21:11;59627.5
2026-05-20 11:21:26;52001.6
2026-05-20 11:21:42;49983.7
2026-05-20 11:21:57;47746.6
2026-05-20 11:22:13;50556.9
2026-05-20 11:22:28;46655.9
2026-05-20 11:22:43;41890.5
2026-05-20 11:22:58;28681.7
2026-05-20 11:23:14;39878.0
2026-05-20 11:23:29;40075.7
2026-05-20 11:23:44;46276.7
2026-05-20 11:23:59;49883.0
2026-05-20 11:24:15;56743.5
2026-05-20 11:24:34;65641.6
2026-05-20 11:24:56;44125.9
2026-05-20 11:25:16;70906.5
2026-05-20 11:25:32;45168.0
2026-05-20 11:25:47;38215.9
2026-05-20 11:26:04;33209.8
2026-05-20 11:26:17;45053.0
2026-05-20 11:26:33;28785.9
2026-05-20 11:26:48;29280.1
2026-05-20 11:27:04;43791.6
2026-05-20 11:27:19;28351.1
2026-05-20 11:27:34;29673.6
2026-05-20 11:27:49;27706.0
2026-05-20 11:28:05;34011.3
2026-05-20 11:28:20;27772.5
2026-05-20 11:28:35;27709.6
2026-05-20 11:28:50;27959.4
2026-05-20 11:29:06;27921.6
2026-05-20 11:29:21;28401.4
2026-05-20 11:29:37;28591.9
2026-05-20 11:29:52;27984.5
2026-05-20 11:30:07;29538.8
2026-05-20 11:30:22;30422.9
2026-05-20 11:30:38;32462.3
2026-05-20 11:30:53;31984.4
2026-05-20 11:31:08;32622.3
2026-05-20 11:31:23;29109.4
2026-05-20 11:31:39;42812.3
2026-05-20 11:31:55;45385.5
2026-05-20 11:32:10;43299.3
2026-05-20 11:32:25;45498.7
2026-05-20 11:32:40;62215.0
2026-05-20 11:32:55;62960.7
2026-05-20 11:33:11;59920.4
2026-05-20 11:33:26;63138.6
2026-05-20 11:33:41;47658.5
2026-05-20 11:33:56;41400.0
2026-05-20 11:34:12;32859.5
2026-05-20 11:34:27;37180.9
2026-05-20 11:34:43;41888.8
2026-05-20 11:34:58;41689.3
2026-05-20 11:35:13;39195.2
2026-05-20 11:35:28;39006.6
2026-05-20 11:35:44;39874.5
2026-05-20 11:35:59;42208.6
2026-05-20 11:36:14;44819.5
2026-05-20 11:36:29;44370.2
2026-05-20 11:36:45;48188.6
2026-05-20 11:37:00;49027.7
2026-05-20 11:37:16;49155.3
2026-05-20 11:37:31;46808.6
2026-05-20 11:37:46;49478.7
2026-05-20 11:38:01;56704.0
2026-05-20 11:38:17;52754.4
2026-05-20 11:38:32;54421.9
2026-05-20 11:38:47;68042.3
2026-05-20 11:39:02;66586.8
2026-05-20 11:39:18;65625.5
2026-05-20 11:39:33;56968.1
2026-05-20 11:39:49;65012.7
2026-05-20 11:40:04;64755.8
2026-05-20 11:40:19;68209.4
2026-05-20 11:40:34;57733.6
2026-05-20 11:40:50;60405.5
2026-05-20 11:41:05;50882.1
2026-05-20 11:41:20;49212.8
2026-05-20 11:41:35;33748.9
2026-05-20 11:41:51;45847.3
2026-05-20 11:42:06;29247.7
2026-05-20 11:42:22;28387.0
2026-05-20 11:42:37;29977.3
2026-05-20 11:42:52;23539.1
2026-05-20 11:43:38;26401.5
2026-05-20 11:43:53;21373.8
2026-05-20 11:44:08;27905.5
2026-05-20 11:44:24;36498.1
2026-05-20 11:44:39;23195.9
2026-05-20 11:44:54;18716.2
2026-05-20 11:45:09;28566.7
2026-05-20 11:45:25;18078.4
2026-05-20 11:45:40;10907.0
2026-05-20 11:45:56;17941.8
2026-05-20 11:46:11;17722.6
2026-05-20 11:46:56;18435.9
2026-05-20 11:46:56;19718.9
2026-05-20 11:47:19;27095.1
2026-05-20 11:47:46;29635.9
2026-05-20 11:47:50;39932.0
2026-05-20 11:48:05;50790.5
2026-05-20 11:48:20;47211.1
2026-05-20 11:48:36;30475.0
2026-05-20 11:48:51;39286.9
2026-05-20 11:49:06;49435.6
2026-05-20 11:49:22;38934.7
2026-05-20 11:49:37;48397.0
2026-05-20 11:49:52;52932.3
2026-05-20 11:50:08;26759.1
2026-05-20 11:50:23;26052.9
2026-05-20 11:50:38;25095.2
2026-05-20 11:50:53;24047.6
2026-05-20 11:51:09;22752.0
2026-05-20 11:51:24;21878.7
2026-05-20 11:51:39;21470.9
2026-05-20 11:51:55;21470.9
2026-05-20 11:52:10;21801.5
2026-05-20 11:52:25;24631.6
2026-05-20 11:52:43;31653.7
2026-05-20 11:52:56;26105.0
2026-05-20 11:53:11;25742.0
2026-05-20 11:53:26;23905.6
2026-05-20 11:53:42;23321.6
2026-05-20 11:53:57;24714.2
2026-05-20 11:54:12;24381.8
2026-05-20 11:54:28;38345.3
2026-05-20 11:54:43;42855.5
2026-05-20 11:54:58;47090.7
2026-05-20 11:55:14;45151.9
2026-05-20 11:55:29;45496.9
2026-05-20 11:55:44;45337.0
2026-05-20 11:55:59;49369.1
2026-05-20 11:56:15;50028.6
2026-05-20 11:56:30;45367.5
2026-05-20 11:56:46;54342.9
2026-05-20 11:57:01;55377.9
2026-05-20 11:57:16;54208.1
2026-05-20 11:57:31;54193.7
2026-05-20 11:57:47;55690.5
2026-05-20 11:58:02;55731.9
2026-05-20 11:58:17;55949.3
2026-05-20 11:58:32;55868.4
2026-05-20 11:58:48;55746.2
2026-05-20 11:59:03;56270.9
2026-05-20 11:59:19;56842.3
2026-05-20 11:59:34;58008.5
2026-05-20 11:59:49;58506.2
2026-05-20 12:00:05;60123.4
2026-05-20 12:00:34;63413.5
2026-05-20 12:00:36;66292.1
2026-05-20 12:00:50;67887.7
2026-05-20 12:01:05;68425.0
2026-05-20 12:01:21;67614.6
2026-05-20 12:01:37;68204.0
2026-05-20 12:01:52;69395.3
2026-05-20 12:02:07;69693.6
2026-05-20 12:02:22;68827.5
2026-05-20 12:02:38;68507.7
2026-05-20 12:02:53;68879.6
2026-05-20 12:03:08;67131.3
2026-05-20 12:03:23;65736.9
2026-05-20 12:03:39;62937.3
2026-05-20 12:03:54;61981.4
2026-05-20 12:04:09;60842.2
2026-05-20 12:04:24;58998.6
2026-05-20 12:04:40;59694.0
2026-05-20 12:04:55;58729.1
2026-05-20 12:05:13;55933.1
2026-05-20 12:05:25;54484.8
2026-05-20 12:05:41;54328.5
2026-05-20 12:05:56;53412.1
2026-05-20 12:06:11;48934.3
2026-05-20 12:06:26;38587.9
2026-05-20 12:06:42;32548.6
2026-05-20 12:06:57;28476.9
2026-05-20 12:07:12;27670.1
2026-05-20 12:07:27;27172.3
2026-05-20 12:07:43;26631.5
2026-05-20 12:07:58;26148.1
2026-05-20 12:08:13;25934.3
2026-05-20 12:08:28;25763.6
2026-05-20 12:08:44;25794.1
2026-05-20 12:08:59;26439.2
2026-05-20 12:09:14;28606.2
2026-05-20 12:09:29;45157.3
2026-05-20 12:09:45;48132.9
2026-05-20 12:10:00;51412.2
2026-05-20 12:10:16;47651.3
2026-05-20 12:10:31;57137.0
2026-05-20 12:10:46;62502.5
2026-05-20 12:11:01;63253.6
2026-05-20 12:11:17;63591.4
2026-05-20 12:11:32;64207.7
2026-05-20 12:11:47;66448.4
2026-05-20 12:12:02;67567.9
2026-05-20 12:12:18;66577.8
2026-05-20 12:12:33;65927.3
2026-05-20 12:12:49;64265.2
2026-05-20 12:13:04;63675.9
2026-05-20 12:13:19;63523.1
2026-05-20 12:13:34;62933.7
2026-05-20 12:13:50;63021.8
2026-05-20 12:14:05;62793.6
2026-05-20 12:14:20;62477.3
2026-05-20 12:14:35;61922.1
2026-05-20 12:14:51;60815.2
2026-05-20 12:15:06;61070.4
2026-05-20 12:15:21;61560.9
2026-05-20 12:15:36;62062.3
2026-05-20 12:15:52;63061.3
2026-05-20 12:16:07;63251.8
2026-05-20 12:16:24;63774.7
2026-05-20 12:16:37;63309.3
2026-05-20 12:16:53;62308.4
2026-05-20 12:17:08;60197.1
2026-05-20 12:17:24;61063.2
2026-05-20 12:17:39;62538.4
2026-05-20 12:17:54;64599.4
2026-05-20 12:18:09;66353.2
2026-05-20 12:18:25;69111.4
2026-05-20 12:18:40;70033.2
2026-05-20 12:18:55;70728.6
2026-05-20 12:19:11;70092.5
2026-05-20 12:19:26;69386.3
2026-05-20 12:19:42;69902.0
2026-05-20 12:19:56;69341.4
2026-05-20 12:20:11;70177.0
2026-05-20 12:20:27;69821.2
2026-05-20 12:20:42;69003.6
2026-05-20 12:20:57;63433.3
2026-05-20 12:21:12;48821.1
2026-05-20 12:21:28;44275.0
2026-05-20 12:21:43;43304.7
2026-05-20 12:21:58;55244.9
2026-05-20 12:22:13;47383.6
2026-05-20 12:22:29;33743.5
2026-05-20 12:22:44;31138.0
2026-05-20 12:22:59;31323.1
2026-05-20 12:23:14;30491.2
2026-05-20 12:23:31;29614.3
2026-05-20 12:23:45;28656.6
2026-05-20 12:24:00;28286.4
2026-05-20 12:24:15;28095.9
2026-05-20 12:24:31;28101.3
2026-05-20 12:24:46;27759.9
2026-05-20 12:25:01;27982.7
2026-05-20 12:25:16;28983.6
2026-05-20 12:25:32;26502.1
2026-05-20 12:25:48;27202.9
2026-05-20 12:26:03;29553.2
2026-05-20 12:26:19;24987.3
2026-05-20 12:26:33;24281.2
2026-05-20 12:26:48;24049.4
2026-05-20 12:27:04;24070.9
2026-05-20 12:27:19;28293.6
2026-05-20 12:27:34;24396.2
2026-05-20 12:27:49;23826.6
2026-05-20 12:28:05;24412.3
2026-05-20 12:28:20;32103.0
2026-05-20 12:28:36;44968.6
2026-05-20 12:28:50;29033.9
2026-05-20 12:29:10;24717.8
2026-05-20 12:29:21;24369.2
2026-05-20 12:29:37;25734.8
2026-05-20 12:29:58;31359.1
2026-05-20 12:30:07;49376.3
2026-05-20 12:30:23;54111.1
2026-05-20 12:30:41;54802.9
2026-05-20 12:30:54;60033.6
2026-05-20 12:31:08;60225.9
2026-05-20 12:31:25;61135.1
2026-05-20 12:31:39;43290.3
2026-05-20 12:31:54;26202.0
2026-05-20 12:32:11;44443.9
2026-05-20 12:32:25;61758.6
2026-05-20 12:32:40;61298.6
2026-05-20 12:32:56;62398.3
2026-05-20 12:33:11;62547.4
2026-05-20 12:33:26;63774.7
2026-05-20 12:33:41;65882.4
2026-05-20 12:33:56;59347.2
2026-05-20 12:34:11;37191.7
2026-05-20 12:34:27;39666.0
2026-05-20 12:34:42;60531.3
2026-05-20 12:34:58;59577.2
2026-05-20 12:35:13;63663.3
2026-05-20 12:35:32;67134.8
2026-05-20 12:35:50;66561.6
2026-05-20 12:36:03;67675.7
2026-05-20 12:36:18;67738.6
2026-05-20 12:36:34;67201.3
2026-05-20 12:36:49;66387.3
2026-05-20 12:37:04;63194.3
2026-05-20 12:37:24;62437.8
2026-05-20 12:37:55;58872.8
2026-05-20 12:37:55;38807.1
2026-05-20 12:38:14;27432.9
2026-05-20 12:38:25;25343.1
2026-05-20 12:38:40;23844.5
2026-05-20 12:38:59;22759.2
2026-05-20 12:39:11;21893.1
2026-05-20 12:39:26;21070.2
2026-05-20 12:39:42;20346.0
2026-05-20 12:39:57;19625.5
2026-05-20 12:40:12;19016.3
2026-05-20 12:40:27;18554.5
2026-05-20 12:40:42;18148.4
2026-05-20 12:40:58;17781.9
2026-05-20 12:41:13;17399.1
2026-05-20 12:41:29;17039.8
2026-05-20 12:41:44;16741.5
2026-05-20 12:42:02;16545.6
2026-05-20 12:42:14;16436.0
2026-05-20 12:42:30;16367.7
2026-05-20 12:42:45;16294.1
2026-05-20 12:43:00;16162.9
2026-05-20 12:43:15;16085.6
2026-05-20 12:43:31;16143.1
2026-05-20 12:43:46;16317.4
2026-05-20 12:44:01;16502.5
2026-05-20 12:44:16;16768.4
2026-05-20 12:44:32;17280.5
2026-05-20 12:44:47;18090.9
2026-05-20 12:45:03;19244.5
2026-05-20 12:45:18;20200.5
2026-05-20 12:45:33;24060.2
2026-05-20 12:45:48;26875.9
2026-05-20 12:46:04;31091.3
2026-05-20 12:46:19;49333.2
2026-05-20 12:46:34;31123.7
2026-05-20 12:46:49;32633.0
2026-05-20 12:47:05;34081.3
2026-05-20 12:47:20;59985.1
2026-05-20 12:47:36;63697.4
2026-05-20 12:47:51;64617.4
2026-05-20 12:48:06;66933.6
2026-05-20 12:48:30;68198.6
2026-05-20 12:48:37;69280.3
2026-05-20 12:48:52;69842.7
2026-05-20 12:49:07;70302.7
2026-05-20 12:49:22;70096.1
2026-05-20 12:49:38;71456.3
2026-05-20 12:49:53;71431.2
2026-05-20 12:50:09;70390.8
2026-05-20 12:50:24;69557.0
2026-05-20 12:50:39;68802.3
2026-05-20 12:50:54;67443.9
2026-05-20 12:51:10;65438.6
2026-05-20 12:51:25;63550.1
2026-05-20 12:51:40;60919.4
2026-05-20 12:52:01;59694.0
2026-05-20 12:52:11;52673.6
2026-05-20 12:52:26;45619.1
2026-05-20 12:52:42;42801.6
2026-05-20 12:52:56;50211.9
2026-05-20 12:53:12;55415.6
2026-05-20 12:53:27;54910.7
2026-05-20 12:53:43;52932.3
2026-05-20 12:54:00;50229.8
2026-05-20 12:54:16;47550.7
2026-05-20 12:54:30;40005.6
2026-05-20 12:54:44;37315.7
2026-05-20 12:54:59;44968.6
2026-05-20 12:55:14;57936.6
2026-05-20 12:55:29;58281.6
2026-05-20 12:55:45;58312.2
2026-05-20 12:56:00;60908.7
2026-05-20 12:56:15;61755.0
2026-05-20 12:56:30;62367.7
2026-05-20 12:56:46;62507.9
2026-05-20 12:57:01;63528.5
2026-05-20 12:57:16;64410.8
2026-05-20 12:57:31;64525.8
2026-05-20 12:57:47;64288.6
2026-05-20 12:58:02;64509.6
2026-05-20 12:58:18;65821.3
2026-05-20 12:58:33;65620.1
2026-05-20 12:58:48;65278.7
2026-05-20 12:59:03;64682.1
2026-05-20 12:59:19;64225.7
2026-05-20 12:59:34;64295.8
2026-05-20 12:59:49;64040.6
2026-05-20 13:00:04;64227.5
2026-05-20 13:00:20;63713.6
2026-05-20 13:00:35;62283.3
2026-05-20 13:00:50;62365.9
2026-05-20 13:01:05;64038.8
2026-05-20 13:01:21;65859.1
2026-05-20 13:01:36;66858.1
2026-05-20 13:01:51;67738.6
2026-05-20 13:02:06;68008.1
2026-05-20 13:02:22;68144.7
2026-05-20 13:02:37;68026.1
2026-05-20 13:02:52;68020.7
2026-05-20 13:03:07;67975.8
2026-05-20 13:03:23;67670.3
2026-05-20 13:03:38;68266.9
2026-05-20 13:03:55;68489.7
2026-05-20 13:04:08;68549.0
2026-05-20 13:04:24;70011.6
2026-05-20 13:04:39;70843.6
2026-05-20 13:04:54;70430.3
2026-05-20 13:05:09;70317.1
2026-05-20 13:05:27;68708.9
2026-05-20 13:05:40;68248.9
2026-05-20 13:05:55;69422.3
2026-05-20 13:06:10;69497.7
2026-05-20 13:06:26;69100.6
2026-05-20 13:06:41;71084.4
2026-05-20 13:06:56;71988.2
2026-05-20 13:07:11;72733.9
2026-05-20 13:07:27;72791.4
2026-05-20 13:07:42;73603.6
2026-05-20 13:07:57;73470.6
2026-05-20 13:08:12;73373.6
2026-05-20 13:08:28;72378.1
2026-05-20 13:08:43;71041.3
2026-05-20 13:08:58;69292.9
2026-05-20 13:09:13;67898.5
2026-05-20 13:09:29;64633.6
2026-05-20 13:09:44;64022.7
2026-05-20 13:10:00;63406.3
2026-05-20 13:10:14;63465.6
2026-05-20 13:10:30;58824.3
2026-05-20 13:10:45;58538.6
2026-05-20 13:11:00;45829.3
2026-05-20 13:11:15;31132.7
2026-05-20 13:11:32;25945.1
2026-05-20 13:11:46;25528.2
2026-05-20 13:12:02;25704.3
2026-05-20 13:12:16;26403.3
2026-05-20 13:12:32;48127.5
2026-05-20 13:12:47;53113.8
2026-05-20 13:13:02;53392.3
2026-05-20 13:13:18;50199.3
2026-05-20 13:13:33;47401.6
2026-05-20 13:13:48;44134.8
2026-05-20 13:14:03;17047.0
2026-05-20 13:14:18;14702.0
2026-05-20 13:14:34;13383.1
2026-05-20 13:14:49;12405.6
2026-05-20 13:15:05;11537.7
2026-05-20 13:15:19;10899.8
2026-05-20 13:15:35;10319.5
2026-05-20 13:15:50;9832.5
2026-05-20 13:16:06;9494.7
2026-05-20 13:16:21;9288.0
2026-05-20 13:16:36;9185.6
2026-05-20 13:16:51;9077.8
2026-05-20 13:17:07;8878.4
2026-05-20 13:17:22;8643.0
2026-05-20 13:17:37;8405.8
2026-05-20 13:17:52;8143.4
2026-05-20 13:18:08;7893.7
2026-05-20 13:18:23;7735.5
2026-05-20 13:18:39;7552.3
2026-05-20 13:18:54;7424.7
2026-05-20 13:19:09;7372.6
2026-05-20 13:19:24;7394.1
2026-05-20 13:19:40;7435.5
2026-05-20 13:19:55;7532.5
2026-05-20 13:20:10;7681.6
2026-05-20 13:20:25;7590.0
2026-05-20 13:20:41;7466.0
2026-05-20 13:20:56;7349.2
2026-05-20 13:21:12;7234.2
2026-05-20 13:21:27;7322.3
2026-05-20 13:21:42;7485.8
2026-05-20 13:21:57;7545.1
2026-05-20 13:22:13;7467.8
2026-05-20 13:22:28;7352.8
2026-05-20 13:22:43;7099.5
2026-05-20 13:22:58;6688.0
2026-05-20 13:23:14;6759.8
2026-05-20 13:23:29;6761.6
2026-05-20 13:23:45;6732.9
2026-05-20 13:24:00;6682.6
2026-05-20 13:24:15;6628.7
2026-05-20 13:24:30;6540.6
2026-05-20 13:24:46;6431.0
2026-05-20 13:25:01;6400.5
2026-05-20 13:25:17;6253.1
2026-05-20 13:25:32;6060.9
2026-05-20 13:25:47;5807.5
2026-05-20 13:26:02;5511.0
2026-05-20 13:26:18;5210.9
2026-05-20 13:26:33;4955.8
2026-05-20 13:26:48;4724.0
2026-05-20 13:27:03;4515.5
2026-05-20 13:27:18;4326.9
2026-05-20 13:27:33;4143.6
2026-05-20 13:27:48;3962.1
2026-05-20 13:28:03;3800.4
2026-05-20 13:28:18;3633.3
2026-05-20 13:28:33;3485.9
2026-05-20 13:28:48;3327.8
2026-05-20 13:29:03;2255.1
2026-05-20 13:29:18;2945.1
2026-05-20 13:29:33;657.7
2026-05-21 08:07:38;4317.9
2026-05-21 08:07:53;10793.8
2026-05-21 08:08:08;7410.3
2026-05-21 08:08:23;7300.7
2026-05-21 08:08:38;11828.8
2026-05-21 08:08:54;11801.9
2026-05-21 08:09:08;11783.9
2026-05-21 08:09:23;11771.3
2026-05-21 08:09:38;11742.6
2026-05-21 08:09:53;11713.8
2026-05-21 08:10:08;11704.8
2026-05-21 08:10:23;11688.7
2026-05-21 08:10:39;11668.9
2026-05-21 08:10:55;11652.7
2026-05-21 08:11:09;11595.2
2026-05-21 08:11:24;11557.5
2026-05-21 08:11:39;11498.2
2026-05-21 08:11:54;11491.0
2026-05-21 08:12:09;11464.1
2026-05-21 08:12:26;11422.7
2026-05-21 08:12:39;11359.8
2026-05-21 08:12:54;11316.7
2026-05-21 08:13:09;11226.9
2026-05-21 08:13:24;11212.5
2026-05-21 08:13:39;11235.9
2026-05-21 08:13:54;11228.7
2026-05-21 08:14:09;11169.4
2026-05-21 08:14:24;11162.2
2026-05-21 08:14:39;11131.6
2026-05-21 08:14:54;11099.3
2026-05-21 08:15:09;11058.0
2026-05-21 08:15:24;10986.1
2026-05-21 08:15:39;10937.6
2026-05-21 08:15:55;10937.6
2026-05-21 08:16:37;10943.0
2026-05-21 08:16:51;10903.4
2026-05-21 08:17:10;10844.1
2026-05-21 08:17:25;10792.0
2026-05-21 08:17:41;10743.5
2026-05-21 08:17:52;10669.8
2026-05-21 08:18:43;10418.3
2026-05-21 08:19:23;10308.7
2026-05-21 08:19:27;10215.2
2026-05-21 08:19:44;10030.2
2026-05-21 08:20:09;9933.1
2026-05-21 08:20:45;9789.4
2026-05-21 08:20:45;9613.3
2026-05-21 08:20:51;9437.2
2026-05-21 08:21:03;9244.9
2026-05-21 08:21:18;8966.4
2026-05-21 08:21:33;8761.6
2026-05-21 08:21:48;8669.9
2026-05-21 08:22:03;8608.8
2026-05-21 08:22:18;8607.0
2026-05-21 08:22:33;8617.8
2026-05-21 08:22:48;8623.2
2026-05-21 08:23:03;8630.4
2026-05-21 08:23:33;8637.6
2026-05-21 08:23:37;8653.7
2026-05-21 08:23:53;8668.1
2026-05-21 08:24:08;8675.3
2026-05-21 08:24:23;8684.3
2026-05-21 08:25:31;8761.6
2026-05-21 08:25:46;8786.7
2026-05-21 08:26:01;8795.7
2026-05-21 08:27:10;8610.6
2026-05-21 08:27:25;8492.0
2026-05-21 08:27:40;8387.8
2026-05-21 08:27:56;8267.4
2026-05-21 08:28:10;8184.8
2026-05-21 08:28:25;8125.5
2026-05-21 08:28:58;8068.0
2026-05-21 08:28:58;8012.3
2026-05-21 08:29:11;7951.2
2026-05-21 08:29:26;7895.5
2026-05-21 08:29:41;7863.1
2026-05-21 08:29:56;7827.2
2026-05-21 08:30:11;7807.4
2026-05-21 08:30:26;7789.5
2026-05-21 08:30:41;7785.9
2026-05-21 08:30:56;7787.7
2026-05-21 08:31:11;7796.6
2026-05-21 08:31:27;7802.0
2026-05-21 08:31:42;7814.6
2026-05-21 08:31:56;7843.4
2026-05-21 08:32:12;7879.3
2026-05-21 08:32:27;7915.2
2026-05-21 08:32:42;7958.4
2026-05-21 08:32:59;8005.1
2026-05-21 08:33:12;8024.8
2026-05-21 08:33:27;8037.4
2026-05-21 08:33:42;8030.2
2026-05-21 08:33:57;7994.3
2026-05-21 08:34:12;7911.6
2026-05-21 08:34:27;7847.0
2026-05-21 08:34:42;7758.9
2026-05-21 08:34:57;7685.2
2026-05-21 08:35:13;7640.3
2026-05-21 08:35:28;7604.4
2026-05-21 08:35:42;7586.4
2026-05-21 08:35:57;7572.0
2026-05-21 08:36:12;7572.0
2026-05-21 08:36:27;7559.5
2026-05-21 08:36:42;7532.5
2026-05-21 08:36:57;7498.4
2026-05-21 08:37:12;7455.2
2026-05-21 08:37:28;7440.9
2026-05-21 08:37:43;7430.1
2026-05-21 08:37:58;7408.5
2026-05-21 08:38:13;7387.0
2026-05-21 08:38:28;7369.0
2026-05-21 08:38:44;7347.4
2026-05-21 08:38:58;7334.8
2026-05-21 08:39:14;7329.5
2026-05-21 08:39:28;7325.9
2026-05-21 08:39:43;7318.7
2026-05-21 08:39:58;7311.5
2026-05-21 08:40:13;7295.3
2026-05-21 08:40:28;7272.0
2026-05-21 08:40:46;7263.0
2026-05-21 08:40:58;7239.6
2026-05-21 08:41:13;7221.6
2026-05-21 08:41:28;7203.7
2026-05-21 08:41:43;7176.7
2026-05-21 08:41:58;7146.2
2026-05-21 08:42:14;7117.4
2026-05-21 08:42:29;7101.2
2026-05-21 08:42:44;7088.7
2026-05-21 08:42:59;7081.5
2026-05-21 08:43:14;7067.1
2026-05-21 08:43:29;7038.4
2026-05-21 08:43:44;7024.0
2026-05-21 08:43:59;7006.0
2026-05-21 08:44:20;6997.0
2026-05-21 08:44:32;6989.8
2026-05-21 08:44:44;6984.5
2026-05-21 08:44:59;6980.9
2026-05-21 08:45:16;6982.7
2026-05-21 08:45:29;6989.8
2026-05-21 08:45:44;7002.4
2026-05-21 08:45:59;6995.2
2026-05-21 08:46:15;6998.8
2026-05-21 08:46:30;7006.0
2026-05-21 08:46:45;7034.8
2026-05-21 08:46:59;7063.5
2026-05-21 08:47:14;7095.9
2026-05-21 08:47:30;7124.6
2026-05-21 08:47:45;7158.7
2026-05-21 08:48:00;7207.3
2026-05-21 08:48:15;7236.0
2026-05-21 08:48:30;7268.4
2026-05-21 08:48:45;7306.1
2026-05-21 08:49:00;7329.5
2026-05-21 08:49:15;7352.8
2026-05-21 08:49:30;7394.1
2026-05-21 08:49:45;7437.3
2026-05-21 08:50:00;7484.0
2026-05-21 08:50:15;7541.5
2026-05-21 08:50:30;7599.0
2026-05-21 08:50:45;7663.7
2026-05-21 08:51:01;7730.2
2026-05-21 08:51:16;7798.4
2026-05-21 08:51:30;7882.9
2026-05-21 08:51:45;7954.8
2026-05-21 08:52:00;8014.1
2026-05-21 08:52:15;8057.2
2026-05-21 08:52:30;8114.7
2026-05-21 08:52:46;8184.8
2026-05-21 08:53:01;8269.2
2026-05-21 08:53:16;8369.8
2026-05-21 08:53:31;8472.3
2026-05-21 08:53:46;8589.1
2026-05-21 08:54:01;8714.8
2026-05-21 08:54:16;8862.2
2026-05-21 08:54:32;9011.3
2026-05-21 08:54:46;9151.5
2026-05-21 08:55:02;9302.4
2026-05-21 08:55:16;9485.7
2026-05-21 08:55:31;9669.0
2026-05-21 08:55:46;9868.4
2026-05-21 08:56:01;10096.6
2026-05-21 08:56:16;10366.2
2026-05-21 08:56:31;10648.3
2026-05-21 08:56:46;10962.7
2026-05-21 08:57:05;11246.6
2026-05-21 08:57:19;11539.5
2026-05-21 08:57:32;11819.8
2026-05-21 08:57:46;12130.7
2026-05-21 08:58:06;12436.2
2026-05-21 08:58:17;12641.0
2026-05-21 08:58:32;12802.7
2026-05-21 08:58:47;12889.0
2026-05-21 08:59:02;12919.5
2026-05-21 08:59:17;12978.8
2026-05-21 08:59:33;13108.2
2026-05-21 08:59:47;13205.2
2026-05-21 09:00:02;13322.0
2026-05-21 09:00:17;13494.5
2026-05-21 09:00:32;13658.0
2026-05-21 09:00:47;13954.5
2026-05-21 09:01:02;14301.3
2026-05-21 09:01:17;14639.1
2026-05-21 09:01:32;14899.7
2026-05-21 09:01:47;15100.9
2026-05-21 09:02:02;15286.0
2026-05-21 09:02:19;15456.7
2026-05-21 09:02:33;15580.7
2026-05-21 09:02:47;15683.1
2026-05-21 09:03:03;15787.3
2026-05-21 09:03:18;15821.5
2026-05-21 09:03:33;15961.6
2026-05-21 09:03:48;16053.3
2026-05-21 09:04:03;16144.9
2026-05-21 09:04:18;16243.7
2026-05-21 09:04:33;16328.2
2026-05-21 09:04:48;16425.2
2026-05-21 09:05:03;16509.7
2026-05-21 09:05:18;16599.5
2026-05-21 09:05:33;16702.0
2026-05-21 09:05:48;16784.6
2026-05-21 09:06:03;16892.4
2026-05-21 09:06:19;16975.1
2026-05-21 09:06:33;17063.1
2026-05-21 09:06:50;17162.0
2026-05-21 09:07:03;17250.0
2026-05-21 09:07:18;17330.9
2026-05-21 09:07:33;17399.1
2026-05-21 09:07:48;17415.3
2026-05-21 09:08:03;17427.9
2026-05-21 09:08:18;17422.5
2026-05-21 09:08:33;17404.5
2026-05-21 09:08:48;17409.9
2026-05-21 09:09:03;17400.9
2026-05-21 09:09:18;17392.0
2026-05-21 09:09:33;17359.6
2026-05-21 09:09:48;17320.1
2026-05-21 09:10:04;17277.0
2026-05-21 09:10:18;17219.5
2026-05-21 09:10:33;17232.0
2026-05-21 09:10:49;17275.2
2026-05-21 09:11:04;17287.7
2026-05-21 09:11:19;17284.1
2026-05-21 09:11:34;17277.0
2026-05-21 09:11:49;17271.6
2026-05-21 09:12:04;17192.5
2026-05-21 09:12:19;17115.2
2026-05-21 09:12:34;17102.7
2026-05-21 09:12:49;16998.4
2026-05-21 09:13:04;16940.9
2026-05-21 09:13:19;16856.5
2026-05-21 09:13:34;16790.0
2026-05-21 09:13:49;16716.3
2026-05-21 09:14:04;16725.3
2026-05-21 09:14:19;16759.5
2026-05-21 09:14:34;16834.9
2026-05-21 09:14:49;16818.7
2026-05-21 09:15:04;16714.5
2026-05-21 09:15:19;16631.9
2026-05-21 09:15:34;16604.9
2026-05-21 09:15:49;16657.0
2026-05-21 09:16:04;16831.3
2026-05-21 09:16:19;17082.9
2026-05-21 09:16:34;17350.6
2026-05-21 09:16:49;17639.9
2026-05-21 09:17:06;17825.0
2026-05-21 09:17:19;17970.5
2026-05-21 09:17:34;18101.7
2026-05-21 09:17:49;18110.7
2026-05-21 09:18:04;18128.7
2026-05-21 09:18:19;18017.3
2026-05-21 09:18:34;17898.7
2026-05-21 09:18:49;17789.1
2026-05-21 09:19:04;17622.0
2026-05-21 09:19:19;17399.1
2026-05-21 09:19:34;17158.4
2026-05-21 09:19:49;16851.1
2026-05-21 09:20:04;16599.5
2026-05-21 09:20:20;16374.9
2026-05-21 09:20:35;16247.3
2026-05-21 09:20:50;16146.7
2026-05-21 09:21:04;16062.3
2026-05-21 09:21:20;16100.0
2026-05-21 09:21:35;16087.4
2026-05-21 09:21:50;16175.5
2026-05-21 09:22:05;16319.2
2026-05-21 09:22:20;16511.5
2026-05-21 09:22:35;13133.4
2026-05-21 09:22:50;17126.0
2026-05-21 09:23:05;17287.7
2026-05-21 09:23:20;17399.1
2026-05-21 09:23:35;17476.4
2026-05-21 09:23:50;17620.2
2026-05-21 09:24:05;17801.6
2026-05-21 09:24:20;17967.0
2026-05-21 09:24:35;18046.0
2026-05-21 09:24:50;18200.5
2026-05-21 09:25:05;18443.1
2026-05-21 09:25:20;18692.9
2026-05-21 09:25:35;18888.7
2026-05-21 09:25:50;19072.0
2026-05-21 09:26:05;19240.9
2026-05-21 09:26:20;19381.1
2026-05-21 09:26:35;19456.6
2026-05-21 09:26:50;19470.9
2026-05-21 09:27:05;19618.3
2026-05-21 09:27:20;19700.9
2026-05-21 09:27:35;19810.5
2026-05-21 09:27:50;19920.2
2026-05-21 09:28:05;20029.8
2026-05-21 09:28:20;20053.1
2026-05-21 09:28:35;20049.5
2026-05-21 09:28:50;20001.0
2026-05-21 09:29:05;19970.5
2026-05-21 09:29:20;19963.3
2026-05-21 09:29:35;20051.3
2026-05-21 09:29:50;20227.4
2026-05-21 09:30:05;20231.0
2026-05-21 09:30:20;20080.1
2026-05-21 09:30:35;19859.1
2026-05-21 09:30:50;19688.4
2026-05-21 09:31:05;19400.9
2026-05-21 09:31:20;19589.5
2026-05-21 09:31:37;19519.5
2026-05-21 09:31:50;19638.0
2026-05-21 09:32:05;19799.8
2026-05-21 09:32:20;20125.0
2026-05-21 09:32:36;20453.8
2026-05-21 09:32:51;20281.3
2026-05-21 09:33:06;18419.8
2026-05-21 09:33:21;19027.1
2026-05-21 09:33:37;19735.1
2026-05-21 09:33:52;19948.9
2026-05-21 09:34:07;20439.5
2026-05-21 09:34:22;21195.9
2026-05-21 09:34:38;22522.0
2026-05-21 09:34:53;22974.8
2026-05-21 09:35:09;22444.8
2026-05-21 09:35:24;22667.6
2026-05-21 09:35:40;23860.7
2026-05-21 09:35:55;22885.0
2026-05-21 09:36:10;20829.4
2026-05-21 09:36:25;19030.7
2026-05-21 09:36:41;17241.0
2026-05-21 09:36:56;15372.3
2026-05-21 09:37:12;14759.5
2026-05-21 09:37:26;14175.5
2026-05-21 09:37:42;13399.3
2026-05-21 09:37:57;13070.5
2026-05-21 09:38:13;12854.8
2026-05-21 09:38:28;12646.4
2026-05-21 09:38:43;12520.6
2026-05-21 09:38:58;12459.5
2026-05-21 09:39:13;12418.2
2026-05-21 09:39:28;12448.7
2026-05-21 09:39:43;12551.2
2026-05-21 09:39:58;12685.9
2026-05-21 09:40:14;12813.5
2026-05-21 09:40:29;12869.2
2026-05-21 09:40:44;12889.0
2026-05-21 09:40:58;13068.7
2026-05-21 09:41:13;13322.0
2026-05-21 09:41:28;13508.9
2026-05-21 09:41:44;13747.9
2026-05-21 09:41:58;14067.7
2026-05-21 09:42:13;14321.1
2026-05-21 09:42:28;14227.7
2026-05-21 09:42:43;14098.3
2026-05-21 09:42:58;14146.8
2026-05-21 09:43:13;14276.2
2026-05-21 09:43:30;14703.8
2026-05-21 09:43:43;14452.3
2026-05-21 09:43:59;14168.4
2026-05-21 09:44:14;13988.7
2026-05-21 09:44:28;13844.9
2026-05-21 09:44:43;13904.2
2026-05-21 09:44:58;14247.4
2026-05-21 09:45:15;14664.3
2026-05-21 09:45:46;15065.0
2026-05-21 09:45:58;15038.0
2026-05-21 09:46:13;14761.3
2026-05-21 09:46:28;14304.9
2026-05-21 09:46:43;13949.1
2026-05-21 09:46:58;13789.2
2026-05-21 09:47:13;14001.2
2026-05-21 09:47:28;14310.3
2026-05-21 09:47:43;15045.2
2026-05-21 09:47:58;15568.1
2026-05-21 09:48:13;15241.1
2026-05-21 09:48:29;14876.3
2026-05-21 09:48:43;14565.5
2026-05-21 09:48:58;14136.0
2026-05-21 09:49:14;13882.7
2026-05-21 09:49:45;14211.5
2026-05-21 09:50:15;14414.5
2026-05-21 09:50:23;14321.1
2026-05-21 09:50:35;14207.9
2026-05-21 09:50:48;13884.5
2026-05-21 09:51:03;13422.7
2026-05-21 09:51:18;13047.1
2026-05-21 09:51:33;12585.3
2026-05-21 09:51:49;12139.7
2026-05-21 09:52:08;11807.3
2026-05-21 09:52:18;11665.3
2026-05-21 09:52:34;11544.9
2026-05-21 09:52:49;11451.5
2026-05-21 09:53:03;11435.3
2026-05-21 09:53:18;11433.5
2026-05-21 09:53:33;11453.3
2026-05-21 09:53:48;11500.0
2026-05-21 09:54:03;11552.1
2026-05-21 09:54:18;11613.2
2026-05-21 09:54:42;11704.8
2026-05-21 09:54:48;11812.7
2026-05-21 09:55:03;11940.2
2026-05-21 09:55:18;12051.6
2026-05-21 09:55:33;12188.2
2026-05-21 09:55:52;12362.5
2026-05-21 09:56:03;12576.3
2026-05-21 09:56:19;12739.8
2026-05-21 09:56:33;12915.9
2026-05-21 09:56:48;13077.7
2026-05-21 09:57:03;13291.5
2026-05-21 09:57:18;13490.9
2026-05-21 09:57:36;13650.9
2026-05-21 09:57:48;13857.5
2026-05-21 09:58:03;14118.0
2026-05-21 09:58:18;14360.6
2026-05-21 09:58:33;14508.0
2026-05-21 09:58:48;14637.3
2026-05-21 09:59:03;14926.6
2026-05-21 09:59:19;15102.7
2026-05-21 09:59:35;15330.9
2026-05-21 09:59:49;15514.2
2026-05-21 10:00:04;15711.9
2026-05-21 10:00:19;15972.4
2026-05-21 10:00:33;16184.5
2026-05-21 10:00:49;16633.7
2026-05-21 10:01:03;17537.5
2026-05-21 10:01:19;18903.1
2026-05-21 10:01:34;20523.9
2026-05-21 10:01:51;22502.3
2026-05-21 10:02:04;25188.6
2026-05-21 10:02:19;28002.5
2026-05-21 10:02:34;32769.6
2026-05-21 10:02:50;35881.8
2026-05-21 10:03:05;39376.7
2026-05-21 10:03:21;41383.8
2026-05-21 10:03:35;41265.2
2026-05-21 10:03:51;37773.9
2026-05-21 10:04:06;33854.9
2026-05-21 10:04:22;26755.5
2026-05-21 10:04:37;22487.9
2026-05-21 10:04:53;21095.3
2026-05-21 10:05:07;20072.9
2026-05-21 10:05:23;19711.7
2026-05-21 10:05:38;19293.0
2026-05-21 10:05:53;19160.1
2026-05-21 10:06:09;18933.7
2026-05-21 10:06:24;18915.7
2026-05-21 10:06:39;19023.5
2026-05-21 10:07:01;19122.3
2026-05-21 10:07:10;19174.5
2026-05-21 10:07:25;19271.5
2026-05-21 10:07:55;19530.2
2026-05-21 10:08:11;19607.5
2026-05-21 10:08:26;19614.7
2026-05-21 10:08:41;19742.3
2026-05-21 10:08:57;19805.2
2026-05-21 10:09:12;19887.8
2026-05-21 10:09:27;19923.7
2026-05-21 10:09:45;19954.3
2026-05-21 10:09:57;19936.3
2026-05-21 10:10:13;19884.2
2026-05-21 10:10:28;19889.6
2026-05-21 10:10:44;19875.2
2026-05-21 10:10:59;19824.9
2026-05-21 10:11:15;19695.5
2026-05-21 10:11:32;14003.0
2026-05-21 10:12:00;66168.1
2026-05-21 10:12:16;76016.8
2026-05-21 10:12:30;75251.3
2026-05-21 10:12:46;75316.0
2026-05-21 10:13:01;63391.9
2026-05-21 10:13:16;76433.7
2026-05-21 10:13:31;71758.2
2026-05-21 10:13:47;74113.9
2026-05-21 10:14:02;71041.3
2026-05-21 10:14:18;67508.6
2026-05-21 10:14:33;76629.5
2026-05-21 10:14:48;78778.6
2026-05-21 10:15:04;73643.1
2026-05-21 10:15:19;74074.4
2026-05-21 10:15:34;74090.5
2026-05-21 10:15:49;77484.8
2026-05-21 10:16:04;86253.6
2026-05-21 10:16:20;89545.5
2026-05-21 10:16:35;89473.6
2026-05-21 10:16:50;89013.6
2026-05-21 10:17:06;90032.4
2026-05-21 10:17:21;90688.3
2026-05-21 10:17:36;90770.9
2026-05-21 10:17:51;90841.0
2026-05-21 10:18:06;90664.9
2026-05-21 10:18:22;88898.6
2026-05-21 10:18:37;86808.8
2026-05-21 10:18:52;84922.1
2026-05-21 10:19:07;87026.3
2026-05-21 10:19:23;90442.1
2026-05-21 10:19:38;87811.5
2026-05-21 10:19:54;86792.7
2026-05-21 10:20:09;85218.6
2026-05-21 10:20:24;87288.6
2026-05-21 10:20:39;89421.5
2026-05-21 10:20:55;88208.6
2026-05-21 10:21:10;83393.0
2026-05-21 10:21:25;84654.4
2026-05-21 10:21:40;88656.0
2026-05-21 10:21:56;85308.4
2026-05-21 10:22:13;85103.6
2026-05-21 10:22:26;87912.1
2026-05-21 10:22:41;89583.2
2026-05-21 10:22:57;89101.6
2026-05-21 10:23:12;88665.0
2026-05-21 10:23:27;88476.3
2026-05-21 10:23:42;88553.6
2026-05-21 10:23:58;88030.7
2026-05-21 10:24:13;87135.9
2026-05-21 10:24:28;85969.7
2026-05-21 10:24:43;83998.5
2026-05-21 10:24:59;81551.2
2026-05-21 10:25:14;79003.2
2026-05-21 10:25:29;79035.5
2026-05-21 10:25:44;77740.0
2026-05-21 10:26:00;53944.0
2026-05-21 10:26:15;70160.8
2026-05-21 10:26:30;69283.9
2026-05-21 10:26:45;68358.5
2026-05-21 10:27:01;67014.5
2026-05-21 10:27:16;66523.9
2026-05-21 10:27:31;64962.4
2026-05-21 10:27:46;13002.2
2026-05-21 10:28:02;65059.4
2026-05-21 10:28:17;65934.5
2026-05-21 10:28:32;65318.2
2026-05-21 10:28:47;66369.4
2026-05-21 10:29:03;67210.3
2026-05-21 10:29:18;66919.2
2026-05-21 10:29:33;22558.0
2026-05-21 10:29:49;10138.0
2026-05-21 10:30:04;62662.4
2026-05-21 10:30:19;62202.4
2026-05-21 10:30:35;60635.5
2026-05-21 10:30:50;60675.1
2026-05-21 10:31:05;50975.5
2026-05-21 10:31:20;31569.3
2026-05-21 10:31:35;37437.9
2026-05-21 10:31:50;48353.9
2026-05-21 10:32:06;47340.5
2026-05-21 10:32:21;44508.6
2026-05-21 10:32:37;39184.5
2026-05-21 10:32:51;26247.0
2026-05-21 10:33:07;23230.0
2026-05-21 10:33:22;21594.8
2026-05-21 10:33:38;20619.1
2026-05-21 10:33:53;20125.0
2026-05-21 10:34:08;19930.9
2026-05-21 10:34:23;20700.0
2026-05-21 10:34:39;26441.0
2026-05-21 10:34:54;30555.9
2026-05-21 10:35:09;33811.8
2026-05-21 10:35:24;35470.3
2026-05-21 10:35:40;35013.9
2026-05-21 10:35:55;34149.6
2026-05-21 10:36:11;33267.3
2026-05-21 10:36:26;31192.0
2026-05-21 10:36:41;26884.8
2026-05-21 10:36:56;27071.7
2026-05-21 10:37:12;27474.2
2026-05-21 10:37:27;24577.7
2026-05-21 10:37:42;24433.9
2026-05-21 10:37:57;24601.0
2026-05-21 10:38:13;24575.9
2026-05-21 10:38:28;24376.4
2026-05-21 10:38:43;24380.0
2026-05-21 10:38:58;22944.3
2026-05-21 10:39:19;23204.8
2026-05-21 10:39:29;23546.2
2026-05-21 10:39:45;22922.7
2026-05-21 10:40:12;21298.4
2026-05-21 10:40:15;16360.5
2026-05-21 10:40:30;13728.1
2026-05-21 10:40:47;13153.1
2026-05-21 10:41:01;12597.9
2026-05-21 10:41:28;11744.4
2026-05-21 10:41:56;10190.1
2026-05-21 10:42:21;9627.7
2026-05-21 10:42:29;9266.5
2026-05-21 10:42:42;9169.5
2026-05-21 10:43:00;8930.5
2026-05-21 10:43:10;8912.5
2026-05-21 10:43:26;8880.2
2026-05-21 10:43:41;8923.3
2026-05-21 10:43:56;8991.6
2026-05-21 10:44:12;9112.0
2026-05-21 10:44:26;9218.0
2026-05-21 10:44:42;9374.3
2026-05-21 10:44:57;9589.9
2026-05-21 10:45:13;9832.5
2026-05-21 10:45:28;9981.6
2026-05-21 10:45:43;10182.9
2026-05-21 10:45:59;10430.9
2026-05-21 10:46:14;10684.2
2026-05-21 10:46:29;10912.4
2026-05-21 10:46:44;11092.1
2026-05-21 10:46:59;11214.3
2026-05-21 10:47:13;11309.5
2026-05-21 10:47:28;11428.1
2026-05-21 10:47:43;11561.1
2026-05-21 10:48:00;11721.0
2026-05-21 10:48:14;11882.7
2026-05-21 10:48:29;12179.2
2026-05-21 10:48:43;12520.6
2026-05-21 10:48:59;12993.2
2026-05-21 10:49:22;13699.4
2026-05-21 10:49:36;14675.1
2026-05-21 10:49:47;15724.5
2026-05-21 10:50:07;16788.2
2026-05-21 10:50:27;16811.6
2026-05-21 10:50:38;16301.2
2026-05-21 10:50:53;14991.3
2026-05-21 10:51:07;13453.2
2026-05-21 10:51:22;12292.4
2026-05-21 10:51:39;11920.5
2026-05-21 10:51:52;11888.1
2026-05-21 10:52:08;11645.5
2026-05-21 10:52:22;11521.6
2026-05-21 10:52:37;11834.2
2026-05-21 10:52:56;12461.3
2026-05-21 10:53:08;12137.9
2026-05-21 10:53:23;10330.2
2026-05-21 10:53:38;9850.5
2026-05-21 10:53:53;10030.2
2026-05-21 10:54:07;9746.2
2026-05-21 10:54:22;9564.8
2026-05-21 10:54:38;9424.6
2026-05-21 10:54:53;9358.1
2026-05-21 10:55:08;9298.8
2026-05-21 10:55:23;9225.2
2026-05-21 10:55:37;9158.7
2026-05-21 10:55:53;9068.8
2026-05-21 10:56:08;9005.9
2026-05-21 10:56:23;8941.3
2026-05-21 10:56:38;8952.0
2026-05-21 10:56:53;8984.4
2026-05-21 10:57:08;9059.8
2026-05-21 10:57:23;9230.5
2026-05-21 10:57:40;9539.6
2026-05-21 10:57:53;9825.3
2026-05-21 10:58:08;10182.9
2026-05-21 10:58:23;10657.3
2026-05-21 10:58:38;11805.5
2026-05-21 10:58:55;13145.9
2026-05-21 10:59:08;13487.3
2026-05-21 10:59:23;13429.8
2026-05-21 10:59:42;13972.5
2026-05-21 10:59:53;14132.4
2026-05-21 11:00:30;18161.0
2026-05-21 11:00:44;16849.3
2026-05-21 11:01:00;13516.1
2026-05-21 11:01:15;13650.9
2026-05-21 11:01:30;14531.3
2026-05-21 11:01:45;16227.6
2026-05-21 11:02:00;17118.8
2026-05-21 11:02:15;23887.7
2026-05-21 11:02:30;20671.3
2026-05-21 11:02:45;24284.8
2026-05-21 11:03:01;22053.0
2026-05-21 11:03:15;21896.7
2026-05-21 11:03:30;22460.9
2026-05-21 11:04:01;23709.8
2026-05-21 11:04:16;25161.6
2026-05-21 11:04:31;26949.5
2026-05-21 11:04:46;29986.2
2026-05-21 11:05:01;34722.8
2026-05-21 11:05:16;40749.5
2026-05-21 11:05:31;46055.7
2026-05-21 11:05:47;49780.6
2026-05-21 11:06:01;53094.1
2026-05-21 11:06:16;57180.2
2026-05-21 11:06:31;60064.1
2026-05-21 11:06:46;58653.6
2026-05-21 11:07:01;56067.9
2026-05-21 11:07:16;55753.4
2026-05-21 11:07:31;54819.1
2026-05-21 11:07:46;53634.9
2026-05-21 11:08:01;52312.4
2026-05-21 11:08:16;53811.0
2026-05-21 11:08:31;56474.0
2026-05-21 11:08:47;59958.1
2026-05-21 11:09:02;65891.4
2026-05-21 11:09:18;75553.2
2026-05-21 11:09:32;83249.2
2026-05-21 11:09:48;86077.5
2026-05-21 11:10:03;85333.6
2026-05-21 11:10:18;84949.1
2026-05-21 11:10:33;84740.6
2026-05-21 11:10:49;83815.2
2026-05-21 11:11:04;83107.3
2026-05-21 11:11:20;83010.2
2026-05-21 11:11:35;84250.1
2026-05-21 11:11:50;84988.6
2026-05-21 11:12:05;82474.8
2026-05-21 11:12:21;83019.2
2026-05-21 11:12:43;85538.4
2026-05-21 11:12:51;88611.1
2026-05-21 11:13:10;89895.9
2026-05-21 11:13:25;90947.0
2026-05-21 11:13:57;92693.6
2026-05-21 11:14:08;92442.0
2026-05-21 11:14:23;92463.6
2026-05-21 11:14:41;91888.6
2026-05-21 11:14:54;89464.6
2026-05-21 11:15:09;87236.5
2026-05-21 11:15:24;90089.9
2026-05-21 11:15:40;85772.0
2026-05-21 11:15:55;83919.5
2026-05-21 11:16:11;86023.6
2026-05-21 11:16:26;87157.4
2026-05-21 11:16:41;86790.9
2026-05-21 11:16:56;71362.9
2026-05-21 11:17:12;78518.0
2026-05-21 11:17:27;79531.5
2026-05-21 11:17:42;83087.5
2026-05-21 11:17:57;88273.3
2026-05-21 11:18:13;87971.4
2026-05-21 11:18:28;89236.4
2026-05-21 11:18:43;89448.4
2026-05-21 11:18:58;89831.2
2026-05-21 11:19:14;62915.8
2026-05-21 11:19:29;89658.7
2026-05-21 11:19:44;90911.1
2026-05-21 11:19:59;74281.0
2026-05-21 11:20:15;88913.0
2026-05-21 11:20:30;73783.3
2026-05-21 11:20:45;82688.6
2026-05-21 11:21:00;74629.6
2026-05-21 11:21:16;83885.3
2026-05-21 11:21:31;88084.6
2026-05-21 11:21:46;87071.2
2026-05-21 11:22:01;87518.6
2026-05-21 11:22:17;87680.3
2026-05-21 11:22:33;87493.4
2026-05-21 11:22:48;87674.9
2026-05-21 11:23:04;86713.6
2026-05-21 11:23:19;86810.6
2026-05-21 11:23:35;81022.9
2026-05-21 11:23:51;11115.5
2026-05-21 11:24:06;87633.6
2026-05-21 11:24:22;87329.9
2026-05-21 11:24:37;86559.1
2026-05-21 11:24:53;87621.0
2026-05-21 11:25:08;86483.6
2026-05-21 11:25:25;14274.4
2026-05-21 11:25:40;84021.9
2026-05-21 11:25:56;88262.5
2026-05-21 11:26:11;88553.6
2026-05-21 11:26:29;11433.5
2026-05-21 11:27:31;90567.9
2026-05-21 11:27:46;77935.9
2026-05-21 11:28:03;9802.0
2026-05-21 11:28:20;69118.6
2026-05-21 11:28:33;84816.1
2026-05-21 11:28:49;89358.6
2026-05-21 11:29:05;89655.1
2026-05-21 11:29:20;87863.6
2026-05-21 11:29:36;88093.6
2026-05-21 11:29:51;87874.4
2026-05-21 11:30:08;87531.2
2026-05-21 11:30:23;87976.8
2026-05-21 11:30:38;88016.3
2026-05-21 11:30:54;87978.6
2026-05-21 11:31:11;87144.8
2026-05-21 11:31:25;86828.6
2026-05-21 11:31:40;86208.7
2026-05-21 11:31:56;84922.1
2026-05-21 11:32:12;85076.6
2026-05-21 11:32:27;81924.9
2026-05-21 11:32:43;83148.6
2026-05-21 11:33:13;84192.6
2026-05-21 11:33:29;81290.6
2026-05-21 11:33:45;73346.6
2026-05-21 11:34:00;43669.5
2026-05-21 11:34:16;39642.7
2026-05-21 11:34:31;42832.1
2026-05-21 11:34:47;28390.6
2026-05-21 11:35:02;34199.9
2026-05-21 11:35:18;63708.2
2026-05-21 11:35:33;63406.3
2026-05-21 11:35:49;81394.8
2026-05-21 11:36:04;81344.5
2026-05-21 11:36:20;84275.2
2026-05-21 11:36:36;85657.0
2026-05-21 11:36:51;84643.6
2026-05-21 11:37:07;84411.8
2026-05-21 11:37:22;82803.6
2026-05-21 11:37:38;83263.6
2026-05-21 11:37:54;77380.6
2026-05-21 11:38:09;75991.6
2026-05-21 11:38:25;75617.9
2026-05-21 11:38:40;75774.2
2026-05-21 11:38:56;71400.6
2026-05-21 11:39:11;24322.5
2026-05-21 11:39:27;24369.2
2026-05-21 11:39:43;29506.5
2026-05-21 11:39:58;58188.2
2026-05-21 11:40:13;77732.8
2026-05-21 11:40:28;71993.6
2026-05-21 11:40:44;57782.1
2026-05-21 11:40:59;21307.3
2026-05-21 11:41:14;19575.2
2026-05-21 11:41:29;19018.1
2026-05-21 11:41:45;18827.7
2026-05-21 11:42:00;18775.5
2026-05-21 11:42:15;19352.3
2026-05-21 11:42:31;21161.8
2026-05-21 11:42:46;47804.1
2026-05-21 11:43:01;32996.0
2026-05-21 11:43:16;24789.7
2026-05-21 11:43:31;32031.1
2026-05-21 11:43:47;26622.5
2026-05-21 11:44:02;27565.9
2026-05-21 11:44:17;26980.1
2026-05-21 11:44:32;26532.7
2026-05-21 11:44:48;27181.3
2026-05-21 11:45:03;27680.9
2026-05-21 11:45:18;29294.5
2026-05-21 11:45:33;27542.5
2026-05-21 11:45:49;27601.8
2026-05-21 11:46:04;27474.2
2026-05-21 11:46:20;27271.2
2026-05-21 11:46:35;26985.5
2026-05-21 11:46:50;26924.4
2026-05-21 11:47:05;27646.7
2026-05-21 11:47:21;27750.9
2026-05-21 11:47:36;27249.6
2026-05-21 11:47:52;27776.1
2026-05-21 11:48:06;40269.8
2026-05-21 11:48:22;40408.1
2026-05-21 11:48:37;29927.0
2026-05-21 11:48:53;28090.5
2026-05-21 11:49:08;27510.2
2026-05-21 11:49:23;27181.3
2026-05-21 11:49:38;26938.7
2026-05-21 11:49:54;27287.3
2026-05-21 11:50:09;28926.1
2026-05-21 11:50:24;28079.8
2026-05-21 11:50:39;42018.1
2026-05-21 11:50:55;36562.8
2026-05-21 11:51:10;31492.0
2026-05-21 11:51:26;37258.2
2026-05-21 11:51:41;50208.3
2026-05-21 11:51:56;25903.7
2026-05-21 11:52:11;24870.5
2026-05-21 11:52:27;23765.5
2026-05-21 11:52:42;22965.9
2026-05-21 11:52:58;22381.9
2026-05-21 11:53:12;21715.2
2026-05-21 11:53:28;21244.5
2026-05-21 11:53:43;20872.5
2026-05-21 11:53:59;20615.5
2026-05-21 11:54:14;20514.9
2026-05-21 11:54:29;20520.3
2026-05-21 11:54:44;20579.6
2026-05-21 11:55:00;21501.4
2026-05-21 11:55:15;22417.8
2026-05-21 11:55:30;22572.3
2026-05-21 11:55:45;22513.0
2026-05-21 11:56:01;22678.4
2026-05-21 11:56:16;23388.1
2026-05-21 11:56:32;24649.5
2026-05-21 11:56:47;26924.4
2026-05-21 11:57:02;41313.8
2026-05-21 11:57:17;39360.5
2026-05-21 11:57:33;29955.7
2026-05-21 11:57:48;28040.2
2026-05-21 11:58:04;26514.7
2026-05-21 11:58:19;25778.0
2026-05-21 11:58:34;25147.3
2026-05-21 11:58:49;24888.5
2026-05-21 11:59:05;25501.2
2026-05-21 11:59:20;24584.8
2026-05-21 11:59:36;23889.5
2026-05-21 11:59:51;22942.5
2026-05-21 12:00:06;22360.3
2026-05-21 12:00:21;21830.2
2026-05-21 12:00:37;21355.9
2026-05-21 12:00:52;21066.6
2026-05-21 12:01:08;20752.1
2026-05-21 12:01:23;21314.5
2026-05-21 12:01:38;20998.3
2026-05-21 12:01:53;21418.8
2026-05-21 12:02:09;22250.7
2026-05-21 12:02:24;23628.9
2026-05-21 12:02:40;30913.4
2026-05-21 12:02:55;37556.5
2026-05-21 12:03:10;41441.3
2026-05-21 12:03:25;48677.3
2026-05-21 12:03:41;56779.4
2026-05-21 12:03:56;53178.5
2026-05-21 12:04:12;46557.0
2026-05-21 12:04:26;40742.3
2026-05-21 12:04:42;47013.4
2026-05-21 12:04:57;54337.5
2026-05-21 12:05:13;48882.2
2026-05-21 12:05:28;57426.3
2026-05-21 12:05:43;71801.3
2026-05-21 12:05:58;70899.3
2026-05-21 12:06:14;72744.7
2026-05-21 12:06:29;56204.4
2026-05-21 12:06:45;35554.8
2026-05-21 12:07:00;34658.1
2026-05-21 12:07:15;41577.9
2026-05-21 12:07:30;41288.6
2026-05-21 12:07:46;34706.6
2026-05-21 12:08:01;30938.6
2026-05-21 12:08:16;29150.7
2026-05-21 12:08:31;28611.6
2026-05-21 12:08:47;27880.3
2026-05-21 12:09:02;26309.8
2026-05-21 12:09:18;24982.0
2026-05-21 12:09:33;24004.5
2026-05-21 12:09:48;23156.3
2026-05-21 12:10:03;22114.1
2026-05-21 12:10:19;20874.3
2026-05-21 12:10:36;19911.2
2026-05-21 12:10:49;18924.7
2026-05-21 12:11:04;17965.2
2026-05-21 12:11:20;16969.7
2026-05-21 12:11:35;16137.7
2026-05-21 12:12:06;14921.2
2026-05-21 12:12:21;14531.3
2026-05-21 12:12:38;14306.7
2026-05-21 12:12:52;14322.9
2026-05-21 12:13:07;14463.0
2026-05-21 12:13:23;14667.9
2026-05-21 12:13:38;15284.2
2026-05-21 12:13:53;15803.5
2026-05-21 12:14:09;17819.6
2026-05-21 12:14:24;17864.5
2026-05-21 12:14:39;27287.3
2026-05-21 12:14:54;37340.9
2026-05-21 12:15:10;42142.1
2026-05-21 12:15:31;21790.7
2026-05-21 12:15:41;16879.8
2026-05-21 12:15:56;16739.7
2026-05-21 12:16:11;16497.1
2026-05-21 12:16:26;15931.1
2026-05-21 12:16:42;15219.5
2026-05-21 12:16:57;14811.6
2026-05-21 12:17:26;14626.6
2026-05-21 12:17:28;14675.1
2026-05-21 12:18:25;16215.0
2026-05-21 12:18:41;16599.5
2026-05-21 12:18:56;16960.7
2026-05-21 12:19:11;17241.0
2026-05-21 12:19:27;17462.0
2026-05-21 12:19:42;17936.4
2026-05-21 12:19:57;18613.8
2026-05-21 12:20:13;19350.5
2026-05-21 12:20:28;20087.3
2026-05-21 12:20:43;20552.7
2026-05-21 12:20:58;20982.1
2026-05-21 12:21:14;21359.5
2026-05-21 12:21:29;20567.0
2026-05-21 12:21:45;20267.0
2026-05-21 12:22:00;19938.1
2026-05-21 12:22:15;19578.7
2026-05-21 12:22:30;19179.8
2026-05-21 12:22:46;18818.7
2026-05-21 12:23:01;18479.1
2026-05-21 12:23:17;18051.4
2026-05-21 12:23:32;17744.1
2026-05-21 12:23:47;17426.1
2026-05-21 12:24:02;17219.5
2026-05-21 12:24:18;17183.5
2026-05-21 12:24:33;17298.5
2026-05-21 12:24:49;17514.1
2026-05-21 12:25:04;17803.4
2026-05-21 12:25:19;17738.7
2026-05-21 12:25:34;16700.2
2026-05-21 12:25:49;16087.4
2026-05-21 12:26:04;15692.1
2026-05-21 12:26:19;15210.5
2026-05-21 12:26:34;14720.0
2026-05-21 12:26:50;14326.5
2026-05-21 12:27:04;14067.7
2026-05-21 12:27:19;13765.9
2026-05-21 12:27:34;13559.2
2026-05-21 12:27:49;13374.1
2026-05-21 12:28:04;13410.1
2026-05-21 12:28:19;13658.0
2026-05-21 12:28:35;14333.7
2026-05-21 12:28:49;15449.5
2026-05-21 12:29:04;16691.2
2026-05-21 12:29:19;18439.5
2026-05-21 12:29:34;19129.5
2026-05-21 12:29:49;19754.8
2026-05-21 12:30:04;22407.0
2026-05-21 12:30:19;24550.7
2026-05-21 12:30:34;20631.7
2026-05-21 12:30:49;20886.9
2026-05-21 12:31:04;21181.6
2026-05-21 12:31:19;25438.4
2026-05-21 12:31:34;22076.4
2026-05-21 12:31:49;19537.4
2026-05-21 12:32:04;18883.4
2026-05-21 12:32:19;18642.6
2026-05-21 12:32:34;18443.1
2026-05-21 12:32:49;18254.5
2026-05-21 12:33:04;18184.4
2026-05-21 12:33:19;18324.5
2026-05-21 12:33:35;18498.8
2026-05-21 12:33:49;18658.7
2026-05-21 12:34:04;18651.6
2026-05-21 12:34:20;18550.9
2026-05-21 12:34:35;18430.5
2026-05-21 12:34:49;18317.3
2026-05-21 12:35:05;18250.9
2026-05-21 12:35:20;18322.7
2026-05-21 12:35:34;18477.3
2026-05-21 12:35:50;18741.4
2026-05-21 12:36:10;19063.0
2026-05-21 12:37:06;21492.4
2026-05-21 12:37:24;22595.7
2026-05-21 12:37:36;23179.7
2026-05-21 12:37:51;23521.1
2026-05-21 12:38:06;25021.5
2026-05-21 12:38:21;24590.2
2026-05-21 12:38:36;24744.8
2026-05-21 12:38:51;25368.3
2026-05-21 12:39:06;25443.7
2026-05-21 12:39:21;25521.0
2026-05-21 12:39:36;24854.4
2026-05-21 12:39:51;24300.9
2026-05-21 12:40:06;23833.7
2026-05-21 12:40:21;23449.2
2026-05-21 12:40:36;22991.0
2026-05-21 12:40:51;22502.3
2026-05-21 12:41:06;21898.5
2026-05-21 12:41:21;21249.8
2026-05-21 12:41:36;20613.7
2026-05-21 12:41:51;20074.7
2026-05-21 12:42:06;19695.5
2026-05-21 12:42:21;19417.0
2026-05-21 12:42:36;19237.3
2026-05-21 12:42:51;19152.9
2026-05-21 12:43:06;19142.1
2026-05-21 12:43:21;19115.2
2026-05-21 12:43:36;19086.4
2026-05-21 12:43:51;19021.7
2026-05-21 12:44:06;18906.7
2026-05-21 12:44:21;18831.2
2026-05-21 12:44:36;18816.9
2026-05-21 12:44:51;18818.7
2026-05-21 12:45:06;18842.0
2026-05-21 12:45:21;18933.7
2026-05-21 12:45:36;19061.2
2026-05-21 12:45:51;19239.1
2026-05-21 12:46:06;19472.7
2026-05-21 12:46:21;19995.6
2026-05-21 12:46:36;20741.3
2026-05-21 12:46:51;21575.1
2026-05-21 12:47:06;22926.3
2026-05-21 12:47:21;24778.9
2026-05-21 12:47:36;32142.5
2026-05-21 12:47:51;32532.4
2026-05-21 12:48:06;56123.6
2026-05-21 12:48:21;57066.9
2026-05-21 12:48:36;46404.3
2026-05-21 12:48:51;53455.2
2026-05-21 12:49:06;63374.0
2026-05-21 12:49:22;67145.6
2026-05-21 12:49:37;68888.6
2026-05-21 12:49:52;68002.7
2026-05-21 12:50:08;67727.8
2026-05-21 12:50:23;67738.6
2026-05-21 12:50:38;67172.6
2026-05-21 12:50:54;66428.7
2026-05-21 12:51:09;65408.0
2026-05-21 12:51:24;64279.6
2026-05-21 12:51:39;63896.9
2026-05-21 12:51:55;63474.6
2026-05-21 12:52:10;62159.3
2026-05-21 12:52:26;60518.7
2026-05-21 12:52:41;59334.6
2026-05-21 12:52:56;57503.6
2026-05-21 12:53:11;55899.0
2026-05-21 12:53:27;55706.7
2026-05-21 12:53:42;53908.0
2026-05-21 12:53:57;53776.9
2026-05-21 12:54:12;53985.3
2026-05-21 12:54:28;54170.4
2026-05-21 12:54:57;53652.9
2026-05-21 12:54:59;53316.9
2026-05-21 12:55:15;53466.0
2026-05-21 12:55:31;52997.0
2026-05-21 12:55:44;51013.3
2026-05-21 12:56:00;49009.8
2026-05-21 12:56:15;48686.3
2026-05-21 12:56:30;48398.8
2026-05-21 12:56:45;47640.5
2026-05-21 12:57:01;45315.4
2026-05-21 12:57:16;45067.4
2026-05-21 12:57:32;45313.6
2026-05-21 12:57:47;44485.2
2026-05-21 12:58:02;44506.8
2026-05-21 12:58:17;43403.5
2026-05-21 12:58:33;42463.8
2026-05-21 12:58:48;42997.4
2026-05-21 12:59:03;43761.1
2026-05-21 12:59:18;44097.1
2026-05-21 12:59:34;44377.4
2026-05-21 12:59:49;45230.9
2026-05-21 13:00:05;45658.6
2026-05-21 13:00:20;46158.1
2026-05-21 13:00:35;46319.8
2026-05-21 13:00:50;46808.6
2026-05-21 13:01:06;46548.0
2026-05-21 13:01:21;46364.8
2026-05-21 13:01:36;46075.5
2026-05-21 13:01:51;46001.8
2026-05-21 13:02:07;46309.1
2026-05-21 13:02:22;46691.8
2026-05-21 13:02:38;46150.9
2026-05-21 13:02:53;45531.0
2026-05-21 13:03:08;45692.7
2026-05-21 13:03:23;45996.4
2026-05-21 13:03:39;45885.0
2026-05-21 13:03:54;45647.8
2026-05-21 13:04:09;45085.4
2026-05-21 13:04:24;44929.1
2026-05-21 13:04:40;45428.6
2026-05-21 13:04:55;46487.0
2026-05-21 13:05:11;47211.1
2026-05-21 13:05:26;47532.7
2026-05-21 13:05:41;46508.5
2026-05-21 13:05:56;45126.7
2026-05-21 13:06:12;43750.3
2026-05-21 13:06:27;43701.8
2026-05-21 13:06:42;44160.0
2026-05-21 13:06:58;44844.6
2026-05-21 13:07:13;45313.6
2026-05-21 13:07:29;45419.6
2026-05-21 13:07:44;45475.3
2026-05-21 13:07:59;44900.3
2026-05-21 13:08:15;44253.4
2026-05-21 13:08:30;43387.3
2026-05-21 13:08:45;42993.8
2026-05-21 13:09:00;42930.9
2026-05-21 13:09:15;33547.7
2026-05-21 13:09:31;22308.2
2026-05-21 13:09:46;21806.9
2026-05-21 13:10:02;21591.2
2026-05-21 13:10:17;21490.6
2026-05-21 13:10:32;21591.2
2026-05-21 13:10:47;21920.1
2026-05-21 13:11:03;22398.0
2026-05-21 13:11:18;26022.3
2026-05-21 13:11:33;33411.1
2026-05-21 13:11:48;37141.4
2026-05-21 13:12:04;37353.4
2026-05-21 13:12:19;40095.5
2026-05-21 13:12:35;41718.0
2026-05-21 13:12:50;42469.1
2026-05-21 13:13:05;43010.0
2026-05-21 13:13:20;43155.5
2026-05-21 13:13:36;43112.4
2026-05-21 13:13:51;42636.3
2026-05-21 13:14:06;42424.2
2026-05-21 13:14:21;42208.6
2026-05-21 13:14:37;42479.9
2026-05-21 13:14:52;42740.5
2026-05-21 13:15:08;42000.2
2026-05-21 13:15:23;41211.3
2026-05-21 13:15:38;40913.0
2026-05-21 13:15:53;40598.6
2026-05-21 13:16:09;40109.8
2026-05-21 13:16:24;40672.3
2026-05-21 13:16:39;40929.2
2026-05-21 13:16:54;39301.3
2026-05-21 13:17:10;38958.0
2026-05-21 13:17:25;38465.7
2026-05-21 13:17:41;37689.5
2026-05-21 13:17:56;37145.0
2026-05-21 13:18:11;36313.0
2026-05-21 13:18:26;35340.9
2026-05-21 13:18:42;33849.5
2026-05-21 13:18:57;32753.4
2026-05-21 13:19:12;32352.7
2026-05-21 13:19:27;31501.0
2026-05-21 13:19:43;31874.8
2026-05-21 13:19:58;31312.3
2026-05-21 13:20:14;30537.9
2026-05-21 13:20:29;28866.8
2026-05-21 13:20:44;28706.9
2026-05-21 13:20:59;29260.3
2026-05-21 13:21:15;29017.7
2026-05-21 13:21:30;28007.9
2026-05-21 13:21:45;27637.7
2026-05-21 13:22:01;27344.8
2026-05-21 13:22:16;26638.7
2026-05-21 13:22:31;26121.2
2026-05-21 13:22:47;24868.7
2026-05-21 13:23:02;24428.5
2026-05-21 13:23:17;22435.8
2026-05-21 13:23:32;21557.1
2026-05-21 13:23:48;21893.1
2026-05-21 13:24:03;23743.9
2026-05-21 13:24:26;22074.6
2026-05-21 13:24:34;26335.0
2026-05-21 13:24:49;27727.6
2026-05-21 13:25:04;28665.5
2026-05-21 13:25:20;29531.6
2026-05-21 13:25:37;30092.3
2026-05-21 13:25:50;29835.3
2026-05-21 13:26:05;28257.7
2026-05-21 13:26:21;29312.4
2026-05-21 13:26:36;31443.5
2026-05-21 13:26:52;32589.9
2026-05-21 13:27:12;33145.2
2026-05-21 13:27:22;33522.5
2026-05-21 13:27:37;33393.1
2026-05-21 13:27:53;33492.0
2026-05-21 13:28:08;33711.2
2026-05-21 13:28:23;33605.2
2026-05-21 13:28:38;33578.2
2026-05-21 13:28:54;33055.3
2026-05-21 13:29:09;32252.1
2026-05-21 13:29:25;26178.7
2026-05-21 13:29:40;21187.0
2026-05-21 13:29:55;20843.7
2026-05-21 13:30:10;20849.1
2026-05-21 13:30:26;21300.2
2026-05-21 13:30:41;22326.2
2026-05-21 13:30:56;21461.9
2026-05-21 13:31:11;25373.7
2026-05-21 13:31:27;28462.5
2026-05-21 13:31:42;33073.3
2026-05-21 13:31:58;35619.5
2026-05-21 13:32:13;36437.0
2026-05-21 13:32:28;36368.8
2026-05-21 13:32:43;28829.1
2026-05-21 13:32:59;34332.9
2026-05-21 13:33:14;34264.6
2026-05-21 13:33:29;36862.9
2026-05-21 13:33:44;39996.6
2026-05-21 13:34:00;40197.9
2026-05-21 13:34:15;39333.6
2026-05-21 13:34:31;36395.7
2026-05-21 13:34:46;30649.3
2026-05-21 13:35:01;28178.6
2026-05-21 13:35:17;20076.5
2026-05-21 13:35:32;18516.8
2026-05-21 13:35:47;14639.1
2026-05-21 13:36:03;13149.5
2026-05-21 13:36:17;12265.5
2026-05-21 13:36:33;11715.6
2026-05-21 13:36:48;11650.9
2026-05-21 13:37:04;11110.1
2026-05-21 13:37:19;10779.5
2026-05-21 13:37:34;10608.7
2026-05-21 13:37:49;10276.3
2026-05-21 13:38:05;10071.5
2026-05-21 13:38:20;9970.9
2026-05-21 13:38:36;9940.3
2026-05-21 13:38:51;9881.0
2026-05-21 13:39:06;9828.9
2026-05-21 13:39:22;9794.8
2026-05-21 13:39:37;9767.8
2026-05-21 13:39:52;9726.5
2026-05-21 13:40:08;9674.4
2026-05-21 13:40:23;9609.7
2026-05-21 13:40:38;9534.2
2026-05-21 13:40:53;9476.7
2026-05-21 13:41:09;9392.3
2026-05-21 13:41:24;9329.4
2026-05-21 13:41:40;9262.9
2026-05-21 13:41:55;9191.0
2026-05-21 13:42:10;9137.1
2026-05-21 13:42:26;9068.8
2026-05-21 13:42:41;9029.3
2026-05-21 13:42:56;8979.0
2026-05-21 13:43:11;8937.7
2026-05-21 13:43:26;8908.9
2026-05-21 13:43:41;8871.2
2026-05-21 13:43:56;8838.8
2026-05-21 13:44:11;8815.5
2026-05-21 13:44:26;8802.9
2026-05-21 13:44:41;8783.1
2026-05-21 13:44:56;8759.8
2026-05-21 13:45:11;8758.0
2026-05-21 13:45:26;8752.6
2026-05-21 13:45:42;8752.6
2026-05-21 13:45:56;8759.8
2026-05-21 13:46:11;8768.7
2026-05-21 13:46:26;8790.3
2026-05-21 13:46:41;8799.3
2026-05-21 13:46:56;8804.7
2026-05-21 13:47:11;8817.3
2026-05-21 13:47:26;8828.0
2026-05-21 13:47:41;8847.8
2026-05-21 13:47:56;8871.2
2026-05-21 13:48:11;8903.5
2026-05-21 13:48:26;8923.3
2026-05-21 13:48:41;8946.6
2026-05-21 13:48:56;8982.6
2026-05-21 13:49:11;9020.3
2026-05-21 13:49:26;9047.3
2026-05-21 13:49:41;9083.2
2026-05-21 13:49:56;9137.1
2026-05-21 13:50:11;9167.7
2026-05-21 13:50:28;9216.2
2026-05-21 13:50:41;9264.7
2026-05-21 13:50:56;9307.8
2026-05-21 13:51:11;9365.3
2026-05-21 13:51:26;9401.2
2026-05-21 13:51:41;9449.8
2026-05-21 13:51:56;9494.7
2026-05-21 13:52:11;9530.6
2026-05-21 13:52:26;9591.7
2026-05-21 13:52:41;9633.0
2026-05-21 13:52:56;9699.5
2026-05-21 13:53:11;9737.3
2026-05-21 13:53:26;9787.6
2026-05-21 13:53:41;9836.1
2026-05-21 13:53:56;9873.8
2026-05-21 13:54:11;9915.2
2026-05-21 13:54:26;9956.5
2026-05-21 13:54:42;9997.8
2026-05-21 13:54:56;10053.5
2026-05-21 13:55:11;10087.7
2026-05-21 13:55:27;10132.6
2026-05-21 13:55:41;10170.3
2026-05-21 13:55:56;10191.9
2026-05-21 13:56:12;10218.8
2026-05-21 13:56:26;10253.0
2026-05-21 13:56:41;10281.7
2026-05-21 13:56:56;10294.3
2026-05-21 13:57:11;10314.1
2026-05-21 13:57:27;10339.2
2026-05-21 13:57:42;10368.0
2026-05-21 13:57:57;10396.7
2026-05-21 13:58:12;10403.9
2026-05-21 13:58:27;10412.9
2026-05-21 13:58:42;10423.7
2026-05-21 13:58:57;10429.1
2026-05-21 13:59:12;10436.2
2026-05-21 13:59:27;10439.8
2026-05-21 13:59:42;10447.0
2026-05-21 13:59:57;10452.4
2026-05-21 14:00:12;10454.2
2026-05-21 14:00:27;10457.8
2026-05-21 14:00:42;10459.6
2026-05-21 14:00:57;10459.6
2026-05-21 14:01:19;10477.6
2026-05-21 14:01:27;10456.0
2026-05-21 14:01:42;10475.8
2026-05-21 14:01:57;10454.2
2026-05-21 14:02:12;10448.8
2026-05-21 14:02:31;10443.4
2026-05-21 14:02:53;10452.4
2026-05-21 14:02:57;10430.9
2026-05-21 14:03:12;10429.1
2026-05-21 14:03:27;10427.3
2026-05-21 14:03:42;10425.5
2026-05-21 14:03:58;10421.9
2026-05-21 14:04:12;10418.3
2026-05-21 14:04:27;10412.9
2026-05-21 14:04:42;10409.3
2026-05-21 14:04:57;10403.9
2026-05-21 14:05:12;10400.3
2026-05-21 14:05:27;10400.3
2026-05-21 14:05:42;10394.9
2026-05-21 14:06:03;10391.3
2026-05-21 14:06:13;10375.2
2026-05-21 14:07:48;10296.1
2026-05-21 14:08:33;10653.7
2026-05-21 14:08:48;10664.5
2026-05-21 14:09:03;10641.1
2026-05-21 14:09:18;10624.9
2026-05-21 14:09:33;10601.6
2026-05-21 14:09:48;10571.0
2026-05-21 14:10:03;10547.7
2026-05-21 14:10:19;10527.9
2026-05-21 14:10:34;10513.5
2026-05-21 14:10:49;10483.0
2026-05-21 14:11:04;10454.2
2026-05-21 14:11:19;10432.7
2026-05-21 14:11:34;10414.7
2026-05-21 14:12:04;10368.0
2026-05-21 14:12:19;10346.4
2026-05-21 14:12:34;10324.8
2026-05-21 14:12:49;10308.7
2026-05-21 14:13:04;10299.7
2026-05-21 14:13:19;10287.1
2026-05-21 14:13:34;10258.4
2026-05-21 14:13:49;10235.0
2026-05-21 14:14:04;10218.8
2026-05-21 14:14:19;10204.5
2026-05-21 14:14:34;10184.7
2026-05-21 14:14:49;10170.3
2026-05-21 14:15:04;10163.1
2026-05-21 14:15:23;10145.2
2026-05-21 14:15:34;10129.0
2026-05-21 14:15:50;10107.4
2026-05-21 14:16:04;10094.8
2026-05-21 14:16:19;10082.3
2026-05-21 14:16:35;10078.7
2026-05-21 14:16:49;10069.7
2026-05-21 14:17:05;10062.5
2026-05-21 14:17:20;10055.3
2026-05-21 14:17:35;10049.9
2026-05-21 14:17:50;10035.5
2026-05-21 14:18:05;10023.0
2026-05-21 14:18:20;10014.0
2026-05-21 14:18:36;9994.2
2026-05-21 14:18:50;9983.4
2026-05-21 14:19:05;9970.9
2026-05-21 14:19:20;9958.3
2026-05-21 14:19:35;9947.5
2026-05-21 14:19:50;9929.5
2026-05-21 14:20:05;9904.4
2026-05-21 14:20:20;9877.4
2026-05-21 14:20:35;9850.5
2026-05-21 14:20:50;9834.3
2026-05-21 14:21:05;9798.4
2026-05-21 14:21:20;9760.6
2026-05-21 14:21:35;9726.5
2026-05-21 14:21:50;9703.1
2026-05-21 14:22:05;9652.8
2026-05-21 14:22:20;9613.3
2026-05-21 14:22:35;9568.4
2026-05-21 14:22:50;9523.4
2026-05-21 14:23:05;9487.5
2026-05-21 14:23:20;9440.8
2026-05-21 14:23:36;9397.7
2026-05-21 14:23:50;9377.9
2026-05-21 14:24:05;9363.5
2026-05-21 14:24:20;9350.9
2026-05-21 14:24:35;9354.5
2026-05-21 14:24:50;9363.5
2026-05-21 14:25:05;9381.5
2026-05-21 14:25:20;9390.5
2026-05-21 14:25:35;9390.5
2026-05-21 14:25:50;9404.8
2026-05-21 14:26:05;9421.0
2026-05-21 14:26:21;9430.0
2026-05-21 14:26:36;9437.2
2026-05-21 14:26:51;9449.8
2026-05-21 14:27:06;9448.0
2026-05-21 14:27:21;9444.4
2026-05-21 14:27:36;9444.4
2026-05-21 14:27:51;9444.4
2026-05-21 14:28:06;9410.2
2026-05-21 14:28:21;9395.9
2026-05-21 14:28:38;9386.9
2026-05-21 14:28:51;9376.1
2026-05-21 14:29:06;9376.1
2026-05-21 14:29:21;9368.9
2026-05-21 14:29:36;9365.3
2026-05-21 14:29:51;9356.3
2026-05-21 14:30:06;9338.4
2026-05-21 14:30:21;9333.0
2026-05-21 14:30:36;9333.0
2026-05-21 14:30:51;9324.0
2026-05-21 14:31:06;9313.2
2026-05-21 14:31:22;9311.4
2026-05-21 14:31:36;9302.4
2026-05-21 14:31:51;9306.0
2026-05-21 14:32:06;9300.6
2026-05-21 14:32:21;9293.4
2026-05-21 14:32:36;9295.2
2026-05-21 14:32:51;9297.0
2026-05-21 14:33:06;9293.4
2026-05-21 14:33:21;9298.8
2026-05-21 14:33:36;9302.4
2026-05-21 14:33:51;9302.4
2026-05-21 14:34:07;9302.4
2026-05-21 14:34:21;9300.6
2026-05-21 14:34:37;9298.8
2026-05-21 14:34:51;9297.0
2026-05-21 14:35:06;9293.4
2026-05-21 14:35:22;9289.8
2026-05-21 14:35:37;9286.2
2026-05-21 14:35:52;9284.5
2026-05-21 14:36:07;9279.1
2026-05-21 14:36:22;9279.1
2026-05-21 14:36:37;9275.5
2026-05-21 14:36:52;9277.3
2026-05-21 14:37:08;9280.9
2026-05-21 14:37:22;9271.9
2026-05-21 14:37:37;9279.1
2026-05-21 14:37:52;9275.5
2026-05-21 14:38:07;9275.5
2026-05-21 14:38:22;9268.3
2026-05-21 14:38:37;9266.5
2026-05-21 14:38:52;9262.9
2026-05-21 14:39:07;9261.1
2026-05-21 14:39:22;9261.1
2026-05-21 14:39:37;9261.1
2026-05-21 14:39:52;9261.1
2026-05-21 14:40:07;9259.3
2026-05-21 14:40:23;9257.5
2026-05-21 14:40:37;9232.3
2026-05-21 14:40:52;9209.0
2026-05-21 14:41:07;9225.2
2026-05-21 14:41:22;9192.8
2026-05-21 14:41:37;9183.8
2026-05-21 14:41:52;9216.2
2026-05-21 14:42:07;9209.0
2026-05-21 14:42:22;9214.4
2026-05-21 14:42:37;9207.2
2026-05-21 14:42:52;9198.2
2026-05-21 14:43:07;9198.2
2026-05-21 14:43:22;9198.2
2026-05-21 14:43:37;9209.0
2026-05-21 14:43:53;9200.0
2026-05-21 14:44:07;9198.2
2026-05-21 14:44:23;9196.4
2026-05-21 14:44:37;9192.8
2026-05-21 14:44:53;9185.6
2026-05-21 14:45:08;9171.2
2026-05-21 14:45:23;9174.8
2026-05-21 14:45:38;9209.0
2026-05-21 14:45:53;9155.1
2026-05-21 14:46:08;9174.8
2026-05-21 14:46:23;9165.9
2026-05-21 14:46:38;9153.3
2026-05-21 14:46:53;9149.7
2026-05-21 14:47:08;9151.5
2026-05-21 14:47:23;9146.1
2026-05-21 14:47:38;9144.3
2026-05-21 14:47:53;9144.3
2026-05-21 14:48:08;9138.9
2026-05-21 14:48:23;9129.9
2026-05-21 14:48:38;9112.0
2026-05-21 14:48:53;9104.8
2026-05-21 14:49:08;9101.2
2026-05-21 14:49:23;9085.0
2026-05-21 14:49:38;9081.4
2026-05-21 14:49:53;9076.0
2026-05-21 14:50:08;9090.4
2026-05-21 14:50:23;9092.2
2026-05-21 14:50:38;9095.8
2026-05-21 14:50:54;9101.2
2026-05-21 14:51:08;9113.7
2026-05-21 14:51:23;9126.3
2026-05-21 14:51:38;9129.9
2026-05-21 14:51:53;9133.5
2026-05-21 14:52:08;9138.9
2026-05-21 14:52:23;9144.3
2026-05-21 14:52:39;9156.9
2026-05-21 14:52:53;9169.5
2026-05-21 14:53:22;9212.6
2026-05-21 14:53:37;9196.4
2026-05-21 14:53:52;9225.2
2026-05-21 14:53:59;9230.5
2026-05-21 14:54:10;9255.7
2026-05-21 14:54:25;9266.5
2026-05-21 14:54:40;9280.9
2026-05-21 14:54:55;9288.0
2026-05-21 14:55:13;9300.6
2026-05-21 14:55:25;9325.8
2026-05-21 14:55:40;9349.1
2026-05-21 14:55:55;9367.1
2026-05-21 14:56:10;9376.1
2026-05-21 14:56:33;9383.3
2026-05-21 14:56:54;9410.2
2026-05-21 14:57:11;9451.6
2026-05-21 14:57:26;9482.1
2026-05-21 14:57:43;9494.7
2026-05-21 14:58:26;9537.8
2026-05-21 14:58:42;9559.4
2026-05-21 14:58:56;9591.7
2026-05-21 14:59:21;9606.1
2026-05-21 14:59:28;9615.1
2026-05-21 14:59:57;9620.5
2026-05-21 14:59:58;9634.8
2026-05-21 15:00:11;9651.0
2026-05-21 15:00:29;9674.4
2026-05-21 15:00:46;9678.0
2026-05-21 15:00:56;9703.1
2026-05-21 15:01:11;9715.7
2026-05-21 15:01:26;9731.9
2026-05-21 15:01:41;9742.7
2026-05-21 15:01:56;9748.0
2026-05-21 15:02:11;9758.8
2026-05-21 15:02:26;9767.8
2026-05-21 15:02:41;9785.8
2026-05-21 15:02:57;9810.9
2026-05-21 15:03:11;9828.9
2026-05-21 15:03:26;9841.5
2026-05-21 15:03:42;9850.5
2026-05-21 15:03:57;9873.8
2026-05-21 15:04:12;9900.8
2026-05-21 15:04:27;9927.7
2026-05-21 15:04:41;9945.7
2026-05-21 15:04:56;9956.5
2026-05-21 15:05:12;9978.0
2026-05-21 15:05:27;9983.4
2026-05-21 15:05:42;10003.2
2026-05-21 15:05:57;10053.5
2026-05-21 15:06:12;10067.9
2026-05-21 15:06:27;10082.3
2026-05-21 15:06:42;10093.0
2026-05-21 15:06:57;10114.6
2026-05-21 15:08:22;10283.5
2026-05-21 15:08:37;10290.7
2026-05-21 15:08:53;10312.3
2026-05-21 15:09:07;10335.6
2026-05-21 15:09:22;10368.0
2026-05-21 15:09:37;10398.5
2026-05-21 15:09:52;10432.7
2026-05-21 15:10:07;10474.0
2026-05-21 15:10:22;10522.5
2026-05-21 15:10:45;10589.0
2026-05-21 15:10:56;10687.8
2026-05-21 15:11:13;10921.4
2026-05-21 15:11:28;11092.1
2026-05-21 15:11:43;11322.1
2026-05-21 15:11:58;11562.9
2026-05-21 15:12:13;11789.3
2026-05-21 15:12:28;12004.9
2026-05-21 15:12:43;12143.3
2026-05-21 15:12:58;12251.1
2026-05-21 15:13:13;12323.0
2026-05-21 15:13:28;12448.7
2026-05-21 15:13:43;12639.2
2026-05-21 15:13:58;12921.3
2026-05-21 15:14:13;13196.2
2026-05-21 15:14:28;13492.7
2026-05-21 15:15:16;8499.2
2026-05-21 15:15:59;20407.1
2026-05-21 15:16:14;21257.0
2026-05-21 15:16:29;21932.7
2026-05-21 15:16:44;22572.3
2026-05-21 15:16:59;23134.8
2026-05-21 15:17:14;23652.3
2026-05-21 15:17:29;24062.0
2026-05-21 15:17:44;24457.3
2026-05-21 15:17:59;24883.1
2026-05-21 15:18:14;25332.3
2026-05-21 15:18:29;25680.9
2026-05-21 15:18:44;25986.4
2026-05-21 15:18:59;26351.2
2026-05-21 15:19:14;26940.5
2026-05-21 15:19:29;27555.1
2026-05-21 15:19:45;28308.0
2026-05-21 15:19:59;28631.4
2026-05-21 15:20:15;29051.9
2026-05-21 15:20:30;29499.3
2026-05-21 15:20:45;29826.3
2026-05-21 15:21:00;30293.5
2026-05-21 15:21:15;30435.5
2026-05-21 15:21:30;30685.2
2026-05-21 15:21:45;30911.6
2026-05-21 15:22:00;31112.9
2026-05-21 15:22:15;31364.5
2026-05-21 15:22:30;31465.1
2026-05-21 15:22:45;31837.0
2026-05-21 15:23:00;31970.0
2026-05-21 15:23:15;32038.3
2026-05-21 15:23:30;32234.1
2026-05-21 15:23:45;32365.3
2026-05-21 15:24:00;32449.8
2026-05-21 15:24:15;32394.1
2026-05-21 15:24:30;32412.0
2026-05-21 15:24:45;32510.9
2026-05-21 15:25:00;32694.1
2026-05-21 15:25:15;32852.3
2026-05-21 15:25:30;32854.1
2026-05-21 15:25:45;32949.3
2026-05-21 15:26:00;32834.3
2026-05-21 15:26:15;32674.4
2026-05-21 15:26:30;32647.4
2026-05-21 15:26:45;32694.1
2026-05-21 15:27:00;32589.9
2026-05-21 15:27:15;32597.1
2026-05-21 15:27:30;32397.7
2026-05-21 15:27:46;32043.7
2026-05-21 15:28:01;31767.0
2026-05-21 15:28:17;31510.0
2026-05-21 15:28:32;30983.5
2026-05-21 15:28:47;30570.2
2026-05-21 15:29:02;30322.3
2026-05-21 15:29:18;30015.0
2026-05-21 15:29:33;29867.7
2026-05-21 15:29:49;29702.3
2026-05-21 15:30:04;29711.3
2026-05-21 15:30:19;29510.1
2026-05-21 15:30:34;29346.6
2026-05-21 15:30:50;29181.2
2026-05-21 15:31:05;29258.5
2026-05-21 15:31:21;29116.6
2026-05-21 15:31:38;28967.4
2026-05-21 15:31:54;28908.1
2026-05-21 15:32:09;28593.7
2026-05-21 15:32:25;28469.7
2026-05-21 15:32:40;28451.7
2026-05-21 15:32:55;28545.2
2026-05-21 15:33:13;28320.5
2026-05-21 15:33:26;27846.2
2026-05-21 15:33:41;27443.7
2026-05-21 15:33:57;27211.9
2026-05-21 15:34:12;26976.5
2026-05-21 15:34:27;26795.0
2026-05-21 15:34:42;26870.5
2026-05-21 15:34:58;26654.8
2026-05-21 15:35:13;26372.7
2026-05-21 15:35:29;26252.3
2026-05-21 15:35:44;26099.6
2026-05-21 15:35:59;25921.7
2026-05-21 15:36:14;25528.2
2026-05-21 15:36:30;25136.5
2026-05-21 15:36:45;24728.6
2026-05-21 15:37:00;24428.5
2026-05-21 15:37:16;24218.3
2026-05-21 15:37:31;23947.0
2026-05-21 15:37:46;23587.6
2026-05-21 15:38:02;23210.2
2026-05-21 15:38:17;23070.1
2026-05-21 15:38:32;22820.3
2026-05-21 15:38:47;22412.4
2026-05-21 15:39:03;21878.7
2026-05-21 15:39:19;21248.0
2026-05-21 15:39:34;20448.4
2026-05-21 15:39:49;19927.3
2026-05-21 15:40:04;19760.2
2026-05-21 15:40:19;19611.1
2026-05-21 15:40:35;18498.8
2026-05-21 15:40:50;16401.9
2026-05-21 15:41:06;14313.9
2026-05-21 15:41:21;13340.0
2026-05-21 15:41:36;12698.5
2026-05-21 15:41:51;12164.8
2026-05-21 15:42:07;11654.5
2026-05-21 15:42:22;11203.5
2026-05-21 15:42:38;10801.0
2026-05-21 15:42:53;10465.0
2026-05-21 15:43:08;10161.3
2026-05-21 15:43:23;9863.0
2026-05-21 15:43:39;9609.7
2026-05-21 15:43:54;9368.9
2026-05-21 15:44:09;9135.3
2026-05-21 15:44:24;8912.5
2026-05-21 15:44:39;8714.8
2026-05-21 15:44:54;8520.8
2026-05-21 15:45:09;8339.3
2026-05-21 15:45:24;8154.2
2026-05-21 15:45:39;7994.3
2026-05-21 15:45:54;7830.8
2026-05-21 15:46:09;7678.0
2026-05-21 15:46:24;7541.5
2026-05-21 15:46:39;7392.3
2026-05-21 15:46:54;7263.0
2026-05-21 15:47:09;7128.2
2026-05-21 15:47:24;7000.6
2026-05-21 15:47:39;6880.2
2026-05-21 15:47:54;6758.0
2026-05-21 15:48:09;6641.2
2026-05-21 15:48:24;6522.7
2026-05-21 15:48:39;6413.0
2026-05-21 15:48:54;6308.8
2026-05-21 15:49:09;6219.0
2026-05-21 15:49:24;6123.8
2026-05-21 15:49:39;6048.3
2026-05-21 15:49:54;5962.0
2026-05-21 15:50:09;5884.8
2026-05-21 15:50:24;5818.3
2026-05-21 15:50:39;5744.6
2026-05-21 15:51:08;5679.9
2026-05-21 15:51:09;5626.0
2026-05-21 15:51:24;5577.5
2026-05-21 15:51:39;5512.8
2026-05-21 15:51:55;5464.3
2026-05-21 15:52:09;5423.0
2026-05-21 15:52:24;5360.1
2026-05-21 15:52:42;5290.0
2026-05-21 15:53:00;5245.1
2026-05-21 15:53:09;5184.0
2026-05-21 15:53:24;5130.1
2026-05-21 15:53:39;5070.8
2026-05-21 15:53:54;5018.7
2026-05-21 15:54:09;4961.2
2026-05-21 15:54:24;4909.1
2026-05-21 15:54:39;4851.6
2026-05-21 15:54:54;4799.5
2026-05-21 15:55:09;4740.2
2026-05-21 15:55:25;4689.8
2026-05-21 15:55:47;4628.8
2026-05-21 15:56:05;4585.6
2026-05-21 15:56:10;4528.1
2026-05-21 15:56:25;4479.6
2026-05-21 15:56:40;4434.7
2026-05-21 15:56:55;4393.4
2026-05-21 15:57:10;4359.2
2026-05-21 15:57:25;4314.3
2026-05-21 15:57:40;4278.4
2026-05-21 15:57:55;4247.8
2026-05-21 15:58:10;4201.1
2026-05-21 15:58:25;4167.0
2026-05-21 15:58:40;4132.8
2026-05-21 15:58:55;4086.1
2026-05-21 15:59:10;4053.7
2026-05-21 15:59:25;4019.6
2026-05-21 15:59:40;3969.3
2026-05-21 15:59:55;3933.4
2026-05-21 16:00:10;3895.6
2026-05-21 16:00:25;3847.1
2026-05-21 16:00:40;3809.4
2026-05-21 16:00:55;3771.6
2026-05-21 16:01:10;3726.7
2026-05-21 16:01:25;3685.4
2026-05-21 16:01:40;3642.3
2026-05-21 16:01:55;3604.5
2026-05-21 16:02:10;3563.2
2026-05-21 16:02:25;3525.5
2026-05-21 16:02:40;3491.3
2026-05-21 16:02:55;3457.2
2026-05-21 16:03:10;3424.8
2026-05-21 16:03:26;3390.7
2026-05-21 16:03:40;3363.7
2026-05-21 16:03:55;3331.4
2026-05-21 16:04:10;3302.7
2026-05-21 16:04:25;3275.7
2026-05-21 16:04:40;3252.3
2026-05-21 16:04:56;3229.0
2026-05-21 16:05:11;3207.4
2026-05-21 16:05:26;3178.7
2026-05-21 16:05:41;3158.9
2026-05-21 16:05:56;3140.9
2026-05-21 16:06:11;3115.8
2026-05-21 16:06:26;3108.6
2026-05-21 16:06:41;3078.0
2026-05-21 16:06:56;3058.3
2026-05-21 16:07:11;3038.5
2026-05-21 16:07:26;3018.8
2026-05-21 16:07:41;2999.0
2026-05-21 16:07:56;2970.2
2026-05-21 16:08:11;2946.9
2026-05-21 16:08:26;2925.3
2026-05-21 16:08:41;2898.4
2026-05-21 16:09:00;2079.0
2026-05-21 16:09:13;2165.2
2026-05-22 10:32:14;16502.5
2026-05-22 10:32:29;18400.0
2026-05-22 10:32:44;17383.0
2026-05-22 10:32:59;16581.6
2026-05-22 10:33:14;25274.8
2026-05-22 10:33:31;31639.4
2026-05-22 10:33:44;29317.8
2026-05-22 10:33:59;28101.3
2026-05-22 10:34:14;4352.0
2026-05-22 10:34:29;47318.9
2026-05-22 10:34:44;45117.7
2026-05-22 10:34:59;13097.4
2026-05-22 10:35:15;46499.5
2026-05-22 10:35:30;38167.4
2026-05-22 10:35:45;32807.3
2026-05-22 10:36:00;26992.7
2026-05-22 10:36:16;29352.0
2026-05-22 10:36:33;28036.6
2026-05-22 10:36:47;26859.7
2026-05-22 10:37:02;26123.0
2026-05-22 10:37:17;25557.0
2026-05-22 10:37:32;25014.3
2026-05-22 10:37:48;24324.3
2026-05-22 10:38:03;23767.3
2026-05-22 10:38:19;23301.9
2026-05-22 10:38:33;23034.1
2026-05-22 10:38:49;22809.5
2026-05-22 10:39:04;22633.4
2026-05-22 10:39:20;22441.2
2026-05-22 10:39:37;22263.3
2026-05-22 10:39:50;22103.4
2026-05-22 10:40:05;21920.1
2026-05-22 10:41:07;20996.5
2026-05-22 10:41:24;20664.1
2026-05-22 10:41:37;20301.1
2026-05-22 10:41:53;19868.0
2026-05-22 10:42:08;19282.3
2026-05-22 10:42:24;18552.7
2026-05-22 10:42:39;17967.0
2026-05-22 10:42:54;17393.7
2026-05-22 10:43:15;16820.5
2026-05-22 10:43:25;16281.5
2026-05-22 10:43:40;15796.3
2026-05-22 10:44:06;15365.1
2026-05-22 10:44:35;15104.5
2026-05-22 10:44:53;14121.6
2026-05-22 10:45:13;13611.3
2026-05-22 10:45:24;13086.6
2026-05-22 10:45:54;11999.5
2026-05-22 10:46:09;11455.1
2026-05-22 10:46:25;10899.8
2026-05-22 10:46:40;10412.9
2026-05-22 10:46:55;9897.2
2026-05-22 10:47:12;9401.2
2026-05-22 10:47:25;8970.0
2026-05-22 10:47:40;8576.5
2026-05-22 10:47:55;8236.9
2026-05-22 10:48:10;7900.9
2026-05-22 10:48:28;7608.0
2026-05-22 10:48:40;7322.3
2026-05-22 10:48:55;7065.3
2026-05-22 10:49:12;6835.3
2026-05-22 10:49:27;6630.5
2026-05-22 10:49:40;6411.2
2026-05-22 10:49:55;6201.0
2026-05-22 10:50:10;5999.8
2026-05-22 10:50:25;5800.3
2026-05-22 10:50:40;5599.1
2026-05-22 10:50:55;5378.0
2026-05-22 10:52:05;4628.8
2026-05-22 10:52:16;4465.2
2026-05-22 10:52:26;4308.9
2026-05-22 10:52:41;4190.3
2026-05-22 10:52:56;4077.1
2026-05-22 10:53:11;3992.7
2026-05-22 10:53:26;3928.0
2026-05-22 10:53:41;3899.2
2026-05-22 10:53:56;3883.0
2026-05-22 10:54:11;3868.7
2026-05-22 10:54:43;3908.2
2026-05-22 10:54:44;3906.4
2026-05-22 10:54:56;3953.1
2026-05-22 10:55:11;4010.6
2026-05-22 10:55:26;4075.3
2026-05-22 10:55:41;4159.8
2026-05-22 10:55:56;4186.7
2026-05-22 10:56:11;4249.6
2026-05-22 10:56:26;4317.9
2026-05-22 10:56:41;4388.0
2026-05-22 10:56:56;4458.0
2026-05-22 10:57:12;4519.1
2026-05-22 10:57:26;4594.6
2026-05-22 10:57:41;4677.3
2026-05-22 10:57:56;4767.1
2026-05-22 10:58:11;4864.1
2026-05-22 10:58:26;4957.6
2026-05-22 10:58:41;5045.6
2026-05-22 10:58:56;5104.9
2026-05-22 10:59:11;5158.8
2026-05-22 10:59:26;5198.4
2026-05-22 10:59:41;5248.7
2026-05-22 10:59:56;5293.6
2026-05-22 11:00:11;5325.9
2026-05-22 11:00:26;5379.8
2026-05-22 11:00:41;5394.2
2026-05-22 11:00:58;5412.2
2026-05-22 11:01:11;5442.7
2026-05-22 11:01:27;5485.9
2026-05-22 11:01:42;5503.8
2026-05-22 11:01:57;5516.4
2026-05-22 11:02:12;5527.2
2026-05-22 11:02:27;5529.0
2026-05-22 11:02:42;5514.6
2026-05-22 11:02:57;5518.2
2026-05-22 11:03:12;5536.2
2026-05-22 11:03:27;5557.7
2026-05-22 11:03:42;5597.3
2026-05-22 11:03:57;5631.4
2026-05-22 11:04:12;5669.1
2026-05-22 11:04:27;5735.6
2026-05-22 11:04:42;5789.5
2026-05-22 11:05:01;5843.4
2026-05-22 11:05:12;5883.0
2026-05-22 11:05:27;5911.7
2026-05-22 11:05:42;5958.4
2026-05-22 11:05:57;6005.2
2026-05-22 11:06:12;6055.5
2026-05-22 11:06:27;6100.4
2026-05-22 11:06:42;6159.7
2026-05-22 11:06:58;6193.8
2026-05-22 11:07:12;6237.0
2026-05-22 11:07:27;6292.7
2026-05-22 11:07:42;6335.8
2026-05-22 11:07:57;6411.2
2026-05-22 11:08:12;6418.4
2026-05-22 11:08:27;6497.5
2026-05-22 11:08:58;6646.6
2026-05-22 11:09:13;6747.3
2026-05-22 11:09:28;6855.1
2026-05-22 11:09:43;6964.7
2026-05-22 11:09:58;7092.3
2026-05-22 11:10:13;7182.1
2026-05-22 11:10:29;7259.4
2026-05-22 11:10:43;7334.8
2026-05-22 11:10:58;7417.5
2026-05-22 11:11:14;7466.0
2026-05-22 11:11:28;7500.2
2026-05-22 11:11:44;7500.2
2026-05-22 11:11:58;7539.7
2026-05-22 11:12:13;7566.6
2026-05-22 11:12:30;7597.2
2026-05-22 11:12:43;7608.0
2026-05-22 11:12:58;7634.9
2026-05-22 11:13:13;7663.7
2026-05-22 11:13:29;7701.4
2026-05-22 11:13:44;7766.1
2026-05-22 11:13:59;7825.4
2026-05-22 11:14:14;7920.6
2026-05-22 11:14:29;8066.2
2026-05-22 11:14:44;8208.1
2026-05-22 11:14:59;8341.1
2026-05-22 11:15:14;8456.1
2026-05-22 11:15:29;8529.8
2026-05-22 11:15:44;8574.7
2026-05-22 11:15:59;8587.3
2026-05-22 11:16:14;8583.7
2026-05-22 11:16:29;8603.4
2026-05-22 11:16:44;8666.3
2026-05-22 11:16:59;8749.0
2026-05-22 11:17:15;8853.2
2026-05-22 11:17:29;8959.2
2026-05-22 11:17:44;9052.7
2026-05-22 11:17:59;9289.8
2026-05-22 11:18:14;9496.5
2026-05-22 11:18:29;9697.7
2026-05-22 11:18:44;9882.8
2026-05-22 11:18:59;10075.1
2026-05-22 11:19:14;10244.0
2026-05-22 11:19:29;10378.7
2026-05-22 11:19:44;10457.8
2026-05-22 11:19:59;10619.5
2026-05-22 11:20:15;10745.3
2026-05-25 08:24:33;3676.4
2026-05-25 08:24:48;4704.2
2026-05-25 08:25:03;3971.1
2026-05-25 08:25:18;2824.7
2026-05-25 08:25:33;5169.6
2026-05-25 08:25:48;2463.5
2026-05-25 08:26:03;3839.9
2026-05-25 08:26:18;7092.3
2026-05-25 08:26:33;8265.6
2026-05-25 08:26:49;8864.0
2026-05-25 08:27:03;9255.7
2026-05-25 08:27:18;9426.4
2026-05-25 08:27:33;9451.6
2026-05-25 08:27:48;8574.7
2026-05-25 08:28:03;8641.2
2026-05-25 08:28:18;8867.6
2026-05-25 08:28:33;8404.0
2026-05-25 08:28:48;7085.1
2026-05-25 08:29:03;6456.2
2026-05-25 08:29:18;5947.7
2026-05-25 08:29:34;5816.5
2026-05-25 08:29:49;5433.7
2026-05-25 08:30:04;5446.3
2026-05-25 08:30:19;5171.4
2026-05-25 08:30:34;5104.9
2026-05-25 08:30:49;6262.1
2026-05-25 08:31:04;6781.4
2026-05-25 08:31:19;6909.0
2026-05-25 08:31:34;7024.0
2026-05-25 08:31:49;7320.5
2026-05-25 08:32:04;7787.7
2026-05-25 08:32:19;8601.6
2026-05-25 08:32:34;9297.0
2026-05-25 08:32:49;8560.3
2026-05-25 08:33:04;9070.6
2026-05-25 08:33:19;9652.8
2026-05-25 08:33:34;10211.6
2026-05-25 08:33:49;10306.9
2026-05-25 08:34:05;10112.8
2026-05-25 08:34:19;9940.3
2026-05-25 08:34:35;9767.8
2026-05-25 08:34:50;9857.7
2026-05-25 08:35:05;10084.1
2026-05-25 08:35:20;11208.9
2026-05-25 08:35:35;11101.1
2026-05-25 08:35:50;11792.9
2026-05-25 08:36:05;11906.1
2026-05-25 08:36:20;11992.3
2026-05-25 08:36:36;11967.2
2026-05-25 08:36:51;11927.7
2026-05-25 08:37:05;11645.5
2026-05-25 08:37:20;11207.1
2026-05-25 08:37:35;10937.6
2026-05-25 08:37:50;10781.3
2026-05-25 08:38:05;10608.7
2026-05-25 08:38:20;10409.3
2026-05-25 08:38:35;10258.4
2026-05-25 08:38:50;10066.1
2026-05-25 08:39:05;9972.7
2026-05-25 08:39:21;9922.3
2026-05-25 08:39:35;10120.0
2026-05-25 08:39:51;10285.3
2026-05-25 08:40:06;10398.5
2026-05-25 08:40:21;10452.4
2026-05-25 08:40:36;10181.1
2026-05-25 08:40:51;9712.1
2026-05-25 08:41:06;9559.4
2026-05-25 08:41:21;9537.8
2026-05-25 08:41:36;9678.0
2026-05-25 08:41:51;10001.4
2026-05-25 08:42:06;10414.7
2026-05-25 08:42:21;10673.4
2026-05-25 08:42:36;10912.4
2026-05-25 08:42:51;10851.3
2026-05-25 08:43:06;10500.9
2026-05-25 08:43:21;9967.3
2026-05-25 08:43:36;10021.2
2026-05-25 08:43:51;9852.3
2026-05-25 08:44:06;9812.7
2026-05-25 08:44:22;9717.5
2026-05-25 08:44:38;8777.7
2026-05-25 08:44:52;8375.2
2026-05-25 08:45:08;8465.1
2026-05-25 08:45:22;8621.4
2026-05-25 08:45:37;8738.2
2026-05-25 08:45:52;8939.5
2026-05-25 08:46:07;9253.9
2026-05-25 08:46:27;9349.1
2026-05-25 08:46:37;9142.5
2026-05-25 08:46:52;9212.6
2026-05-25 08:47:07;9056.2
2026-05-25 08:47:22;9412.0
2026-05-25 08:47:37;9266.5
2026-05-25 08:47:52;9182.0
2026-05-25 08:48:07;9167.7
2026-05-25 08:48:23;9214.4
2026-05-25 08:48:38;9023.9
2026-05-25 08:48:54;8786.7
2026-05-25 08:49:07;8601.6
2026-05-25 08:49:23;8711.2
2026-05-25 08:49:38;8808.3
2026-05-25 08:49:53;8815.5
2026-05-25 08:50:08;8639.4
2026-05-25 08:50:23;7701.4
2026-05-25 08:50:38;7913.4
2026-05-25 08:50:53;7963.7
2026-05-25 08:51:08;8184.8
2026-05-25 08:51:23;7953.0
2026-05-25 08:51:38;7906.2
2026-05-25 08:51:53;7730.2
2026-05-25 08:52:08;7753.5
2026-05-25 08:52:23;7661.9
2026-05-25 08:52:38;7582.8
2026-05-25 08:52:53;7525.3
2026-05-25 08:53:10;7433.7
2026-05-25 08:53:24;7563.0
2026-05-25 08:53:38;7381.6
2026-05-25 08:53:53;7960.2
2026-05-25 08:54:09;7636.7
2026-05-25 08:54:23;7818.2
2026-05-25 08:54:39;7672.7
2026-05-25 08:54:54;7360.0
2026-05-25 08:55:09;7257.6
2026-05-25 08:55:24;7358.2
2026-05-25 08:55:39;8163.2
2026-05-25 08:55:54;7945.8
2026-05-25 08:56:09;7988.9
2026-05-25 08:56:24;8156.0
2026-05-25 08:56:39;8337.5
2026-05-25 08:56:54;8493.8
2026-05-25 08:57:09;8765.2
2026-05-25 08:57:24;9077.8
2026-05-25 08:57:39;9685.2
2026-05-25 08:57:55;10323.0
2026-05-25 08:58:09;10923.2
2026-05-25 08:58:24;11485.6
2026-05-25 08:58:39;11972.6
2026-05-25 08:58:54;12242.1
2026-05-25 08:59:09;12570.9
2026-05-25 08:59:25;13446.0
2026-05-25 08:59:39;14224.1
2026-05-25 08:59:54;14763.1
2026-05-25 09:00:10;14714.6
2026-05-25 09:00:25;14563.7
2026-05-25 09:00:40;14358.8
2026-05-25 09:00:55;16245.5
2026-05-25 09:01:10;15363.3
2026-05-25 09:01:25;13474.8
2026-05-25 09:01:40;13731.7
2026-05-25 09:01:55;12452.3
2026-05-25 09:02:11;12984.2
2026-05-25 09:02:26;13311.2
2026-05-25 09:02:40;13074.1
2026-05-25 09:02:55;13774.8
2026-05-25 09:03:10;14312.1
2026-05-25 09:03:25;13503.5
2026-05-25 09:03:40;13176.5
2026-05-25 09:03:55;13489.1
2026-05-25 09:04:10;13325.6
2026-05-25 09:04:25;13154.9
2026-05-25 09:04:41;12960.9
2026-05-25 09:04:55;12693.1
2026-05-25 09:05:10;12513.4
2026-05-25 09:05:26;12678.7
2026-05-25 09:05:41;12748.8
2026-05-25 09:05:56;12953.7
2026-05-25 09:06:11;13086.6
2026-05-25 09:06:26;13151.3
2026-05-25 09:06:41;13214.2
2026-05-25 09:06:56;12278.0
2026-05-25 09:07:11;13264.5
2026-05-25 09:07:26;13268.1
2026-05-25 09:07:41;13428.0
2026-05-25 09:07:56;13293.3
2026-05-25 09:08:11;13561.0
2026-05-25 09:08:26;13911.4
2026-05-25 09:08:41;13305.9
2026-05-25 09:08:56;13122.6
2026-05-25 09:09:12;13280.7
2026-05-25 09:09:26;13510.7
2026-05-25 09:09:41;14046.2
2026-05-25 09:09:56;15032.7
2026-05-25 09:10:11;15938.3
2026-05-25 09:10:27;16443.2
2026-05-25 09:10:42;16590.5
2026-05-25 09:10:57;16985.9
2026-05-25 09:11:12;15611.2
2026-05-25 09:11:27;14216.9
2026-05-25 09:11:42;13320.2
2026-05-25 09:11:57;12590.7
2026-05-25 09:12:12;11798.3
2026-05-25 09:12:27;11282.6
2026-05-25 09:12:42;10871.1
2026-05-25 09:12:57;10673.4
2026-05-25 09:13:12;10303.3
2026-05-25 09:13:27;9850.5
2026-05-25 09:13:42;9448.0
2026-05-25 09:13:57;9253.9
2026-05-25 09:14:12;9252.1
2026-05-25 09:14:27;9334.8
2026-05-25 09:14:42;9563.0
2026-05-25 09:14:57;9830.7
2026-05-25 09:15:12;9899.0
2026-05-25 09:15:27;9825.3
2026-05-25 09:15:43;9598.9
2026-05-25 09:15:58;9248.5
2026-05-25 09:16:12;8912.5
2026-05-25 09:16:28;8682.5
2026-05-25 09:16:43;8468.7
2026-05-25 09:16:58;8247.7
2026-05-25 09:17:13;7877.5
2026-05-25 09:17:28;7536.1
2026-05-25 09:17:43;7462.4
2026-05-25 09:17:58;7446.2
2026-05-25 09:18:13;7608.0
2026-05-25 09:18:28;8028.4
2026-05-25 09:18:43;8729.2
2026-05-25 09:18:58;9478.5
2026-05-25 09:19:14;10348.2
2026-05-25 09:19:28;12305.0
2026-05-25 09:19:44;12946.5
2026-05-25 09:19:58;11131.6
2026-05-25 09:20:13;11081.3
2026-05-25 09:20:28;10772.3
2026-05-25 09:20:43;10450.6
2026-05-25 09:20:58;10049.9
2026-05-25 09:21:13;9751.6
2026-05-25 09:21:29;9717.5
2026-05-25 09:21:43;10055.3
2026-05-25 09:21:59;10596.2
2026-05-25 09:22:14;11379.6
2026-05-25 09:22:29;12601.5
2026-05-25 09:22:44;13390.3
2026-05-25 09:22:59;14583.4
2026-05-25 09:23:14;14908.7
2026-05-25 09:23:30;15090.2
2026-05-25 09:23:44;14389.4
2026-05-25 09:23:59;14935.6
2026-05-25 09:24:14;14179.1
2026-05-25 09:24:29;12164.8
2026-05-25 09:24:44;11805.5
2026-05-25 09:24:59;11859.4
2026-05-25 09:25:14;12136.1
2026-05-25 09:25:29;12579.9
2026-05-25 09:25:45;13449.6
2026-05-25 09:25:59;15963.4
2026-05-25 09:26:14;19377.5
2026-05-25 09:26:29;18563.5
2026-05-25 09:26:44;18254.5
2026-05-25 09:27:01;19648.8
2026-05-25 09:27:15;16547.4
2026-05-25 09:27:30;16242.0
2026-05-25 09:27:45;19347.0
2026-05-25 09:28:00;19190.6
2026-05-25 09:28:15;24180.5
2026-05-25 09:28:30;25070.0
2026-05-25 09:28:45;16236.6
2026-05-25 09:29:00;15100.9
2026-05-25 09:29:15;15296.8
2026-05-25 09:29:30;13733.5
2026-05-25 09:29:45;13124.4
2026-05-25 09:30:00;13047.1
2026-05-25 09:30:15;13406.5
2026-05-25 09:30:30;14215.1
2026-05-25 09:30:45;16272.5
2026-05-25 09:31:00;22655.0
2026-05-25 09:31:15;23916.4
2026-05-25 09:31:30;19338.0
2026-05-25 09:31:45;19467.3
2026-05-25 09:32:00;24574.1
2026-05-25 09:32:15;25986.4
2026-05-25 09:32:30;23975.7
2026-05-25 09:32:45;19934.5
2026-05-25 09:33:00;23945.2
2026-05-25 09:33:15;25756.4
2026-05-25 09:33:30;30811.0
2026-05-25 09:33:45;41342.5
2026-05-25 09:34:00;48048.4
2026-05-25 09:34:15;56053.5
2026-05-25 09:34:30;61586.1
2026-05-25 09:34:46;65045.1
2026-05-25 09:35:01;65740.5
2026-05-25 09:35:16;65354.1
2026-05-25 09:35:31;64223.9
2026-05-25 09:35:46;65086.4
2026-05-25 09:36:01;67514.0
2026-05-25 09:36:16;69970.3
2026-05-25 09:36:31;71679.1
2026-05-25 09:36:46;72694.4
2026-05-25 09:37:01;72690.8
2026-05-25 09:37:16;73102.3
2026-05-25 09:37:31;51661.9
2026-05-25 09:37:46;29670.0
2026-05-25 09:38:01;21993.8
2026-05-25 09:38:16;45453.8
2026-05-25 09:38:31;26527.3
2026-05-25 09:38:46;21359.5
2026-05-25 09:39:01;20504.1
2026-05-25 09:39:16;20497.0
2026-05-25 09:39:31;21190.5
2026-05-25 09:39:46;54743.6
2026-05-25 09:40:01;64173.6
2026-05-25 09:40:16;68475.3
2026-05-25 09:40:31;42709.9
2026-05-25 09:40:46;20931.8
2026-05-25 09:41:01;19242.7
2026-05-25 09:41:17;21458.3
2026-05-25 09:41:32;73352.0
2026-05-25 09:41:48;72083.4
2026-05-25 09:42:03;70777.1
2026-05-25 09:42:18;69522.9
2026-05-25 09:42:33;68823.9
2026-05-25 09:42:49;70392.6
2026-05-25 09:43:04;29891.0
2026-05-25 09:43:20;33596.2
2026-05-25 09:43:35;71188.6
2026-05-25 09:43:50;73601.8
2026-05-25 09:44:05;73655.7
2026-05-25 09:44:21;73988.1
2026-05-25 09:44:36;75628.7
2026-05-25 09:44:52;76823.6
2026-05-25 09:45:06;77731.0
2026-05-25 09:45:22;70990.9
2026-05-25 09:45:38;74509.2
2026-05-25 09:45:53;74444.5
2026-05-25 09:46:08;65884.2
2026-05-25 09:46:23;26268.5
2026-05-25 09:46:38;20649.7
2026-05-25 09:46:54;19187.0
2026-05-25 09:47:11;18948.0
2026-05-25 09:47:24;19871.6
2026-05-25 09:47:40;51378.0
2026-05-25 09:47:55;21975.8
2026-05-25 09:48:10;18468.3
2026-05-25 09:48:26;21098.9
2026-05-25 09:48:41;18004.7
2026-05-25 09:48:57;17537.5
2026-05-25 09:49:11;17510.5
2026-05-25 09:49:27;17519.5
2026-05-25 09:49:42;17395.5
2026-05-25 09:49:58;17339.8
2026-05-25 09:50:13;17855.5
2026-05-25 09:50:28;17424.3
2026-05-25 09:50:43;17393.7
2026-05-25 09:50:59;17438.7
2026-05-25 09:51:14;18270.6
2026-05-25 09:51:30;20107.0
2026-05-25 09:51:45;36426.3
2026-05-25 09:52:00;17630.9
2026-05-25 09:52:15;14657.1
2026-05-25 09:52:31;13248.4
2026-05-25 09:52:46;12349.9
2026-05-25 09:53:02;11719.2
2026-05-25 09:53:17;11338.3
2026-05-25 09:53:32;11115.5
2026-05-25 09:53:47;10984.3
2026-05-25 09:54:02;10917.8
2026-05-25 09:54:17;10854.9
2026-05-25 09:54:32;10768.7
2026-05-25 09:54:47;10766.9
2026-05-25 09:55:02;10802.8
2026-05-25 09:55:17;10871.1
2026-05-25 09:55:32;11013.0
2026-05-25 09:55:47;11106.5
2026-05-25 09:56:02;11217.9
2026-05-25 09:56:17;11318.5
2026-05-25 09:56:32;11518.0
2026-05-25 09:56:47;11706.6
2026-05-25 09:57:02;11880.9
2026-05-25 09:57:17;11913.3
2026-05-25 09:57:32;11889.9
2026-05-25 09:57:47;11767.7
2026-05-25 09:58:02;11907.9
2026-05-25 09:58:17;13108.2
2026-05-25 09:58:32;15399.2
2026-05-25 09:58:47;18718.0
2026-05-25 09:59:02;53363.6
2026-05-25 09:59:17;46524.7
2026-05-25 09:59:32;68414.2
2026-05-25 09:59:47;85606.7
2026-05-25 10:00:02;83879.9
2026-05-25 10:00:18;83227.7
2026-05-25 10:00:32;82972.5
2026-05-25 10:00:47;83021.0
2026-05-25 10:01:02;83763.1
2026-05-25 10:01:17;83561.9
2026-05-25 10:01:32;83312.1
2026-05-25 10:01:47;82803.6
2026-05-25 10:02:02;82731.7
2026-05-25 10:02:18;83033.6
2026-05-25 10:02:33;83157.6
2026-05-25 10:02:49;83148.6
2026-05-25 10:03:03;82918.6
2026-05-25 10:03:19;82909.6
2026-05-25 10:03:34;82818.0
2026-05-25 10:03:49;82343.6
2026-05-25 10:04:05;82611.3
2026-05-25 10:04:20;81933.9
2026-05-25 10:04:35;81551.2
2026-05-25 10:04:50;80925.9
2026-05-25 10:05:06;79578.2
2026-05-25 10:05:21;78474.9
2026-05-25 10:05:36;75317.8
2026-05-25 10:05:52;76298.9
2026-05-25 10:06:07;79202.7
2026-05-25 10:06:22;79475.8
2026-05-25 10:06:38;79412.9
2026-05-25 10:06:53;79123.6
2026-05-25 10:07:08;80480.2
2026-05-25 10:07:23;82029.1
2026-05-25 10:07:39;83048.0
2026-05-25 10:07:54;83017.4
2026-05-25 10:08:09;83914.1
2026-05-25 10:08:25;85119.8
2026-05-25 10:08:40;85551.0
2026-05-25 10:08:55;86011.0
2026-05-25 10:09:11;83608.6
2026-05-25 10:09:26;81804.5
2026-05-25 10:09:41;79845.9
2026-05-25 10:09:56;79353.6
2026-05-25 10:10:12;77774.1
2026-05-25 10:10:27;79123.6
2026-05-25 10:10:42;77635.8
2026-05-25 10:10:57;77513.6
2026-05-25 10:11:13;79655.5
2026-05-25 10:11:28;80320.3
2026-05-25 10:11:46;78893.6
2026-05-25 10:11:58;79008.6
2026-05-25 10:12:14;78877.4
2026-05-25 10:12:29;79786.6
2026-05-25 10:12:45;79655.5
2026-05-25 10:12:59;79385.9
2026-05-25 10:13:15;83033.6
2026-05-25 10:13:31;70148.2
2026-05-25 10:13:46;58926.7
2026-05-25 10:14:01;20502.3
2026-05-25 10:14:16;29017.7
2026-05-25 10:14:32;83258.2
2026-05-25 10:14:47;80803.7
2026-05-25 10:15:02;81317.6
2026-05-25 10:15:17;77501.0
2026-05-25 10:15:32;78527.0
2026-05-25 10:15:48;79008.6
2026-05-25 10:16:03;78363.5
2026-05-25 10:16:18;75452.6
2026-05-25 10:16:34;76187.5
2026-05-25 10:16:49;73946.8
2026-05-25 10:17:04;73794.1
2026-05-25 10:17:20;76360.0
2026-05-25 10:17:35;74293.6
2026-05-25 10:17:50;71815.7
2026-05-25 10:18:05;73727.6
2026-05-25 10:18:21;77335.7
2026-05-25 10:18:36;77666.3
2026-05-25 10:18:52;77362.7
2026-05-25 10:19:06;77743.6
2026-05-25 10:19:22;78645.6
2026-05-25 10:19:37;79572.8
2026-05-25 10:19:52;77628.6
2026-05-25 10:20:08;77114.7
2026-05-25 10:20:23;77175.8
2026-05-25 10:20:38;77930.5
2026-05-25 10:20:54;74554.1
2026-05-25 10:21:08;71733.0
2026-05-25 10:21:24;73745.5
2026-05-25 10:21:39;73695.2
2026-05-25 10:21:55;72530.9
2026-05-25 10:22:10;75558.6
2026-05-25 10:22:25;75968.3
2026-05-25 10:22:40;67107.9
2026-05-25 10:22:56;76284.5
2026-05-25 10:23:11;82947.3
2026-05-25 10:23:26;84713.7
2026-05-25 10:23:41;84332.7
2026-05-25 10:23:57;84472.9
2026-05-25 10:24:12;83939.2
2026-05-25 10:24:27;84843.0
2026-05-25 10:24:42;84293.2
2026-05-25 10:24:58;83263.6
2026-05-25 10:25:13;41786.3
2026-05-25 10:25:28;24518.4
2026-05-25 10:25:43;22913.7
2026-05-25 10:25:59;21704.5
2026-05-25 10:26:14;20419.7
2026-05-25 10:26:29;19736.9
2026-05-25 10:26:44;18922.9
2026-05-25 10:27:00;18335.3
2026-05-25 10:27:15;17589.6
2026-05-25 10:27:31;16985.9
2026-05-25 10:27:46;16543.8
2026-05-25 10:28:01;16119.8
2026-05-25 10:28:16;15462.1
2026-05-25 10:28:32;14820.6
2026-05-25 10:28:47;14112.7
2026-05-25 10:29:02;13510.7
2026-05-25 10:29:18;12919.5
2026-05-25 10:29:35;12261.9
2026-05-25 10:29:48;11604.2
2026-05-25 10:30:04;10995.1
2026-05-25 10:30:19;10465.0
2026-05-25 10:30:35;9933.1
2026-05-25 10:31:06;8923.3
2026-05-25 10:31:20;8493.8
2026-05-25 10:31:38;8136.2
2026-05-25 10:31:50;7909.8
2026-05-25 10:32:06;7728.4
2026-05-25 10:32:21;7661.9
2026-05-25 10:32:36;7643.9
2026-05-25 10:32:51;7584.6
2026-05-25 10:33:07;7466.0
2026-05-25 10:33:22;7394.1
2026-05-25 10:33:37;7311.5
2026-05-25 10:33:52;7309.7
2026-05-25 10:34:08;7412.1
2026-05-25 10:34:23;7534.3
2026-05-25 10:34:39;7739.1
2026-05-25 10:34:54;7987.1
2026-05-25 10:35:09;8244.1
2026-05-25 10:35:24;8510.0
2026-05-25 10:35:39;8420.2
2026-05-25 10:35:54;8950.2
2026-05-25 10:36:09;9631.2
2026-05-25 10:36:25;10288.9
2026-05-25 10:36:39;10982.5
2026-05-25 10:36:54;11897.1
2026-05-25 10:37:10;13088.4
2026-05-25 10:37:24;14303.1
2026-05-25 10:37:49;15490.9
2026-05-25 10:37:59;16885.2
2026-05-25 10:38:18;17580.6
2026-05-25 10:38:30;17952.6
2026-05-25 10:39:17;21647.0
2026-05-25 10:40:31;38036.3
2026-05-25 10:40:46;45863.4
2026-05-25 10:41:01;35500.9
2026-05-25 10:41:17;43935.4
2026-05-25 10:41:31;56545.9
2026-05-25 10:41:46;52475.9
2026-05-25 10:42:01;57778.5
2026-05-25 10:42:20;46911.0
2026-05-25 10:42:43;29785.0
2026-05-25 10:42:58;29774.2
2026-05-25 10:43:13;20182.5
2026-05-25 10:43:28;24380.0
2026-05-25 10:43:43;43842.0
2026-05-25 10:43:58;35060.6
2026-05-25 10:44:13;39763.0
2026-05-25 10:44:28;23848.1
2026-05-25 10:44:43;30146.2
2026-05-25 10:44:58;40884.3
2026-05-25 10:45:17;71799.5
2026-05-25 10:45:28;70613.6
2026-05-25 10:45:47;70583.0
2026-05-25 10:45:58;70613.6
2026-05-25 10:46:14;68509.5
2026-05-25 10:46:29;65431.4
2026-05-25 10:46:44;58173.8
2026-05-25 10:46:59;44476.3
2026-05-25 10:47:16;22141.1
2026-05-25 10:47:35;19460.2
2026-05-25 10:49:21;17330.9
2026-05-25 10:49:37;17237.4
2026-05-25 10:49:52;15846.6
2026-05-25 10:50:06;16371.3
2026-05-25 10:50:22;14919.5
2026-05-25 10:50:37;14189.9
2026-05-25 10:50:53;13891.6
2026-05-25 10:51:08;13992.3
2026-05-25 10:51:23;14993.1
2026-05-25 10:51:38;17968.7
2026-05-25 10:51:53;49893.8
2026-05-25 10:52:08;73294.5
2026-05-25 10:52:23;75041.1
2026-05-25 10:52:39;76661.9
2026-05-25 10:52:54;75998.8
2026-05-25 10:53:09;72784.2
2026-05-25 10:53:25;69436.6
2026-05-25 10:53:40;68658.6
2026-05-25 10:53:55;68426.8
2026-05-25 10:54:13;69016.2
2026-05-25 10:54:26;71362.9
2026-05-25 10:54:41;73298.1
2026-05-25 10:54:57;74133.7
2026-05-25 10:55:12;76769.7
2026-05-25 10:55:27;79538.7
2026-05-25 10:55:42;80212.5
2026-05-25 10:55:58;81193.6
2026-05-25 10:56:13;83322.9
2026-05-25 10:56:29;86309.3
2026-05-25 10:57:47;95724.9
2026-05-25 10:58:03;96772.5
2026-05-25 10:58:18;98459.8
2026-05-25 10:58:34;100096.7
2026-05-25 10:58:49;101311.4
2026-05-25 10:59:04;101388.7
2026-05-25 10:59:19;100556.7
2026-05-25 10:59:35;100360.9
2026-05-25 10:59:50;99584.6
2026-05-25 11:00:05;101719.3
2026-05-25 11:00:20;102306.9
2026-05-25 11:00:36;102655.5
2026-05-25 11:00:52;103848.6
2026-05-25 11:01:06;103830.6
2026-05-25 11:01:22;102008.6
2026-05-25 11:01:37;81716.5
2026-05-25 11:01:53;97104.9
2026-05-25 11:02:08;34192.7
2026-05-25 11:02:23;39355.2
2026-05-25 11:02:38;54398.6
2026-05-25 11:02:54;40242.8
2026-05-25 11:03:09;59194.4
2026-05-25 11:03:24;105900.6
2026-05-25 11:03:39;104134.3
2026-05-25 11:03:55;106310.3
2026-05-25 11:04:10;105688.6
2026-05-25 11:04:25;105422.6
2026-05-25 11:04:40;107366.9
2026-05-25 11:04:56;108403.7
2026-05-25 11:05:11;106103.7
2026-05-25 11:05:27;107359.7
2026-05-25 11:05:42;105767.6
2026-05-25 11:05:57;103503.6
2026-05-25 11:06:12;104353.5
2026-05-25 11:07:02;105181.9
2026-05-25 11:07:14;106811.6
2026-05-25 11:07:29;108473.7
2026-05-25 11:07:45;105458.6
2026-05-25 11:08:03;95475.2
2026-05-25 11:08:15;84512.4
2026-05-25 11:08:30;98213.6
2026-05-25 11:08:46;84516.0
2026-05-25 11:09:01;31810.1
2026-05-25 11:09:16;29517.3
2026-05-25 11:09:31;27508.4
2026-05-25 11:09:47;28536.2
2026-05-25 11:10:02;108218.6
2026-05-25 11:10:17;108793.6
2026-05-25 11:10:32;106978.7
2026-05-25 11:10:48;107298.6
2026-05-25 11:11:03;106378.6
2026-05-25 11:11:19;77758.0
2026-05-25 11:11:33;36631.1
2026-05-25 11:11:49;42878.8
2026-05-25 11:12:04;32433.6
2026-05-25 11:12:19;26534.5
2026-05-25 11:12:34;25057.4
2026-05-25 11:16:12;18570.7
2026-05-25 11:16:36;14633.7
2026-05-25 11:17:41;10975.3
2026-05-25 11:17:56;10677.0
2026-05-25 11:18:11;10518.9
2026-05-25 11:18:27;10357.2
2026-05-25 11:18:42;10296.1
2026-05-25 11:18:58;10227.8
2026-05-25 11:19:13;10024.8
2026-05-25 11:19:28;9951.1
2026-05-25 11:19:43;9782.2
2026-05-25 11:19:59;9721.1
2026-05-25 11:20:14;9794.8
2026-05-25 11:20:29;9789.4
2026-05-25 11:20:44;9816.3
2026-05-25 11:21:00;9952.9
2026-05-25 11:21:15;10186.5
2026-05-25 11:21:31;10549.5
2026-05-25 11:21:46;11018.4
2026-05-25 11:22:01;11494.6
2026-05-25 11:22:16;11969.0
2026-05-25 11:22:32;12756.0
2026-05-25 11:22:47;14137.8
2026-05-25 11:23:03;19817.7
2026-05-25 11:23:18;16173.7
2026-05-25 11:23:33;14667.9
2026-05-25 11:23:49;14209.7
2026-05-25 11:24:04;14340.9
2026-05-25 11:24:19;15156.6
2026-05-25 11:24:35;16766.6
2026-05-25 11:24:50;20718.0
2026-05-25 11:25:05;94409.6
2026-05-25 11:25:20;104421.8
2026-05-25 11:25:36;51935.1
2026-05-25 11:25:51;24768.1
2026-05-25 11:26:07;26119.4
2026-05-25 11:26:22;20615.5
2026-05-25 11:26:37;22220.2
2026-05-25 11:26:52;26708.7
2026-05-25 11:27:08;60989.5
2026-05-25 11:27:23;89888.7
2026-05-25 11:27:38;104308.6
2026-05-25 11:27:54;78379.7
2026-05-25 11:28:09;50713.2
2026-05-25 11:28:24;58829.7
2026-05-25 11:28:40;46429.5
2026-05-25 11:28:55;39631.9
2026-05-25 11:29:10;26124.8
2026-05-25 11:29:26;25893.0
2026-05-25 11:29:41;27066.3
2026-05-25 11:29:56;44327.1
2026-05-25 11:30:12;103805.5
2026-05-25 11:30:27;102346.4
2026-05-25 11:30:42;103841.4
2026-05-25 11:30:58;103296.9
2026-05-25 11:31:13;105535.9
2026-05-25 11:31:28;106953.6
2026-05-25 11:31:44;107068.6
2026-05-25 11:31:59;106784.7
2026-05-25 11:32:14;106019.2
2026-05-25 11:32:29;105672.4
2026-05-25 11:32:45;105217.8
2026-05-25 11:33:00;105437.0
2026-05-25 11:33:16;105458.6
2026-05-25 11:33:31;103848.6
2026-05-25 11:33:46;102008.6
2026-05-25 11:34:02;103413.7
2026-05-25 11:34:17;103313.1
2026-05-25 11:34:32;103361.6
2026-05-25 11:34:47;103694.1
2026-05-25 11:35:03;103293.4
2026-05-25 11:35:18;103248.4
2026-05-25 11:35:33;102928.6
2026-05-25 11:35:48;103773.1
2026-05-25 11:36:04;104416.4
2026-05-25 11:36:19;105043.5
2026-05-25 11:36:34;104998.6
2026-05-25 11:36:49;105595.1
2026-05-25 11:37:05;105803.6
2026-05-25 11:37:20;106723.6
2026-05-25 11:37:42;106033.6
2026-05-25 11:37:50;106263.6
2026-05-25 11:38:06;106475.6
2026-05-25 11:38:21;106394.8
2026-05-25 11:38:36;106060.5
2026-05-25 11:38:51;106718.2
2026-05-25 11:39:07;107298.6
2026-05-25 11:39:22;107293.2
2026-05-25 11:39:38;86223.0
2026-05-25 11:39:52;108678.6
2026-05-25 11:40:08;106148.6
2026-05-25 11:40:23;106233.0
2026-05-25 11:40:38;102490.1
2026-05-25 11:40:53;100580.1
2026-05-25 11:41:09;22115.9
2026-05-25 11:41:24;22416.0
2026-05-25 11:41:39;99095.9
2026-05-25 11:41:55;100448.9
2026-05-25 11:42:10;102698.6
2026-05-25 11:42:25;104294.2
2026-05-25 11:42:40;91013.5
2026-05-25 11:42:56;95568.6
2026-05-25 11:43:12;101065.2
2026-05-25 11:43:27;67048.6
2026-05-25 11:43:43;37022.8
2026-05-25 11:43:58;27896.5
2026-05-25 11:44:14;29785.0
2026-05-25 11:44:29;24955.0
2026-05-25 11:44:45;27398.7
2026-05-25 11:45:01;41475.5
2026-05-25 11:45:16;27618.0
2026-05-25 11:45:31;96529.9
2026-05-25 11:45:46;21542.7
2026-05-25 11:46:02;18772.0
2026-05-25 11:46:17;16775.6
2026-05-25 11:46:32;16276.1
2026-05-25 11:46:53;16489.9
2026-05-25 11:47:03;15361.5
2026-05-25 11:47:18;15352.5
2026-05-25 11:47:33;15348.9
2026-05-25 11:47:48;15359.7
2026-05-25 11:48:04;15347.1
2026-05-25 11:48:19;15266.2
2026-05-25 11:48:34;15056.0
2026-05-25 11:48:49;15343.5
2026-05-25 11:49:05;15440.5
2026-05-25 11:49:20;16071.2
2026-05-25 11:49:35;16211.4
2026-05-25 11:49:50;15886.2
2026-05-25 11:50:06;15681.3
2026-05-25 11:50:21;15102.7
2026-05-25 11:50:36;14917.7
2026-05-25 11:50:51;15038.0
2026-05-25 11:51:07;14364.2
2026-05-25 11:51:22;14720.0
2026-05-25 11:51:38;16463.0
2026-05-25 11:51:53;17151.2
2026-05-25 11:52:08;17185.3
2026-05-25 11:52:23;20236.4
2026-05-25 11:52:39;13942.0
2026-05-25 11:52:54;11593.4
2026-05-25 11:53:09;10883.7
2026-05-25 11:53:28;10509.9
2026-05-25 11:53:48;10459.6
2026-05-25 11:53:55;10520.7
2026-05-25 11:54:11;10664.5
2026-05-25 11:54:46;11340.1
2026-05-25 11:55:07;11674.3
2026-05-25 11:55:17;11918.7
2026-05-25 11:55:33;12137.9
2026-05-25 11:55:48;12287.0
2026-05-25 11:56:03;12335.5
2026-05-25 11:56:18;12184.6
2026-05-25 11:56:34;11888.1
2026-05-25 11:56:49;11703.0
2026-05-25 11:57:05;11609.6
2026-05-25 11:57:20;11663.5
2026-05-25 11:57:35;11845.0
2026-05-25 11:57:50;12026.5
2026-05-25 11:58:06;12172.0
2026-05-25 11:58:21;12353.5
2026-05-25 11:58:37;12479.3
2026-05-25 11:58:52;12500.9
2026-05-25 11:59:07;12553.0
2026-05-25 11:59:22;12608.7
2026-05-25 11:59:38;12743.4
2026-05-25 11:59:53;12808.1
2026-05-25 12:00:08;12905.2
2026-05-25 12:00:24;12754.2
2026-05-25 12:00:39;12980.6
2026-05-25 12:00:54;13225.0
2026-05-25 12:01:09;13605.9
2026-05-25 12:01:24;14048.0
2026-05-25 12:01:39;14581.6
2026-05-25 12:01:54;15048.8
2026-05-25 12:02:09;15755.0
2026-05-25 12:02:26;16906.8
2026-05-25 12:02:39;18547.3
2026-05-25 12:02:54;18216.7
2026-05-25 12:03:09;18130.5
2026-05-25 12:03:24;18577.9
2026-05-25 12:03:39;19528.4
2026-05-25 12:03:57;20004.6
2026-05-25 12:04:39;40675.9
2026-05-25 12:05:22;36915.0
2026-05-25 12:05:38;62358.7
2026-05-25 12:05:52;70279.4
2026-05-25 12:06:08;58526.0
2026-05-25 12:06:23;59879.1
2026-05-25 12:06:39;71594.7
2026-05-25 12:06:54;71533.6
2026-05-25 12:07:09;70728.6
2026-05-25 12:07:24;70498.6
2026-05-25 12:07:40;72604.5
2026-05-25 12:07:55;71278.4
2026-05-25 12:08:11;73659.3
2026-05-25 12:08:26;75199.2
2026-05-25 12:08:41;75711.3
2026-05-25 12:08:56;59735.3
2026-05-25 12:09:12;29465.2
2026-05-25 12:09:27;24831.0
2026-05-25 12:09:42;31233.3
2026-05-25 12:09:58;23379.1
2026-05-25 12:10:13;59834.1
2026-05-25 12:10:28;79738.1
2026-05-25 12:10:47;80113.7
2026-05-25 12:10:59;81461.3
2026-05-25 12:11:14;81883.6
2026-05-25 12:11:29;83578.0
2026-05-25 12:11:45;86483.6
2026-05-25 12:12:00;87209.5
2026-05-25 12:12:15;88553.6
2026-05-25 12:12:31;86810.6
2026-05-25 12:12:52;87737.8
2026-05-25 12:13:01;84084.8
2026-05-25 12:13:17;80261.0
2026-05-25 12:13:32;77215.3
2026-05-25 12:13:47;78381.5
2026-05-25 12:14:02;82487.3
2026-05-25 12:14:18;78358.1
2026-05-25 12:14:33;40943.6
2026-05-25 12:14:48;65122.3
2026-05-25 12:15:04;65260.7
2026-05-25 12:15:19;44420.5
2026-05-25 12:15:34;25871.4
2026-05-25 12:15:50;19158.3
2026-05-25 12:16:05;15217.7
2026-05-25 12:16:20;13758.7
2026-05-25 12:16:35;13050.7
2026-05-25 12:16:51;12802.7
2026-05-25 12:17:06;12874.6
2026-05-25 12:17:22;12932.1
2026-05-25 12:17:37;12968.0
2026-05-25 12:17:52;12964.5
2026-05-25 12:18:07;13032.7
2026-05-25 12:18:23;13165.7
2026-05-25 12:18:38;13377.7
2026-05-25 12:18:53;13643.7
2026-05-25 12:19:08;13949.1
2026-05-25 12:19:24;14288.7
2026-05-25 12:19:39;14536.7
2026-05-25 12:19:55;14644.5
2026-05-25 12:20:10;14594.2
2026-05-25 12:20:25;14727.2
2026-05-25 12:20:40;14888.9
2026-05-25 12:20:56;15111.7
2026-05-25 12:21:11;15268.0
2026-05-25 12:21:26;15499.8
2026-05-25 12:21:41;15918.5
2026-05-25 12:21:57;16134.1
2026-05-25 12:22:12;16630.1
2026-05-25 12:22:28;16786.4
2026-05-25 12:22:43;17214.1
2026-05-25 12:22:58;18085.5
2026-05-25 12:23:14;18913.9
2026-05-25 12:23:29;19399.1
2026-05-25 12:23:44;19596.7
2026-05-25 12:24:00;19947.1
2026-05-25 12:24:15;20434.1
2026-05-25 12:24:30;21003.7
2026-05-25 12:24:45;22150.1
2026-05-25 12:25:01;24178.7
2026-05-25 12:25:16;26070.9
2026-05-25 12:25:32;28512.8
2026-05-25 12:25:47;37689.5
2026-05-25 12:26:02;27181.3
2026-05-25 12:26:17;28573.9
2026-05-25 12:26:33;23014.4
2026-05-25 12:26:48;22031.5
2026-05-25 12:27:06;19629.1
2026-05-25 12:27:19;17634.5
2026-05-25 12:27:34;14290.5
2026-05-25 12:27:49;13604.1
2026-05-25 12:28:04;13566.4
2026-05-25 12:28:19;13638.3
2026-05-25 12:28:34;13697.6
2026-05-25 12:28:49;13384.9
2026-05-25 12:29:05;12621.2
2026-05-25 12:29:20;11679.7
2026-05-25 12:29:35;11052.6
2026-05-25 12:29:50;10739.9
2026-05-25 12:30:05;10589.0
2026-05-25 12:30:20;10741.7
2026-05-25 12:30:35;11115.5
2026-05-25 12:30:50;11699.5
2026-05-25 12:31:05;12346.3
2026-05-25 12:31:20;12624.8
2026-05-25 12:31:35;12671.6
2026-05-25 12:31:50;12698.5
2026-05-25 12:32:05;12709.3
2026-05-25 12:32:20;12736.2
2026-05-25 12:32:35;12720.1
2026-05-25 12:32:50;12585.3
2026-05-25 12:33:05;12459.5
2026-05-25 12:33:20;12136.1
2026-05-25 12:33:35;11708.4
2026-05-25 12:33:50;11428.1
2026-05-25 12:34:05;11239.5
2026-05-25 12:34:20;10901.6
2026-05-25 12:34:35;10635.7
2026-05-25 12:34:50;10317.7
2026-05-25 12:35:05;10116.4
2026-05-25 12:35:20;10224.2
2026-05-25 12:35:35;10403.9
2026-05-25 12:35:50;10580.0
2026-05-25 12:36:05;10759.7
2026-05-25 12:36:20;10845.9
2026-05-25 12:36:35;10977.1
2026-05-25 12:36:50;11129.8
2026-05-25 12:37:05;11314.9
2026-05-25 12:37:20;11519.8
2026-05-25 12:37:35;11577.3
2026-05-25 12:37:50;11597.0
2026-05-25 12:38:05;11859.4
2026-05-25 12:38:20;12351.7
2026-05-25 12:38:35;12908.7
2026-05-25 12:38:50;13764.1
2026-05-25 12:39:06;14964.4
2026-05-25 12:39:20;16166.5
2026-05-25 12:39:36;17710.0
2026-05-25 12:39:50;15587.9
2026-05-25 12:40:05;23336.0
2026-05-25 12:40:20;31964.6
2026-05-25 12:40:35;76861.3
2026-05-25 12:40:50;94188.6
2026-05-25 12:41:05;31560.3
2026-05-25 12:41:20;25071.8
2026-05-25 12:41:35;21010.9
2026-05-25 12:41:50;21379.2
2026-05-25 12:42:05;20770.1
2026-05-25 12:42:20;19923.7
2026-05-25 12:42:35;19232.0
2026-05-25 12:42:50;19551.8
2026-05-25 12:43:05;43563.4
2026-05-25 12:43:20;26561.4
2026-05-25 12:43:37;14932.0
2026-05-25 12:43:50;12190.0
2026-05-25 12:44:05;10355.4
2026-05-25 12:44:21;9325.8
2026-05-25 12:44:35;8869.4
2026-05-25 12:44:50;8835.2
2026-05-25 12:45:05;9054.5
2026-05-25 12:45:20;9297.0
2026-05-25 12:45:35;9602.5
2026-05-25 12:45:50;10001.4
2026-05-25 12:46:05;10529.7
2026-05-25 12:46:20;10826.2
2026-05-25 12:46:36;11034.6
2026-05-25 12:46:50;11316.7
2026-05-25 12:48:35;12626.6
2026-05-25 12:48:50;12355.3
2026-05-25 12:49:20;11807.3
2026-05-25 12:50:52;10668.0
2026-05-25 12:51:07;10299.7
2026-05-25 12:51:22;9972.7
2026-05-25 12:51:37;9713.9
2026-05-25 12:51:52;9379.7
2026-05-25 12:52:08;9103.0
2026-05-25 12:52:24;9052.7
2026-05-25 12:52:37;9273.7
2026-05-25 12:52:52;9584.5
2026-05-25 12:53:07;9827.1
2026-05-25 12:53:22;10224.2
2026-05-25 12:53:37;10687.8
2026-05-25 12:53:52;11083.1
2026-05-25 12:54:15;11500.0
2026-05-25 12:54:23;11976.2
2026-05-25 12:54:42;12486.5
2026-05-25 12:54:52;13126.2
2026-05-25 12:55:12;13609.5
2026-05-25 12:55:22;14021.0
2026-05-25 12:55:37;14472.0
2026-05-25 12:55:52;14960.8
2026-05-25 12:56:10;15336.3
2026-05-25 12:56:22;15735.2
2026-05-25 12:56:37;15870.0
2026-05-25 12:56:52;15787.3
2026-05-25 12:57:07;15749.6
2026-05-25 12:57:31;15830.5
2026-05-25 12:57:38;15979.6
2026-05-25 12:58:12;16946.3
2026-05-25 12:58:30;17654.3
2026-05-25 12:58:42;18563.5
2026-05-25 12:58:58;20164.5
2026-05-25 12:59:13;24286.6
2026-05-25 12:59:27;27026.8
2026-05-25 12:59:43;28113.9
2026-05-25 12:59:58;30730.2
2026-05-25 13:00:13;51848.8
2026-05-25 13:00:28;24407.0
2026-05-25 13:00:43;28890.2
2026-05-25 13:00:58;100847.8
2026-05-25 13:01:13;100245.9
2026-05-25 13:01:28;99473.2
2026-05-25 13:01:43;101363.5
2026-05-25 13:01:58;100970.0
2026-05-25 13:02:13;99802.0
2026-05-25 13:02:28;99528.9
2026-05-25 13:02:43;100344.7
2026-05-25 13:02:58;100675.3
2026-05-25 13:03:14;101022.1
2026-05-25 13:03:29;101164.1
2026-05-25 13:03:44;101449.8
2026-05-25 13:04:02;101598.9
2026-05-25 13:04:15;101566.6
2026-05-25 13:04:30;103381.4
2026-05-25 13:04:46;105821.6
2026-05-25 13:05:01;100567.5
2026-05-25 13:05:16;99363.6
2026-05-25 13:05:49;100333.9
2026-05-25 13:06:41;97931.5
2026-05-25 13:06:57;97306.2
2026-05-25 13:07:12;53654.7
2026-05-25 13:07:27;87937.3
2026-05-25 13:07:43;96211.9
2026-05-25 13:07:57;97049.2
2026-05-25 13:08:13;96998.9
2026-05-25 13:08:28;97158.8
2026-05-25 13:08:44;97512.8
2026-05-25 13:08:59;97500.2
2026-05-25 13:09:15;96666.5
2026-05-25 13:09:29;95976.5
2026-05-25 13:09:45;95778.8
2026-05-25 13:09:59;95097.8
2026-05-25 13:10:15;95311.6
2026-05-25 13:10:30;95286.5
2026-05-25 13:10:45;95106.8
2026-05-25 13:11:00;95568.6
2026-05-25 13:11:16;95651.2
2026-05-25 13:11:31;95223.6
2026-05-25 13:11:46;94569.5
2026-05-25 13:12:01;94206.6
2026-05-25 13:12:17;92995.5
2026-05-25 13:12:32;93200.3
2026-05-25 13:12:47;92571.4
2026-05-25 13:13:02;91868.8
2026-05-25 13:13:18;90754.8
2026-05-25 13:13:34;89998.3
2026-05-25 13:13:48;89547.3
2026-05-25 13:14:03;89227.4
2026-05-25 13:14:19;89143.0
2026-05-25 13:14:34;88758.4
2026-05-25 13:14:49;88240.9
2026-05-25 13:15:12;88275.1
2026-05-25 13:15:20;88438.6
2026-05-25 13:15:35;87628.2
2026-05-25 13:15:54;87288.6
2026-05-25 13:16:07;87108.9
2026-05-25 13:16:21;87518.6
2026-05-25 13:16:36;87338.9
2026-05-25 13:16:51;86959.8
2026-05-25 13:17:13;86728.0
2026-05-25 13:17:22;86321.9
2026-05-25 13:17:37;86659.7
2026-05-25 13:17:52;86573.4
2026-05-25 13:18:07;86548.3
2026-05-25 13:18:26;87010.1
2026-05-25 13:18:41;87103.5
2026-05-25 13:18:56;87096.3
2026-05-25 13:19:12;87132.3
2026-05-25 13:19:27;87252.7
2026-05-25 13:19:39;87563.5
2026-05-25 13:19:55;88424.2
2026-05-25 13:20:10;89146.6
2026-05-25 13:20:26;89746.7
2026-05-25 13:20:40;89376.6
2026-05-25 13:20:56;89047.7
2026-05-25 13:21:23;88683.0
2026-05-25 13:21:27;88636.3
2026-05-25 13:21:46;88208.6
2026-05-25 13:22:00;88187.0
2026-05-25 13:22:14;87518.6
2026-05-25 13:22:53;87601.3
2026-05-25 13:22:53;87863.6
2026-05-25 13:23:00;87453.9
2026-05-25 13:23:18;87583.3
2026-05-25 13:23:34;88323.6
2026-05-25 13:23:50;88553.6
2026-05-25 13:24:02;88284.1
2026-05-25 13:24:18;88911.2
2026-05-25 13:24:33;88857.3
2026-05-25 13:24:51;89013.6
2026-05-25 13:25:05;88898.6
2026-05-25 13:25:20;88408.0
2026-05-25 13:25:36;87705.5
2026-05-25 13:25:51;87791.7
2026-05-25 13:26:07;87351.5
2026-05-25 13:26:22;87500.6
2026-05-25 13:26:38;87599.5
2026-05-25 13:26:54;88379.3
2026-05-25 13:27:10;88839.3
2026-05-25 13:27:25;89306.5
2026-05-25 13:27:40;89302.9
2026-05-25 13:27:56;89829.4
2026-05-25 13:28:12;90195.9
2026-05-25 13:28:27;90219.3
2026-05-25 13:28:43;89443.0
2026-05-25 13:28:58;88873.4
2026-05-25 13:29:14;88413.4
2026-05-25 13:29:29;87863.6
2026-05-25 13:29:45;87507.8
2026-05-25 13:30:00;87252.7
2026-05-25 13:30:16;86523.1
2026-05-25 13:30:32;85491.7
2026-05-25 13:30:47;84801.7
2026-05-25 13:31:03;84298.6
2026-05-25 13:31:18;84050.6
2026-05-25 13:31:34;83608.6
2026-05-25 13:31:49;82949.1
2026-05-25 13:32:05;82756.9
2026-05-25 13:32:20;82555.6
2026-05-25 13:32:36;82327.4
2026-05-25 13:32:52;82160.3
2026-05-25 13:33:07;83071.3
2026-05-25 13:33:23;83723.6
2026-05-25 13:33:38;76748.1
2026-05-25 13:33:54;81880.0
2026-05-25 13:34:10;61494.4
2026-05-25 13:34:25;82749.7
2026-05-25 13:34:41;81182.8
2026-05-25 13:34:56;80889.9
2026-05-25 13:35:12;80514.4
2026-05-25 13:35:28;80440.7
2026-05-25 13:35:43;80618.6
2026-05-25 13:35:59;80618.6
2026-05-25 13:36:14;81030.1
2026-05-25 13:36:30;81700.3
2026-05-25 13:36:45;80699.5
2026-05-25 13:37:01;78823.5
2026-05-25 13:37:17;81653.6
2026-05-25 13:37:32;81738.0
2026-05-25 13:37:48;82266.3
2026-05-25 13:38:03;65605.7
2026-05-25 13:38:19;18651.6
2026-05-25 13:38:34;20685.6
2026-05-25 13:38:50;18612.0
2026-05-25 13:39:06;22611.9
2026-05-25 13:39:20;19929.1
2026-05-25 13:39:35;15341.7
2026-05-25 13:39:51;79551.3
2026-05-25 13:40:06;79001.4
2026-05-25 13:40:21;78548.6
2026-05-25 13:40:36;77973.6
2026-05-25 13:40:52;78079.6
2026-05-25 13:41:07;78275.5
2026-05-25 13:41:23;78232.3
2026-05-25 13:41:37;78234.1
2026-05-25 13:41:53;78563.0
2026-05-25 13:42:08;78717.5
2026-05-25 13:42:24;79091.3
2026-05-25 13:42:39;79592.6
2026-05-25 13:42:54;79698.6
2026-05-25 13:43:15;79542.3
2026-05-25 13:43:25;79745.3
2026-05-25 13:44:10;79301.5
2026-05-25 13:44:25;79105.6
2026-05-25 13:44:41;78045.5
2026-05-25 13:44:58;77118.3
2026-05-25 13:45:13;75740.1
2026-05-25 13:45:28;76363.6
2026-05-25 13:45:47;76521.7
2026-05-25 13:45:59;76816.4
2026-05-25 13:46:15;76764.3
2026-05-25 13:46:31;76708.6
2026-05-25 13:46:46;77513.6
2026-05-25 13:47:02;70365.6
2026-05-25 13:47:17;71285.6
2026-05-25 13:47:33;17925.6
2026-05-25 13:47:48;17758.5
2026-05-25 13:48:04;22372.9
2026-05-25 13:48:20;31878.4
2026-05-25 13:48:35;70038.6
2026-05-25 13:48:50;64960.6
2026-05-25 13:49:05;62310.2
2026-05-25 13:49:20;32083.2
2026-05-25 13:49:36;19339.8
2026-05-25 13:49:51;16121.6
2026-05-25 13:50:06;14754.1
2026-05-25 13:50:21;14008.4
2026-05-25 13:50:37;13649.1
2026-05-25 13:50:52;13564.6
2026-05-25 13:51:07;13059.7
2026-05-25 13:51:22;12685.9
2026-05-25 13:51:38;12572.7
2026-05-25 13:51:53;12874.6
2026-05-25 13:52:08;16238.4
2026-05-25 13:52:23;52427.4
2026-05-25 13:52:39;12907.0
2026-05-25 13:52:54;10224.2
2026-05-25 13:53:09;9271.9
2026-05-25 13:53:24;8533.4
2026-05-25 13:53:40;8141.6
2026-05-25 13:53:55;7688.8
2026-05-25 13:54:13;7579.2
2026-05-25 13:54:26;7494.8
2026-05-25 13:54:43;7394.1
2026-05-25 13:54:57;7223.4
2026-05-25 13:55:12;7228.8
2026-05-25 13:55:27;7210.9
2026-05-25 13:55:42;7264.8
2026-05-25 13:55:57;7482.2
2026-05-25 13:56:13;7757.1
2026-05-25 13:56:28;8111.1
2026-05-25 13:56:44;8457.9
2026-05-25 13:56:59;9730.1
2026-05-25 13:57:14;11954.6
2026-05-25 13:57:29;13075.9
2026-05-25 13:57:45;21303.7
2026-05-25 13:58:00;72683.6
2026-05-25 13:58:16;69508.5
2026-05-25 13:58:31;69278.5
2026-05-25 13:58:46;69515.7
2026-05-25 13:59:01;69282.1
2026-05-25 13:59:18;69339.6
2026-05-25 13:59:32;69118.6
2026-05-25 13:59:47;69034.1
2026-05-25 14:00:02;69003.6
2026-05-25 14:00:18;68949.7
2026-05-25 14:00:33;69102.4
2026-05-25 14:00:49;68976.6
2026-05-25 14:01:04;69183.3
2026-05-25 14:01:19;69693.6
2026-05-25 14:01:34;69185.1
2026-05-25 14:01:50;67893.1
2026-05-25 14:02:05;67030.6
2026-05-25 14:02:20;66709.0
2026-05-25 14:02:35;65181.6
2026-05-25 14:02:51;67323.5
2026-05-25 14:03:06;29409.5
2026-05-25 14:03:22;10779.5
2026-05-25 14:03:37;11821.6
2026-05-25 14:03:52;69743.9
2026-05-25 14:04:07;50821.0
2026-05-25 14:04:23;11415.5
2026-05-25 14:04:38;11093.9
2026-05-25 14:04:53;14008.4
2026-05-25 14:05:08;23560.6
2026-05-25 14:05:24;68469.9
2026-05-25 14:05:39;69380.9
2026-05-25 14:05:54;70230.9
2026-05-25 14:06:09;70344.1
2026-05-25 14:06:25;62869.1
2026-05-25 14:06:40;69668.4
2026-05-25 14:06:55;69386.3
2026-05-25 14:07:11;69659.5
2026-05-25 14:07:26;69566.0
2026-05-25 14:07:41;69814.0
2026-05-25 14:07:57;70800.5
2026-05-25 14:08:12;69512.1
2026-05-25 14:08:27;31544.1
2026-05-25 14:08:42;31844.2
2026-05-25 14:08:58;22189.6
2026-05-25 14:09:13;71355.7
2026-05-25 14:09:28;70223.7
2026-05-25 14:09:43;34111.9
2026-05-25 14:09:59;44467.3
2026-05-25 14:10:14;44217.5
2026-05-25 14:10:29;70417.7
2026-05-25 14:10:44;30192.9
2026-05-25 14:11:00;15138.7
2026-05-25 14:11:15;17176.3
2026-05-25 14:11:30;17731.6
2026-05-25 14:11:45;16330.0
2026-05-25 14:12:01;16867.3
2026-05-25 14:12:16;63559.1
2026-05-25 14:12:32;44307.3
2026-05-25 14:12:50;50896.5
2026-05-25 14:13:02;21778.1
2026-05-25 14:13:17;12632.0
2026-05-25 14:13:33;12889.0
2026-05-25 14:13:48;10414.7
2026-05-25 14:14:03;11431.7
2026-05-25 14:14:18;55591.7
2026-05-25 14:14:34;63586.0
2026-05-25 14:14:49;62448.6
2026-05-25 14:15:04;61456.7
2026-05-25 14:15:19;60838.6
2026-05-25 14:15:35;60838.6
2026-05-25 14:15:50;60953.6
2026-05-25 14:16:06;61183.6
2026-05-25 14:16:21;61701.1
2026-05-25 14:16:36;61323.7
2026-05-25 14:16:51;60254.6
2026-05-25 14:17:07;59573.6
2026-05-25 14:17:22;59160.3
2026-05-25 14:17:37;58851.2
2026-05-25 14:17:53;58998.6
2026-05-25 14:18:08;59181.9
2026-05-25 14:18:23;59023.7
2026-05-25 14:18:38;58849.4
2026-05-25 14:18:53;58653.6
2026-05-25 14:19:09;59075.9
2026-05-25 14:19:24;59543.0
2026-05-25 14:19:39;59259.1
2026-05-25 14:19:54;58766.8
2026-05-25 14:20:10;58675.2
2026-05-25 14:20:25;58592.5
2026-05-25 14:20:41;58482.9
2026-05-25 14:20:56;58109.1
2026-05-25 14:21:11;58247.5
2026-05-25 14:21:27;58152.3
2026-05-25 14:21:42;58017.5
2026-05-25 14:21:57;58078.6
2026-05-25 14:22:12;57755.2
2026-05-25 14:22:27;57796.5
2026-05-25 14:22:43;57257.4
2026-05-25 14:22:58;57243.0
2026-05-25 14:23:13;56957.3
2026-05-25 14:23:28;56923.2
2026-05-25 14:23:44;56745.3
2026-05-25 14:23:59;56766.9
2026-05-25 14:24:14;56727.3
2026-05-25 14:24:30;56549.4
2026-05-25 14:24:45;56468.6
2026-05-25 14:25:00;56111.0
2026-05-25 14:25:15;55954.7
2026-05-25 14:25:30;55704.9
2026-05-25 14:25:46;55735.5
2026-05-25 14:26:01;55297.0
2026-05-25 14:26:16;55185.6
2026-05-25 14:26:31;54801.1
2026-05-25 14:26:47;54628.6
2026-05-25 14:27:02;54797.5
2026-05-25 14:27:17;55253.9
2026-05-25 14:27:37;55085.0
2026-05-25 14:27:48;55203.6
2026-05-25 14:28:03;54923.3
2026-05-25 14:28:24;54819.1
2026-05-25 14:28:34;54973.6
2026-05-25 14:28:49;55094.0
2026-05-25 14:29:06;55487.5
2026-05-25 14:29:20;55728.3
2026-05-25 14:29:35;55656.4
2026-05-25 14:29:50;54943.0
2026-05-25 14:30:05;54474.1
2026-05-25 14:30:21;54565.7
2026-05-25 14:30:36;54371.6
2026-05-25 14:30:51;54199.1
2026-05-25 14:31:06;54265.6
2026-05-25 14:31:22;54026.6
2026-05-25 14:31:37;29927.0
2026-05-25 14:31:52;45053.0
2026-05-25 14:32:07;54227.9
2026-05-25 14:32:23;53879.3
2026-05-25 14:32:38;53683.4
2026-05-25 14:32:54;54098.5
2026-05-25 14:33:08;54102.1
2026-05-25 14:33:24;54010.5
2026-05-25 14:33:39;54154.2
2026-05-25 14:33:55;54197.3
2026-05-25 14:34:10;54283.6
2026-05-25 14:34:25;54608.8
2026-05-25 14:34:40;54310.5
2026-05-25 14:34:56;54400.4
2026-05-25 14:35:11;54474.1
2026-05-25 14:35:26;54657.3
2026-05-25 14:35:41;54668.1
2026-05-25 14:35:57;54793.9
2026-05-25 14:36:12;54885.5
2026-05-25 14:36:29;55288.0
2026-05-25 14:36:42;54896.3
2026-05-25 14:36:58;54795.7
2026-05-25 14:37:13;54903.5
2026-05-25 14:37:28;55178.4
2026-05-25 14:37:43;55032.9
2026-05-25 14:37:59;53568.4
2026-05-25 14:38:14;13171.1
2026-05-25 14:38:29;51212.7
2026-05-25 14:38:44;53534.3
2026-05-25 14:39:00;48533.6
2026-05-25 14:39:15;53559.4
2026-05-25 14:39:30;32563.0
2026-05-25 14:39:45;16781.0
2026-05-25 14:40:01;7288.1
2026-05-25 14:40:16;6698.7
2026-05-25 14:40:31;6941.3
2026-05-25 14:40:46;7902.7
2026-05-25 14:41:02;21030.6
2026-05-25 14:41:17;50373.6
2026-05-25 14:41:33;14973.4
2026-05-25 14:41:48;5214.5
2026-05-25 14:42:03;4724.0
2026-05-25 14:42:18;4470.6
2026-05-25 14:42:34;4481.4
2026-05-25 14:42:49;4657.5
2026-05-25 14:43:04;4781.5
2026-05-25 14:43:19;4941.4
2026-05-25 14:43:35;5446.3
2026-05-25 14:43:50;6026.7
2026-05-25 14:44:06;6625.1
2026-05-25 14:44:21;7548.7
2026-05-25 14:44:36;9036.5
2026-05-25 14:44:51;50109.4
2026-05-25 14:45:07;49733.9
2026-05-25 14:45:22;50565.9
2026-05-25 14:45:38;42724.3
2026-05-25 14:45:52;38275.2
2026-05-25 14:46:10;29522.7
2026-05-25 14:46:23;49406.9
2026-05-25 14:46:39;46411.5
2026-05-25 14:46:54;46959.5
2026-05-25 14:47:09;49331.4
2026-05-25 14:47:24;48172.4
2026-05-25 14:47:40;48619.8
2026-05-25 14:48:10;48348.5
2026-05-25 14:48:26;48504.8
2026-05-25 14:48:41;48591.1
2026-05-25 14:48:57;48503.0
2026-05-25 14:49:12;48486.9
2026-05-25 14:49:27;48555.2
2026-05-25 14:49:42;48628.8
2026-05-25 14:49:58;48787.0
2026-05-25 14:50:13;48718.7
2026-05-25 14:50:28;48296.4
2026-05-25 14:50:43;47958.6
2026-05-25 14:50:59;47660.3
2026-05-25 14:51:14;47482.4
2026-05-25 14:51:30;47383.6
2026-05-25 14:51:45;47191.3
2026-05-25 14:52:00;46911.0
2026-05-25 14:52:15;46734.9
2026-05-25 14:52:31;46463.6
2026-05-25 14:52:46;46215.6
2026-05-25 14:53:01;45877.8
2026-05-25 14:53:16;45628.0
2026-05-25 14:53:32;45259.7
2026-05-25 14:53:47;44877.0
2026-05-25 14:54:03;44778.1
2026-05-25 14:54:17;44596.6
2026-05-25 14:54:33;44393.6
2026-05-25 14:54:48;44257.0
2026-05-25 14:55:03;44321.7
2026-05-25 14:55:18;44496.0
2026-05-25 14:55:34;44330.7
2026-05-25 14:55:49;44327.1
2026-05-25 14:56:05;44278.6
2026-05-25 14:56:20;44309.1
2026-05-25 14:56:36;44237.3
2026-05-25 14:56:50;44302.0
2026-05-25 14:57:06;44271.4
2026-05-25 14:57:21;44596.6
2026-05-25 14:57:36;44706.2
2026-05-25 14:57:51;45146.5
2026-05-25 14:58:07;45412.4
2026-05-25 14:58:22;45764.6
2026-05-25 14:58:37;46336.0
2026-05-25 14:58:52;47083.5
2026-05-25 14:59:08;47732.2
2026-05-25 14:59:23;48409.6
2026-05-25 14:59:39;48848.0
2026-05-25 14:59:54;49036.7
2026-05-25 15:00:09;49313.4
2026-05-25 15:00:24;49277.5
2026-05-25 15:00:40;49277.5
2026-05-25 15:00:55;48993.6
2026-05-25 15:01:10;48810.3
2026-05-25 15:01:25;48803.1
2026-05-25 15:01:41;48587.5
2026-05-25 15:01:56;48176.0
2026-05-25 15:02:11;48190.4
2026-05-25 15:02:27;48253.3
2026-05-25 15:02:42;48073.6
2026-05-25 15:02:57;48008.9
2026-05-25 15:03:13;48136.5
2026-05-25 15:03:27;47791.5
2026-05-25 15:03:43;47730.4
2026-05-25 15:03:58;47710.6
2026-05-25 15:04:14;47439.3
2026-05-25 15:04:29;47583.0
2026-05-25 15:04:44;47640.5
2026-05-25 15:04:59;47947.8
2026-05-25 15:05:15;48089.8
2026-05-25 15:05:30;48242.5
2026-05-25 15:05:45;48382.7
2026-05-25 15:06:00;48467.1
2026-05-25 15:06:16;48418.6
2026-05-25 15:06:31;48362.9
2026-05-25 15:06:46;48012.5
2026-05-25 15:07:01;47669.3
2026-05-25 15:07:17;47254.2
2026-05-25 15:07:32;46664.8
2026-05-25 15:07:47;46346.8
2026-05-25 15:08:03;45852.7
2026-05-25 15:08:18;45186.0
2026-05-25 15:08:33;45024.3
2026-05-25 15:08:48;44794.3
2026-05-25 15:09:03;44618.2
2026-05-25 15:09:19;44476.3
2026-05-25 15:09:34;44244.5
2026-05-25 15:09:49;44109.7
2026-05-25 15:10:04;44262.4
2026-05-25 15:10:20;44449.3
2026-05-25 15:10:35;44526.6
2026-05-25 15:10:50;44420.5
2026-05-25 15:11:05;44305.5
2026-05-25 15:11:21;44109.7
2026-05-25 15:11:36;43951.6
2026-05-25 15:11:51;43622.7
2026-05-25 15:12:06;43549.1
2026-05-25 15:12:22;43398.1
2026-05-25 15:12:37;43320.9
2026-05-25 15:12:52;43035.2
2026-05-25 15:13:07;42922.0
2026-05-25 15:13:23;42600.3
2026-05-25 15:13:38;42323.6
2026-05-25 15:13:53;42208.6
2026-05-25 15:14:08;42041.5
2026-05-25 15:14:24;41173.6
2026-05-25 15:14:39;40749.5
2026-05-25 15:14:54;40392.0
2026-05-25 15:15:09;40012.8
2026-05-25 15:15:25;39633.7
2026-05-25 15:15:40;39473.8
2026-05-25 15:15:55;39303.0
2026-05-25 15:16:10;39053.3
2026-05-25 15:16:26;39060.5
2026-05-25 15:16:41;38753.2
2026-05-25 15:16:57;38365.1
2026-05-25 15:17:12;37919.5
2026-05-25 15:17:27;37540.3
2026-05-25 15:17:42;36936.6
2026-05-25 15:17:58;36318.4
2026-05-25 15:18:13;35800.9
2026-05-25 15:18:28;35466.7
2026-05-25 15:18:43;35181.0
2026-05-25 15:18:59;34708.4
2026-05-25 15:19:14;34376.0
2026-05-25 15:19:29;34013.0
2026-05-25 15:19:45;33617.7
2026-05-25 15:20:00;33432.7
2026-05-25 15:20:15;32778.6
2026-05-25 15:20:31;33066.1
2026-05-25 15:20:46;33312.3
2026-05-25 15:21:01;33425.5
2026-05-25 15:21:16;33500.9
2026-05-25 15:21:32;33087.7
2026-05-25 15:21:47;33049.9
2026-05-25 15:22:02;32575.5
2026-05-25 15:22:17;32589.9
2026-05-25 15:22:33;32521.6
2026-05-25 15:22:48;32218.0
2026-05-25 15:23:03;32059.8
2026-05-25 15:23:18;32050.9
2026-05-25 15:23:34;32316.8
2026-05-25 15:23:49;32683.4
2026-05-25 15:24:04;33082.3
2026-05-25 15:24:19;32859.5
2026-05-25 15:24:35;9616.9
2026-05-25 15:24:50;8605.2
2026-05-25 15:25:06;8871.2
2026-05-25 15:25:21;10680.6
2026-05-25 15:25:36;34633.0
2026-05-25 15:25:51;34812.7
2026-05-25 15:26:07;34771.3
2026-05-25 15:26:22;34014.8
2026-05-25 15:26:38;33488.4
2026-05-25 15:26:53;32819.9
2026-05-25 15:27:08;32270.1
2026-05-25 15:27:23;31567.5
2026-05-25 15:27:39;30778.7
2026-05-25 15:27:54;30273.7
2026-05-25 15:28:09;30311.5
2026-05-25 15:28:24;30342.0
2026-05-25 15:28:40;30469.6
2026-05-25 15:28:55;30705.0
2026-05-25 15:29:11;30981.7
2026-05-25 15:29:25;30990.7
2026-05-25 15:29:41;30988.9
2026-05-25 15:29:56;30834.4
2026-05-25 15:30:12;30703.2
2026-05-25 15:30:27;30755.3
2026-05-25 15:30:42;30850.5
2026-05-25 15:30:57;31032.0
2026-05-25 15:31:13;31200.9
2026-05-25 15:31:28;31139.8
2026-05-25 15:31:44;31152.4
2026-05-25 15:31:58;31078.7
2026-05-25 15:32:14;30933.2
2026-05-25 15:32:29;30557.7
2026-05-25 15:32:45;30478.6
2026-05-25 15:33:00;30521.7
2026-05-25 15:33:15;30286.3
2026-05-25 15:33:30;30334.8
2026-05-25 15:33:46;30095.9
2026-05-25 15:34:01;29959.3
2026-05-25 15:34:17;29490.3
2026-05-25 15:34:32;29017.7
2026-05-25 15:34:49;28814.7
2026-05-25 15:35:02;27540.7
2026-05-25 15:35:18;26414.1
2026-05-25 15:35:33;28043.8
2026-05-25 15:35:48;12739.8
2026-05-25 15:36:03;21869.8
2026-05-25 15:36:19;20532.9
2026-05-25 15:36:34;27064.5
2026-05-25 15:36:50;27183.1
2026-05-25 15:37:05;26931.6
2026-05-25 15:37:20;8008.7
2026-05-25 15:37:35;5892.0
2026-05-25 15:37:51;5719.5
2026-05-25 15:38:06;5390.6
2026-05-25 15:38:21;7092.3
2026-05-25 15:38:37;16258.1
2026-05-25 15:38:52;25017.9
2026-05-25 15:39:07;24277.6
2026-05-25 15:39:23;24047.6
2026-05-25 15:39:38;23846.3
2026-05-25 15:39:53;23571.4
2026-05-25 15:40:08;23463.6
2026-05-25 15:40:24;23476.2
2026-05-25 15:40:39;4449.1
2026-05-25 15:40:55;3942.3
2026-05-25 15:41:09;3886.6
2026-05-25 15:41:25;4086.1
2026-05-25 15:41:40;4122.0
2026-05-25 15:41:56;3795.0
2026-05-25 15:42:11;3698.0
2026-05-25 15:42:26;3468.0
2026-05-25 15:42:42;3259.5
2026-05-25 15:42:57;3142.7
2026-05-25 15:43:12;3063.7
2026-05-25 15:43:28;3049.3
2026-05-25 15:43:43;3079.8
2026-05-25 15:43:58;3105.0
2026-05-25 15:44:14;3162.5
2026-05-25 15:44:29;3286.5
2026-05-25 15:44:43;3473.4
2026-05-25 15:44:58;3696.2
2026-05-25 15:45:13;4014.2
2026-05-25 15:45:28;4432.9
2026-05-25 15:45:43;5272.0
2026-05-25 15:45:58;6822.7
2026-05-25 15:46:13;6783.2
2026-05-25 15:46:28;20536.5
2026-05-25 15:46:43;19278.7
2026-05-25 15:46:59;5232.5
2026-05-25 15:47:14;4587.4
2026-05-25 15:47:29;4423.9
2026-05-25 15:47:43;4468.8
2026-05-25 15:47:59;7442.7
2026-05-25 15:48:13;20216.6
2026-05-25 15:48:28;20001.0
2026-05-25 15:48:43;19792.6
2026-05-25 15:48:59;19720.7
2026-05-25 15:49:14;19587.7
2026-05-25 15:49:29;19826.7
2026-05-25 15:49:43;19887.8
2026-05-25 15:49:58;19232.0
2026-05-25 15:50:13;19889.6
2026-05-25 15:50:29;17983.1
2026-05-25 15:50:43;16917.6
2026-05-25 15:50:58;19143.9
2026-05-25 15:51:13;19487.1
2026-05-25 15:51:29;5821.9
2026-05-25 15:51:44;8801.1
2026-05-25 15:51:59;16357.0
2026-05-25 15:52:14;5812.9
2026-05-25 15:52:28;6102.2
2026-05-25 15:52:44;11435.3
2026-05-25 15:52:58;18515.0
2026-05-25 15:53:14;18308.4
2026-05-25 15:53:29;18207.7
2026-05-25 15:53:44;18238.3
2026-05-25 15:53:58;18155.6
2026-05-25 15:54:14;18096.3
2026-05-25 15:54:29;17975.9
2026-05-25 15:54:44;17871.7
2026-05-25 15:54:59;17869.9
2026-05-25 15:55:14;17751.3
2026-05-25 15:55:30;17526.7
2026-05-25 15:55:45;4030.4
2026-05-25 15:56:00;4016.0
2026-05-25 15:56:15;4172.3
2026-05-25 15:56:31;4684.5
2026-05-25 15:56:47;6483.1
2026-05-25 15:57:01;4918.0
2026-05-25 15:57:17;10538.7
2026-05-25 15:57:31;17206.9
2026-05-25 15:57:46;17411.7
2026-05-25 15:58:01;17330.9
2026-05-25 15:58:16;17156.6
2026-05-25 15:58:31;16903.2
2026-05-25 15:58:46;16574.4
2026-05-25 15:59:01;16367.7
2026-05-25 15:59:16;16184.5
2026-05-25 15:59:32;15776.6
2026-05-25 15:59:47;15634.6
2026-05-25 16:00:03;15469.3
2026-05-25 16:00:18;15719.1
2026-05-25 16:00:33;15726.2
2026-05-25 16:00:48;15724.5
2026-05-25 16:01:04;15444.1
2026-05-25 16:01:19;3951.3
2026-05-25 16:01:34;4003.4
2026-05-25 16:01:49;4201.1
2026-05-25 16:02:05;14409.1
2026-05-25 16:02:19;16157.5
2026-05-25 16:02:35;16168.3
2026-05-25 16:02:49;16234.8
2026-05-25 16:03:05;16157.5
2026-05-25 16:03:20;16035.3
2026-05-25 16:03:35;11074.1
2026-05-25 16:03:50;7536.1
2026-05-25 16:04:05;6321.4
2026-05-25 16:04:20;12066.0
2026-05-25 16:04:35;14475.6
2026-05-25 16:04:50;15338.1
2026-05-25 16:05:05;15401.0
2026-05-25 16:05:20;14517.0
2026-05-25 16:05:35;5768.0
2026-05-25 16:05:50;5760.8
2026-05-25 16:06:05;14143.2
2026-05-25 16:06:20;15111.7
2026-05-25 16:06:35;15147.7
2026-05-25 16:06:50;15262.7
2026-05-25 16:07:05;15327.3
2026-05-25 16:07:20;15377.7
2026-05-25 16:07:35;15568.1
2026-05-25 16:07:50;15596.9
2026-05-25 16:08:05;15636.4
2026-05-25 16:08:21;15632.8
2026-05-25 16:08:36;15544.8
2026-05-25 16:08:52;15429.8
2026-05-25 16:09:07;15356.1
2026-05-25 16:09:22;15334.5
2026-05-25 16:09:37;15124.3
2026-05-25 16:09:53;15057.8
2026-05-25 16:10:08;14980.5
2026-05-25 16:10:24;14870.9
2026-05-25 16:10:39;14678.7
2026-05-25 16:10:54;13604.1
2026-05-25 16:11:09;13814.4
2026-05-25 16:11:25;14412.7
2026-05-25 16:11:40;14624.8
2026-05-25 16:11:56;14529.5
2026-05-25 16:12:11;14534.9
2026-05-25 16:12:26;14410.9
2026-05-25 16:12:41;14145.0
2026-05-25 16:12:57;13846.7
2026-05-25 16:13:12;13512.5
2026-05-25 16:13:28;13198.0
2026-05-25 16:13:42;12845.9
2026-05-25 16:13:58;12774.0
2026-05-25 16:14:13;12738.0
2026-05-25 16:14:29;12756.0
2026-05-25 16:14:54;12698.5
2026-05-25 16:14:59;9162.3
2026-05-25 16:15:14;10553.0
2026-05-25 16:15:29;7667.3
2026-05-25 16:15:45;12319.4
2026-05-25 16:16:00;10337.4
2026-05-25 16:16:16;9022.1
2026-05-25 16:16:30;12418.2
2026-05-25 16:16:45;10371.6
2026-05-25 16:17:00;6104.0
2026-05-25 16:17:15;7464.2
2026-05-25 16:17:30;12006.7
2026-05-25 16:17:45;11933.0
2026-05-25 16:18:00;11796.5
2026-05-25 16:18:15;11615.0
2026-05-25 16:18:30;11580.9
2026-05-25 16:18:45;11419.1
2026-05-25 16:19:00;10748.9
2026-05-25 16:19:15;5500.2
2026-05-25 16:19:30;10881.9
2026-05-25 16:19:45;10312.3
2026-05-25 16:20:02;10822.6
2026-05-25 16:20:15;10713.0
2026-05-25 16:20:30;10619.5
2026-05-25 16:20:45;10517.1
2026-05-25 16:21:00;10405.7
2026-05-25 16:21:16;10299.7
2026-05-25 16:21:30;10211.6
2026-05-25 16:21:45;10132.6
2026-05-25 16:22:00;10143.4
2026-05-25 16:22:15;10114.6
2026-05-25 16:22:30;10075.1
2026-05-25 16:22:45;7818.2
2026-05-25 16:23:00;4652.1
2026-05-25 16:23:15;8961.0
2026-05-25 16:23:30;9280.9
2026-05-25 16:23:45;9370.7
2026-05-25 16:24:00;9512.7
2026-05-25 16:24:15;9428.2
2026-05-25 16:24:30;9169.5
2026-05-25 16:24:45;8395.0