Timestamp;Current
2026-05-06 08:56:17;0.0
2026-05-06 08:56:32;0.0
2026-05-06 08:56:47;0.0
2026-05-06 08:57:02;0.0
2026-05-06 08:57:17;0.002
2026-05-06 08:57:32;0.17
2026-05-06 08:57:47;0.0
2026-05-06 08:58:02;0.0
2026-05-06 08:58:18;0.0
2026-05-06 08:58:33;0.0
2026-05-06 08:58:48;0.0
2026-05-06 08:59:03;0.0
2026-05-06 08:59:18;0.0
2026-05-06 08:59:33;0.0
2026-05-06 08:59:48;0.0
2026-05-06 09:00:03;0.0
2026-05-06 09:10:43;0.001
2026-05-06 09:10:58;0.001
2026-05-06 09:11:13;0.001
2026-05-06 09:11:28;0.181
2026-05-06 09:11:43;0.001
2026-05-06 09:11:58;0.165
2026-05-06 09:12:13;0.001
2026-05-06 09:12:28;0.001
2026-05-06 09:12:44;0.16
2026-05-06 09:12:58;0.001
2026-05-06 09:13:13;0.001
2026-05-06 09:13:28;0.001
2026-05-06 09:13:43;0.001
2026-05-06 09:13:58;0.001
2026-05-06 09:14:14;0.124
2026-05-06 09:14:29;0.001
2026-05-06 09:14:44;0.113
2026-05-06 09:14:59;0.001
2026-05-06 09:15:14;0.111
2026-05-06 09:15:29;0.103
2026-05-06 09:15:44;0.001
2026-05-06 09:15:59;0.001
2026-05-06 09:16:14;0.114
2026-05-06 09:16:29;0.001
2026-05-06 09:16:44;0.001
2026-05-06 09:16:59;0.001
2026-05-06 09:17:14;0.153
2026-05-06 09:17:29;0.16
2026-05-06 09:17:44;0.172
2026-05-06 09:18:00;0.001
2026-05-06 09:18:14;0.001
2026-05-06 09:18:29;0.001
2026-05-06 09:18:44;0.235
2026-05-06 09:18:59;0.001
2026-05-06 09:19:14;0.222
2026-05-06 09:19:30;0.267
2026-05-06 09:19:45;0.001
2026-05-06 09:20:00;0.001
2026-05-06 09:20:15;0.001
2026-05-06 09:20:30;0.001
2026-05-06 09:20:45;0.001
2026-05-06 09:21:00;0.001
2026-05-06 09:21:15;0.001
2026-05-06 09:21:30;0.248
2026-05-06 09:21:45;0.272
2026-05-06 09:22:00;0.001
2026-05-06 09:22:15;0.001
2026-05-06 09:22:30;0.001
2026-05-06 09:22:45;0.001
2026-05-06 09:23:00;0.001
2026-05-06 09:23:16;0.002
2026-05-06 09:23:30;0.244
2026-05-06 09:23:45;0.001
2026-05-06 09:24:00;0.001
2026-05-06 09:24:15;0.001
2026-05-06 09:24:31;0.001
2026-05-06 09:24:46;0.001
2026-05-06 09:25:01;0.001
2026-05-06 09:25:16;0.001
2026-05-06 09:25:31;0.001
2026-05-06 09:25:46;0.001
2026-05-06 09:26:01;0.001
2026-05-06 09:26:16;0.225
2026-05-06 09:26:31;0.275
2026-05-06 09:26:46;0.001
2026-05-06 09:27:01;0.001
2026-05-06 09:27:16;0.001
2026-05-06 09:27:31;0.001
2026-05-06 09:27:46;0.228
2026-05-06 09:28:02;0.194
2026-05-06 09:28:16;0.319
2026-05-06 09:28:31;0.001
2026-05-06 09:28:46;0.001
2026-05-06 09:29:01;0.001
2026-05-06 09:29:16;0.001
2026-05-06 09:29:31;0.001
2026-05-06 09:29:46;0.259
2026-05-06 09:30:01;0.001
2026-05-06 09:30:16;0.001
2026-05-06 09:30:31;0.001
2026-05-06 09:30:47;0.001
2026-05-06 09:31:02;0.31
2026-05-06 09:31:17;0.001
2026-05-06 09:31:32;0.001
2026-05-06 09:31:47;0.001
2026-05-06 09:32:02;0.001
2026-05-06 09:32:17;0.001
2026-05-06 09:32:33;0.274
2026-05-06 09:32:47;0.001
2026-05-06 09:33:02;0.111
2026-05-06 09:33:17;0.001
2026-05-06 09:33:32;0.001
2026-05-06 09:33:47;0.001
2026-05-06 09:34:02;0.001
2026-05-06 09:34:17;0.001
2026-05-06 09:34:32;0.001
2026-05-06 09:34:47;0.092
2026-05-06 09:35:02;0.095
2026-05-06 09:35:17;0.001
2026-05-06 09:35:32;0.001
2026-05-06 09:35:47;0.119
2026-05-06 09:36:02;0.001
2026-05-06 09:36:17;0.001
2026-05-06 09:36:32;0.001
2026-05-06 09:36:48;0.171
2026-05-06 09:37:02;0.001
2026-05-06 09:37:17;0.001
2026-05-06 09:37:32;0.139
2026-05-06 09:37:47;0.001
2026-05-06 09:38:02;0.119
2026-05-06 09:38:17;0.001
2026-05-06 09:38:32;0.12
2026-05-06 09:38:47;0.105
2026-05-06 09:39:02;0.098
2026-05-06 09:39:17;0.001
2026-05-06 09:39:32;0.001
2026-05-06 09:39:47;0.001
2026-05-06 09:40:02;0.001
2026-05-06 09:40:17;0.001
2026-05-06 09:40:32;0.001
2026-05-06 09:40:48;0.001
2026-05-06 09:41:02;0.1
2026-05-06 09:41:18;0.097
2026-05-06 09:41:33;0.001
2026-05-06 09:41:48;0.001
2026-05-06 09:42:03;0.001
2026-05-06 09:42:18;0.001
2026-05-06 09:42:33;0.086
2026-05-06 09:42:48;0.089
2026-05-06 09:43:03;0.097
2026-05-06 09:43:18;0.1
2026-05-06 09:43:33;0.104
2026-05-06 09:43:48;0.107
2026-05-06 09:44:03;0.11
2026-05-06 09:44:18;0.109
2026-05-06 09:44:33;0.001
2026-05-06 09:44:48;0.177
2026-05-06 09:45:03;0.001
2026-05-06 09:45:18;0.001
2026-05-06 09:45:33;0.001
2026-05-06 09:45:48;0.001
2026-05-06 09:46:04;0.001
2026-05-06 09:46:19;0.001
2026-05-06 09:46:34;0.001
2026-05-06 09:46:48;0.001
2026-05-06 09:47:04;0.001
2026-05-06 09:47:19;0.001
2026-05-06 09:47:34;0.001
2026-05-06 09:47:49;0.001
2026-05-06 09:48:04;0.001
2026-05-06 09:48:19;0.001
2026-05-06 09:48:34;0.001
2026-05-06 09:48:49;0.344
2026-05-06 09:49:04;0.001
2026-05-06 09:49:19;0.001
2026-05-06 09:49:34;0.001
2026-05-06 09:49:49;0.217
2026-05-06 09:50:04;0.001
2026-05-06 09:50:19;0.001
2026-05-06 09:50:34;0.001
2026-05-06 09:50:49;0.001
2026-05-06 09:51:04;0.001
2026-05-06 09:51:19;0.165
2026-05-06 09:51:34;0.001
2026-05-06 09:51:49;0.001
2026-05-06 09:52:04;0.145
2026-05-06 09:52:19;0.001
2026-05-06 09:52:34;0.001
2026-05-06 09:52:49;0.001
2026-05-06 09:53:04;0.001
2026-05-06 09:53:19;0.001
2026-05-06 09:53:34;0.001
2026-05-06 09:53:49;0.001
2026-05-06 09:54:04;0.348
2026-05-06 09:54:19;0.001
2026-05-06 09:54:34;0.001
2026-05-06 09:54:49;0.001
2026-05-06 09:55:04;0.001
2026-05-06 09:55:19;0.184
2026-05-06 09:55:34;0.001
2026-05-06 09:55:49;0.001
2026-05-06 09:56:07;0.301
2026-05-06 09:56:19;0.001
2026-05-06 09:56:34;0.001
2026-05-06 09:56:49;0.001
2026-05-06 09:57:04;0.001
2026-05-06 09:57:19;0.001
2026-05-06 09:57:34;0.333
2026-05-06 09:57:59;0.001
2026-05-06 09:58:04;0.001
2026-05-06 09:58:19;0.001
2026-05-06 09:58:35;0.001
2026-05-06 09:58:50;0.194
2026-05-06 09:59:05;0.001
2026-05-06 09:59:20;0.001
2026-05-06 09:59:35;0.001
2026-05-06 09:59:50;0.001
2026-05-06 10:00:05;0.001
2026-05-06 10:00:21;0.001
2026-05-06 10:00:36;0.001
2026-05-06 10:00:51;0.001
2026-05-06 10:01:06;0.369
2026-05-06 10:01:21;0.001
2026-05-06 10:01:36;0.001
2026-05-06 10:01:52;0.001
2026-05-06 10:02:07;0.001
2026-05-06 10:02:22;0.001
2026-05-06 10:02:37;0.001
2026-05-06 10:02:53;0.001
2026-05-06 10:03:08;0.001
2026-05-06 10:03:23;0.298
2026-05-06 10:03:39;0.001
2026-05-06 10:03:54;0.001
2026-05-06 10:04:09;0.001
2026-05-06 10:04:25;0.001
2026-05-06 10:04:40;0.001
2026-05-06 10:04:55;0.3
2026-05-06 10:05:11;0.294
2026-05-06 10:05:26;0.001
2026-05-06 10:05:41;0.001
2026-05-06 10:05:57;0.001
2026-05-06 10:06:12;0.001
2026-05-06 10:06:27;0.001
2026-05-06 10:06:42;0.001
2026-05-06 10:06:58;0.001
2026-05-06 10:07:13;0.001
2026-05-06 10:07:29;0.295
2026-05-06 10:07:44;0.001
2026-05-06 10:07:59;0.001
2026-05-06 10:08:14;0.001
2026-05-06 10:08:30;0.001
2026-05-06 10:08:45;0.001
2026-05-06 10:09:00;0.001
2026-05-06 10:09:15;0.001
2026-05-06 10:09:31;0.001
2026-05-06 10:09:46;0.001
2026-05-06 10:10:02;0.001
2026-05-06 10:10:17;0.001
2026-05-06 10:10:32;0.001
2026-05-06 10:10:47;0.001
2026-05-06 10:11:03;0.352
2026-05-06 10:11:18;0.001
2026-05-06 10:11:33;0.34
2026-05-06 10:11:48;0.001
2026-05-06 10:12:04;0.39
2026-05-06 10:12:19;0.384
2026-05-06 10:12:35;0.001
2026-05-06 10:12:50;0.374
2026-05-06 10:13:05;0.001
2026-05-06 10:13:20;0.001
2026-05-06 10:13:36;0.001
2026-05-06 10:13:51;0.001
2026-05-06 10:14:06;0.001
2026-05-06 10:14:21;0.001
2026-05-06 10:14:37;0.001
2026-05-06 10:14:52;0.277
2026-05-06 10:15:08;0.001
2026-05-06 10:15:23;0.392
2026-05-06 10:15:40;0.001
2026-05-06 10:15:53;0.325
2026-05-06 10:16:09;0.001
2026-05-06 10:16:24;0.001
2026-05-06 10:16:39;0.001
2026-05-06 10:16:55;0.001
2026-05-06 10:17:10;0.001
2026-05-06 10:17:25;0.001
2026-05-06 10:17:41;0.001
2026-05-06 10:17:56;0.001
2026-05-06 10:18:11;0.33
2026-05-06 10:18:26;0.001
2026-05-06 10:18:42;0.001
2026-05-06 10:18:57;0.001
2026-05-06 10:19:13;0.377
2026-05-06 10:19:28;0.149
2026-05-06 10:19:43;0.237
2026-05-06 10:19:59;0.001
2026-05-06 10:20:14;0.001
2026-05-06 10:20:29;0.001
2026-05-06 10:20:44;0.001
2026-05-06 10:21:00;0.001
2026-05-06 10:21:15;0.001
2026-05-06 10:21:30;0.001
2026-05-06 10:21:45;0.001
2026-05-06 10:22:01;0.001
2026-05-06 10:22:16;0.275
2026-05-06 10:22:31;0.001
2026-05-06 10:22:47;0.001
2026-05-06 10:23:02;0.001
2026-05-06 10:23:17;0.001
2026-05-06 10:23:33;0.001
2026-05-06 10:23:48;0.001
2026-05-06 10:24:03;0.001
2026-05-06 10:24:18;0.001
2026-05-06 10:24:34;0.001
2026-05-06 10:24:49;0.001
2026-05-06 10:25:04;0.001
2026-05-06 10:25:19;0.001
2026-05-06 10:25:35;0.001
2026-05-06 10:25:50;0.387
2026-05-06 10:26:20;0.259
2026-05-06 10:26:36;0.001
2026-05-06 10:26:52;0.22
2026-05-06 10:27:07;0.321
2026-05-06 10:27:22;0.001
2026-05-06 10:27:38;0.001
2026-05-06 10:27:53;0.001
2026-05-06 10:28:10;0.381
2026-05-06 10:28:23;0.001
2026-05-06 10:28:39;0.001
2026-05-06 10:28:54;0.001
2026-05-06 10:29:09;0.001
2026-05-06 10:29:24;0.001
2026-05-06 10:29:40;0.001
2026-05-06 10:29:55;0.001
2026-05-06 10:30:11;0.317
2026-05-06 10:30:26;0.001
2026-05-06 10:30:41;0.001
2026-05-06 10:30:56;0.001
2026-05-06 10:31:12;0.002
2026-05-06 10:31:27;0.001
2026-05-06 10:31:42;0.38
2026-05-06 10:31:57;0.001
2026-05-06 10:32:13;0.001
2026-05-06 10:32:28;0.278
2026-05-06 10:32:44;0.001
2026-05-06 10:32:59;0.001
2026-05-06 10:33:14;0.001
2026-05-06 10:33:29;0.001
2026-05-06 10:33:45;0.001
2026-05-06 10:34:00;0.162
2026-05-06 10:34:15;0.232
2026-05-06 10:34:30;0.001
2026-05-06 10:34:46;0.001
2026-05-06 10:35:01;0.001
2026-05-06 10:35:17;0.001
2026-05-06 10:35:32;0.388
2026-05-06 10:35:47;0.001
2026-05-06 10:36:02;0.313
2026-05-06 10:36:18;0.001
2026-05-06 10:36:33;0.001
2026-05-06 10:36:48;0.001
2026-05-06 10:37:04;0.001
2026-05-06 10:37:19;0.266
2026-05-06 10:37:34;0.339
2026-05-06 10:37:50;0.001
2026-05-06 10:38:05;0.001
2026-05-06 10:38:20;0.001
2026-05-06 10:38:35;0.001
2026-05-06 10:38:51;0.001
2026-05-06 10:39:06;0.001
2026-05-06 10:39:22;0.001
2026-05-06 10:39:37;0.333
2026-05-06 10:39:52;0.001
2026-05-06 10:40:07;0.001
2026-05-06 10:40:23;0.001
2026-05-06 10:40:38;0.001
2026-05-06 10:40:54;0.277
2026-05-06 10:41:09;0.001
2026-05-06 10:41:24;0.001
2026-05-06 10:41:39;0.001
2026-05-06 10:41:55;0.187
2026-05-06 10:42:10;0.001
2026-05-06 10:42:26;0.001
2026-05-06 10:42:41;0.001
2026-05-06 10:42:56;0.001
2026-05-06 10:43:11;0.174
2026-05-06 10:43:26;0.193
2026-05-06 10:43:41;0.2
2026-05-06 10:43:56;0.175
2026-05-06 10:44:11;0.001
2026-05-06 10:44:26;0.178
2026-05-06 10:44:41;0.001
2026-05-06 10:44:56;0.001
2026-05-06 10:45:11;0.177
2026-05-06 10:45:27;0.001
2026-05-06 10:45:41;0.001
2026-05-06 10:45:56;0.001
2026-05-06 10:46:11;0.001
2026-05-06 10:46:26;0.183
2026-05-06 10:46:41;0.178
2026-05-06 10:46:56;0.001
2026-05-06 10:47:11;0.177
2026-05-06 10:47:26;0.001
2026-05-06 10:47:41;0.001
2026-05-06 10:47:56;0.175
2026-05-06 10:48:11;0.177
2026-05-06 10:48:26;0.001
2026-05-06 10:48:41;0.001
2026-05-06 10:48:56;0.001
2026-05-06 10:49:11;0.001
2026-05-06 10:49:26;0.183
2026-05-06 10:49:41;0.189
2026-05-06 10:49:56;0.191
2026-05-06 10:50:12;0.196
2026-05-06 10:50:26;0.204
2026-05-06 10:50:41;0.001
2026-05-06 12:59:01;0.0
2026-05-06 12:59:16;0.0
2026-05-06 12:59:31;0.159
2026-05-06 12:59:46;0.0
2026-05-06 13:00:01;0.159
2026-05-06 13:00:16;0.001
2026-05-06 13:00:31;0.001
2026-05-06 13:00:46;0.189
2026-05-06 13:01:01;0.17
2026-05-06 13:01:16;0.002
2026-05-06 13:01:31;0.001
2026-05-06 13:01:46;0.188
2026-05-06 13:02:02;0.001
2026-05-06 13:02:30;0.001
2026-05-06 13:02:39;0.324
2026-05-06 13:04:14;0.002
2026-05-06 13:04:46;0.378
2026-05-06 13:05:02;0.395
2026-05-06 13:05:18;0.002
2026-05-06 13:05:32;0.001
2026-05-06 13:05:47;0.401
2026-05-06 13:06:03;0.408
2026-05-06 13:06:18;0.001
2026-05-06 13:06:34;0.001
2026-05-06 13:06:49;0.001
2026-05-06 13:07:04;0.001
2026-05-06 13:07:19;0.001
2026-05-06 13:07:35;0.001
2026-05-06 13:07:50;0.001
2026-05-06 13:08:05;0.001
2026-05-06 13:08:20;0.001
2026-05-06 13:08:36;0.001
2026-05-06 13:08:51;0.347
2026-05-06 13:09:07;0.418
2026-05-06 13:09:22;0.001
2026-05-06 13:09:37;0.001
2026-05-06 13:09:52;0.001
2026-05-06 13:10:08;0.001
2026-05-06 13:10:23;0.002
2026-05-06 13:10:38;0.001
2026-05-06 13:10:54;0.001
2026-05-06 13:11:09;0.001
2026-05-06 13:11:24;0.001
2026-05-06 13:11:40;0.184
2026-05-06 13:11:55;0.001
2026-05-06 13:12:10;0.001
2026-05-06 13:12:25;0.17
2026-05-06 13:12:41;0.001
2026-05-06 13:12:56;0.196
2026-05-06 13:13:11;0.002
2026-05-06 13:13:26;0.002
2026-05-06 13:13:42;0.001
2026-05-06 13:13:57;0.472
2026-05-06 13:14:13;0.001
2026-05-06 13:14:28;0.397
2026-05-06 13:14:43;0.001
2026-05-06 13:15:00;0.376
2026-05-06 13:15:14;0.001
2026-05-06 13:15:29;0.001
2026-05-06 13:15:44;0.001
2026-05-06 13:16:00;0.001
2026-05-06 13:16:15;0.001
2026-05-06 13:16:30;0.303
2026-05-06 13:16:47;0.001
2026-05-06 13:17:01;0.001
2026-05-06 13:17:16;0.001
2026-05-06 13:17:31;0.001
2026-05-06 13:17:47;0.001
2026-05-06 13:18:02;0.313
2026-05-06 13:18:17;0.001
2026-05-06 13:18:33;0.001
2026-05-06 13:18:48;0.001
2026-05-06 13:19:03;0.001
2026-05-06 13:19:19;0.261
2026-05-06 13:19:34;0.001
2026-05-06 13:19:49;0.137
2026-05-06 13:20:05;0.001
2026-05-06 13:20:20;0.133
2026-05-06 13:20:35;0.119
2026-05-06 13:20:51;0.117
2026-05-06 13:21:06;0.116
2026-05-06 13:21:21;0.116
2026-05-06 13:21:36;0.117
2026-05-06 13:21:52;0.001
2026-05-06 13:22:07;0.169
2026-05-06 13:22:22;0.001
2026-05-06 13:23:11;0.174
2026-05-06 13:23:23;0.001
2026-05-06 13:23:38;0.001
2026-05-06 13:23:54;0.209
2026-05-06 13:24:09;0.001
2026-05-06 13:24:25;0.11
2026-05-06 13:24:40;0.106
2026-05-06 13:24:55;0.103
2026-05-06 13:25:10;0.101
2026-05-06 13:25:26;0.099
2026-05-06 13:25:43;0.098
2026-05-06 13:25:57;0.098
2026-05-06 13:26:12;0.099
2026-05-06 13:26:27;0.1
2026-05-06 13:26:42;0.099
2026-05-06 13:26:58;0.102
2026-05-06 13:27:13;0.103
2026-05-06 13:27:32;0.104
2026-05-06 13:27:43;0.105
2026-05-06 13:27:58;0.11
2026-05-06 13:28:14;0.114
2026-05-06 13:28:28;0.136
2026-05-06 13:28:43;0.134
2026-05-06 13:28:58;0.001
2026-05-06 13:29:15;0.147
2026-05-06 13:29:28;0.001
2026-05-06 13:29:45;0.15
2026-05-06 13:29:58;0.168
2026-05-06 13:30:16;0.183
2026-05-06 13:30:28;0.001
2026-05-06 13:30:43;0.281
2026-05-06 13:31:00;0.178
2026-05-06 13:31:13;0.001
2026-05-06 13:31:28;0.146
2026-05-06 13:31:43;0.001
2026-05-06 13:31:58;0.142
2026-05-06 13:32:13;0.001
2026-05-06 13:32:28;0.146
2026-05-06 13:32:43;0.001
2026-05-06 13:33:07;0.152
2026-05-06 13:33:16;0.154
2026-05-06 13:33:31;0.001
2026-05-06 13:33:43;0.148
2026-05-06 13:33:58;0.001
2026-05-06 13:34:14;0.14
2026-05-06 13:34:28;0.001
2026-05-06 13:34:43;0.146
2026-05-06 13:34:58;0.138
2026-05-06 13:35:13;0.001
2026-05-06 13:35:28;0.148
2026-05-06 13:35:45;0.001
2026-05-06 13:35:58;0.148
2026-05-06 13:36:13;0.157
2026-05-06 13:36:28;0.001
2026-05-06 13:36:43;0.001
2026-05-06 13:36:58;0.145
2026-05-06 13:37:13;0.001
2026-05-06 13:37:28;0.145
2026-05-06 13:37:43;0.154
2026-05-06 13:37:58;0.141
2026-05-06 13:38:13;0.153
2026-05-06 13:38:28;0.001
2026-05-06 13:38:43;0.155
2026-05-06 13:38:58;0.146
2026-05-06 13:39:16;0.16
2026-05-06 13:39:28;0.001
2026-05-06 13:39:43;0.16
2026-05-06 13:39:59;0.001
2026-05-06 13:40:14;0.15
2026-05-06 13:40:29;0.167
2026-05-06 13:40:46;0.001
2026-05-06 13:40:59;0.001
2026-05-06 13:41:15;0.001
2026-05-06 13:41:29;0.166
2026-05-06 13:41:44;0.174
2026-05-06 13:41:59;0.195
2026-05-06 13:42:14;0.001
2026-05-06 13:42:29;0.001
2026-05-06 13:42:44;0.148
2026-05-06 13:42:59;0.145
2026-05-06 13:43:14;0.139
2026-05-06 13:43:29;0.14
2026-05-06 13:43:44;0.126
2026-05-06 13:43:59;0.001
2026-05-06 13:44:14;0.124
2026-05-06 13:44:29;0.122
2026-05-06 13:44:44;0.12
2026-05-06 13:44:59;0.12
2026-05-06 13:45:14;0.12
2026-05-06 13:45:29;0.12
2026-05-06 13:45:44;0.12
2026-05-06 13:45:59;0.12
2026-05-06 13:46:14;0.12
2026-05-06 13:46:32;0.122
2026-05-06 13:46:44;0.001
2026-05-06 13:46:59;0.125
2026-05-06 13:47:17;0.122
2026-05-06 13:47:29;0.122
2026-05-06 13:47:46;0.121
2026-05-06 13:47:59;0.12
2026-05-06 13:48:14;0.119
2026-05-06 13:48:30;0.118
2026-05-06 13:48:45;0.117
2026-05-06 13:49:00;0.117
2026-05-06 13:49:25;0.12
2026-05-06 13:49:30;0.118
2026-05-06 13:49:45;0.124
2026-05-06 13:50:01;0.132
2026-05-06 13:50:17;0.127
2026-05-06 13:50:31;0.125
2026-05-06 13:50:46;0.124
2026-05-06 13:51:01;0.13
2026-05-06 13:51:16;0.163
2026-05-06 13:51:31;0.001
2026-05-06 13:51:46;0.162
2026-05-06 13:52:01;0.237
2026-05-06 13:52:16;0.002
2026-05-06 13:52:32;0.001
2026-05-06 13:52:46;0.001
2026-05-06 13:53:01;0.421
2026-05-06 13:53:16;0.453
2026-05-06 13:53:31;0.001
2026-05-06 13:53:46;0.001
2026-05-06 13:54:01;0.001
2026-05-06 13:54:16;0.001
2026-05-06 13:54:31;0.001
2026-05-06 13:54:46;0.001
2026-05-06 13:55:01;0.001
2026-05-06 13:55:16;0.001
2026-05-06 13:55:32;0.001
2026-05-06 13:55:48;0.001
2026-05-06 13:56:02;0.455
2026-05-06 13:56:16;0.448
2026-05-06 13:56:32;0.001
2026-05-06 13:56:47;0.001
2026-05-06 13:57:03;0.001
2026-05-06 13:57:18;0.386
2026-05-06 13:58:04;0.001
2026-05-06 13:58:19;0.001
2026-05-06 13:58:34;0.002
2026-05-06 13:58:49;0.001
2026-05-06 13:59:05;0.365
2026-05-06 13:59:20;0.001
2026-05-06 13:59:36;0.001
2026-05-06 13:59:51;0.357
2026-05-06 14:00:06;0.001
2026-05-06 14:00:21;0.001
2026-05-06 14:00:37;0.002
2026-05-06 14:00:52;0.422
2026-05-06 14:01:07;0.001
2026-05-06 14:01:25;0.001
2026-05-06 14:01:38;0.001
2026-05-06 14:01:53;0.202
2026-05-06 14:02:09;0.001
2026-05-06 14:02:24;0.001
2026-05-06 14:02:39;0.001
2026-05-06 14:02:54;0.001
2026-05-06 14:03:10;0.001
2026-05-06 14:03:25;0.359
2026-05-06 14:03:41;0.126
2026-05-06 14:03:56;0.117
2026-05-06 14:04:11;0.114
2026-05-06 14:04:26;0.111
2026-05-06 14:04:42;0.109
2026-05-06 14:04:57;0.108
2026-05-06 14:05:12;0.106
2026-05-06 14:05:27;0.106
2026-05-06 14:05:43;0.105
2026-05-06 14:05:58;0.105
2026-05-06 14:06:14;0.107
2026-05-06 14:06:29;0.11
2026-05-06 14:06:44;0.115
2026-05-06 14:06:59;0.121
2026-05-06 14:07:15;0.001
2026-05-06 14:07:30;0.001
2026-05-06 14:07:45;0.001
2026-05-06 14:08:00;0.432
2026-05-06 14:08:16;0.001
2026-05-06 14:08:31;0.001
2026-05-06 14:08:47;0.001
2026-05-06 14:09:02;0.001
2026-05-06 14:09:17;0.001
2026-05-06 14:09:32;0.001
2026-05-06 14:09:48;0.001
2026-05-06 14:10:03;0.001
2026-05-06 14:10:19;0.001
2026-05-06 14:10:34;0.001
2026-05-06 14:10:49;0.001
2026-05-06 14:11:04;0.001
2026-05-06 14:11:20;0.001
2026-05-06 14:11:35;0.001
2026-05-06 14:11:51;0.001
2026-05-06 14:12:06;0.001
2026-05-06 14:12:21;0.001
2026-05-06 14:12:36;0.001
2026-05-06 14:12:52;0.001
2026-05-06 14:13:07;0.401
2026-05-06 14:13:22;0.001
2026-05-06 14:13:37;0.001
2026-05-06 14:13:53;0.367
2026-05-06 14:14:08;0.001
2026-05-06 14:14:25;0.001
2026-05-06 14:14:39;0.192
2026-05-06 14:14:54;0.001
2026-05-06 14:15:09;0.286
2026-05-06 14:15:25;0.31
2026-05-06 14:15:40;0.001
2026-05-06 14:15:55;0.001
2026-05-06 14:16:13;0.001
2026-05-06 14:16:26;0.346
2026-05-06 14:16:41;0.312
2026-05-06 14:17:06;0.001
2026-05-06 14:17:12;0.001
2026-05-06 14:17:27;0.391
2026-05-06 14:17:42;0.001
2026-05-06 14:17:58;0.326
2026-05-06 14:18:13;0.001
2026-05-06 14:18:29;0.001
2026-05-06 14:18:44;0.001
2026-05-06 14:18:59;0.001
2026-05-06 14:19:14;0.001
2026-05-06 14:19:30;0.001
2026-05-06 14:19:45;0.001
2026-05-06 14:20:00;0.001
2026-05-06 14:20:15;0.001
2026-05-06 14:20:31;0.001
2026-05-06 14:20:46;0.397
2026-05-06 14:21:02;0.001
2026-05-06 14:21:17;0.394
2026-05-06 14:21:32;0.001
2026-05-06 14:21:47;0.001
2026-05-06 14:22:03;0.001
2026-05-06 14:22:20;0.001
2026-05-06 14:22:33;0.001
2026-05-06 14:22:52;0.001
2026-05-06 14:23:04;0.001
2026-05-06 14:23:19;0.328
2026-05-06 14:23:35;0.392
2026-05-06 14:23:50;0.001
2026-05-06 14:24:05;0.001
2026-05-06 14:24:20;0.001
2026-05-06 14:24:36;0.328
2026-05-06 14:24:57;0.001
2026-05-06 14:25:06;0.001
2026-05-06 14:25:21;0.37
2026-05-06 14:25:37;0.001
2026-05-06 14:25:52;0.001
2026-05-06 14:26:08;0.001
2026-05-06 14:26:22;0.001
2026-05-06 14:26:38;0.001
2026-05-06 14:26:54;0.001
2026-05-06 14:27:09;0.324
2026-05-06 14:27:24;0.001
2026-05-06 14:27:40;0.001
2026-05-06 14:27:55;0.001
2026-05-06 14:28:10;0.404
2026-05-06 14:28:25;0.001
2026-05-06 14:28:41;0.001
2026-05-06 14:28:56;0.001
2026-05-06 14:29:11;0.001
2026-05-06 14:29:28;0.297
2026-05-06 14:29:42;0.002
2026-05-06 14:29:57;0.001
2026-05-06 14:30:13;0.001
2026-05-06 14:30:29;0.001
2026-05-06 14:30:43;0.001
2026-05-06 14:31:00;0.001
2026-05-06 14:31:14;0.001
2026-05-06 14:31:29;0.001
2026-05-06 14:31:44;0.3
2026-05-06 14:31:59;0.001
2026-05-06 14:32:15;0.001
2026-05-06 14:32:30;0.001
2026-05-06 14:32:45;0.001
2026-05-06 14:33:00;0.275
2026-05-06 14:33:16;0.214
2026-05-06 14:33:31;0.172
2026-05-06 14:33:47;0.141
2026-05-06 14:34:01;0.136
2026-05-06 14:34:17;0.134
2026-05-06 14:34:32;0.132
2026-05-06 14:34:48;0.129
2026-05-06 14:35:03;0.127
2026-05-06 14:35:18;0.125
2026-05-06 14:35:33;0.124
2026-05-06 14:35:49;0.124
2026-05-06 14:36:04;0.124
2026-05-06 14:36:19;0.124
2026-05-06 14:36:34;0.124
2026-05-06 14:36:50;0.123
2026-05-06 14:37:05;0.124
2026-05-06 14:40:23;0.101
2026-05-06 14:40:39;0.101
2026-05-06 14:40:54;0.099
2026-05-06 14:41:52;0.088
2026-05-06 14:42:08;0.086
2026-05-06 14:42:23;0.084
2026-05-06 14:42:38;0.083
2026-05-06 14:42:53;0.081
2026-05-06 14:43:08;0.08
2026-05-06 14:43:23;0.078
2026-05-06 14:43:38;0.077
2026-05-06 14:43:53;0.075
2026-05-06 14:44:08;0.073
2026-05-06 14:44:23;0.072
2026-05-06 14:44:38;0.072
2026-05-06 14:44:53;0.071
2026-05-06 14:45:08;0.071
2026-05-06 14:45:23;0.07
2026-05-06 14:45:38;0.07
2026-05-06 14:45:53;0.07
2026-05-06 14:46:08;0.069
2026-05-06 14:46:23;0.069
2026-05-06 14:46:38;0.068
2026-05-06 14:46:53;0.068
2026-05-06 14:47:08;0.068
2026-05-06 14:47:23;0.067
2026-05-06 14:47:38;0.067
2026-05-06 14:47:53;0.067
2026-05-06 14:48:08;0.068
2026-05-06 14:48:23;0.069
2026-05-06 14:48:39;0.069
2026-05-06 14:48:53;0.069
2026-05-06 14:49:08;0.069
2026-05-06 14:49:23;0.071
2026-05-06 14:49:38;0.069
2026-05-06 14:49:53;0.07
2026-05-06 14:50:08;0.077
2026-05-06 14:50:23;0.085
2026-05-06 14:50:38;0.068
2026-05-06 14:50:53;0.067
2026-05-06 14:51:10;0.067
2026-05-06 14:51:24;0.076
2026-05-06 14:51:38;0.076
2026-05-06 14:51:54;0.071
2026-05-06 14:52:09;0.063
2026-05-06 14:52:24;0.061
2026-05-06 14:52:39;0.116
2026-05-06 14:52:54;0.001
2026-05-06 14:53:09;0.094
2026-05-06 14:53:24;0.059
2026-05-06 14:53:39;0.053
2026-05-06 14:53:56;0.051
2026-05-06 14:54:09;0.051
2026-05-06 14:54:24;0.05
2026-05-06 14:54:40;0.05
2026-05-06 14:54:56;0.051
2026-05-06 14:55:39;0.05
2026-05-06 14:55:54;0.049
2026-05-06 14:56:09;0.047
2026-05-06 14:56:24;0.046
2026-05-06 14:56:40;0.045
2026-05-06 14:56:54;0.045
2026-05-06 14:57:09;0.045
2026-05-06 14:57:24;0.044
2026-05-06 14:57:39;0.045
2026-05-06 14:57:54;0.044
2026-05-06 14:58:09;0.045
2026-05-06 14:58:24;0.045
2026-05-06 14:58:39;0.046
2026-05-06 14:58:54;0.046
2026-05-06 14:59:09;0.047
2026-05-06 14:59:24;0.048
2026-05-06 14:59:40;0.049
2026-05-06 14:59:55;0.049
2026-05-06 15:00:10;0.049
2026-05-06 15:00:25;0.049
2026-05-06 15:00:40;0.049
2026-05-06 15:00:55;0.049
2026-05-06 15:01:10;0.049
2026-05-06 15:01:25;0.05
2026-05-06 15:01:40;0.05
2026-05-06 15:01:55;0.05
2026-05-06 15:02:10;0.05
2026-05-06 15:02:27;0.05
2026-05-06 15:02:40;0.049
2026-05-06 15:02:55;0.049
2026-05-06 15:03:10;0.049
2026-05-06 15:03:26;0.05
2026-05-06 15:03:40;0.051
2026-05-06 15:03:55;0.051
2026-05-06 15:04:10;0.051
2026-05-06 15:04:25;0.051
2026-05-06 15:04:41;0.052
2026-05-06 15:04:56;0.054
2026-05-06 15:05:11;0.055
2026-05-06 15:05:26;0.056
2026-05-06 15:05:41;0.058
2026-05-06 15:05:56;0.06
2026-05-06 15:06:11;0.062
2026-05-06 15:06:26;0.063
2026-05-06 15:06:41;0.065
2026-05-06 15:06:56;0.066
2026-05-06 15:07:11;0.067
2026-05-06 15:07:26;0.069
2026-05-06 15:07:42;0.07
2026-05-06 15:07:56;0.071
2026-05-06 15:08:11;0.072
2026-05-06 15:08:27;0.073
2026-05-06 15:08:41;0.075
2026-05-06 15:08:56;0.077
2026-05-06 15:09:12;0.08
2026-05-06 15:09:27;0.083
2026-05-06 15:09:42;0.084
2026-05-06 15:09:57;0.086
2026-05-06 15:10:12;0.088
2026-05-06 15:10:27;0.09
2026-05-06 15:10:42;0.091
2026-05-06 15:10:58;0.092
2026-05-06 15:11:13;0.093
2026-05-06 15:11:28;0.095
2026-05-06 15:11:42;0.097
2026-05-06 15:11:57;0.099
2026-05-06 15:12:12;0.101
2026-05-06 15:12:27;0.104
2026-05-06 15:12:47;0.106
2026-05-06 15:12:57;0.108
2026-05-06 15:13:12;0.11
2026-05-06 15:13:27;0.112
2026-05-06 15:13:43;0.114
2026-05-06 15:13:58;0.116
2026-05-06 15:14:12;0.118
2026-05-06 15:14:27;0.12
2026-05-06 15:14:43;0.122
2026-05-06 15:15:00;0.124
2026-05-06 15:15:13;0.125
2026-05-06 15:15:28;0.001
2026-05-06 15:15:43;0.141
2026-05-06 15:15:58;0.001
2026-05-06 15:16:13;0.137
2026-05-06 15:16:28;0.145
2026-05-06 15:16:43;0.001
2026-05-06 15:16:58;0.139
2026-05-06 15:17:13;0.148
2026-05-06 15:17:28;0.161
2026-05-06 15:17:43;0.176
2026-05-06 15:17:58;0.001
2026-05-06 15:18:13;0.001
2026-05-06 15:18:28;0.001
2026-05-06 15:18:43;0.001
2026-05-06 15:18:59;0.001
2026-05-06 15:19:13;0.392
2026-05-06 15:19:44;0.001
2026-05-06 15:19:44;0.002
2026-05-06 15:19:59;0.001
2026-05-06 15:20:13;0.353
2026-05-06 15:21:24;0.338
2026-05-06 15:21:39;0.001
2026-05-06 15:21:55;0.38
2026-05-06 15:22:09;0.001
2026-05-06 15:22:24;0.001
2026-05-06 15:22:39;0.001
2026-05-06 15:22:54;0.002
2026-05-06 15:23:09;0.001
2026-05-06 15:23:24;0.001
2026-05-06 15:23:39;0.001
2026-05-06 15:23:54;0.001
2026-05-06 15:24:09;0.001
2026-05-06 15:24:24;0.001
2026-05-06 15:24:39;0.324
2026-05-06 15:24:54;0.002
2026-05-06 15:25:09;0.34
2026-05-06 15:25:24;0.001
2026-05-06 15:25:40;0.001
2026-05-06 15:25:54;0.001
2026-05-06 15:26:09;0.357
2026-05-06 15:26:24;0.345
2026-05-06 15:26:39;0.307
2026-05-06 15:26:54;0.001
2026-05-06 15:27:09;0.001
2026-05-06 15:27:24;0.001
2026-05-06 15:27:39;0.001
2026-05-06 15:27:54;0.001
2026-05-06 15:28:10;0.308
2026-05-06 15:28:24;0.001
2026-05-06 15:28:39;0.001
2026-05-06 15:28:55;0.001
2026-05-06 15:29:10;0.001
2026-05-06 15:29:26;0.001
2026-05-06 15:29:41;0.001
2026-05-06 15:29:56;0.001
2026-05-06 15:30:11;0.002
2026-05-06 15:30:27;0.275
2026-05-06 15:30:42;0.001
2026-05-06 15:30:58;0.296
2026-05-06 15:31:13;0.001
2026-05-06 15:31:28;0.168
2026-05-06 15:31:43;0.161
2026-05-06 15:31:59;0.15
2026-05-06 15:32:14;0.138
2026-05-06 15:32:30;0.129
2026-05-06 15:32:45;0.144
2026-05-06 15:33:00;0.001
2026-05-06 15:33:15;0.278
2026-05-06 15:33:31;0.001
2026-05-06 15:33:46;0.001
2026-05-06 15:34:02;0.264
2026-05-06 15:34:17;0.001
2026-05-06 15:34:32;0.001
2026-05-06 15:34:47;0.001
2026-05-06 15:35:03;0.001
2026-05-06 15:35:18;0.001
2026-05-06 15:35:34;0.001
2026-05-06 15:35:49;0.001
2026-05-06 15:36:04;0.001
2026-05-06 15:36:19;0.265
2026-05-06 15:36:35;0.001
2026-05-06 15:36:50;0.001
2026-05-06 15:37:06;0.001
2026-05-06 15:37:21;0.001
2026-05-06 15:37:36;0.001
2026-05-06 15:37:51;0.257
2026-05-06 15:38:07;0.001
2026-05-06 15:38:22;0.001
2026-05-06 15:38:38;0.001
2026-05-06 15:38:53;0.001
2026-05-06 15:39:08;0.266
2026-05-06 15:39:24;0.001
2026-05-06 15:39:38;0.278
2026-05-06 15:39:54;0.001
2026-05-06 15:40:09;0.001
2026-05-06 15:40:24;0.001
2026-05-06 15:40:39;0.244
2026-05-06 15:40:55;0.001
2026-05-06 15:41:10;0.11
2026-05-06 15:41:25;0.076
2026-05-06 15:41:40;0.071
2026-05-06 15:41:55;0.069
2026-05-06 15:42:10;0.068
2026-05-06 15:42:25;0.066
2026-05-06 15:42:40;0.064
2026-05-06 15:42:55;0.063
2026-05-06 15:43:10;0.062
2026-05-06 15:43:25;0.061
2026-05-06 15:43:40;0.06
2026-05-06 15:43:55;0.06
2026-05-06 15:44:10;0.06
2026-05-06 15:44:25;0.06
2026-05-06 15:44:40;0.06
2026-05-06 15:44:55;0.061
2026-05-06 15:45:10;0.06
2026-05-06 15:45:25;0.06
2026-05-06 15:45:40;0.059
2026-05-06 15:45:55;0.06
2026-05-06 15:46:10;0.061
2026-05-06 15:46:25;0.061
2026-05-06 15:46:40;0.061
2026-05-06 15:46:55;0.062
2026-05-06 15:47:10;0.061
2026-05-06 15:47:25;0.061
2026-05-06 15:47:40;0.061
2026-05-06 15:47:55;0.062
2026-05-06 15:48:10;0.062
2026-05-06 15:48:25;0.061
2026-05-06 15:48:40;0.06
2026-05-06 15:48:55;0.059
2026-05-06 15:49:10;0.057
2026-05-06 15:49:25;0.055
2026-05-06 15:49:40;0.054
2026-05-06 15:49:55;0.053
2026-05-06 15:50:10;0.052
2026-05-06 15:50:25;0.051
2026-05-06 15:50:40;0.05
2026-05-06 15:50:55;0.049
2026-05-06 15:51:11;0.047
2026-05-06 15:51:25;0.046
2026-05-06 15:51:40;0.044
2026-05-06 15:51:55;0.043
2026-05-06 15:52:10;0.041
2026-05-06 15:52:25;0.04
2026-05-06 15:52:41;0.039
2026-05-06 15:52:56;0.04
2026-05-06 15:53:11;0.039
2026-05-06 15:53:26;0.038
2026-05-06 15:53:41;0.039
2026-05-06 15:53:56;0.039
2026-05-06 15:54:11;0.038
2026-05-06 15:54:26;0.038
2026-05-06 15:54:41;0.039
2026-05-06 15:54:56;0.039
2026-05-06 15:55:11;0.04
2026-05-06 15:55:26;0.036
2026-05-06 15:55:41;0.035
2026-05-06 15:55:56;0.035
2026-05-06 15:56:11;0.035
2026-05-06 15:56:26;0.035
2026-05-06 15:56:41;0.035
2026-05-06 15:56:57;0.035
2026-05-06 15:57:12;0.034
2026-05-06 15:57:26;0.033
2026-05-06 15:57:41;0.032
2026-05-06 15:57:57;0.032
2026-05-06 15:58:12;0.032
2026-05-06 15:58:27;0.032
2026-05-06 15:58:42;0.032
2026-05-06 15:58:57;0.031
2026-05-06 15:59:12;0.03
2026-05-06 15:59:27;0.03
2026-05-06 15:59:42;0.03
2026-05-06 15:59:57;0.029
2026-05-06 16:00:12;0.028
2026-05-06 16:00:27;0.026
2026-05-07 08:45:40;0.001
2026-05-07 08:45:56;0.001
2026-05-07 08:46:11;0.001
2026-05-07 08:46:26;0.001
2026-05-07 08:46:41;0.001
2026-05-07 08:46:56;0.093
2026-05-07 08:47:11;0.001
2026-05-07 08:47:26;0.001
2026-05-07 08:47:41;0.001
2026-05-07 08:47:57;0.001
2026-05-07 08:48:12;0.104
2026-05-07 08:48:26;0.104
2026-05-07 08:48:42;0.001
2026-05-07 08:48:57;0.001
2026-05-07 08:49:12;0.001
2026-05-07 08:49:27;0.092
2026-05-07 08:49:42;0.097
2026-05-07 08:49:57;0.001
2026-05-07 08:50:12;0.001
2026-05-07 08:50:27;0.098
2026-05-07 08:50:42;0.001
2026-05-07 08:50:57;0.098
2026-05-07 08:51:12;0.001
2026-05-07 08:51:27;0.098
2026-05-07 08:51:43;0.001
2026-05-07 08:51:58;0.099
2026-05-07 08:52:13;0.001
2026-05-07 08:52:28;0.1
2026-05-07 08:52:44;0.002
2026-05-07 08:52:58;0.001
2026-05-07 08:53:14;0.098
2026-05-07 08:53:28;0.001
2026-05-07 08:53:43;0.1
2026-05-07 08:53:58;0.001
2026-05-07 08:54:13;0.001
2026-05-07 08:54:28;0.101
2026-05-07 08:54:43;0.001
2026-05-07 08:54:59;0.001
2026-05-07 08:55:14;0.102
2026-05-07 08:55:29;0.102
2026-05-07 08:55:44;0.001
2026-05-07 08:55:59;0.001
2026-05-07 08:56:14;0.109
2026-05-07 08:56:29;0.001
2026-05-07 08:56:44;0.001
2026-05-07 08:56:59;0.115
2026-05-07 08:57:14;0.001
2026-05-07 08:57:30;0.001
2026-05-07 08:57:47;0.113
2026-05-07 08:58:02;0.109
2026-05-07 08:58:14;0.001
2026-05-07 08:58:30;0.112
2026-05-07 08:58:45;0.108
2026-05-07 08:59:00;0.001
2026-05-07 08:59:15;0.001
2026-05-07 08:59:30;0.001
2026-05-07 08:59:45;0.112
2026-05-07 09:00:00;0.001
2026-05-07 09:00:15;0.001
2026-05-07 09:00:30;0.001
2026-05-07 09:00:45;0.114
2026-05-07 09:01:00;0.113
2026-05-07 09:01:15;0.001
2026-05-07 09:01:31;0.001
2026-05-07 09:01:45;0.001
2026-05-07 09:02:01;0.12
2026-05-07 09:02:16;0.001
2026-05-07 09:02:31;0.001
2026-05-07 09:02:47;0.128
2026-05-07 09:03:01;0.001
2026-05-07 09:03:16;0.144
2026-05-07 09:03:31;0.001
2026-05-07 09:03:47;0.001
2026-05-07 09:04:02;0.151
2026-05-07 09:04:17;0.132
2026-05-07 09:04:31;0.001
2026-05-07 09:04:46;0.142
2026-05-07 09:05:01;0.001
2026-05-07 09:05:16;0.147
2026-05-07 09:05:32;0.002
2026-05-07 09:05:47;0.158
2026-05-07 09:06:02;0.001
2026-05-07 09:06:17;0.154
2026-05-07 09:06:32;0.001
2026-05-07 09:06:47;0.001
2026-05-07 09:07:02;0.001
2026-05-07 09:07:17;0.001
2026-05-07 09:07:32;0.001
2026-05-07 09:07:47;0.001
2026-05-07 09:08:03;0.001
2026-05-07 09:08:22;0.001
2026-05-07 09:08:34;0.001
2026-05-07 09:08:47;0.157
2026-05-07 09:09:03;0.001
2026-05-07 09:09:18;0.001
2026-05-07 09:09:33;0.147
2026-05-07 09:09:48;0.001
2026-05-07 09:10:03;0.001
2026-05-07 09:10:18;0.001
2026-05-07 09:10:33;0.001
2026-05-07 09:10:50;0.1
2026-05-07 09:11:03;0.104
2026-05-07 09:11:18;0.001
2026-05-07 09:11:33;0.001
2026-05-07 09:11:49;0.109
2026-05-07 09:12:03;0.001
2026-05-07 09:12:18;0.001
2026-05-07 09:12:34;0.001
2026-05-07 09:12:49;0.001
2026-05-07 09:13:04;0.001
2026-05-07 09:13:19;0.171
2026-05-07 09:13:34;0.133
2026-05-07 09:13:49;0.127
2026-05-07 09:14:04;0.123
2026-05-07 09:14:19;0.001
2026-05-07 09:14:34;0.001
2026-05-07 09:14:49;0.101
2026-05-07 09:15:04;0.001
2026-05-07 09:15:19;0.001
2026-05-07 09:15:34;0.103
2026-05-07 09:15:49;0.001
2026-05-07 09:16:05;0.106
2026-05-07 09:16:20;0.001
2026-05-07 09:16:36;0.109
2026-05-07 09:16:50;0.001
2026-05-07 09:17:05;0.214
2026-05-07 09:17:20;0.001
2026-05-07 09:17:35;0.001
2026-05-07 09:17:50;0.232
2026-05-07 09:18:06;0.001
2026-05-07 09:18:23;0.001
2026-05-07 09:18:36;0.241
2026-05-07 09:18:50;0.001
2026-05-07 09:19:05;0.001
2026-05-07 09:19:20;0.266
2026-05-07 09:19:35;0.001
2026-05-07 09:19:50;0.001
2026-05-07 09:20:06;0.001
2026-05-07 09:20:21;0.001
2026-05-07 09:20:36;0.001
2026-05-07 09:20:51;0.001
2026-05-07 09:21:06;0.001
2026-05-07 09:21:21;0.196
2026-05-07 09:21:36;0.001
2026-05-07 09:21:51;0.001
2026-05-07 09:22:06;0.001
2026-05-07 09:22:21;0.001
2026-05-07 09:22:36;0.257
2026-05-07 09:22:51;0.001
2026-05-07 09:23:06;0.001
2026-05-07 09:23:21;0.001
2026-05-07 09:23:36;0.001
2026-05-07 09:23:51;0.001
2026-05-07 09:24:06;0.283
2026-05-07 09:24:21;0.001
2026-05-07 09:24:36;0.263
2026-05-07 09:24:51;0.001
2026-05-07 09:25:07;0.283
2026-05-07 09:25:22;0.001
2026-05-07 09:25:37;0.001
2026-05-07 09:26:27;0.001
2026-05-07 09:26:33;0.094
2026-05-07 09:26:48;0.001
2026-05-07 09:27:03;0.001
2026-05-07 09:27:18;0.001
2026-05-07 09:27:33;0.001
2026-05-07 09:27:48;0.001
2026-05-07 09:28:03;0.001
2026-05-07 09:28:18;0.001
2026-05-07 09:28:33;0.001
2026-05-07 09:28:48;0.001
2026-05-07 09:29:03;0.001
2026-05-07 09:29:18;0.001
2026-05-07 09:29:33;0.001
2026-05-07 09:29:48;0.001
2026-05-07 09:30:03;0.001
2026-05-07 09:30:18;0.001
2026-05-07 09:30:33;0.001
2026-05-07 09:30:48;0.001
2026-05-07 09:31:04;0.001
2026-05-07 09:31:19;0.001
2026-05-07 09:31:34;0.001
2026-05-07 09:31:49;0.001
2026-05-07 09:32:04;0.001
2026-05-07 09:32:19;0.001
2026-05-07 09:32:34;0.38
2026-05-07 09:32:49;0.001
2026-05-07 09:33:04;0.001
2026-05-07 09:33:19;0.001
2026-05-07 09:33:34;0.001
2026-05-07 09:33:49;0.001
2026-05-07 09:34:04;0.146
2026-05-07 09:34:19;0.162
2026-05-07 09:34:34;0.16
2026-05-07 09:34:49;0.001
2026-05-07 09:35:04;0.105
2026-05-07 09:35:19;0.001
2026-05-07 09:35:34;0.001
2026-05-07 09:35:49;0.114
2026-05-07 09:36:04;0.001
2026-05-07 09:36:19;0.001
2026-05-07 09:36:35;0.001
2026-05-07 09:36:50;0.001
2026-05-07 09:37:05;0.001
2026-05-07 09:37:20;0.001
2026-05-07 09:37:35;0.001
2026-05-07 09:37:50;0.001
2026-05-07 09:38:05;0.001
2026-05-07 09:38:20;0.001
2026-05-07 09:38:35;0.001
2026-05-07 09:38:50;0.001
2026-05-07 09:39:05;0.001
2026-05-07 09:39:20;0.001
2026-05-07 09:39:35;0.001
2026-05-07 09:39:50;0.001
2026-05-07 09:40:05;0.386
2026-05-07 09:40:20;0.286
2026-05-07 09:40:35;0.001
2026-05-07 09:40:50;0.001
2026-05-07 09:41:05;0.001
2026-05-07 09:41:20;0.001
2026-05-07 09:41:35;0.323
2026-05-07 09:41:50;0.165
2026-05-07 09:42:07;0.001
2026-05-07 09:42:21;0.001
2026-05-07 09:42:35;0.001
2026-05-07 09:42:50;0.001
2026-05-07 09:43:06;0.001
2026-05-07 09:43:20;0.001
2026-05-07 09:43:35;0.001
2026-05-07 09:43:50;0.001
2026-05-07 09:44:06;0.315
2026-05-07 09:44:21;0.001
2026-05-07 09:44:36;0.001
2026-05-07 09:45:25;0.001
2026-05-07 09:45:41;0.001
2026-05-07 09:45:43;0.001
2026-05-07 09:45:58;0.329
2026-05-07 09:46:14;0.253
2026-05-07 09:46:28;0.001
2026-05-07 09:46:44;0.001
2026-05-07 09:46:59;0.272
2026-05-07 09:47:15;0.322
2026-05-07 09:47:30;0.154
2026-05-07 09:47:45;0.236
2026-05-07 09:48:00;0.001
2026-05-07 09:48:16;0.001
2026-05-07 09:48:31;0.001
2026-05-07 09:48:46;0.001
2026-05-07 09:49:01;0.001
2026-05-07 09:49:17;0.001
2026-05-07 09:49:32;0.001
2026-05-07 09:49:48;0.001
2026-05-07 09:50:03;0.001
2026-05-07 09:50:18;0.146
2026-05-07 09:50:33;0.001
2026-05-07 09:50:49;0.001
2026-05-07 09:51:04;0.137
2026-05-07 09:51:20;0.001
2026-05-07 09:51:35;0.001
2026-05-07 09:51:51;0.001
2026-05-07 09:52:06;0.001
2026-05-07 09:52:21;0.128
2026-05-07 09:52:36;0.001
2026-05-07 09:52:52;0.139
2026-05-07 09:53:07;0.001
2026-05-07 09:53:22;0.001
2026-05-07 09:53:37;0.001
2026-05-07 09:53:53;0.149
2026-05-07 09:54:09;0.001
2026-05-07 09:54:24;0.001
2026-05-07 09:54:39;0.145
2026-05-07 09:54:54;0.001
2026-05-07 09:55:10;0.14
2026-05-07 09:55:25;0.001
2026-05-07 09:55:40;0.001
2026-05-07 09:55:55;0.001
2026-05-07 09:56:11;0.001
2026-05-07 09:56:26;0.001
2026-05-07 09:56:41;0.12
2026-05-07 09:56:56;0.105
2026-05-07 09:57:11;0.101
2026-05-07 09:57:27;0.1
2026-05-07 09:57:42;0.094
2026-05-07 09:57:57;0.001
2026-05-07 09:58:12;0.001
2026-05-07 09:58:27;0.001
2026-05-07 09:58:43;0.001
2026-05-07 09:59:00;0.001
2026-05-07 09:59:12;0.001
2026-05-07 09:59:27;0.001
2026-05-07 09:59:42;0.001
2026-05-07 09:59:57;0.001
2026-05-07 10:00:12;0.001
2026-05-07 10:00:27;0.001
2026-05-07 10:00:42;0.001
2026-05-07 10:00:57;0.001
2026-05-07 10:01:12;0.001
2026-05-07 10:01:27;0.001
2026-05-07 10:01:42;0.001
2026-05-07 10:01:57;0.001
2026-05-07 10:02:13;0.001
2026-05-07 10:02:28;0.001
2026-05-07 10:02:43;0.001
2026-05-07 10:02:58;0.106
2026-05-07 10:03:15;0.001
2026-05-07 10:03:30;0.001
2026-05-07 10:03:46;0.001
2026-05-07 10:03:59;0.001
2026-05-07 10:04:15;0.128
2026-05-07 10:04:30;0.001
2026-05-07 10:04:45;0.126
2026-05-07 10:05:01;0.001
2026-05-07 10:05:16;0.14
2026-05-07 10:05:31;0.001
2026-05-07 10:05:46;0.139
2026-05-07 10:06:01;0.001
2026-05-07 10:06:16;0.001
2026-05-07 10:06:31;0.136
2026-05-07 10:06:46;0.001
2026-05-07 10:07:01;0.001
2026-05-07 10:07:16;0.142
2026-05-07 10:07:31;0.001
2026-05-07 10:07:46;0.001
2026-05-07 10:08:01;0.001
2026-05-07 10:08:16;0.001
2026-05-07 10:08:31;0.001
2026-05-07 10:08:46;0.001
2026-05-07 10:09:01;0.001
2026-05-07 10:09:16;0.282
2026-05-07 10:09:31;0.001
2026-05-07 10:09:46;0.001
2026-05-07 10:10:01;0.325
2026-05-07 10:10:16;0.001
2026-05-07 10:10:31;0.001
2026-05-07 10:10:46;0.001
2026-05-07 10:11:01;0.001
2026-05-07 10:11:16;0.339
2026-05-07 10:11:31;0.39
2026-05-07 10:11:46;0.001
2026-05-07 10:12:01;0.001
2026-05-07 10:12:16;0.001
2026-05-07 10:12:32;0.001
2026-05-07 10:12:47;0.001
2026-05-07 10:13:02;0.001
2026-05-07 10:13:17;0.001
2026-05-07 10:13:33;0.001
2026-05-07 10:13:47;0.323
2026-05-07 10:14:03;0.001
2026-05-07 10:14:18;0.001
2026-05-07 10:14:34;0.001
2026-05-07 10:14:49;0.001
2026-05-07 10:15:04;0.001
2026-05-07 10:15:19;0.001
2026-05-07 10:15:35;0.001
2026-05-07 10:15:50;0.001
2026-05-07 10:16:05;0.001
2026-05-07 10:16:22;0.001
2026-05-07 10:16:36;0.245
2026-05-07 10:16:51;0.001
2026-05-07 10:17:07;0.001
2026-05-07 10:17:23;0.001
2026-05-07 10:17:37;0.001
2026-05-07 10:17:53;0.001
2026-05-07 10:18:10;0.001
2026-05-07 10:18:23;0.001
2026-05-07 10:18:38;0.001
2026-05-07 10:18:53;0.001
2026-05-07 10:19:09;0.001
2026-05-07 10:19:24;0.001
2026-05-07 10:19:43;0.001
2026-05-07 10:19:56;0.001
2026-05-07 10:20:10;0.001
2026-05-07 10:20:25;0.001
2026-05-07 10:20:44;0.001
2026-05-07 10:20:56;0.001
2026-05-07 10:21:12;0.001
2026-05-07 10:21:26;0.001
2026-05-07 10:21:42;0.001
2026-05-07 10:21:57;0.001
2026-05-07 10:22:13;0.001
2026-05-07 10:22:28;0.001
2026-05-07 10:22:43;0.001
2026-05-07 10:22:59;0.001
2026-05-07 10:23:15;0.001
2026-05-07 10:23:29;0.001
2026-05-07 10:23:45;0.001
2026-05-07 10:23:59;0.001
2026-05-07 10:24:15;0.001
2026-05-07 10:24:30;0.001
2026-05-07 10:24:46;0.001
2026-05-07 10:25:01;0.001
2026-05-07 10:25:16;0.001
2026-05-07 10:25:31;0.001
2026-05-07 10:25:48;0.001
2026-05-07 10:26:02;0.382
2026-05-07 10:26:18;0.001
2026-05-07 10:26:32;0.001
2026-05-07 10:26:48;0.001
2026-05-07 10:27:03;0.001
2026-05-07 10:27:18;0.303
2026-05-07 10:27:33;0.001
2026-05-07 10:27:49;0.001
2026-05-07 10:28:04;0.001
2026-05-07 10:28:20;0.001
2026-05-07 10:28:35;0.001
2026-05-07 10:28:50;0.417
2026-05-07 10:29:05;0.001
2026-05-07 10:29:21;0.001
2026-05-07 10:29:36;0.001
2026-05-07 10:29:51;0.001
2026-05-07 10:30:06;0.001
2026-05-07 10:30:22;0.276
2026-05-07 10:30:37;0.001
2026-05-07 10:30:52;0.001
2026-05-07 10:31:07;0.001
2026-05-07 10:31:23;0.001
2026-05-07 10:31:39;0.001
2026-05-07 10:31:53;0.219
2026-05-07 10:32:08;0.271
2026-05-07 10:32:24;0.001
2026-05-07 10:32:39;0.001
2026-05-07 10:32:55;0.001
2026-05-07 10:33:09;0.14
2026-05-07 10:33:25;0.001
2026-05-07 10:33:40;0.001
2026-05-07 10:33:56;0.001
2026-05-07 10:34:11;0.001
2026-05-07 10:34:26;0.172
2026-05-07 10:34:41;0.001
2026-05-07 10:34:57;0.001
2026-05-07 10:35:12;0.001
2026-05-07 10:35:27;0.001
2026-05-07 10:35:42;0.001
2026-05-07 10:35:58;0.001
2026-05-07 10:36:13;0.001
2026-05-07 10:36:28;0.001
2026-05-07 10:36:44;0.154
2026-05-07 10:36:59;0.001
2026-05-07 10:37:14;0.001
2026-05-07 10:37:30;0.001
2026-05-07 10:37:45;0.366
2026-05-07 10:38:00;0.378
2026-05-07 10:38:15;0.001
2026-05-07 10:38:31;0.001
2026-05-07 10:38:46;0.001
2026-05-07 10:39:01;0.001
2026-05-07 10:39:17;0.396
2026-05-07 10:39:32;0.001
2026-05-07 10:39:47;0.001
2026-05-07 10:40:03;0.001
2026-05-07 10:40:18;0.001
2026-05-07 10:40:33;0.001
2026-05-07 10:40:48;0.001
2026-05-07 10:41:04;0.139
2026-05-07 10:41:19;0.132
2026-05-07 10:41:34;0.137
2026-05-07 10:41:49;0.13
2026-05-07 10:42:05;0.001
2026-05-07 10:42:20;0.001
2026-05-07 10:42:36;0.167
2026-05-07 10:42:51;0.001
2026-05-07 10:43:06;0.181
2026-05-07 10:43:21;0.001
2026-05-07 10:43:37;0.001
2026-05-07 10:43:52;0.001
2026-05-07 10:44:07;0.001
2026-05-07 10:44:23;0.001
2026-05-07 10:44:38;0.001
2026-05-07 10:44:53;0.001
2026-05-07 10:45:09;0.001
2026-05-07 10:45:24;0.001
2026-05-07 10:45:41;0.001
2026-05-07 10:45:54;0.263
2026-05-07 10:46:10;0.001
2026-05-07 10:46:25;0.001
2026-05-07 10:46:41;0.001
2026-05-07 10:46:56;0.266
2026-05-07 10:47:11;0.001
2026-05-07 10:47:26;0.001
2026-05-07 10:47:42;0.001
2026-05-07 10:47:57;0.001
2026-05-07 10:48:13;0.001
2026-05-07 10:48:28;0.261
2026-05-07 10:48:43;0.001
2026-05-07 10:48:58;0.001
2026-05-07 10:49:14;0.001
2026-05-07 10:49:29;0.001
2026-05-07 10:49:45;0.001
2026-05-07 10:50:00;0.001
2026-05-07 10:50:15;0.001
2026-05-07 10:50:30;0.001
2026-05-07 10:50:46;0.001
2026-05-07 10:51:01;0.253
2026-05-07 10:51:17;0.221
2026-05-07 10:51:32;0.001
2026-05-07 10:51:47;0.001
2026-05-07 10:52:02;0.001
2026-05-07 10:52:17;0.001
2026-05-07 10:52:32;0.001
2026-05-07 10:52:47;0.001
2026-05-07 10:53:02;0.001
2026-05-07 10:53:18;0.001
2026-05-07 10:53:32;0.112
2026-05-07 10:53:47;0.127
2026-05-07 10:54:02;0.001
2026-05-07 10:54:17;0.001
2026-05-07 10:54:32;0.001
2026-05-07 10:54:47;0.001
2026-05-07 10:55:02;0.001
2026-05-07 10:55:17;0.001
2026-05-07 10:55:32;0.001
2026-05-07 10:55:47;0.001
2026-05-07 10:56:02;0.001
2026-05-07 10:56:17;0.001
2026-05-07 10:56:32;0.001
2026-05-07 10:56:48;0.001
2026-05-07 10:57:03;0.32
2026-05-07 10:57:19;0.001
2026-05-07 10:57:34;0.001
2026-05-07 10:57:49;0.0
2026-05-07 10:58:04;0.0
2026-05-07 10:58:20;0.0
2026-05-07 10:58:35;0.0
2026-05-07 10:58:51;0.0
2026-05-07 10:59:06;0.0
2026-05-07 10:59:21;0.0
2026-05-07 10:59:36;0.0
2026-05-07 10:59:52;0.0
2026-05-07 11:00:07;0.0
2026-05-07 11:00:23;0.0
2026-05-07 11:00:38;0.0
2026-05-07 11:00:53;0.0
2026-05-07 11:01:08;0.0
2026-05-07 11:01:24;0.0
2026-05-07 11:01:39;0.0
2026-05-07 11:01:54;0.0
2026-05-07 11:02:10;0.0
2026-05-07 11:02:25;0.0
2026-05-07 11:02:40;0.0
2026-05-07 11:02:56;0.0
2026-05-07 11:03:11;0.0
2026-05-07 11:03:26;0.0
2026-05-07 11:03:41;0.0
2026-05-07 11:03:57;0.0
2026-05-07 11:04:12;0.0
2026-05-07 11:04:28;0.0
2026-05-07 11:04:43;0.0
2026-05-07 11:04:58;0.0
2026-05-07 11:05:13;0.0
2026-05-07 11:05:29;0.0
2026-05-07 11:05:44;0.0
2026-05-07 11:06:00;0.0
2026-05-07 11:06:15;0.274
2026-05-07 11:06:30;0.0
2026-05-07 11:06:45;0.001
2026-05-07 11:07:01;0.001
2026-05-07 11:07:16;0.001
2026-05-07 11:07:32;0.289
2026-05-07 11:07:47;0.001
2026-05-07 11:08:02;0.001
2026-05-07 11:08:18;0.001
2026-05-07 11:08:33;0.001
2026-05-07 11:08:48;0.001
2026-05-07 11:09:04;0.001
2026-05-07 11:09:19;0.001
2026-05-07 11:09:34;0.001
2026-05-07 11:09:49;0.001
2026-05-07 11:10:05;0.001
2026-05-07 11:10:20;0.001
2026-05-07 11:10:35;0.001
2026-05-07 11:10:51;0.001
2026-05-07 11:11:06;0.001
2026-05-07 11:11:21;0.001
2026-05-07 11:11:37;0.001
2026-05-07 11:11:52;0.001
2026-05-07 11:12:07;0.001
2026-05-07 11:12:22;0.303
2026-05-07 11:12:38;0.0
2026-05-07 11:12:53;0.0
2026-05-07 11:13:09;0.289
2026-05-07 11:13:24;0.0
2026-05-07 11:13:39;0.0
2026-05-07 11:13:54;0.211
2026-05-07 11:14:10;0.001
2026-05-07 11:14:25;0.265
2026-05-07 11:14:41;0.001
2026-05-07 11:14:56;0.001
2026-05-07 11:15:11;0.001
2026-05-07 11:15:26;0.001
2026-05-07 11:15:42;0.001
2026-05-07 11:15:57;0.001
2026-05-07 11:16:13;0.001
2026-05-07 11:16:28;0.299
2026-05-07 11:16:43;0.001
2026-05-07 11:16:58;0.296
2026-05-07 11:17:14;0.001
2026-05-07 11:17:29;0.001
2026-05-07 11:17:45;0.001
2026-05-07 11:18:00;0.001
2026-05-07 11:18:16;0.001
2026-05-07 11:18:30;0.256
2026-05-07 11:18:46;0.001
2026-05-07 11:19:01;0.001
2026-05-07 11:19:17;0.001
2026-05-07 11:19:32;0.001
2026-05-07 11:19:47;0.001
2026-05-07 11:20:02;0.298
2026-05-07 11:20:18;0.001
2026-05-07 11:20:33;0.001
2026-05-07 11:20:48;0.001
2026-05-07 11:21:03;0.001
2026-05-07 11:21:22;0.264
2026-05-07 11:21:34;0.258
2026-05-07 11:21:50;0.001
2026-05-07 11:22:05;0.001
2026-05-07 11:22:20;0.001
2026-05-07 11:22:35;0.199
2026-05-07 11:22:51;0.198
2026-05-07 11:23:06;0.181
2026-05-07 11:23:22;0.001
2026-05-07 11:23:37;0.001
2026-05-07 11:23:52;0.001
2026-05-07 11:24:07;0.001
2026-05-07 11:24:22;0.231
2026-05-07 11:24:37;0.001
2026-05-07 11:24:52;0.001
2026-05-07 11:25:07;0.001
2026-05-07 11:25:22;0.001
2026-05-07 11:25:37;0.001
2026-05-07 11:25:52;0.001
2026-05-07 11:30:59;0.305
2026-05-07 11:31:14;0.371
2026-05-07 11:31:29;0.001
2026-05-07 11:32:02;0.001
2026-05-07 11:32:18;0.001
2026-05-07 11:32:34;0.001
2026-05-07 11:32:49;0.001
2026-05-07 11:33:04;0.001
2026-05-07 11:33:19;0.001
2026-05-07 11:33:35;0.001
2026-05-07 11:33:50;0.001
2026-05-07 11:34:05;0.001
2026-05-07 11:34:20;0.001
2026-05-07 11:34:36;0.001
2026-05-07 11:34:51;0.001
2026-05-07 11:35:06;0.001
2026-05-07 11:35:21;0.001
2026-05-07 11:35:37;0.001
2026-05-07 11:35:52;0.001
2026-05-07 11:36:07;0.372
2026-05-07 11:36:22;0.001
2026-05-07 11:36:38;0.001
2026-05-07 11:36:53;0.001
2026-05-07 11:37:08;0.001
2026-05-07 11:37:23;0.001
2026-05-07 11:37:39;0.001
2026-05-07 11:37:54;0.001
2026-05-07 11:38:09;0.001
2026-05-07 11:38:24;0.001
2026-05-07 11:38:42;0.001
2026-05-07 11:38:56;0.001
2026-05-07 11:39:11;0.001
2026-05-07 11:39:27;0.001
2026-05-07 11:39:42;0.001
2026-05-07 11:39:58;0.001
2026-05-07 11:40:13;0.001
2026-05-07 11:40:29;0.001
2026-05-07 11:40:45;0.001
2026-05-07 11:41:01;0.001
2026-05-07 11:41:16;0.001
2026-05-07 11:41:32;0.001
2026-05-07 11:41:47;0.001
2026-05-07 11:42:03;0.409
2026-05-07 11:42:18;0.001
2026-05-07 11:42:34;0.418
2026-05-07 11:42:49;0.001
2026-05-07 11:43:05;0.001
2026-05-07 11:43:21;0.001
2026-05-07 11:43:36;0.001
2026-05-07 11:43:52;0.001
2026-05-07 11:44:08;0.001
2026-05-07 11:44:23;0.322
2026-05-07 11:44:39;0.001
2026-05-07 11:44:54;0.429
2026-05-07 11:45:25;0.001
2026-05-07 11:45:40;0.001
2026-05-07 11:45:56;0.001
2026-05-07 11:46:11;0.409
2026-05-07 11:46:27;0.001
2026-05-07 11:46:42;0.001
2026-05-07 11:46:58;0.001
2026-05-07 11:47:13;0.001
2026-05-07 11:47:29;0.001
2026-05-07 11:47:45;0.001
2026-05-07 11:48:00;0.001
2026-05-07 11:48:16;0.001
2026-05-07 11:48:32;0.001
2026-05-07 11:48:47;0.001
2026-05-07 11:49:03;0.001
2026-05-07 11:49:19;0.001
2026-05-07 11:49:34;0.001
2026-05-07 11:49:50;0.001
2026-05-07 11:50:05;0.001
2026-05-07 11:50:21;0.001
2026-05-07 11:50:36;0.001
2026-05-07 11:59:51;0.001
2026-05-07 12:00:07;0.001
2026-05-07 12:00:22;0.426
2026-05-07 12:00:38;0.001
2026-05-07 12:00:55;0.001
2026-05-07 12:01:09;0.001
2026-05-07 12:01:25;0.001
2026-05-07 12:01:40;0.001
2026-05-07 12:01:57;0.001
2026-05-07 12:02:11;0.001
2026-05-07 12:02:27;0.001
2026-05-07 12:02:43;0.001
2026-05-07 12:02:58;0.001
2026-05-07 12:03:14;0.001
2026-05-07 12:03:29;0.001
2026-05-07 12:03:45;0.001
2026-05-07 12:04:00;0.001
2026-05-07 12:04:16;0.001
2026-05-07 12:04:31;0.001
2026-05-07 12:04:47;0.001
2026-05-07 12:05:03;0.001
2026-05-07 12:05:18;0.001
2026-05-07 12:05:34;0.001
2026-05-07 12:05:49;0.001
2026-05-07 12:06:05;0.001
2026-05-07 12:06:20;0.001
2026-05-07 12:06:36;0.001
2026-05-07 12:06:51;0.299
2026-05-07 12:07:07;0.001
2026-05-07 12:07:22;0.001
2026-05-07 12:07:38;0.001
2026-05-07 12:07:53;0.001
2026-05-07 12:08:09;0.001
2026-05-07 12:08:25;0.001
2026-05-07 12:08:40;0.001
2026-05-07 12:08:56;0.001
2026-05-07 12:09:11;0.001
2026-05-07 12:09:27;0.001
2026-05-07 12:09:42;0.001
2026-05-07 12:09:59;0.001
2026-05-07 12:10:13;0.347
2026-05-07 12:10:29;0.001
2026-05-07 12:10:47;0.001
2026-05-07 12:11:00;0.001
2026-05-07 12:11:16;0.001
2026-05-07 12:11:31;0.001
2026-05-07 12:11:47;0.001
2026-05-07 12:12:02;0.001
2026-05-07 12:12:18;0.001
2026-05-07 12:12:48;0.001
2026-05-07 12:13:10;0.001
2026-05-07 12:13:25;0.001
2026-05-07 12:13:41;0.441
2026-05-07 12:14:07;0.001
2026-05-07 12:14:12;0.001
2026-05-07 12:14:28;0.001
2026-05-07 12:14:44;0.001
2026-05-07 12:14:59;0.001
2026-05-07 12:15:15;0.001
2026-05-07 12:15:30;0.001
2026-05-07 12:15:46;0.001
2026-05-07 12:16:01;0.001
2026-05-07 12:16:17;0.001
2026-05-07 12:16:32;0.001
2026-05-07 12:16:48;0.001
2026-05-07 12:17:05;0.001
2026-05-07 12:17:19;0.001
2026-05-07 12:17:35;0.001
2026-05-07 12:17:50;0.001
2026-05-07 12:18:06;0.001
2026-05-07 12:18:21;0.319
2026-05-07 12:18:37;0.001
2026-05-07 12:18:52;0.001
2026-05-07 12:19:08;0.001
2026-05-07 12:19:23;0.078
2026-05-07 12:19:39;0.076
2026-05-07 12:19:55;0.001
2026-05-07 12:20:10;0.001
2026-05-07 12:20:26;0.001
2026-05-07 12:20:41;0.001
2026-05-07 12:20:57;0.001
2026-05-07 12:21:12;0.001
2026-05-07 12:21:28;0.001
2026-05-07 12:21:43;0.368
2026-05-07 12:21:59;0.001
2026-05-07 12:22:14;0.001
2026-05-07 12:22:30;0.001
2026-05-07 12:22:45;0.44
2026-05-07 12:23:01;0.001
2026-05-07 12:23:17;0.001
2026-05-07 12:23:32;0.001
2026-05-07 12:23:48;0.375
2026-05-07 12:24:04;0.001
2026-05-07 12:24:19;0.001
2026-05-07 12:24:35;0.001
2026-05-07 12:24:50;0.001
2026-05-07 12:25:05;0.001
2026-05-07 12:25:21;0.001
2026-05-07 12:25:37;0.001
2026-05-07 12:25:52;0.001
2026-05-07 12:26:08;0.001
2026-05-07 12:26:23;0.001
2026-05-07 12:26:39;0.001
2026-05-07 12:26:54;0.001
2026-05-07 12:27:10;0.001
2026-05-07 12:27:27;0.001
2026-05-07 12:27:41;0.001
2026-05-07 12:27:56;0.001
2026-05-07 12:28:12;0.001
2026-05-07 12:28:28;0.001
2026-05-07 12:28:43;0.001
2026-05-07 12:28:59;0.001
2026-05-07 12:29:14;0.001
2026-05-07 12:29:30;0.001
2026-05-07 12:29:45;0.001
2026-05-07 12:30:01;0.001
2026-05-07 12:30:16;0.354
2026-05-07 12:30:32;0.001
2026-05-07 12:30:48;0.001
2026-05-07 12:31:03;0.001
2026-05-07 12:31:19;0.433
2026-05-07 12:31:34;0.001
2026-05-07 12:31:50;0.001
2026-05-07 12:32:05;0.001
2026-05-07 12:32:21;0.001
2026-05-07 12:32:36;0.001
2026-05-07 12:32:52;0.001
2026-05-07 12:33:07;0.001
2026-05-07 12:33:23;0.001
2026-05-07 12:33:39;0.001
2026-05-07 12:33:54;0.001
2026-05-07 12:34:12;0.001
2026-05-07 12:34:25;0.001
2026-05-07 12:34:41;0.001
2026-05-07 12:34:56;0.001
2026-05-07 12:35:12;0.001
2026-05-07 12:35:27;0.001
2026-05-07 12:35:43;0.365
2026-05-07 12:35:58;0.001
2026-05-07 12:36:15;0.001
2026-05-07 12:36:30;0.001
2026-05-07 12:36:46;0.398
2026-05-07 12:37:01;0.303
2026-05-07 12:37:16;0.001
2026-05-07 12:37:32;0.001
2026-05-07 12:37:47;0.001
2026-05-07 12:38:03;0.001
2026-05-07 12:38:18;0.001
2026-05-07 12:38:34;0.001
2026-05-07 12:38:50;0.357
2026-05-07 12:39:05;0.001
2026-05-07 12:39:21;0.001
2026-05-07 12:39:36;0.001
2026-05-07 12:39:52;0.001
2026-05-07 12:40:07;0.001
2026-05-07 12:40:23;0.001
2026-05-07 12:40:38;0.001
2026-05-07 12:40:54;0.001
2026-05-07 12:41:09;0.001
2026-05-07 12:41:25;0.001
2026-05-07 12:41:41;0.348
2026-05-07 12:41:57;0.438
2026-05-07 12:42:12;0.001
2026-05-07 12:42:28;0.001
2026-05-07 12:42:43;0.001
2026-05-07 12:42:58;0.001
2026-05-07 12:43:17;0.001
2026-05-07 12:43:30;0.001
2026-05-07 12:43:45;0.001
2026-05-07 12:44:02;0.001
2026-05-07 12:44:16;0.001
2026-05-07 12:44:32;0.001
2026-05-07 12:44:47;0.001
2026-05-07 12:45:03;0.434
2026-05-07 12:45:18;0.001
2026-05-07 12:45:34;0.001
2026-05-07 12:45:49;0.001
2026-05-07 12:46:05;0.001
2026-05-07 12:46:20;0.001
2026-05-07 12:46:36;0.001
2026-05-07 12:46:52;0.001
2026-05-07 12:47:07;0.001
2026-05-07 12:47:23;0.001
2026-05-07 12:47:38;0.001
2026-05-07 12:47:54;0.001
2026-05-07 12:48:09;0.001
2026-05-07 12:48:25;0.001
2026-05-07 12:48:41;0.34
2026-05-07 12:48:56;0.001
2026-05-07 12:49:12;0.001
2026-05-07 12:49:27;0.001
2026-05-07 12:49:43;0.001
2026-05-07 12:49:58;0.001
2026-05-07 12:50:14;0.001
2026-05-07 12:50:30;0.001
2026-05-07 12:50:45;0.159
2026-05-07 12:51:01;0.001
2026-05-07 12:51:17;0.16
2026-05-07 12:51:32;0.156
2026-05-07 12:51:47;0.001
2026-05-07 12:52:02;0.001
2026-05-07 12:52:17;0.001
2026-05-07 12:52:32;0.157
2026-05-07 12:52:48;0.001
2026-05-07 12:53:03;0.001
2026-05-07 12:53:18;0.157
2026-05-07 12:53:33;0.157
2026-05-07 12:53:49;0.152
2026-05-07 12:54:04;0.001
2026-05-07 12:54:20;0.001
2026-05-07 12:54:35;0.001
2026-05-07 12:54:50;0.16
2026-05-07 12:55:05;0.001
2026-05-07 12:55:21;0.001
2026-05-07 12:55:36;0.001
2026-05-07 12:55:51;0.162
2026-05-07 12:56:06;0.156
2026-05-07 12:56:22;0.14
2026-05-07 12:56:37;0.001
2026-05-07 12:56:52;0.001
2026-05-07 12:57:07;0.001
2026-05-07 12:57:23;0.001
2026-05-07 12:57:38;0.001
2026-05-07 12:57:54;0.001
2026-05-07 12:58:09;0.154
2026-05-07 12:58:24;0.153
2026-05-07 12:58:39;0.148
2026-05-07 12:58:55;0.143
2026-05-07 12:59:10;0.136
2026-05-07 12:59:26;0.135
2026-05-07 12:59:41;0.131
2026-05-07 12:59:56;0.001
2026-05-07 13:00:11;0.001
2026-05-07 13:00:27;0.125
2026-05-07 13:00:42;0.127
2026-05-07 13:00:58;0.133
2026-05-07 13:01:13;0.136
2026-05-07 13:01:28;0.14
2026-05-07 13:01:43;0.141
2026-05-07 13:08:45;0.355
2026-05-07 13:09:01;0.001
2026-05-07 13:09:16;0.122
2026-05-07 13:09:32;0.001
2026-05-07 13:09:47;0.001
2026-05-07 13:10:02;0.001
2026-05-07 13:10:17;0.001
2026-05-07 13:10:33;0.001
2026-05-07 13:10:48;0.001
2026-05-07 13:11:03;0.339
2026-05-07 13:11:18;0.001
2026-05-07 13:11:34;0.428
2026-05-07 13:11:49;0.001
2026-05-07 13:12:06;0.001
2026-05-07 13:12:20;0.001
2026-05-07 13:12:35;0.001
2026-05-07 13:12:51;0.001
2026-05-07 13:13:06;0.001
2026-05-07 13:13:21;0.001
2026-05-07 13:13:37;0.001
2026-05-07 13:13:52;0.001
2026-05-07 13:14:07;0.001
2026-05-07 13:14:22;0.001
2026-05-07 13:14:37;0.001
2026-05-07 13:14:53;0.001
2026-05-07 13:15:08;0.001
2026-05-07 13:15:25;0.001
2026-05-07 13:15:39;0.001
2026-05-07 13:15:54;0.001
2026-05-07 13:16:09;0.437
2026-05-07 13:16:25;0.002
2026-05-07 13:16:40;0.407
2026-05-07 13:16:56;0.001
2026-05-07 13:17:10;0.001
2026-05-07 13:17:26;0.001
2026-05-07 13:17:41;0.001
2026-05-07 13:17:56;0.001
2026-05-07 13:18:11;0.001
2026-05-07 13:18:27;0.001
2026-05-07 13:18:42;0.418
2026-05-07 13:18:57;0.001
2026-05-07 13:19:12;0.001
2026-05-07 13:19:28;0.001
2026-05-07 13:19:43;0.001
2026-05-07 13:19:58;0.001
2026-05-07 13:20:13;0.001
2026-05-07 13:20:29;0.001
2026-05-07 13:20:44;0.001
2026-05-07 13:21:00;0.001
2026-05-07 13:21:14;0.001
2026-05-07 13:21:30;0.001
2026-05-07 13:21:45;0.001
2026-05-07 13:22:00;0.001
2026-05-07 13:22:15;0.001
2026-05-07 13:22:31;0.001
2026-05-07 13:22:46;0.001
2026-05-07 13:23:01;0.001
2026-05-07 13:23:16;0.001
2026-05-07 13:23:32;0.001
2026-05-07 13:23:47;0.001
2026-05-07 13:24:03;0.457
2026-05-07 13:24:25;0.001
2026-05-07 13:24:42;0.464
2026-05-07 13:24:56;0.001
2026-05-07 13:25:04;0.001
2026-05-07 13:25:20;0.001
2026-05-07 13:25:35;0.001
2026-05-07 13:25:50;0.434
2026-05-07 13:26:05;0.001
2026-05-07 13:26:39;0.001
2026-05-07 13:26:51;0.001
2026-05-07 13:27:07;0.001
2026-05-07 13:27:22;0.453
2026-05-07 13:27:38;0.001
2026-05-07 13:27:53;0.001
2026-05-07 13:28:08;0.001
2026-05-07 13:28:23;0.001
2026-05-07 13:28:38;0.001
2026-05-07 13:28:54;0.001
2026-05-07 13:29:09;0.001
2026-05-07 13:29:24;0.002
2026-05-07 13:29:39;0.35
2026-05-07 13:29:55;0.334
2026-05-07 13:30:10;0.35
2026-05-07 13:30:25;0.001
2026-05-07 13:30:40;0.42
2026-05-07 13:30:56;0.352
2026-05-07 13:31:11;0.001
2026-05-07 13:31:26;0.364
2026-05-07 13:31:42;0.001
2026-05-07 13:31:57;0.37
2026-05-07 13:32:12;0.295
2026-05-07 13:32:27;0.001
2026-05-07 13:32:42;0.001
2026-05-07 13:32:58;0.391
2026-05-07 13:33:13;0.001
2026-05-07 13:33:28;0.001
2026-05-07 13:33:44;0.001
2026-05-07 13:33:59;0.001
2026-05-07 13:34:15;0.001
2026-05-07 13:34:30;0.456
2026-05-07 13:34:45;0.313
2026-05-07 13:35:00;0.001
2026-05-07 13:35:18;0.001
2026-05-07 13:35:32;0.001
2026-05-07 13:35:48;0.001
2026-05-07 13:36:04;0.001
2026-05-07 13:36:19;0.001
2026-05-07 13:36:34;0.001
2026-05-07 13:36:50;0.001
2026-05-07 13:37:06;0.001
2026-05-07 13:37:21;0.001
2026-05-07 13:37:37;0.001
2026-05-07 13:37:52;0.001
2026-05-07 13:38:08;0.001
2026-05-07 13:38:23;0.001
2026-05-07 13:38:41;0.001
2026-05-07 13:38:55;0.001
2026-05-07 13:39:10;0.001
2026-05-07 13:39:26;0.001
2026-05-07 13:39:41;0.001
2026-05-07 13:39:56;0.001
2026-05-07 13:40:11;0.001
2026-05-07 13:40:27;0.001
2026-05-07 13:40:42;0.451
2026-05-07 13:40:58;0.001
2026-05-07 13:41:14;0.001
2026-05-07 13:41:29;0.001
2026-05-07 13:41:45;0.425
2026-05-07 13:42:00;0.001
2026-05-07 13:42:16;0.001
2026-05-07 13:42:31;0.428
2026-05-07 13:42:47;0.001
2026-05-07 13:43:03;0.001
2026-05-07 13:43:18;0.001
2026-05-07 13:43:34;0.001
2026-05-07 13:43:49;0.408
2026-05-07 13:44:04;0.001
2026-05-07 13:44:19;0.001
2026-05-07 13:44:35;0.001
2026-05-07 13:44:50;0.001
2026-05-07 13:45:05;0.001
2026-05-07 13:45:20;0.001
2026-05-07 13:45:36;0.001
2026-05-07 13:45:51;0.001
2026-05-07 13:46:06;0.001
2026-05-07 13:46:21;0.328
2026-05-07 13:46:37;0.001
2026-05-07 13:46:52;0.001
2026-05-07 13:47:07;0.001
2026-05-07 13:47:22;0.001
2026-05-07 13:47:38;0.001
2026-05-07 13:47:53;0.001
2026-05-07 13:48:09;0.001
2026-05-07 13:48:24;0.001
2026-05-07 13:48:39;0.413
2026-05-07 13:48:54;0.001
2026-05-07 13:49:10;0.409
2026-05-07 13:49:25;0.001
2026-05-07 13:49:40;0.001
2026-05-07 13:49:55;0.001
2026-05-07 13:50:11;0.001
2026-05-07 13:50:26;0.001
2026-05-07 13:50:41;0.001
2026-05-07 13:50:56;0.001
2026-05-07 13:51:13;0.001
2026-05-07 13:51:28;0.001
2026-05-07 13:51:44;0.001
2026-05-07 13:51:59;0.001
2026-05-07 13:52:15;0.001
2026-05-07 13:52:30;0.001
2026-05-07 13:52:45;0.001
2026-05-07 13:53:00;0.001
2026-05-07 13:53:16;0.001
2026-05-07 13:53:33;0.001
2026-05-07 13:54:31;0.414
2026-05-07 13:54:47;0.001
2026-05-07 13:55:02;0.001
2026-05-07 13:55:17;0.001
2026-05-07 13:55:32;0.001
2026-05-07 13:55:48;0.001
2026-05-07 13:56:03;0.001
2026-05-07 13:56:19;0.001
2026-05-07 13:56:33;0.001
2026-05-07 13:56:49;0.001
2026-05-07 13:57:07;0.001
2026-05-07 13:57:20;0.001
2026-05-07 13:57:35;0.001
2026-05-07 13:57:50;0.001
2026-05-07 13:58:05;0.001
2026-05-07 13:58:21;0.001
2026-05-07 13:58:36;0.001
2026-05-07 13:58:51;0.001
2026-05-07 13:59:06;0.001
2026-05-07 13:59:22;0.001
2026-05-07 13:59:37;0.001
2026-05-07 13:59:52;0.001
2026-05-07 14:00:07;0.001
2026-05-07 14:00:23;0.001
2026-05-07 14:00:38;0.001
2026-05-07 14:00:53;0.001
2026-05-07 14:01:08;0.302
2026-05-07 14:01:24;0.001
2026-05-07 14:01:39;0.001
2026-05-07 14:01:54;0.001
2026-05-07 14:02:09;0.362
2026-05-07 14:02:25;0.001
2026-05-07 14:02:40;0.001
2026-05-07 14:02:56;0.001
2026-05-07 14:03:10;0.001
2026-05-07 14:03:26;0.296
2026-05-07 14:03:41;0.001
2026-05-07 14:03:57;0.001
2026-05-07 14:04:11;0.001
2026-05-07 14:04:27;0.001
2026-05-07 14:04:42;0.002
2026-05-07 14:04:58;0.001
2026-05-07 14:05:16;0.001
2026-05-07 14:05:28;0.001
2026-05-07 14:05:43;0.001
2026-05-07 14:05:59;0.001
2026-05-07 14:06:14;0.001
2026-05-07 14:06:29;0.001
2026-05-07 14:06:44;0.001
2026-05-07 14:07:00;0.001
2026-05-07 14:07:15;0.001
2026-05-07 14:07:30;0.001
2026-05-07 14:07:45;0.001
2026-05-07 14:08:01;0.001
2026-05-07 14:08:16;0.001
2026-05-07 14:08:32;0.001
2026-05-07 14:08:46;0.422
2026-05-07 14:09:02;0.001
2026-05-07 14:09:18;0.001
2026-05-07 14:09:32;0.001
2026-05-07 14:09:48;0.001
2026-05-07 14:10:03;0.396
2026-05-07 14:10:18;0.001
2026-05-07 14:10:33;0.001
2026-05-07 14:10:49;0.001
2026-05-07 14:11:04;0.327
2026-05-07 14:11:19;0.001
2026-05-07 14:11:34;0.001
2026-05-07 14:11:50;0.001
2026-05-07 14:12:05;0.001
2026-05-07 14:12:22;0.001
2026-05-07 14:12:36;0.001
2026-05-07 14:12:51;0.001
2026-05-07 14:13:06;0.001
2026-05-07 14:13:22;0.001
2026-05-07 14:13:37;0.437
2026-05-07 14:13:52;0.001
2026-05-07 14:14:08;0.001
2026-05-07 14:14:23;0.001
2026-05-07 14:14:38;0.001
2026-05-07 14:14:53;0.001
2026-05-07 14:15:08;0.001
2026-05-07 14:15:24;0.001
2026-05-07 14:15:39;0.001
2026-05-07 14:15:54;0.001
2026-05-07 14:16:09;0.001
2026-05-07 14:16:25;0.001
2026-05-07 14:16:40;0.001
2026-05-07 14:16:56;0.387
2026-05-07 14:17:23;0.001
2026-05-07 14:17:26;0.001
2026-05-07 14:17:41;0.001
2026-05-07 14:17:58;0.001
2026-05-07 14:18:12;0.42
2026-05-07 14:18:27;0.001
2026-05-07 14:18:42;0.001
2026-05-07 14:18:58;0.001
2026-05-07 14:19:13;0.339
2026-05-07 14:19:28;0.001
2026-05-07 14:19:43;0.001
2026-05-07 14:19:59;0.001
2026-05-07 14:20:14;0.001
2026-05-07 14:20:29;0.415
2026-05-07 14:20:44;0.001
2026-05-07 14:21:00;0.001
2026-05-07 14:21:15;0.001
2026-05-07 14:21:30;0.001
2026-05-07 14:21:45;0.001
2026-05-07 14:22:01;0.001
2026-05-07 14:22:16;0.001
2026-05-07 14:22:32;0.001
2026-05-07 14:22:47;0.001
2026-05-07 14:23:02;0.409
2026-05-07 14:23:17;0.001
2026-05-07 14:23:33;0.001
2026-05-07 14:23:48;0.001
2026-05-07 14:24:03;0.001
2026-05-07 14:24:18;0.001
2026-05-07 14:24:34;0.001
2026-05-07 14:24:49;0.001
2026-05-07 14:25:04;0.001
2026-05-07 14:25:19;0.001
2026-05-07 14:25:35;0.001
2026-05-07 14:25:50;0.416
2026-05-07 14:26:05;0.001
2026-05-07 14:26:20;0.001
2026-05-07 14:26:36;0.001
2026-05-07 14:26:51;0.001
2026-05-07 14:27:06;0.397
2026-05-07 14:27:21;0.001
2026-05-07 14:27:37;0.001
2026-05-07 14:27:52;0.001
2026-05-07 14:28:07;0.001
2026-05-07 14:28:22;0.32
2026-05-07 14:28:38;0.001
2026-05-07 14:28:53;0.001
2026-05-07 14:29:08;0.001
2026-05-07 14:29:23;0.001
2026-05-07 14:29:39;0.419
2026-05-07 14:29:54;0.001
2026-05-07 14:30:09;0.001
2026-05-07 14:30:24;0.001
2026-05-07 14:30:40;0.001
2026-05-07 14:30:55;0.001
2026-05-07 14:31:11;0.001
2026-05-07 14:31:25;0.001
2026-05-07 14:31:41;0.339
2026-05-07 14:31:56;0.001
2026-05-07 14:32:11;0.001
2026-05-07 14:32:26;0.001
2026-05-07 14:32:42;0.001
2026-05-07 14:32:57;0.356
2026-05-07 14:33:13;0.001
2026-05-07 14:33:28;0.001
2026-05-07 14:33:43;0.001
2026-05-07 14:33:58;0.001
2026-05-07 14:34:14;0.322
2026-05-07 14:34:29;0.001
2026-05-07 14:34:44;0.001
2026-05-07 14:34:59;0.001
2026-05-07 14:35:15;0.001
2026-05-07 14:35:30;0.338
2026-05-07 14:35:45;0.001
2026-05-07 14:36:00;0.001
2026-05-07 14:36:16;0.389
2026-05-07 14:36:31;0.001
2026-05-07 14:36:47;0.001
2026-05-07 14:37:02;0.001
2026-05-07 14:37:17;0.001
2026-05-07 14:37:32;0.377
2026-05-07 14:37:48;0.001
2026-05-07 14:38:03;0.002
2026-05-07 14:38:18;0.001
2026-05-07 14:38:33;0.001
2026-05-07 14:38:49;0.349
2026-05-07 14:39:04;0.001
2026-05-07 14:39:19;0.001
2026-05-07 14:39:34;0.001
2026-05-07 14:39:50;0.001
2026-05-07 14:40:05;0.001
2026-05-07 14:40:20;0.001
2026-05-07 14:40:35;0.001
2026-05-07 14:40:51;0.404
2026-05-07 14:41:06;0.001
2026-05-07 14:41:22;0.001
2026-05-07 14:41:37;0.001
2026-05-07 14:41:52;0.001
2026-05-07 14:42:07;0.001
2026-05-07 14:42:23;0.001
2026-05-07 14:42:38;0.001
2026-05-07 14:42:53;0.391
2026-05-07 14:43:08;0.001
2026-05-07 14:43:24;0.116
2026-05-07 14:43:39;0.116
2026-05-07 14:43:55;0.112
2026-05-07 14:44:10;0.112
2026-05-07 14:44:25;0.114
2026-05-07 14:44:40;0.116
2026-05-07 14:44:57;0.119
2026-05-07 14:45:11;0.12
2026-05-07 14:45:26;0.138
2026-05-07 14:45:41;0.001
2026-05-07 14:45:57;0.002
2026-05-07 14:46:12;0.431
2026-05-07 14:46:28;0.001
2026-05-07 14:46:43;0.001
2026-05-07 14:46:58;0.001
2026-05-07 14:47:13;0.001
2026-05-07 14:47:29;0.001
2026-05-07 14:47:44;0.001
2026-05-07 14:48:00;0.001
2026-05-07 14:48:15;0.001
2026-05-07 14:48:30;0.001
2026-05-07 14:48:45;0.001
2026-05-07 14:49:01;0.001
2026-05-07 14:49:16;0.001
2026-05-07 14:49:32;0.001
2026-05-07 14:49:47;0.001
2026-05-07 14:50:02;0.361
2026-05-07 14:50:17;0.001
2026-05-07 14:50:33;0.001
2026-05-07 14:50:48;0.002
2026-05-07 14:51:04;0.001
2026-05-07 14:51:19;0.348
2026-05-07 14:51:34;0.001
2026-05-07 14:51:50;0.001
2026-05-07 14:52:05;0.001
2026-05-07 14:52:20;0.001
2026-05-07 14:52:35;0.378
2026-05-07 14:52:50;0.001
2026-05-07 14:53:06;0.001
2026-05-07 14:53:21;0.001
2026-05-07 14:53:37;0.001
2026-05-07 14:53:52;0.001
2026-05-07 14:54:07;0.362
2026-05-07 14:54:29;0.001
2026-05-07 14:54:41;0.001
2026-05-07 14:54:53;0.001
2026-05-07 14:55:08;0.001
2026-05-07 14:55:23;0.001
2026-05-07 14:55:39;0.001
2026-05-07 14:55:54;0.001
2026-05-07 14:56:10;0.001
2026-05-07 14:56:25;0.001
2026-05-07 14:56:40;0.285
2026-05-07 14:56:55;0.001
2026-05-07 14:57:11;0.001
2026-05-07 14:57:26;0.174
2026-05-07 14:57:41;0.086
2026-05-07 14:57:56;0.086
2026-05-07 14:58:12;0.088
2026-05-07 14:58:27;0.107
2026-05-07 14:58:43;0.085
2026-05-07 14:58:58;0.084
2026-05-07 14:59:13;0.083
2026-05-07 14:59:28;0.083
2026-05-07 14:59:44;0.084
2026-05-07 14:59:59;0.081
2026-05-07 15:00:14;0.078
2026-05-07 15:00:29;0.073
2026-05-07 15:00:45;0.07
2026-05-07 15:01:00;0.068
2026-05-07 15:01:16;0.067
2026-05-07 15:01:31;0.066
2026-05-07 15:01:46;0.063
2026-05-07 15:02:01;0.061
2026-05-07 15:02:17;0.058
2026-05-07 15:02:32;0.057
2026-05-07 15:02:48;0.056
2026-05-07 15:03:03;0.056
2026-05-07 15:03:18;0.055
2026-05-07 15:03:34;0.054
2026-05-07 15:03:48;0.054
2026-05-07 15:04:03;0.054
2026-05-07 15:04:18;0.054
2026-05-07 15:04:34;0.053
2026-05-07 15:04:48;0.053
2026-05-07 15:05:03;0.053
2026-05-07 15:05:18;0.052
2026-05-07 15:05:33;0.052
2026-05-07 15:05:48;0.051
2026-05-07 15:06:03;0.05
2026-05-07 15:06:18;0.049
2026-05-07 15:06:33;0.047
2026-05-07 15:06:49;0.046
2026-05-07 15:07:03;0.045
2026-05-07 15:07:18;0.045
2026-05-07 15:07:34;0.045
2026-05-07 15:07:48;0.044
2026-05-07 15:08:04;0.044
2026-05-07 15:08:19;0.043
2026-05-07 15:08:34;0.042
2026-05-07 15:08:49;0.041
2026-05-07 15:09:04;0.041
2026-05-07 15:09:19;0.04
2026-05-07 15:09:34;0.039
2026-05-07 15:09:49;0.038
2026-05-07 15:10:04;0.038
2026-05-07 15:10:19;0.038
2026-05-07 15:10:34;0.036
2026-05-07 15:10:49;0.036
2026-05-07 15:11:04;0.035
2026-05-07 15:11:19;0.035
2026-05-07 15:11:34;0.034
2026-05-07 15:11:49;0.033
2026-05-07 15:12:04;0.032
2026-05-07 15:12:19;0.032
2026-05-07 15:12:34;0.031
2026-05-07 15:12:49;0.031
2026-05-07 15:13:04;0.03
2026-05-07 15:13:19;0.03
2026-05-07 15:13:34;0.029
2026-05-07 15:13:49;0.029
2026-05-07 15:14:04;0.029
2026-05-07 15:14:19;0.029
2026-05-07 15:14:35;0.028
2026-05-07 15:14:49;0.028
2026-05-07 15:15:04;0.027
2026-05-07 15:15:19;0.026
2026-05-07 15:15:34;0.026
2026-05-07 15:15:49;0.026
2026-05-07 15:16:04;0.026
2026-05-07 15:16:19;0.026
2026-05-07 15:16:34;0.026
2026-05-07 15:16:51;0.026
2026-05-07 15:17:05;0.027
2026-05-07 15:17:20;0.027
2026-05-07 15:17:35;0.027
2026-05-07 15:17:50;0.026
2026-05-07 15:18:05;0.026
2026-05-07 15:18:20;0.026
2026-05-07 15:18:35;0.026
2026-05-07 15:18:50;0.027
2026-05-07 15:19:05;0.027
2026-05-07 15:19:20;0.027
2026-05-07 15:19:35;0.027
2026-05-07 15:19:50;0.028
2026-05-07 15:20:05;0.028
2026-05-07 15:20:20;0.029
2026-05-07 15:20:35;0.029
2026-05-07 15:20:50;0.03
2026-05-07 15:21:05;0.03
2026-05-07 15:21:20;0.031
2026-05-07 15:21:35;0.033
2026-05-07 15:21:50;0.034
2026-05-07 15:22:05;0.037
2026-05-07 15:22:20;0.041
2026-05-07 15:22:35;0.046
2026-05-07 15:22:50;0.067
2026-05-07 15:23:05;0.001
2026-05-07 15:23:21;0.001
2026-05-07 15:23:36;0.001
2026-05-07 15:23:51;0.001
2026-05-07 15:24:06;0.083
2026-05-07 15:24:21;0.067
2026-05-07 15:24:36;0.07
2026-05-07 15:24:51;0.074
2026-05-07 15:25:06;0.076
2026-05-07 15:25:21;0.079
2026-05-07 15:25:36;0.08
2026-05-07 15:25:51;0.082
2026-05-07 15:26:06;0.084
2026-05-07 15:26:21;0.085
2026-05-07 15:26:36;0.085
2026-05-07 15:26:51;0.086
2026-05-07 15:27:06;0.087
2026-05-07 15:27:21;0.09
2026-05-07 15:27:36;0.1
2026-05-07 15:27:51;0.001
2026-05-07 15:28:06;0.001
2026-05-07 15:28:21;0.001
2026-05-07 15:28:36;0.001
2026-05-07 15:28:51;0.001
2026-05-07 15:29:06;0.001
2026-05-07 15:29:21;0.001
2026-05-07 15:29:36;0.001
2026-05-07 15:29:51;0.101
2026-05-07 15:30:08;0.073
2026-05-07 15:30:21;0.07
2026-05-07 15:30:38;0.067
2026-05-07 15:30:51;0.065
2026-05-07 15:31:11;0.062
2026-05-07 15:31:21;0.061
2026-05-07 15:31:38;0.062
2026-05-07 15:31:51;0.062
2026-05-07 15:32:07;0.063
2026-05-07 15:32:22;0.065
2026-05-07 15:32:37;0.067
2026-05-07 15:32:52;0.071
2026-05-07 15:33:07;0.082
2026-05-07 15:33:22;0.094
2026-05-07 15:33:37;0.108
2026-05-07 15:33:52;0.001
2026-05-07 15:34:07;0.289
2026-05-07 15:34:22;0.001
2026-05-07 15:34:39;0.001
2026-05-07 15:35:02;0.001
2026-05-07 15:35:16;0.26
2026-05-07 15:35:31;0.001
2026-05-07 15:35:37;0.001
2026-05-07 15:35:52;0.299
2026-05-07 15:36:07;0.001
2026-05-07 15:36:22;0.001
2026-05-07 15:36:37;0.001
2026-05-07 15:36:52;0.001
2026-05-07 15:37:07;0.001
2026-05-07 15:37:22;0.001
2026-05-07 15:37:37;0.001
2026-05-07 15:37:52;0.125
2026-05-07 15:38:07;0.001
2026-05-07 15:38:22;0.132
2026-05-07 15:38:37;0.001
2026-05-07 15:38:52;0.001
2026-05-07 15:39:09;0.001
2026-05-07 15:39:22;0.001
2026-05-07 15:39:37;0.001
2026-05-07 15:39:52;0.001
2026-05-07 15:40:07;0.001
2026-05-07 15:40:28;0.001
2026-05-07 15:40:37;0.001
2026-05-07 15:40:55;0.001
2026-05-07 15:41:07;0.001
2026-05-07 15:41:22;0.252
2026-05-07 15:41:38;0.147
2026-05-07 15:41:53;0.047
2026-05-07 15:42:07;0.046
2026-05-07 15:42:22;0.045
2026-05-07 15:42:37;0.045
2026-05-07 15:42:53;0.043
2026-05-07 15:43:10;0.041
2026-05-07 15:43:23;0.04
2026-05-07 15:43:38;0.039
2026-05-07 15:43:53;0.039
2026-05-07 15:44:08;0.039
2026-05-07 15:44:23;0.04
2026-05-07 15:44:38;0.042
2026-05-07 15:44:53;0.043
2026-05-07 15:45:08;0.044
2026-05-07 15:45:23;0.046
2026-05-07 15:45:38;0.048
2026-05-07 15:45:53;0.051
2026-05-07 15:46:08;0.053
2026-05-07 15:46:23;0.054
2026-05-07 15:46:38;0.056
2026-05-07 15:46:56;0.058
2026-05-07 15:47:08;0.06
2026-05-07 15:47:23;0.058
2026-05-07 15:47:38;0.056
2026-05-07 15:47:53;0.053
2026-05-07 15:48:08;0.051
2026-05-07 15:48:23;0.051
2026-05-07 15:48:38;0.052
2026-05-07 15:48:54;0.055
2026-05-07 15:49:08;0.057
2026-05-07 15:49:23;0.06
2026-05-07 15:49:38;0.066
2026-05-07 15:49:53;0.001
2026-05-07 15:50:08;0.001
2026-05-07 15:50:23;0.237
2026-05-07 15:50:38;0.001
2026-05-07 15:50:53;0.001
2026-05-07 15:51:10;0.001
2026-05-07 15:51:25;0.237
2026-05-07 15:51:40;0.001
2026-05-07 15:51:55;0.001
2026-05-07 15:52:10;0.001
2026-05-07 15:52:25;0.205
2026-05-07 15:52:40;0.001
2026-05-07 15:52:55;0.001
2026-05-07 15:53:10;0.091
2026-05-07 15:53:25;0.064
2026-05-07 15:53:40;0.053
2026-05-07 15:53:55;0.052
2026-05-07 15:54:10;0.052
2026-05-07 15:54:25;0.056
2026-05-07 15:54:40;0.066
2026-05-07 15:54:55;0.064
2026-05-07 15:55:10;0.068
2026-05-07 15:55:25;0.083
2026-05-07 15:55:40;0.001
2026-05-07 15:55:55;0.001
2026-05-07 15:56:12;0.001
2026-05-07 15:56:25;0.108
2026-05-07 15:56:40;0.062
2026-05-07 15:56:55;0.068
2026-05-07 15:57:10;0.074
2026-05-07 15:57:25;0.056
2026-05-07 15:57:40;0.051
2026-05-07 15:57:55;0.05
2026-05-07 15:58:10;0.05
2026-05-07 15:58:25;0.048
2026-05-07 15:58:40;0.048
2026-05-07 15:58:55;0.049
2026-05-07 15:59:11;0.05
2026-05-07 15:59:26;0.053
2026-05-07 15:59:41;0.053
2026-05-07 15:59:56;0.056
2026-05-07 16:00:11;0.117
2026-05-07 16:00:26;0.132
2026-05-07 16:00:41;0.001
2026-05-07 16:00:56;0.001
2026-05-07 16:01:11;0.211
2026-05-07 16:01:26;0.001
2026-05-07 16:01:41;0.001
2026-05-07 16:01:56;0.001
2026-05-07 16:02:11;0.001
2026-05-07 16:02:26;0.144
2026-05-07 16:02:41;0.065
2026-05-07 16:02:56;0.049
2026-05-07 16:03:11;0.047
2026-05-07 16:03:26;0.075
2026-05-07 16:03:41;0.067
2026-05-07 16:03:56;0.031
2026-05-07 16:04:11;0.03
2026-05-07 16:04:26;0.026
2026-05-07 16:04:41;0.028
2026-05-07 16:04:56;0.027
2026-05-07 16:05:11;0.026
2026-05-08 08:53:29;0.0
2026-05-08 08:53:44;0.0
2026-05-08 08:54:00;0.0
2026-05-08 08:54:15;0.0
2026-05-08 08:54:30;0.0
2026-05-08 08:54:45;0.0
2026-05-08 08:55:00;0.0
2026-05-08 08:55:15;0.0
2026-05-08 08:55:30;0.0
2026-05-08 08:55:46;0.165
2026-05-08 08:56:03;0.193
2026-05-08 08:56:15;0.001
2026-05-08 08:56:31;0.001
2026-05-08 08:56:45;0.001
2026-05-08 08:57:00;0.001
2026-05-08 08:57:15;0.001
2026-05-08 08:57:30;0.001
2026-05-08 08:57:46;0.001
2026-05-08 08:58:01;0.179
2026-05-08 08:58:16;0.001
2026-05-08 08:58:31;0.001
2026-05-08 08:58:46;0.193
2026-05-08 08:59:01;0.001
2026-05-08 08:59:16;0.001
2026-05-08 08:59:31;0.001
2026-05-08 08:59:46;0.178
2026-05-08 09:00:01;0.17
2026-05-08 09:00:16;0.001
2026-05-08 09:00:31;0.001
2026-05-08 09:00:46;0.001
2026-05-08 09:01:02;0.001
2026-05-08 09:01:17;0.002
2026-05-08 09:01:32;0.001
2026-05-08 09:01:47;0.001
2026-05-08 09:02:02;0.001
2026-05-08 09:02:17;0.001
2026-05-08 09:02:32;0.001
2026-05-08 09:02:47;0.001
2026-05-08 09:03:02;0.001
2026-05-08 09:03:17;0.176
2026-05-08 09:03:32;0.001
2026-05-08 09:03:47;0.001
2026-05-08 09:04:02;0.001
2026-05-08 09:04:17;0.001
2026-05-08 09:04:33;0.001
2026-05-08 09:04:48;0.001
2026-05-08 09:05:03;0.001
2026-05-08 09:05:18;0.001
2026-05-08 09:05:33;0.001
2026-05-08 09:05:48;0.001
2026-05-08 09:06:04;0.001
2026-05-08 09:06:19;0.001
2026-05-08 09:06:34;0.001
2026-05-08 09:06:48;0.001
2026-05-08 09:07:03;0.001
2026-05-08 09:07:18;0.001
2026-05-08 09:07:34;0.001
2026-05-08 09:07:49;0.001
2026-05-08 09:08:04;0.001
2026-05-08 09:08:19;0.001
2026-05-08 09:08:34;0.001
2026-05-08 09:08:49;0.001
2026-05-08 09:09:04;0.001
2026-05-08 09:09:19;0.001
2026-05-08 09:09:34;0.268
2026-05-08 09:09:49;0.001
2026-05-08 09:10:04;0.001
2026-05-08 09:10:19;0.001
2026-05-08 09:10:34;0.001
2026-05-08 09:10:49;0.222
2026-05-08 09:11:04;0.204
2026-05-08 09:11:19;0.001
2026-05-08 09:11:34;0.001
2026-05-08 09:11:50;0.002
2026-05-08 09:12:04;0.212
2026-05-08 09:12:20;0.001
2026-05-08 09:12:35;0.001
2026-05-08 09:12:50;0.001
2026-05-08 09:13:05;0.001
2026-05-08 09:13:20;0.001
2026-05-08 09:13:35;0.001
2026-05-08 09:13:50;0.001
2026-05-08 09:14:05;0.001
2026-05-08 09:14:20;0.302
2026-05-08 09:14:35;0.001
2026-05-08 09:14:50;0.001
2026-05-08 09:15:05;0.001
2026-05-08 09:15:20;0.001
2026-05-08 09:15:35;0.001
2026-05-08 09:15:50;0.001
2026-05-08 09:16:05;0.001
2026-05-08 09:16:20;0.001
2026-05-08 09:16:37;0.32
2026-05-08 09:16:50;0.312
2026-05-08 09:17:05;0.34
2026-05-08 09:17:21;0.379
2026-05-08 09:17:35;0.354
2026-05-08 09:17:51;0.375
2026-05-08 09:18:06;0.001
2026-05-08 09:18:21;0.001
2026-05-08 09:18:36;0.002
2026-05-08 09:18:51;0.001
2026-05-08 09:19:06;0.001
2026-05-08 09:19:21;0.001
2026-05-08 09:19:36;0.001
2026-05-08 09:19:51;0.001
2026-05-08 09:20:06;0.001
2026-05-08 09:20:21;0.001
2026-05-08 09:20:36;0.001
2026-05-08 09:20:51;0.002
2026-05-08 09:21:06;0.001
2026-05-08 09:21:21;0.378
2026-05-08 09:21:36;0.001
2026-05-08 09:21:51;0.001
2026-05-08 09:22:06;0.001
2026-05-08 09:22:22;0.001
2026-05-08 09:22:36;0.001
2026-05-08 09:22:51;0.001
2026-05-08 09:23:06;0.001
2026-05-08 09:23:21;0.001
2026-05-08 09:23:36;0.001
2026-05-08 09:23:51;0.001
2026-05-08 09:24:06;0.001
2026-05-08 09:24:21;0.414
2026-05-08 09:24:36;0.001
2026-05-08 09:24:51;0.001
2026-05-08 09:25:06;0.001
2026-05-08 09:25:21;0.001
2026-05-08 09:25:36;0.001
2026-05-08 09:25:51;0.001
2026-05-08 09:26:06;0.001
2026-05-08 09:26:21;0.001
2026-05-08 09:26:36;0.001
2026-05-08 09:26:51;0.001
2026-05-08 09:27:07;0.334
2026-05-08 09:27:21;0.001
2026-05-08 09:27:36;0.001
2026-05-08 09:27:51;0.001
2026-05-08 09:28:06;0.387
2026-05-08 09:28:21;0.002
2026-05-08 09:28:36;0.001
2026-05-08 09:28:51;0.001
2026-05-08 09:29:06;0.001
2026-05-08 09:29:21;0.001
2026-05-08 09:29:36;0.001
2026-05-08 09:29:51;0.001
2026-05-08 09:30:06;0.456
2026-05-08 09:30:21;0.001
2026-05-08 09:30:36;0.001
2026-05-08 09:30:51;0.392
2026-05-08 09:31:07;0.001
2026-05-08 09:31:21;0.001
2026-05-08 09:31:36;0.001
2026-05-08 09:31:51;0.001
2026-05-08 09:32:06;0.001
2026-05-08 09:32:21;0.001
2026-05-08 09:32:36;0.001
2026-05-08 09:32:51;0.001
2026-05-08 09:33:06;0.001
2026-05-08 09:33:21;0.001
2026-05-08 09:33:36;0.001
2026-05-08 09:33:51;0.001
2026-05-08 09:34:06;0.001
2026-05-08 09:34:22;0.001
2026-05-08 09:34:37;0.001
2026-05-08 09:34:53;0.001
2026-05-08 09:35:08;0.001
2026-05-08 09:35:23;0.001
2026-05-08 09:35:38;0.349
2026-05-08 09:35:54;0.001
2026-05-08 09:36:09;0.001
2026-05-08 09:36:25;0.002
2026-05-08 09:36:40;0.001
2026-05-08 09:36:55;0.001
2026-05-08 09:37:10;0.001
2026-05-08 09:37:26;0.001
2026-05-08 09:37:41;0.001
2026-05-08 09:37:56;0.001
2026-05-08 09:38:12;0.001
2026-05-08 09:38:27;0.001
2026-05-08 09:38:42;0.001
2026-05-08 09:38:58;0.001
2026-05-08 09:39:13;0.437
2026-05-08 09:39:28;0.001
2026-05-08 09:39:43;0.001
2026-05-08 09:39:59;0.001
2026-05-08 09:40:14;0.421
2026-05-08 09:40:30;0.001
2026-05-08 09:40:45;0.001
2026-05-08 09:41:00;0.001
2026-05-08 09:41:15;0.389
2026-05-08 09:41:31;0.349
2026-05-08 09:41:46;0.001
2026-05-08 09:42:02;0.396
2026-05-08 09:42:17;0.4
2026-05-08 09:42:32;0.001
2026-05-08 09:42:47;0.001
2026-05-08 09:43:03;0.001
2026-05-08 09:43:18;0.001
2026-05-08 09:43:34;0.001
2026-05-08 09:43:49;0.001
2026-05-08 09:44:04;0.397
2026-05-08 09:44:19;0.001
2026-05-08 09:44:35;0.001
2026-05-08 09:44:50;0.001
2026-05-08 09:45:05;0.001
2026-05-08 09:45:21;0.001
2026-05-08 09:45:36;0.001
2026-05-08 09:45:51;0.002
2026-05-08 09:46:07;0.001
2026-05-08 09:46:22;0.001
2026-05-08 09:46:37;0.001
2026-05-08 09:46:52;0.436
2026-05-08 09:47:08;0.001
2026-05-08 09:47:54;0.379
2026-05-08 09:48:09;0.001
2026-05-08 09:48:24;0.001
2026-05-08 09:48:40;0.001
2026-05-08 09:48:55;0.001
2026-05-08 09:49:10;0.001
2026-05-08 09:49:26;0.444
2026-05-08 09:49:41;0.001
2026-05-08 09:49:56;0.001
2026-05-08 09:50:12;0.001
2026-05-08 09:50:27;0.438
2026-05-08 09:50:42;0.001
2026-05-08 09:50:57;0.001
2026-05-08 09:51:13;0.001
2026-05-08 09:51:28;0.309
2026-05-08 09:51:44;0.001
2026-05-08 09:51:59;0.001
2026-05-08 09:52:14;0.001
2026-05-08 09:52:29;0.001
2026-05-08 09:52:47;0.001
2026-05-08 09:53:00;0.001
2026-05-08 09:53:16;0.41
2026-05-08 09:53:31;0.001
2026-05-08 09:53:46;0.001
2026-05-08 09:54:01;0.001
2026-05-08 09:54:17;0.001
2026-05-08 09:54:32;0.246
2026-05-08 09:54:48;0.001
2026-05-08 09:55:03;0.001
2026-05-08 09:55:18;0.282
2026-05-08 09:55:33;0.001
2026-05-08 09:55:48;0.001
2026-05-08 09:56:03;0.001
2026-05-08 09:56:18;0.001
2026-05-08 09:56:33;0.001
2026-05-08 09:56:48;0.001
2026-05-08 09:57:03;0.001
2026-05-08 09:57:18;0.001
2026-05-08 09:57:33;0.001
2026-05-08 09:57:48;0.001
2026-05-08 09:58:03;0.001
2026-05-08 09:58:18;0.001
2026-05-08 09:58:33;0.316
2026-05-08 09:58:48;0.001
2026-05-08 09:59:03;0.001
2026-05-08 09:59:18;0.001
2026-05-08 09:59:33;0.001
2026-05-08 09:59:48;0.001
2026-05-08 10:00:03;0.285
2026-05-08 10:00:18;0.001
2026-05-08 10:00:33;0.001
2026-05-08 10:00:48;0.001
2026-05-08 10:01:03;0.001
2026-05-08 10:01:18;0.001
2026-05-08 10:01:33;0.002
2026-05-08 10:01:48;0.001
2026-05-08 10:02:03;0.001
2026-05-08 10:02:18;0.001
2026-05-08 10:02:33;0.001
2026-05-08 10:02:48;0.001
2026-05-08 10:03:03;0.277
2026-05-08 10:03:18;0.001
2026-05-08 10:03:33;0.001
2026-05-08 10:03:48;0.001
2026-05-08 10:04:03;0.001
2026-05-08 10:04:18;0.001
2026-05-08 10:04:33;0.001
2026-05-08 10:04:48;0.245
2026-05-08 10:05:03;0.001
2026-05-08 10:05:18;0.309
2026-05-08 10:05:33;0.001
2026-05-08 10:05:48;0.001
2026-05-08 10:06:03;0.262
2026-05-08 10:06:18;0.001
2026-05-08 10:06:33;0.001
2026-05-08 10:06:48;0.278
2026-05-08 10:07:03;0.001
2026-05-08 10:07:18;0.001
2026-05-08 10:07:33;0.001
2026-05-08 10:07:48;0.001
2026-05-08 10:08:03;0.001
2026-05-08 10:08:18;0.001
2026-05-08 10:08:35;0.001
2026-05-08 10:08:48;0.001
2026-05-08 10:09:03;0.001
2026-05-08 10:09:18;0.001
2026-05-08 10:09:33;0.001
2026-05-08 10:09:48;0.001
2026-05-08 10:10:03;0.001
2026-05-08 10:10:18;0.42
2026-05-08 10:10:33;0.001
2026-05-08 10:10:48;0.001
2026-05-08 10:11:03;0.001
2026-05-08 10:11:18;0.001
2026-05-08 10:11:33;0.001
2026-05-08 10:11:48;0.001
2026-05-08 10:12:03;0.001
2026-05-08 10:12:18;0.001
2026-05-08 10:12:33;0.001
2026-05-08 10:12:48;0.001
2026-05-08 10:13:03;0.001
2026-05-08 10:13:18;0.001
2026-05-08 10:13:33;0.246
2026-05-08 10:13:48;0.001
2026-05-08 10:14:03;0.275
2026-05-08 10:14:18;0.001
2026-05-08 10:14:33;0.001
2026-05-08 10:14:48;0.001
2026-05-08 10:15:03;0.001
2026-05-08 10:15:19;0.001
2026-05-08 10:15:33;0.001
2026-05-08 10:15:48;0.001
2026-05-08 10:16:03;0.001
2026-05-08 10:16:18;0.001
2026-05-08 10:16:33;0.001
2026-05-08 10:16:48;0.319
2026-05-08 10:17:03;0.001
2026-05-08 10:17:18;0.001
2026-05-08 10:17:33;0.001
2026-05-08 10:17:48;0.386
2026-05-08 10:18:03;0.001
2026-05-08 10:18:18;0.349
2026-05-08 10:18:33;0.001
2026-05-08 10:18:48;0.001
2026-05-08 10:19:03;0.001
2026-05-08 10:19:19;0.001
2026-05-08 10:19:33;0.336
2026-05-08 10:19:49;0.001
2026-05-08 10:20:03;0.001
2026-05-08 10:20:18;0.001
2026-05-08 10:20:33;0.242
2026-05-08 10:20:48;0.001
2026-05-08 10:21:03;0.001
2026-05-08 10:21:18;0.001
2026-05-08 10:21:33;0.001
2026-05-08 10:21:48;0.001
2026-05-08 10:22:03;0.242
2026-05-08 10:22:18;0.001
2026-05-08 10:22:35;0.233
2026-05-08 10:22:48;0.001
2026-05-08 10:23:03;0.001
2026-05-08 10:23:18;0.001
2026-05-08 10:23:33;0.001
2026-05-08 10:23:48;0.001
2026-05-08 10:24:03;0.002
2026-05-08 10:24:18;0.25
2026-05-08 10:24:33;0.001
2026-05-08 10:24:48;0.001
2026-05-08 10:25:04;0.001
2026-05-08 10:25:19;0.001
2026-05-08 10:25:34;0.001
2026-05-08 10:25:48;0.274
2026-05-08 10:26:04;0.001
2026-05-08 10:26:19;0.154
2026-05-08 10:26:34;0.001
2026-05-08 10:26:48;0.001
2026-05-08 10:27:04;0.001
2026-05-08 10:27:19;0.001
2026-05-08 10:27:34;0.001
2026-05-08 10:27:49;0.001
2026-05-08 10:28:04;0.001
2026-05-08 10:28:19;0.354
2026-05-08 10:28:34;0.001
2026-05-08 10:28:49;0.001
2026-05-08 10:29:04;0.001
2026-05-08 10:29:19;0.001
2026-05-08 10:29:34;0.002
2026-05-08 10:29:49;0.001
2026-05-08 10:30:04;0.001
2026-05-08 10:30:19;0.001
2026-05-08 10:30:34;0.001
2026-05-08 10:30:49;0.001
2026-05-08 10:31:04;0.001
2026-05-08 10:31:19;0.001
2026-05-08 10:31:34;0.001
2026-05-08 10:31:49;0.001
2026-05-08 10:32:05;0.001
2026-05-08 10:32:19;0.001
2026-05-08 10:32:34;0.001
2026-05-08 10:32:49;0.001
2026-05-08 10:33:06;0.001
2026-05-08 10:33:19;0.001
2026-05-08 10:33:34;0.001
2026-05-08 10:33:49;0.366
2026-05-08 10:34:04;0.001
2026-05-08 10:34:19;0.001
2026-05-08 10:34:34;0.001
2026-05-08 10:34:49;0.001
2026-05-08 10:35:04;0.001
2026-05-08 10:35:19;0.001
2026-05-08 10:35:34;0.001
2026-05-08 10:35:50;0.002
2026-05-08 18:22:48;nan
2026-05-08 18:23:03;nan
2026-05-08 18:23:19;nan
2026-05-08 18:23:34;nan
2026-05-08 18:23:50;nan
2026-05-08 18:24:05;nan
2026-05-08 18:24:21;nan
2026-05-13 08:23:28;nan
2026-05-13 08:23:44;nan
2026-05-13 08:23:59;nan
2026-05-13 08:24:15;nan
2026-05-13 08:24:30;nan
2026-05-13 08:24:46;nan
2026-05-13 08:51:32;0.0
2026-05-13 08:51:47;0.0
2026-05-13 08:52:02;0.0
2026-05-13 08:52:17;0.0
2026-05-13 08:52:32;0.0
2026-05-13 08:52:47;0.0
2026-05-13 08:53:02;0.0
2026-05-13 08:53:17;0.0
2026-05-13 08:53:32;0.0
2026-05-13 08:53:48;0.0
2026-05-13 08:54:02;0.0
2026-05-13 12:20:32;0.515
2026-05-13 12:20:47;0.549
2026-05-13 12:21:02;0.0
2026-05-13 12:21:17;0.001
2026-05-13 12:21:33;0.581
2026-05-13 12:21:47;0.594
2026-05-13 12:22:03;0.586
2026-05-13 12:22:18;0.001
2026-05-13 12:22:33;0.589
2026-05-13 12:22:48;0.0
2026-05-13 12:23:03;0.0
2026-05-13 12:23:18;0.493
2026-05-13 12:23:33;0.409
2026-05-13 12:23:48;0.595
2026-05-13 12:24:03;0.001
2026-05-13 12:24:18;0.0
2026-05-13 12:24:33;0.0
2026-05-13 12:24:48;0.0
2026-05-13 12:25:03;0.0
2026-05-13 12:25:18;0.031
2026-05-13 12:25:33;0.0
2026-05-13 12:25:48;0.573
2026-05-13 12:26:03;0.0
2026-05-13 12:26:18;0.0
2026-05-13 12:26:33;0.0
2026-05-13 12:26:49;0.617
2026-05-13 12:27:03;0.0
2026-05-13 12:27:18;0.002
2026-05-13 12:27:33;0.0
2026-05-13 12:27:48;0.0
2026-05-13 12:28:03;0.0
2026-05-13 12:28:18;0.0
2026-05-13 12:28:33;0.0
2026-05-13 12:28:48;0.0
2026-05-13 12:29:03;1.42
2026-05-13 12:29:18;0.0
2026-05-13 12:29:33;0.001
2026-05-13 12:29:48;1.389
2026-05-13 12:30:03;0.0
2026-05-13 12:30:18;0.001
2026-05-13 12:30:42;0.0
2026-05-13 12:30:48;0.0
2026-05-13 12:31:04;0.0
2026-05-13 12:31:19;1.347
2026-05-13 12:31:34;0.0
2026-05-13 12:31:49;0.0
2026-05-13 12:32:05;0.0
2026-05-13 12:32:20;0.0
2026-05-13 12:32:35;0.0
2026-05-13 12:32:51;1.358
2026-05-13 12:33:06;0.001
2026-05-13 12:33:21;0.0
2026-05-13 12:33:36;0.0
2026-05-13 12:33:52;0.0
2026-05-13 12:34:07;0.0
2026-05-13 12:34:23;0.001
2026-05-13 12:34:38;0.0
2026-05-13 12:34:53;0.0
2026-05-13 12:35:08;0.0
2026-05-13 12:35:24;0.0
2026-05-13 12:35:39;0.0
2026-05-13 12:35:54;1.239
2026-05-13 12:36:09;0.0
2026-05-13 12:36:25;0.0
2026-05-13 12:36:40;0.0
2026-05-13 12:36:56;0.0
2026-05-13 12:37:11;0.001
2026-05-13 12:37:26;0.198
2026-05-13 12:37:41;0.0
2026-05-13 12:37:57;0.0
2026-05-13 12:38:12;1.103
2026-05-13 12:38:27;0.0
2026-05-13 12:38:42;0.0
2026-05-13 12:38:58;0.0
2026-05-13 12:39:13;0.0
2026-05-13 12:39:30;0.0
2026-05-13 12:39:43;0.0
2026-05-13 12:39:59;0.0
2026-05-13 12:40:14;0.0
2026-05-13 12:40:29;0.0
2026-05-13 12:40:44;0.0
2026-05-13 12:41:00;0.0
2026-05-13 12:41:15;1.233
2026-05-13 12:41:31;0.0
2026-05-13 12:41:46;0.0
2026-05-13 12:42:01;1.228
2026-05-13 12:42:16;0.0
2026-05-13 12:42:32;0.0
2026-05-13 12:42:47;1.308
2026-05-13 12:43:02;0.0
2026-05-13 12:43:17;0.0
2026-05-13 12:43:33;0.0
2026-05-13 12:43:48;0.0
2026-05-13 12:44:03;0.0
2026-05-13 12:44:18;0.0
2026-05-13 12:44:34;0.0
2026-05-13 12:44:49;0.0
2026-05-13 12:45:04;1.136
2026-05-13 12:45:19;0.0
2026-05-13 12:45:35;1.189
2026-05-13 12:45:50;0.0
2026-05-13 12:46:05;0.0
2026-05-13 12:46:25;0.0
2026-05-13 12:46:36;0.0
2026-05-13 12:46:54;0.0
2026-05-13 12:47:06;0.0
2026-05-13 12:47:21;0.787
2026-05-13 12:47:37;0.0
2026-05-13 12:47:52;0.0
2026-05-13 12:48:07;0.0
2026-05-13 12:48:22;0.311
2026-05-13 12:48:38;0.618
2026-05-13 12:48:53;0.0
2026-05-13 12:49:08;0.0
2026-05-13 12:49:23;0.0
2026-05-13 12:49:39;0.0
2026-05-13 12:49:54;0.0
2026-05-13 12:50:09;0.0
2026-05-13 12:50:24;0.0
2026-05-13 12:50:40;0.524
2026-05-13 12:50:55;0.0
2026-05-13 12:51:10;0.0
2026-05-13 12:51:25;0.0
2026-05-13 12:51:41;0.0
2026-05-13 12:51:56;0.0
2026-05-13 12:52:11;0.987
2026-05-13 12:52:26;0.0
2026-05-13 12:52:42;1.204
2026-05-13 12:52:57;0.0
2026-05-13 12:53:13;0.0
2026-05-13 12:53:28;0.0
2026-05-13 12:53:43;0.0
2026-05-13 12:53:58;0.225
2026-05-13 12:54:13;0.0
2026-05-13 12:54:28;0.0
2026-05-13 12:54:44;0.0
2026-05-13 12:54:59;0.0
2026-05-13 12:55:15;0.0
2026-05-13 12:55:30;0.043
2026-05-13 12:55:45;0.346
2026-05-13 12:56:00;0.346
2026-05-13 12:56:16;0.005
2026-05-13 12:56:31;0.0
2026-05-13 12:56:46;0.277
2026-05-13 12:57:01;0.0
2026-05-13 12:57:17;0.0
2026-05-13 12:57:32;0.0
2026-05-13 12:57:47;0.0
2026-05-13 12:58:02;0.0
2026-05-13 12:58:18;1.104
2026-05-13 12:58:33;0.0
2026-05-13 12:58:48;0.0
2026-05-13 12:59:03;0.0
2026-05-13 12:59:19;0.0
2026-05-13 12:59:34;0.0
2026-05-13 12:59:49;0.0
2026-05-13 13:00:04;0.0
2026-05-13 13:00:20;0.0
2026-05-13 13:00:35;0.0
2026-05-13 13:00:51;0.0
2026-05-13 13:01:06;0.373
2026-05-13 13:01:21;0.0
2026-05-13 13:01:36;0.0
2026-05-13 13:01:52;0.0
2026-05-13 13:02:07;0.281
2026-05-13 13:02:22;0.277
2026-05-13 13:02:37;0.27
2026-05-13 13:02:53;0.035
2026-05-13 13:03:08;0.0
2026-05-13 13:03:23;0.076
2026-05-13 13:03:38;0.271
2026-05-13 13:03:54;0.273
2026-05-13 13:04:09;0.0
2026-05-13 13:04:25;0.0
2026-05-13 13:04:40;0.267
2026-05-13 13:04:55;0.0
2026-05-13 13:05:10;0.313
2026-05-13 13:05:26;0.0
2026-05-13 13:05:43;0.122
2026-05-13 13:05:57;0.0
2026-05-13 13:06:12;0.305
2026-05-13 13:06:27;0.0
2026-05-13 13:06:42;0.0
2026-05-13 13:06:58;0.299
2026-05-13 13:07:13;0.276
2026-05-13 13:07:28;0.277
2026-05-13 13:07:43;0.301
2026-05-13 13:07:59;0.299
2026-05-13 13:08:14;0.298
2026-05-13 13:08:30;0.099
2026-05-13 13:08:45;0.034
2026-05-13 13:09:00;0.0
2026-05-13 13:09:15;0.0
2026-05-13 13:09:31;0.278
2026-05-13 13:09:46;0.295
2026-05-13 13:10:02;0.286
2026-05-13 13:10:24;0.0
2026-05-13 13:10:32;0.0
2026-05-13 13:10:47;0.24
2026-05-13 13:11:04;0.258
2026-05-13 13:11:17;0.083
2026-05-13 13:11:38;0.252
2026-05-13 13:11:54;0.233
2026-05-13 13:12:04;0.229
2026-05-13 13:12:17;0.001
2026-05-13 13:12:32;0.235
2026-05-13 13:12:47;0.247
2026-05-13 13:13:02;0.246
2026-05-13 13:13:17;0.0
2026-05-13 13:13:32;0.21
2026-05-13 13:13:47;0.151
2026-05-13 13:14:02;0.233
2026-05-13 13:14:17;0.231
2026-05-13 13:14:32;0.229
2026-05-13 13:14:47;0.0
2026-05-13 13:15:02;0.226
2026-05-13 13:15:17;0.229
2026-05-13 13:15:32;0.0
2026-05-13 13:15:47;0.233
2026-05-13 13:16:02;0.166
2026-05-13 13:16:17;0.24
2026-05-13 13:16:32;0.25
2026-05-13 13:16:47;0.0
2026-05-13 13:17:02;0.287
2026-05-13 13:17:17;0.262
2026-05-13 13:17:32;0.017
2026-05-13 13:17:47;0.29
2026-05-13 13:18:02;0.282
2026-05-13 13:18:17;0.278
2026-05-13 13:18:32;0.06
2026-05-13 13:18:53;0.284
2026-05-13 13:19:02;0.0
2026-05-13 13:19:23;0.197
2026-05-13 13:19:45;0.0
2026-05-13 13:20:04;0.265
2026-05-13 13:20:16;0.0
2026-05-13 13:20:30;0.246
2026-05-13 13:20:45;0.239
2026-05-13 13:21:00;0.235
2026-05-13 13:21:15;0.242
2026-05-13 13:21:30;0.0
2026-05-13 13:21:45;0.0
2026-05-13 13:22:00;0.014
2026-05-13 13:22:15;0.303
2026-05-13 13:22:30;0.0
2026-05-13 13:22:45;0.0
2026-05-13 13:23:00;0.393
2026-05-13 13:23:15;0.0
2026-05-13 13:23:33;0.0
2026-05-13 13:23:45;0.398
2026-05-13 13:24:00;0.0
2026-05-13 13:24:15;0.19
2026-05-13 13:24:30;0.265
2026-05-13 13:24:45;0.0
2026-05-13 13:25:00;0.237
2026-05-13 13:25:15;0.212
2026-05-13 13:25:30;0.206
2026-05-13 13:25:45;0.221
2026-05-13 13:26:00;0.217
2026-05-13 13:26:15;0.0
2026-05-13 13:26:30;0.21
2026-05-13 13:26:45;0.208
2026-05-13 13:27:01;0.191
2026-05-13 13:27:16;0.22
2026-05-13 13:27:31;0.0
2026-05-13 13:27:46;0.259
2026-05-13 13:28:01;0.27
2026-05-13 13:28:16;0.314
2026-05-13 13:28:31;0.341
2026-05-13 13:28:46;0.0
2026-05-13 13:29:01;0.0
2026-05-13 13:29:16;0.0
2026-05-13 13:29:31;0.36
2026-05-13 13:29:46;0.0
2026-05-13 13:30:01;0.34
2026-05-13 13:30:16;0.163
2026-05-13 13:30:31;0.0
2026-05-13 13:30:46;0.0
2026-05-13 13:31:01;0.0
2026-05-13 13:31:16;0.298
2026-05-13 13:31:31;0.168
2026-05-13 13:31:46;0.295
2026-05-13 13:32:01;0.282
2026-05-13 13:32:16;0.294
2026-05-13 13:32:31;0.001
2026-05-13 13:32:46;0.0
2026-05-13 13:33:01;0.0
2026-05-13 13:33:16;0.137
2026-05-13 13:33:31;0.0
2026-05-13 13:33:46;0.304
2026-05-13 13:34:01;0.0
2026-05-13 13:34:16;0.0
2026-05-13 13:34:46;0.296
2026-05-13 13:35:01;0.3
2026-05-13 13:35:16;0.276
2026-05-13 13:35:32;0.14
2026-05-13 13:35:46;0.001
2026-05-13 13:36:02;0.16
2026-05-13 13:36:17;0.423
2026-05-13 13:36:32;0.0
2026-05-13 13:36:47;0.0
2026-05-13 13:37:04;0.001
2026-05-13 13:37:17;0.0
2026-05-13 13:37:32;0.0
2026-05-13 13:37:47;0.0
2026-05-13 13:38:02;0.0
2026-05-13 13:38:17;0.0
2026-05-13 13:38:32;0.536
2026-05-13 13:38:47;0.0
2026-05-13 13:39:02;0.16
2026-05-13 13:39:17;0.358
2026-05-13 13:39:32;0.0
2026-05-13 13:39:47;0.338
2026-05-13 13:40:02;0.0
2026-05-13 13:40:17;0.356
2026-05-13 13:40:33;0.334
2026-05-13 13:40:47;0.336
2026-05-13 13:41:02;0.361
2026-05-13 13:41:17;0.0
2026-05-13 13:41:32;0.0
2026-05-13 13:41:47;0.0
2026-05-13 13:42:02;0.0
2026-05-13 13:42:17;0.371
2026-05-13 13:42:32;0.001
2026-05-13 13:42:47;0.0
2026-05-13 13:43:02;0.0
2026-05-13 13:43:17;0.415
2026-05-13 13:43:32;0.001
2026-05-13 13:43:47;0.0
2026-05-13 13:44:02;0.028
2026-05-13 13:44:17;0.383
2026-05-13 13:44:32;0.0
2026-05-13 13:44:47;0.0
2026-05-13 13:45:02;0.407
2026-05-13 13:45:18;0.0
2026-05-13 13:45:32;0.066
2026-05-13 13:45:47;0.0
2026-05-13 13:46:02;0.0
2026-05-13 13:46:17;0.405
2026-05-13 13:46:34;0.0
2026-05-13 13:46:47;0.429
2026-05-13 13:47:02;0.0
2026-05-13 13:47:17;0.567
2026-05-13 13:47:33;0.539
2026-05-13 13:47:48;1.058
2026-05-13 13:48:03;0.0
2026-05-13 13:48:18;0.0
2026-05-13 13:48:33;0.0
2026-05-13 13:48:49;0.0
2026-05-13 13:49:03;1.154
2026-05-13 13:49:18;0.0
2026-05-13 13:49:33;0.0
2026-05-13 13:49:48;0.001
2026-05-13 13:50:03;0.902
2026-05-13 13:50:18;0.0
2026-05-13 13:50:33;0.001
2026-05-13 13:50:48;0.339
2026-05-13 13:51:03;0.302
2026-05-13 13:51:18;0.225
2026-05-13 13:51:33;0.001
2026-05-13 13:51:48;0.028
2026-05-13 13:52:03;0.305
2026-05-13 13:52:18;0.304
2026-05-13 13:52:33;0.273
2026-05-13 13:52:48;0.301
2026-05-13 13:53:03;0.301
2026-05-13 13:53:18;0.305
2026-05-13 13:53:33;0.287
2026-05-13 13:53:48;0.0
2026-05-13 13:54:03;0.313
2026-05-13 13:54:18;0.317
2026-05-13 13:54:33;0.0
2026-05-13 13:54:48;0.0
2026-05-13 13:55:03;0.0
2026-05-13 13:55:18;0.332
2026-05-13 13:55:33;0.34
2026-05-13 13:55:48;0.0
2026-05-13 13:56:03;0.227
2026-05-13 13:56:20;0.0
2026-05-13 13:56:37;0.375
2026-05-13 13:56:48;0.381
2026-05-13 13:57:03;0.388
2026-05-13 13:57:18;0.0
2026-05-13 13:57:33;0.4
2026-05-13 13:57:48;0.398
2026-05-13 13:58:03;0.0
2026-05-13 13:58:18;0.421
2026-05-13 13:58:33;0.425
2026-05-13 13:58:48;0.0
2026-05-13 13:59:03;0.0
2026-05-13 13:59:18;0.0
2026-05-13 13:59:33;0.417
2026-05-13 13:59:48;0.429
2026-05-13 14:00:03;0.464
2026-05-13 14:00:18;0.0
2026-05-13 14:00:33;0.005
2026-05-13 14:00:48;0.502
2026-05-13 14:01:03;0.0
2026-05-13 14:01:18;0.0
2026-05-13 14:01:33;0.0
2026-05-13 14:01:48;0.0
2026-05-13 14:02:03;0.0
2026-05-13 14:02:18;1.154
2026-05-13 14:02:33;0.0
2026-05-13 14:02:48;0.0
2026-05-13 14:03:03;0.0
2026-05-13 14:03:19;0.0
2026-05-13 14:03:34;0.0
2026-05-13 14:03:50;0.0
2026-05-13 14:04:05;0.001
2026-05-13 14:04:20;1.125
2026-05-13 14:04:35;0.0
2026-05-13 14:04:51;0.0
2026-05-13 14:05:06;0.0
2026-05-13 14:05:22;0.0
2026-05-13 14:05:37;0.0
2026-05-13 14:05:52;0.697
2026-05-13 14:06:07;0.0
2026-05-13 14:06:23;0.0
2026-05-13 14:06:38;0.0
2026-05-13 14:06:54;0.0
2026-05-13 14:07:09;0.0
2026-05-13 14:07:24;1.156
2026-05-13 14:07:39;0.0
2026-05-13 14:07:55;0.881
2026-05-13 14:08:10;0.0
2026-05-13 14:09:14;0.0
2026-05-13 14:09:29;0.001
2026-05-13 14:09:45;0.552
2026-05-13 14:10:00;0.001
2026-05-13 14:10:15;0.185
2026-05-13 14:10:30;0.568
2026-05-13 14:10:45;0.678
2026-05-13 14:11:01;0.405
2026-05-13 14:11:16;0.0
2026-05-13 14:11:31;0.0
2026-05-13 14:11:47;0.0
2026-05-13 14:12:02;0.482
2026-05-13 14:12:17;0.471
2026-05-13 14:12:37;0.001
2026-05-13 14:12:48;0.0
2026-05-13 14:13:03;0.455
2026-05-13 14:13:18;0.456
2026-05-13 14:13:33;0.0
2026-05-13 14:13:49;0.0
2026-05-13 14:14:04;0.0
2026-05-13 14:14:20;0.0
2026-05-13 14:14:35;0.469
2026-05-13 14:14:50;0.0
2026-05-13 14:15:05;0.396
2026-05-13 14:15:21;0.0
2026-05-13 14:15:36;0.45
2026-05-13 14:15:52;0.0
2026-05-13 14:16:07;0.397
2026-05-13 14:16:22;0.0
2026-05-13 14:16:37;0.0
2026-05-13 14:16:53;0.399
2026-05-13 14:17:08;0.394
2026-05-13 14:17:24;0.0
2026-05-13 14:17:39;0.389
2026-05-13 14:17:54;0.386
2026-05-13 14:18:09;0.36
2026-05-13 14:18:25;0.386
2026-05-13 14:18:40;0.359
2026-05-13 14:18:55;0.384
2026-05-13 14:19:11;0.381
2026-05-13 14:19:25;0.38
2026-05-13 14:19:41;0.38
2026-05-13 14:19:56;0.0
2026-05-13 14:20:11;0.033
2026-05-13 14:20:26;0.367
2026-05-13 14:20:41;0.359
2026-05-13 14:20:56;0.373
2026-05-13 14:21:11;0.397
2026-05-13 14:21:26;0.408
2026-05-13 14:21:41;0.419
2026-05-13 14:21:56;0.0
2026-05-13 14:22:11;0.401
2026-05-13 14:22:26;0.428
2026-05-13 14:22:41;0.407
2026-05-13 14:23:26;0.014
2026-05-13 14:23:28;0.461
2026-05-13 14:23:46;0.447
2026-05-13 14:24:07;0.024
2026-05-13 14:24:13;0.011
2026-05-13 14:24:28;0.0
2026-05-13 14:24:43;0.0
2026-05-13 14:24:58;0.0
2026-05-13 14:25:13;1.092
2026-05-13 14:25:28;0.0
2026-05-13 14:25:43;1.161
2026-05-13 14:25:58;0.167
2026-05-13 14:26:13;0.0
2026-05-13 14:26:29;0.0
2026-05-13 14:26:44;1.129
2026-05-13 14:26:59;0.0
2026-05-13 14:27:14;0.001
2026-05-13 14:27:30;0.0
2026-05-13 14:27:45;0.0
2026-05-13 14:28:00;0.0
2026-05-13 14:28:15;1.175
2026-05-13 14:28:31;0.525
2026-05-13 14:28:46;0.0
2026-05-13 14:29:02;0.0
2026-05-13 14:29:17;0.0
2026-05-13 14:29:32;0.001
2026-05-13 14:29:47;0.0
2026-05-13 14:30:03;1.094
2026-05-13 14:30:18;0.0
2026-05-13 14:30:34;1.08
2026-05-13 14:30:49;1.075
2026-05-13 14:31:04;0.967
2026-05-13 14:31:19;0.0
2026-05-13 14:31:35;0.0
2026-05-13 14:31:50;0.0
2026-05-13 14:32:06;0.001
2026-05-13 14:32:20;0.0
2026-05-13 14:32:36;0.0
2026-05-13 14:32:51;0.0
2026-05-13 14:33:07;1.069
2026-05-13 14:33:22;0.0
2026-05-13 14:33:39;0.0
2026-05-13 14:33:53;0.001
2026-05-13 14:34:08;0.0
2026-05-13 14:34:23;1.021
2026-05-13 14:34:39;1.066
2026-05-13 14:34:54;0.391
2026-05-13 14:35:09;0.0
2026-05-13 14:35:24;0.001
2026-05-13 14:35:40;0.408
2026-05-13 14:35:55;0.002
2026-05-13 14:36:10;0.375
2026-05-13 14:36:25;0.42
2026-05-13 14:36:41;0.0
2026-05-13 14:36:56;0.0
2026-05-13 14:37:12;0.518
2026-05-13 14:37:27;0.553
2026-05-13 14:37:42;0.0
2026-05-13 14:37:57;0.749
2026-05-13 14:38:13;0.001
2026-05-13 14:38:28;0.0
2026-05-13 14:38:44;0.0
2026-05-13 14:38:59;0.0
2026-05-13 14:39:14;0.588
2026-05-13 14:39:29;0.709
2026-05-13 14:39:45;0.0
2026-05-13 14:40:00;0.383
2026-05-13 14:40:15;0.359
2026-05-13 14:40:30;0.341
2026-05-13 14:40:46;0.325
2026-05-13 14:41:01;0.314
2026-05-13 14:41:17;0.299
2026-05-13 14:41:32;0.282
2026-05-13 14:41:47;0.271
2026-05-13 14:42:02;0.259
2026-05-13 14:42:18;0.254
2026-05-13 14:42:33;0.252
2026-05-13 14:42:49;0.248
2026-05-13 14:43:04;0.244
2026-05-13 14:43:19;0.239
2026-05-13 14:43:34;0.236
2026-05-13 14:43:50;0.236
2026-05-13 14:44:05;0.238
2026-05-13 14:44:20;0.239
2026-05-13 14:44:35;0.241
2026-05-13 14:44:50;0.242
2026-05-13 14:45:05;0.242
2026-05-13 14:45:20;0.242
2026-05-13 14:45:35;0.239
2026-05-13 14:45:50;0.235
2026-05-13 14:46:05;0.232
2026-05-13 14:46:20;0.229
2026-05-13 14:46:35;0.227
2026-05-13 14:46:50;0.225
2026-05-13 14:47:05;0.221
2026-05-13 14:47:20;0.217
2026-05-13 14:47:36;0.215
2026-05-13 14:47:50;0.214
2026-05-13 14:48:05;0.212
2026-05-13 14:48:20;0.208
2026-05-13 14:48:35;0.204
2026-05-13 14:48:50;0.198
2026-05-13 14:49:05;0.192
2026-05-13 14:49:20;0.186
2026-05-13 14:49:35;0.182
2026-05-13 14:49:50;0.178
2026-05-13 14:50:05;0.174
2026-05-13 14:50:20;0.171
2026-05-13 14:50:35;0.169
2026-05-13 14:50:50;0.168
2026-05-13 14:51:05;0.169
2026-05-13 14:51:20;0.169
2026-05-13 14:51:35;0.169
2026-05-13 14:51:51;0.169
2026-05-13 14:52:05;0.169
2026-05-13 14:52:21;0.169
2026-05-13 14:52:36;0.169
2026-05-13 14:52:51;0.169
2026-05-13 14:53:06;0.171
2026-05-13 14:53:21;0.173
2026-05-13 14:53:36;0.177
2026-05-13 14:53:51;0.181
2026-05-13 14:54:06;0.186
2026-05-13 14:54:21;0.19
2026-05-13 14:54:36;0.193
2026-05-13 14:54:51;0.196
2026-05-13 14:55:06;0.2
2026-05-13 14:55:22;0.203
2026-05-13 14:55:36;0.206
2026-05-13 14:55:51;0.207
2026-05-13 14:56:06;0.209
2026-05-13 14:56:21;0.211
2026-05-13 14:56:36;0.213
2026-05-13 14:56:51;0.213
2026-05-13 14:57:06;0.211
2026-05-13 14:57:23;0.208
2026-05-13 14:57:36;0.207
2026-05-13 14:57:51;0.208
2026-05-13 14:58:06;0.21
2026-05-13 14:58:22;0.212
2026-05-13 14:58:37;0.214
2026-05-13 14:58:51;0.215
2026-05-13 14:59:06;0.215
2026-05-13 14:59:22;0.216
2026-05-13 14:59:37;0.216
2026-05-13 14:59:52;0.215
2026-05-13 15:00:07;0.213
2026-05-13 15:00:22;0.21
2026-05-13 15:00:37;0.208
2026-05-13 15:00:52;0.206
2026-05-13 15:01:07;0.205
2026-05-13 15:01:22;0.2
2026-05-13 15:01:37;0.195
2026-05-13 15:01:52;0.191
2026-05-13 15:02:07;0.189
2026-05-13 15:02:22;0.187
2026-05-13 15:02:37;0.186
2026-05-13 15:02:52;0.184
2026-05-13 15:03:07;0.182
2026-05-13 15:03:22;0.18
2026-05-13 15:03:37;0.178
2026-05-13 15:03:52;0.173
2026-05-13 15:04:07;0.169
2026-05-13 15:04:23;0.165
2026-05-13 15:04:38;0.163
2026-05-13 15:04:53;0.161
2026-05-13 15:05:08;0.159
2026-05-13 15:05:23;0.157
2026-05-13 15:05:38;0.157
2026-05-13 15:05:53;0.157
2026-05-13 15:06:08;0.158
2026-05-13 15:06:23;0.158
2026-05-13 15:06:38;0.159
2026-05-13 15:06:53;0.158
2026-05-13 15:07:08;0.159
2026-05-13 15:07:23;0.16
2026-05-13 15:07:38;0.161
2026-05-13 15:07:55;0.161
2026-05-13 15:08:08;0.161
2026-05-13 15:08:23;0.163
2026-05-13 15:08:38;0.164
2026-05-13 15:08:53;0.166
2026-05-13 15:09:09;0.168
2026-05-13 15:09:23;0.17
2026-05-13 15:09:39;0.171
2026-05-13 15:09:54;0.17
2026-05-13 15:10:09;0.167
2026-05-13 15:10:24;0.165
2026-05-13 15:10:39;0.163
2026-05-13 15:10:54;0.159
2026-05-13 15:11:09;0.155
2026-05-13 15:11:24;0.15
2026-05-13 15:11:41;0.145
2026-05-13 15:11:54;0.141
2026-05-13 15:12:09;0.137
2026-05-13 15:12:24;0.133
2026-05-13 15:12:39;0.13
2026-05-13 15:12:54;0.127
2026-05-13 15:13:09;0.126
2026-05-13 15:13:24;0.124
2026-05-13 15:13:39;0.123
2026-05-13 15:13:54;0.12
2026-05-13 15:14:09;0.118
2026-05-13 15:14:25;0.116
2026-05-13 15:14:39;0.115
2026-05-13 15:14:55;0.114
2026-05-13 15:15:10;0.112
2026-05-13 15:15:25;0.111
2026-05-13 15:15:40;0.109
2026-05-13 15:15:55;0.0
2026-05-13 15:16:10;0.108
2026-05-13 15:16:25;0.107
2026-05-13 15:16:40;0.105
2026-05-13 15:16:55;0.105
2026-05-13 15:17:10;0.105
2026-05-13 15:17:25;0.104
2026-05-13 15:17:40;0.104
2026-05-13 15:17:55;0.104
2026-05-13 15:18:10;0.103
2026-05-13 15:18:25;0.103
2026-05-13 15:18:40;0.104
2026-05-13 15:18:55;0.104
2026-05-13 15:19:10;0.104
2026-05-13 15:19:25;0.104
2026-05-13 15:19:41;0.103
2026-05-13 15:19:56;0.102
2026-05-13 15:20:11;0.101
2026-05-13 15:20:26;0.101
2026-05-13 15:20:41;0.1
2026-05-13 15:20:56;0.1
2026-05-13 15:21:11;0.099
2026-05-13 15:21:26;0.098
2026-05-13 15:21:41;0.097
2026-05-13 15:21:56;0.097
2026-05-13 15:22:11;0.096
2026-05-13 15:22:26;0.095
2026-05-13 15:22:42;0.095
2026-05-13 15:22:56;0.095
2026-05-13 15:23:11;0.096
2026-05-13 15:23:26;0.096
2026-05-13 15:23:41;0.097
2026-05-13 15:23:56;0.098
2026-05-13 15:24:11;0.097
2026-05-13 15:24:26;0.097
2026-05-13 15:24:42;0.097
2026-05-13 15:24:57;0.099
2026-05-13 15:25:12;0.102
2026-05-13 15:25:27;0.103
2026-05-13 15:25:42;0.104
2026-05-13 15:25:57;0.106
2026-05-13 15:26:12;0.109
2026-05-13 15:26:27;0.114
2026-05-13 15:26:42;0.122
2026-05-13 15:26:57;0.129
2026-05-13 15:27:12;0.133
2026-05-13 15:27:28;0.134
2026-05-13 15:27:43;0.134
2026-05-13 15:27:58;0.134
2026-05-13 15:28:12;0.134
2026-05-13 15:28:27;0.135
2026-05-13 15:28:42;0.138
2026-05-13 15:28:57;0.142
2026-05-13 15:29:12;0.146
2026-05-13 15:29:28;0.154
2026-05-13 15:29:43;0.169
2026-05-13 15:29:58;0.187
2026-05-13 15:30:13;0.2
2026-05-13 15:30:28;0.214
2026-05-13 15:30:43;0.221
2026-05-13 15:30:58;0.228
2026-05-13 15:31:13;0.252
2026-05-13 15:31:28;0.25
2026-05-13 15:31:43;0.236
2026-05-13 15:31:58;0.226
2026-05-13 15:32:13;0.223
2026-05-13 15:32:28;0.22
2026-05-13 15:32:43;0.217
2026-05-13 15:32:58;0.213
2026-05-13 15:33:13;0.208
2026-05-13 15:33:28;0.205
2026-05-13 15:33:43;0.204
2026-05-13 15:33:58;0.203
2026-05-13 15:34:13;0.203
2026-05-13 15:34:28;0.204
2026-05-13 15:34:44;0.202
2026-05-13 15:34:59;0.196
2026-05-13 15:35:14;0.189
2026-05-13 15:35:29;0.183
2026-05-13 15:35:44;0.176
2026-05-13 15:35:59;0.165
2026-05-13 15:36:14;0.154
2026-05-13 15:36:31;0.144
2026-05-13 15:36:44;0.137
2026-05-13 15:36:59;0.129
2026-05-13 15:37:14;0.124
2026-05-13 15:37:29;0.12
2026-05-13 15:37:44;0.118
2026-05-13 15:37:59;0.116
2026-05-13 15:38:14;0.114
2026-05-13 15:38:29;0.111
2026-05-13 15:38:44;0.11
2026-05-13 15:38:59;0.107
2026-05-13 15:39:14;0.103
2026-05-13 15:39:29;0.098
2026-05-13 15:39:45;0.093
2026-05-13 15:40:00;0.089
2026-05-13 15:40:15;0.085
2026-05-13 15:40:30;0.082
2026-05-13 15:40:45;0.079
2026-05-13 15:41:00;0.077
2026-05-13 15:41:15;0.075
2026-05-13 15:41:30;0.074
2026-05-13 15:41:45;0.073
2026-05-13 15:42:00;0.072
2026-05-13 15:42:15;0.072
2026-05-13 15:42:30;0.072
2026-05-13 15:42:50;0.072
2026-05-13 15:43:01;0.072
2026-05-13 15:43:15;0.072
2026-05-13 15:43:30;0.072
2026-05-13 15:43:45;0.071
2026-05-13 15:44:00;0.071
2026-05-13 15:44:15;0.071
2026-05-13 15:44:31;0.071
2026-05-13 15:44:46;0.072
2026-05-13 15:45:01;0.072
2026-05-13 15:45:16;0.072
2026-05-13 15:45:31;0.072
2026-05-13 15:45:46;0.072
2026-05-13 15:46:01;0.072
2026-05-13 15:46:16;0.072
2026-05-13 15:46:31;0.072
2026-05-13 15:46:46;0.072
2026-05-13 15:47:01;0.072
2026-05-13 15:47:16;0.072
2026-05-13 15:47:31;0.072
2026-05-13 15:47:46;0.073
2026-05-13 15:48:04;0.073
2026-05-13 15:48:16;0.074
2026-05-13 15:48:31;0.075
2026-05-13 15:48:46;0.075
2026-05-13 15:49:02;0.076
2026-05-13 15:49:17;0.075
2026-05-13 15:49:34;0.074
2026-05-13 15:49:47;0.073
2026-05-13 15:50:02;0.074
2026-05-13 15:50:17;0.074
2026-05-13 15:50:32;0.076
2026-05-13 15:50:47;0.078
2026-05-13 15:51:02;0.081
2026-05-13 15:51:17;0.082
2026-05-13 15:51:32;0.082
2026-05-13 15:51:47;0.079
2026-05-13 15:52:03;0.078
2026-05-13 15:52:17;0.076
2026-05-13 15:52:33;0.075
2026-05-13 15:52:48;0.075
2026-05-13 15:53:03;0.074
2026-05-13 15:53:18;0.076
2026-05-13 15:53:33;0.076
2026-05-13 15:53:48;0.077
2026-05-13 15:54:03;0.079
2026-05-13 15:54:18;0.08
2026-05-13 15:54:33;0.08
2026-05-13 15:54:48;0.082
2026-05-13 15:55:03;0.083
2026-05-13 15:55:18;0.084
2026-05-13 15:55:33;0.085
2026-05-13 15:55:48;0.085
2026-05-13 15:56:04;0.085
2026-05-13 15:56:19;0.085
2026-05-13 15:56:34;0.085
2026-05-13 15:56:49;0.087
2026-05-13 15:57:04;0.089
2026-05-13 15:57:19;0.09
2026-05-13 15:57:34;0.09
2026-05-13 15:57:51;0.091
2026-05-13 15:58:05;0.091
2026-05-13 15:58:19;0.09
2026-05-13 15:58:34;0.075
2026-05-13 15:58:49;0.091
2026-05-13 15:59:04;0.09
2026-05-13 15:59:19;0.088
2026-05-13 15:59:35;0.079
2026-05-13 15:59:50;0.083
2026-05-13 16:00:05;0.081
2026-05-13 16:00:20;0.079
2026-05-13 16:00:35;0.077
2026-05-13 16:00:50;0.0
2026-05-14 07:46:37;nan
2026-05-14 07:46:53;nan
2026-05-14 07:47:08;nan
2026-05-14 07:47:24;nan
2026-05-14 07:47:39;nan
2026-05-14 07:47:55;nan
2026-05-14 07:48:10;nan
2026-05-14 08:18:46;0.198
2026-05-14 08:19:03;0.195
2026-05-14 08:19:16;0.199
2026-05-14 08:19:31;0.199
2026-05-14 08:19:46;0.16
2026-05-14 08:20:01;0.202
2026-05-14 08:20:16;0.204
2026-05-14 08:20:31;0.207
2026-05-14 08:20:46;0.207
2026-05-14 08:21:01;0.208
2026-05-14 08:21:17;0.211
2026-05-14 08:21:32;0.212
2026-05-14 08:21:47;0.213
2026-05-14 08:22:02;0.198
2026-05-14 08:22:17;0.216
2026-05-14 08:22:32;0.218
2026-05-14 08:22:47;0.219
2026-05-14 08:23:02;0.219
2026-05-14 08:23:17;0.22
2026-05-14 08:23:32;0.221
2026-05-14 08:23:47;0.221
2026-05-14 08:24:02;0.221
2026-05-14 08:24:17;0.221
2026-05-14 08:24:32;0.222
2026-05-14 08:24:47;0.223
2026-05-14 08:25:02;0.223
2026-05-14 08:25:18;0.224
2026-05-14 08:25:33;0.224
2026-05-14 08:25:48;0.224
2026-05-14 08:26:03;0.224
2026-05-14 08:26:18;0.223
2026-05-14 08:26:33;0.222
2026-05-14 08:26:48;0.222
2026-05-14 08:27:03;0.221
2026-05-14 08:27:19;0.222
2026-05-14 08:27:33;0.223
2026-05-14 08:27:48;0.224
2026-05-14 08:28:03;0.224
2026-05-14 08:28:18;0.225
2026-05-14 08:28:33;0.225
2026-05-14 08:28:48;0.226
2026-05-14 08:29:03;0.227
2026-05-14 08:29:19;0.229
2026-05-14 08:29:33;0.231
2026-05-14 08:29:49;0.231
2026-05-14 08:30:04;0.233
2026-05-14 08:30:19;0.233
2026-05-14 08:30:34;0.234
2026-05-14 08:30:49;0.233
2026-05-14 08:31:04;0.233
2026-05-14 08:31:19;0.232
2026-05-14 08:31:34;0.233
2026-05-14 08:31:49;0.233
2026-05-14 08:32:04;0.233
2026-05-14 08:32:19;0.0
2026-05-14 08:32:34;0.234
2026-05-14 08:32:49;0.234
2026-05-14 08:33:04;0.235
2026-05-14 08:33:19;0.236
2026-05-14 08:33:34;0.236
2026-05-14 08:33:49;0.236
2026-05-14 08:34:04;0.236
2026-05-14 08:34:20;0.238
2026-05-14 08:34:34;0.238
2026-05-14 08:34:50;0.238
2026-05-14 08:35:05;0.239
2026-05-14 08:35:20;0.239
2026-05-14 08:35:35;0.239
2026-05-14 08:35:50;0.239
2026-05-14 08:36:05;0.239
2026-05-14 08:36:20;0.238
2026-05-14 08:36:35;0.238
2026-05-14 08:36:50;0.237
2026-05-14 08:37:05;0.237
2026-05-14 08:37:20;0.237
2026-05-14 08:37:35;0.236
2026-05-14 08:37:51;0.236
2026-05-14 08:38:07;0.236
2026-05-14 08:38:20;0.235
2026-05-14 08:38:35;0.236
2026-05-14 08:38:50;0.236
2026-05-14 08:39:05;0.236
2026-05-14 08:39:20;0.236
2026-05-14 08:39:36;0.237
2026-05-14 08:39:51;0.238
2026-05-14 08:40:06;0.238
2026-05-14 08:40:21;0.239
2026-05-14 08:40:36;0.239
2026-05-14 08:40:51;0.239
2026-05-14 08:41:06;0.238
2026-05-14 08:41:21;0.239
2026-05-14 08:41:36;0.239
2026-05-14 08:41:51;0.239
2026-05-14 08:42:06;0.239
2026-05-14 08:42:21;0.24
2026-05-14 08:42:37;0.24
2026-05-14 08:42:51;0.1
2026-05-14 08:43:06;0.244
2026-05-14 08:43:21;0.247
2026-05-14 08:43:38;0.249
2026-05-14 08:43:51;0.25
2026-05-14 08:44:06;0.251
2026-05-14 08:44:21;0.254
2026-05-14 08:44:36;0.255
2026-05-14 08:44:52;0.256
2026-05-14 08:45:07;0.257
2026-05-14 08:45:22;0.256
2026-05-14 08:45:37;0.255
2026-05-14 08:45:54;0.254
2026-05-14 08:46:07;0.254
2026-05-14 08:46:22;0.254
2026-05-14 08:46:37;0.254
2026-05-14 08:46:52;0.253
2026-05-14 08:47:07;0.252
2026-05-14 08:47:22;0.252
2026-05-14 08:47:37;0.252
2026-05-14 08:47:53;0.0
2026-05-14 08:48:07;0.251
2026-05-14 08:48:22;0.252
2026-05-14 08:48:37;0.252
2026-05-14 08:48:52;0.252
2026-05-14 08:49:07;0.252
2026-05-14 08:49:22;0.254
2026-05-14 08:49:37;0.254
2026-05-14 08:49:53;0.255
2026-05-14 08:50:08;0.257
2026-05-14 08:50:23;0.257
2026-05-14 08:50:38;0.258
2026-05-14 08:50:53;0.259
2026-05-14 08:51:08;0.258
2026-05-14 08:51:23;0.258
2026-05-14 08:51:38;0.257
2026-05-14 08:51:53;0.257
2026-05-14 08:52:08;0.257
2026-05-14 08:52:23;0.258
2026-05-14 08:52:38;0.257
2026-05-14 08:52:54;0.257
2026-05-14 08:53:09;0.256
2026-05-14 08:53:23;0.256
2026-05-14 08:53:38;0.255
2026-05-14 08:53:53;0.255
2026-05-14 08:54:08;0.254
2026-05-14 08:54:23;0.253
2026-05-14 08:54:38;0.252
2026-05-14 08:54:53;0.252
2026-05-14 08:55:09;0.252
2026-05-14 08:55:24;0.253
2026-05-14 08:55:39;0.253
2026-05-14 08:55:54;0.253
2026-05-14 08:56:09;0.254
2026-05-14 08:56:24;0.255
2026-05-14 08:56:39;0.256
2026-05-14 08:56:54;0.264
2026-05-14 08:57:09;0.262
2026-05-14 08:57:24;0.257
2026-05-14 08:57:39;0.259
2026-05-14 08:57:54;0.258
2026-05-14 08:58:09;0.262
2026-05-14 08:58:24;0.262
2026-05-14 08:58:39;0.263
2026-05-14 08:58:54;0.263
2026-05-14 08:59:09;0.262
2026-05-14 08:59:24;0.0
2026-05-14 08:59:39;0.266
2026-05-14 08:59:55;0.268
2026-05-14 09:00:10;0.269
2026-05-14 09:00:25;0.27
2026-05-14 09:00:40;0.271
2026-05-14 09:00:55;0.271
2026-05-14 09:01:10;0.271
2026-05-14 09:01:25;0.27
2026-05-14 09:01:40;0.269
2026-05-14 09:01:55;0.27
2026-05-14 09:02:10;0.271
2026-05-14 09:02:25;0.272
2026-05-14 09:02:40;0.273
2026-05-14 09:02:55;0.273
2026-05-14 09:03:10;0.272
2026-05-14 09:03:26;0.271
2026-05-14 09:03:41;0.271
2026-05-14 09:03:55;0.271
2026-05-14 09:04:10;0.27
2026-05-14 09:04:25;0.27
2026-05-14 09:04:40;0.27
2026-05-14 09:04:55;0.272
2026-05-14 09:05:11;0.273
2026-05-14 09:05:26;0.274
2026-05-14 09:05:41;0.275
2026-05-14 09:05:56;0.276
2026-05-14 09:06:11;0.276
2026-05-14 09:06:26;0.277
2026-05-14 09:06:41;0.277
2026-05-14 09:06:56;0.279
2026-05-14 09:07:11;0.28
2026-05-14 09:07:26;0.282
2026-05-14 09:07:41;0.285
2026-05-14 09:07:56;0.288
2026-05-14 09:08:11;0.293
2026-05-14 09:08:26;0.301
2026-05-14 09:08:41;0.306
2026-05-14 09:08:56;0.309
2026-05-14 09:09:11;0.312
2026-05-14 09:09:27;0.311
2026-05-14 09:09:42;0.31
2026-05-14 09:09:56;0.307
2026-05-14 09:10:11;0.305
2026-05-14 09:10:27;0.304
2026-05-14 09:10:42;0.305
2026-05-14 09:10:57;0.305
2026-05-14 09:11:12;0.31
2026-05-14 09:11:27;0.318
2026-05-14 09:11:42;0.232
2026-05-14 09:11:57;0.248
2026-05-14 09:12:12;0.323
2026-05-14 09:12:27;0.322
2026-05-14 09:12:42;0.323
2026-05-14 09:12:57;0.327
2026-05-14 09:13:12;0.332
2026-05-14 09:13:27;0.355
2026-05-14 09:13:42;0.344
2026-05-14 09:13:57;0.343
2026-05-14 09:14:12;0.357
2026-05-14 09:14:27;0.352
2026-05-14 09:14:42;0.356
2026-05-14 09:14:57;0.349
2026-05-14 09:15:12;0.341
2026-05-14 09:15:28;0.354
2026-05-14 09:15:43;0.346
2026-05-14 09:15:58;0.33
2026-05-14 09:16:13;0.329
2026-05-14 09:16:28;0.313
2026-05-14 09:16:43;0.307
2026-05-14 09:16:58;0.302
2026-05-14 09:17:13;0.298
2026-05-14 09:17:28;0.297
2026-05-14 09:17:43;0.312
2026-05-14 09:17:58;0.297
2026-05-14 09:18:13;0.296
2026-05-14 09:18:28;0.297
2026-05-14 09:18:43;0.298
2026-05-14 09:18:58;0.298
2026-05-14 09:19:13;0.3
2026-05-14 09:19:28;0.299
2026-05-14 09:19:43;0.303
2026-05-14 09:19:58;0.308
2026-05-14 09:20:14;0.316
2026-05-14 09:20:29;0.315
2026-05-14 09:20:44;0.331
2026-05-14 09:21:00;0.359
2026-05-14 09:21:14;0.364
2026-05-14 09:21:29;0.345
2026-05-14 09:21:44;0.371
2026-05-14 09:21:59;0.358
2026-05-14 09:22:14;0.296
2026-05-14 09:22:29;0.434
2026-05-14 09:22:44;0.398
2026-05-14 09:22:59;0.405
2026-05-14 09:23:14;0.404
2026-05-14 09:23:29;0.405
2026-05-14 09:23:44;0.423
2026-05-14 09:23:59;0.895
2026-05-14 09:24:14;0.715
2026-05-14 09:24:29;0.657
2026-05-14 09:24:44;0.845
2026-05-14 09:24:59;0.859
2026-05-14 09:25:14;0.867
2026-05-14 09:25:30;0.972
2026-05-14 09:25:45;1.272
2026-05-14 09:25:59;1.397
2026-05-14 09:26:15;1.401
2026-05-14 09:26:30;1.268
2026-05-14 09:26:45;1.366
2026-05-14 09:27:00;1.335
2026-05-14 09:27:15;1.37
2026-05-14 09:27:30;1.421
2026-05-14 09:27:45;1.359
2026-05-14 09:28:00;1.416
2026-05-14 09:28:15;1.421
2026-05-14 09:28:30;1.434
2026-05-14 09:28:45;1.442
2026-05-14 09:29:00;1.449
2026-05-14 09:29:15;1.457
2026-05-14 09:29:30;1.462
2026-05-14 09:29:45;1.462
2026-05-14 09:30:00;1.473
2026-05-14 09:30:15;1.469
2026-05-14 09:30:31;1.462
2026-05-14 09:30:46;1.451
2026-05-14 09:31:02;1.444
2026-05-14 09:31:17;1.452
2026-05-14 09:31:32;1.447
2026-05-14 09:31:47;1.451
2026-05-14 09:32:03;1.442
2026-05-14 09:32:18;1.424
2026-05-14 09:32:34;1.443
2026-05-14 09:32:49;1.465
2026-05-14 09:33:04;1.426
2026-05-14 09:33:19;1.45
2026-05-14 09:33:35;1.456
2026-05-14 09:33:50;1.393
2026-05-14 09:34:05;1.386
2026-05-14 09:34:21;1.343
2026-05-14 09:34:36;1.26
2026-05-14 09:34:51;1.453
2026-05-14 09:35:07;1.449
2026-05-14 09:35:22;1.168
2026-05-14 09:35:37;1.121
2026-05-14 09:35:52;1.095
2026-05-14 09:36:08;1.051
2026-05-14 09:36:23;0.812
2026-05-14 09:36:38;0.946
2026-05-14 09:36:53;0.782
2026-05-14 09:37:09;0.92
2026-05-14 09:37:24;0.823
2026-05-14 09:37:40;0.911
2026-05-14 09:37:55;0.948
2026-05-14 09:38:10;0.891
2026-05-14 09:38:25;0.826
2026-05-14 09:38:41;0.882
2026-05-14 09:38:57;0.886
2026-05-14 09:39:11;0.907
2026-05-14 09:39:27;0.91
2026-05-14 09:39:42;0.893
2026-05-14 09:39:57;0.967
2026-05-14 09:40:13;0.926
2026-05-14 09:40:28;0.698
2026-05-14 09:40:43;0.681
2026-05-14 09:40:58;0.628
2026-05-14 09:41:14;0.628
2026-05-14 09:41:29;0.592
2026-05-14 09:41:45;0.566
2026-05-14 09:42:00;0.483
2026-05-14 09:42:15;0.514
2026-05-14 09:42:30;0.629
2026-05-14 09:42:46;0.471
2026-05-14 09:43:01;0.497
2026-05-14 09:43:16;0.465
2026-05-14 09:43:31;0.521
2026-05-14 09:43:47;0.466
2026-05-14 09:44:02;0.491
2026-05-14 09:44:18;0.885
2026-05-14 09:44:32;0.572
2026-05-14 09:44:48;0.555
2026-05-14 09:45:03;0.594
2026-05-14 09:45:19;0.68
2026-05-14 09:45:34;0.686
2026-05-14 09:45:49;0.698
2026-05-14 09:46:04;0.457
2026-05-14 09:46:20;0.52
2026-05-14 09:46:35;0.559
2026-05-14 09:46:50;0.833
2026-05-14 09:47:05;0.924
2026-05-14 09:47:21;0.826
2026-05-14 09:47:36;0.792
2026-05-14 09:47:52;0.737
2026-05-14 09:48:07;0.733
2026-05-14 09:48:22;0.72
2026-05-14 09:48:37;0.684
2026-05-14 09:48:53;0.676
2026-05-14 09:49:08;0.646
2026-05-14 09:49:24;0.553
2026-05-14 09:49:39;0.634
2026-05-14 09:49:54;0.505
2026-05-14 09:50:09;0.566
2026-05-14 09:50:25;0.544
2026-05-14 09:50:40;0.523
2026-05-14 09:50:55;0.535
2026-05-14 09:51:10;0.539
2026-05-14 09:51:26;0.523
2026-05-14 09:51:41;0.523
2026-05-14 09:51:57;0.494
2026-05-14 09:52:12;0.51
2026-05-14 09:52:27;0.513
2026-05-14 09:52:42;0.51
2026-05-14 09:52:58;0.522
2026-05-14 09:53:13;0.517
2026-05-14 09:53:28;0.544
2026-05-14 09:53:43;0.621
2026-05-14 09:54:00;0.711
2026-05-14 09:54:14;0.501
2026-05-14 09:54:30;0.533
2026-05-14 09:54:45;0.499
2026-05-14 09:55:00;0.52
2026-05-14 09:55:15;0.492
2026-05-14 09:55:31;0.499
2026-05-14 09:55:46;0.492
2026-05-14 09:56:01;0.496
2026-05-14 09:56:16;0.495
2026-05-14 09:56:32;0.5
2026-05-14 09:56:47;0.501
2026-05-14 09:57:03;0.506
2026-05-14 09:57:18;0.527
2026-05-14 09:57:33;0.54
2026-05-14 09:57:48;0.584
2026-05-14 09:58:04;0.54
2026-05-14 09:58:20;0.567
2026-05-14 09:58:36;0.575
2026-05-14 09:58:51;0.633
2026-05-14 09:59:06;0.598
2026-05-14 09:59:21;0.635
2026-05-14 09:59:37;0.806
2026-05-14 09:59:52;0.698
2026-05-14 10:00:08;0.702
2026-05-14 10:00:23;0.626
2026-05-14 10:00:38;0.621
2026-05-14 10:00:53;0.648
2026-05-14 10:01:09;0.701
2026-05-14 10:01:24;0.721
2026-05-14 10:01:39;0.705
2026-05-14 10:01:55;0.744
2026-05-14 10:02:10;0.678
2026-05-14 10:02:25;0.685
2026-05-14 10:02:41;0.714
2026-05-14 10:02:56;0.723
2026-05-14 10:03:11;0.71
2026-05-14 10:03:27;0.796
2026-05-14 10:03:42;0.845
2026-05-14 10:03:57;0.812
2026-05-14 10:04:13;0.393
2026-05-14 10:04:28;0.381
2026-05-14 10:04:43;0.372
2026-05-14 10:04:59;0.371
2026-05-14 10:05:14;0.386
2026-05-14 10:05:29;0.443
2026-05-14 10:05:44;0.604
2026-05-14 10:06:00;0.614
2026-05-14 10:06:15;0.608
2026-05-14 10:06:31;0.618
2026-05-14 10:06:46;0.64
2026-05-14 10:07:01;0.55
2026-05-14 10:07:16;0.62
2026-05-14 10:07:32;0.506
2026-05-14 10:07:47;0.46
2026-05-14 10:08:02;0.453
2026-05-14 10:08:17;0.434
2026-05-14 10:08:33;0.486
2026-05-14 10:08:48;0.381
2026-05-14 10:09:03;0.367
2026-05-14 10:09:18;0.375
2026-05-14 10:09:34;0.383
2026-05-14 10:09:49;0.475
2026-05-14 10:10:05;0.522
2026-05-14 10:10:20;0.527
2026-05-14 10:10:35;0.505
2026-05-14 10:10:50;0.352
2026-05-14 10:11:06;0.396
2026-05-14 10:11:21;0.397
2026-05-14 10:11:37;0.511
2026-05-14 10:11:52;0.549
2026-05-14 10:12:07;0.53
2026-05-14 10:12:22;0.513
2026-05-14 10:12:38;0.525
2026-05-14 10:12:53;0.514
2026-05-14 10:13:08;0.481
2026-05-14 10:13:23;0.424
2026-05-14 10:13:39;0.356
2026-05-14 10:13:54;0.407
2026-05-14 10:14:10;0.583
2026-05-14 10:14:25;0.522
2026-05-14 10:14:40;0.515
2026-05-14 10:14:55;0.537
2026-05-14 10:15:11;0.523
2026-05-14 10:15:26;0.586
2026-05-14 10:15:42;0.505
2026-05-14 10:15:57;0.525
2026-05-14 10:16:12;0.561
2026-05-14 10:16:30;0.528
2026-05-14 10:16:56;0.54
2026-05-14 10:17:00;0.539
2026-05-14 10:17:15;0.55
2026-05-14 10:17:31;0.54
2026-05-14 10:17:45;0.541
2026-05-14 10:18:00;0.523
2026-05-14 10:18:15;0.519
2026-05-14 10:18:30;0.535
2026-05-14 10:18:45;0.57
2026-05-14 10:19:01;0.575
2026-05-14 10:19:16;0.538
2026-05-14 10:19:31;0.532
2026-05-14 10:19:47;0.521
2026-05-14 10:20:02;0.523
2026-05-14 10:20:17;0.509
2026-05-14 10:20:32;0.515
2026-05-14 10:20:47;0.0
2026-05-14 10:21:02;0.541
2026-05-14 10:21:17;0.557
2026-05-14 10:21:32;0.552
2026-05-14 10:21:47;0.433
2026-05-14 10:22:02;0.396
2026-05-14 10:22:18;0.417
2026-05-14 10:22:33;0.246
2026-05-14 10:22:48;0.531
2026-05-14 10:23:03;0.531
2026-05-14 10:23:18;0.564
2026-05-14 10:23:33;0.534
2026-05-14 10:23:48;0.524
2026-05-14 10:24:03;0.534
2026-05-14 10:24:18;0.514
2026-05-14 10:24:33;0.522
2026-05-14 10:24:48;0.549
2026-05-14 10:25:03;0.539
2026-05-14 10:25:18;0.536
2026-05-14 10:25:33;0.551
2026-05-14 10:25:48;0.549
2026-05-14 10:26:03;0.543
2026-05-14 10:26:18;0.563
2026-05-14 10:26:33;0.57
2026-05-14 10:26:48;0.549
2026-05-14 10:27:03;0.54
2026-05-14 10:27:18;0.519
2026-05-14 10:27:33;0.54
2026-05-14 10:27:48;0.553
2026-05-14 10:28:03;0.572
2026-05-14 10:28:18;0.55
2026-05-14 10:28:33;0.451
2026-05-14 10:28:48;0.458
2026-05-14 10:29:03;0.451
2026-05-14 10:29:18;0.452
2026-05-14 10:29:33;0.49
2026-05-14 10:29:48;0.35
2026-05-14 10:30:03;0.59
2026-05-14 10:30:19;0.623
2026-05-14 10:30:34;0.613
2026-05-14 10:30:49;0.533
2026-05-14 10:31:04;0.463
2026-05-14 10:31:20;0.445
2026-05-14 10:31:35;0.412
2026-05-14 10:31:51;0.359
2026-05-14 10:32:06;0.234
2026-05-14 10:32:21;0.303
2026-05-14 10:32:36;0.327
2026-05-14 10:32:52;0.235
2026-05-14 10:33:07;0.275
2026-05-14 10:33:23;0.232
2026-05-14 10:33:38;0.411
2026-05-14 10:33:53;1.676
2026-05-14 10:34:08;1.689
2026-05-14 10:34:24;1.703
2026-05-14 10:34:39;1.713
2026-05-14 10:34:55;1.716
2026-05-14 10:35:10;1.717
2026-05-14 10:35:25;1.714
2026-05-14 10:35:40;1.718
2026-05-14 10:35:56;1.721
2026-05-14 10:36:11;1.724
2026-05-14 10:36:26;1.729
2026-05-14 10:36:41;1.72
2026-05-14 10:36:57;1.717
2026-05-14 10:37:12;1.717
2026-05-14 10:37:28;1.717
2026-05-14 10:37:43;1.714
2026-05-14 10:37:58;1.713
2026-05-14 10:38:14;1.711
2026-05-14 10:38:29;1.717
2026-05-14 10:38:44;1.712
2026-05-14 10:38:59;1.713
2026-05-14 10:39:14;1.717
2026-05-14 10:39:30;1.718
2026-05-14 10:39:45;1.717
2026-05-14 10:40:00;1.719
2026-05-14 10:40:15;1.719
2026-05-14 10:40:31;1.719
2026-05-14 10:40:46;1.719
2026-05-14 10:41:02;1.724
2026-05-14 10:41:17;1.721
2026-05-14 10:41:32;1.718
2026-05-14 10:41:47;1.714
2026-05-14 10:42:03;1.712
2026-05-14 10:42:18;1.711
2026-05-14 10:42:33;1.702
2026-05-14 10:42:48;1.701
2026-05-14 10:43:04;1.701
2026-05-14 10:43:19;1.686
2026-05-14 10:43:34;1.691
2026-05-14 10:43:49;1.694
2026-05-14 10:44:05;1.696
2026-05-14 10:44:20;1.699
2026-05-14 10:44:35;1.697
2026-05-14 10:44:50;1.693
2026-05-14 10:45:06;1.697
2026-05-14 10:45:21;1.705
2026-05-14 10:45:36;1.704
2026-05-14 10:45:51;1.7
2026-05-14 10:46:07;1.704
2026-05-14 10:46:22;1.705
2026-05-14 10:46:38;0.0
2026-05-14 10:47:36;1.571
2026-05-14 10:47:59;1.579
2026-05-14 10:48:07;1.714
2026-05-14 10:48:23;1.343
2026-05-14 10:48:38;1.694
2026-05-14 10:48:54;1.704
2026-05-14 10:49:10;1.693
2026-05-14 10:49:25;1.7
2026-05-14 10:49:41;1.706
2026-05-14 10:49:56;1.572
2026-05-14 10:50:12;1.711
2026-05-14 10:50:27;1.713
2026-05-14 10:50:43;1.708
2026-05-14 10:50:58;1.711
2026-05-14 10:51:14;1.716
2026-05-14 10:51:29;1.715
2026-05-14 10:51:45;0.259
2026-05-14 10:52:01;1.707
2026-05-14 10:52:17;1.707
2026-05-14 10:52:32;1.708
2026-05-14 10:52:47;1.566
2026-05-14 10:53:03;1.706
2026-05-14 10:53:19;1.697
2026-05-14 10:53:34;0.002
2026-05-14 10:53:50;1.696
2026-05-14 10:54:05;1.685
2026-05-14 10:54:21;1.683
2026-05-14 10:54:36;1.676
2026-05-14 10:54:52;0.51
2026-05-14 10:55:08;1.52
2026-05-14 10:55:23;1.664
2026-05-14 10:55:39;1.669
2026-05-14 10:55:54;1.666
2026-05-14 10:56:10;0.398
2026-05-14 10:56:25;0.95
2026-05-14 10:56:41;1.607
2026-05-14 10:56:56;1.653
2026-05-14 10:57:12;1.502
2026-05-14 10:57:27;0.139
2026-05-14 10:57:43;1.201
2026-05-14 10:57:59;1.667
2026-05-14 10:58:14;1.514
2026-05-14 10:58:30;1.519
2026-05-14 10:58:45;1.666
2026-05-14 10:59:01;1.655
2026-05-14 10:59:16;1.656
2026-05-14 10:59:32;0.0
2026-05-14 10:59:47;1.513
2026-05-14 11:00:03;1.521
2026-05-14 11:00:19;1.661
2026-05-14 11:00:34;1.668
2026-05-14 11:00:49;1.663
2026-05-14 11:01:05;1.506
2026-05-14 11:01:21;1.664
2026-05-14 11:01:36;0.0
2026-05-14 11:01:52;1.503
2026-05-14 11:02:07;1.656
2026-05-14 11:02:23;1.649
2026-05-14 11:02:38;1.659
2026-05-14 11:02:54;1.648
2026-05-14 11:03:10;1.653
2026-05-14 11:03:25;0.799
2026-05-14 11:03:41;0.489
2026-05-14 11:03:56;1.664
2026-05-14 11:04:12;1.649
2026-05-14 11:04:27;1.654
2026-05-14 11:04:43;1.647
2026-05-14 11:05:04;1.492
2026-05-14 11:05:14;1.651
2026-05-14 11:05:29;1.642
2026-05-14 11:05:45;1.642
2026-05-14 11:06:01;1.646
2026-05-14 11:06:16;1.636
2026-05-14 11:06:32;1.65
2026-05-14 11:06:47;1.636
2026-05-14 11:07:03;1.635
2026-05-14 11:07:18;0.0
2026-05-14 11:07:34;1.623
2026-05-14 11:07:49;1.472
2026-05-14 11:08:05;1.628
2026-05-14 11:08:21;1.607
2026-05-14 11:08:36;0.0
2026-05-14 11:08:52;1.62
2026-05-14 11:09:07;1.62
2026-05-14 11:09:23;1.633
2026-05-14 11:09:38;0.707
2026-05-14 11:09:54;0.0
2026-05-14 11:10:09;1.619
2026-05-14 11:10:25;0.003
2026-05-14 11:10:40;0.0
2026-05-14 11:10:56;1.5
2026-05-14 11:11:11;0.0
2026-05-14 11:11:27;0.0
2026-05-14 11:11:43;1.659
2026-05-14 11:11:59;1.658
2026-05-14 11:12:14;1.659
2026-05-14 11:12:29;1.668
2026-05-14 11:12:45;0.452
2026-05-14 11:13:00;1.646
2026-05-14 11:13:16;1.496
2026-05-14 11:13:31;1.663
2026-05-14 11:13:47;1.659
2026-05-14 11:14:02;1.478
2026-05-14 11:14:18;0.0
2026-05-14 11:14:34;0.137
2026-05-14 11:14:49;0.887
2026-05-14 11:15:05;0.517
2026-05-14 11:15:20;0.521
2026-05-14 11:15:36;0.53
2026-05-14 11:15:51;0.49
2026-05-14 11:16:07;0.464
2026-05-14 11:16:22;0.448
2026-05-14 11:16:38;0.439
2026-05-14 11:16:54;0.438
2026-05-14 11:17:09;0.441
2026-05-14 11:17:25;0.45
2026-05-14 11:17:40;0.46
2026-05-14 11:17:56;0.0
2026-05-14 11:18:11;0.504
2026-05-14 11:18:27;0.543
2026-05-14 11:18:42;0.684
2026-05-14 11:18:57;1.618
2026-05-14 11:19:12;0.0
2026-05-14 11:19:28;0.0
2026-05-14 11:19:43;0.0
2026-05-14 11:19:58;0.0
2026-05-14 11:20:13;0.853
2026-05-14 11:20:29;0.92
2026-05-14 11:20:44;1.082
2026-05-14 11:20:59;0.849
2026-05-14 11:21:14;0.831
2026-05-14 11:21:30;0.654
2026-05-14 11:21:45;0.753
2026-05-14 11:22:00;0.622
2026-05-14 11:22:16;1.505
2026-05-14 11:22:31;1.177
2026-05-14 11:22:46;1.428
2026-05-14 11:23:01;0.0
2026-05-14 11:23:16;1.725
2026-05-14 11:23:32;1.714
2026-05-14 11:23:47;0.001
2026-05-14 11:24:02;0.0
2026-05-14 11:24:17;1.584
2026-05-14 11:24:33;1.534
2026-05-14 11:24:48;0.0
2026-05-14 11:25:03;1.569
2026-05-14 11:25:18;0.0
2026-05-14 11:25:34;0.0
2026-05-14 11:25:50;1.642
2026-05-14 11:26:05;0.0
2026-05-14 11:26:21;1.388
2026-05-14 11:26:36;0.0
2026-05-14 11:26:52;0.292
2026-05-14 11:27:08;0.833
2026-05-14 11:27:23;0.913
2026-05-14 11:27:39;0.736
2026-05-14 11:27:54;0.554
2026-05-14 11:28:10;0.633
2026-05-14 11:28:27;0.552
2026-05-14 11:28:41;0.893
2026-05-14 11:28:56;1.741
2026-05-14 11:29:11;0.0
2026-05-14 11:29:26;0.0
2026-05-14 11:29:42;0.0
2026-05-14 11:29:57;1.578
2026-05-14 11:30:12;0.0
2026-05-14 11:30:27;0.953
2026-05-14 11:30:43;0.566
2026-05-14 11:30:58;0.0
2026-05-14 11:31:13;0.0
2026-05-14 11:31:28;0.175
2026-05-14 11:31:44;1.425
2026-05-14 11:31:59;0.0
2026-05-14 11:32:14;0.0
2026-05-14 11:32:29;0.0
2026-05-14 11:32:45;0.0
2026-05-14 11:33:00;0.0
2026-05-14 11:33:15;0.0
2026-05-14 11:33:30;0.973
2026-05-14 11:33:46;0.0
2026-05-14 11:34:01;1.536
2026-05-14 11:34:16;1.186
2026-05-14 11:34:31;0.564
2026-05-14 11:34:47;0.162
2026-05-14 11:35:02;0.48
2026-05-14 11:35:17;0.518
2026-05-14 11:35:32;0.804
2026-05-14 11:35:48;0.723
2026-05-14 11:36:03;0.888
2026-05-14 11:36:19;0.393
2026-05-14 11:36:33;0.368
2026-05-14 11:36:49;0.298
2026-05-14 11:37:04;0.288
2026-05-14 11:37:20;0.292
2026-05-14 11:37:35;0.348
2026-05-14 11:37:50;0.355
2026-05-14 11:38:05;0.367
2026-05-14 11:38:21;0.38
2026-05-14 11:38:36;0.39
2026-05-14 11:38:51;0.0
2026-05-14 11:39:06;0.418
2026-05-14 11:39:22;0.433
2026-05-14 11:39:37;0.446
2026-05-14 11:39:52;0.453
2026-05-14 11:40:07;0.471
2026-05-14 11:40:23;0.493
2026-05-14 11:40:38;0.517
2026-05-14 11:40:53;0.551
2026-05-14 11:41:08;0.549
2026-05-14 11:41:24;0.593
2026-05-14 11:41:39;0.652
2026-05-14 11:41:55;0.572
2026-05-14 11:42:10;0.0
2026-05-14 11:42:25;0.0
2026-05-14 11:42:40;0.68
2026-05-14 11:42:56;0.785
2026-05-14 11:43:11;0.685
2026-05-14 11:43:26;0.0
2026-05-14 11:43:41;0.0
2026-05-14 11:43:57;0.0
2026-05-14 11:44:12;0.0
2026-05-14 11:44:28;0.592
2026-05-14 11:44:43;0.0
2026-05-14 11:44:58;0.0
2026-05-14 11:45:13;1.815
2026-05-14 11:45:29;0.002
2026-05-14 11:45:44;0.0
2026-05-14 11:45:59;0.001
2026-05-14 11:46:14;1.19
2026-05-14 11:46:30;0.0
2026-05-14 11:46:45;0.0
2026-05-14 11:47:01;0.0
2026-05-14 11:47:15;1.608
2026-05-14 11:47:31;0.0
2026-05-14 11:47:46;0.0
2026-05-14 11:48:02;1.59
2026-05-14 11:48:17;1.599
2026-05-14 11:48:32;1.594
2026-05-14 11:48:47;0.11
2026-05-14 11:49:03;1.728
2026-05-14 11:49:18;0.562
2026-05-14 11:49:33;1.717
2026-05-14 11:49:49;0.0
2026-05-14 11:50:04;1.564
2026-05-14 11:50:19;0.0
2026-05-14 11:50:34;1.583
2026-05-14 11:50:49;0.0
2026-05-14 11:51:05;0.0
2026-05-14 11:51:20;0.689
2026-05-14 11:51:35;0.968
2026-05-14 11:51:50;0.709
2026-05-14 11:52:06;1.571
2026-05-14 11:52:21;1.493
2026-05-14 11:52:36;1.644
2026-05-14 11:52:51;0.0
2026-05-14 11:53:07;0.0
2026-05-14 11:53:22;1.367
2026-05-14 11:53:37;0.0
2026-05-14 11:53:53;0.0
2026-05-14 11:54:08;0.512
2026-05-14 11:54:23;0.0
2026-05-14 11:54:38;1.124
2026-05-14 11:54:54;1.333
2026-05-14 11:55:09;0.0
2026-05-14 11:55:25;1.477
2026-05-14 11:55:41;0.001
2026-05-14 11:55:56;0.0
2026-05-14 11:56:12;0.0
2026-05-14 11:56:27;0.0
2026-05-14 11:56:43;0.0
2026-05-14 11:56:59;1.456
2026-05-14 11:57:14;1.146
2026-05-14 11:57:30;0.0
2026-05-14 11:57:45;0.0
2026-05-14 11:58:01;0.001
2026-05-14 11:58:32;0.0
2026-05-14 11:58:48;0.0
2026-05-14 11:59:03;1.608
2026-05-14 11:59:19;0.0
2026-05-14 11:59:34;0.0
2026-05-14 11:59:50;1.296
2026-05-14 12:00:05;0.0
2026-05-14 12:00:21;1.455
2026-05-14 12:00:36;0.0
2026-05-14 12:00:52;0.0
2026-05-14 12:01:08;0.0
2026-05-14 12:01:23;0.0
2026-05-14 12:01:39;0.0
2026-05-14 12:01:54;1.18
2026-05-14 12:02:10;0.0
2026-05-14 12:02:25;0.0
2026-05-14 12:02:41;1.168
2026-05-14 12:02:57;0.0
2026-05-14 12:03:12;1.291
2026-05-14 12:03:28;0.0
2026-05-14 12:03:43;0.448
2026-05-14 12:03:59;0.441
2026-05-14 12:04:15;0.438
2026-05-14 12:04:30;0.441
2026-05-14 12:04:46;0.457
2026-05-14 12:05:01;0.478
2026-05-14 12:05:17;0.516
2026-05-14 12:05:33;0.547
2026-05-14 12:05:48;0.572
2026-05-14 12:06:04;0.566
2026-05-14 12:06:19;0.552
2026-05-14 12:06:34;0.542
2026-05-14 12:06:49;0.522
2026-05-14 12:07:04;0.527
2026-05-14 12:07:20;1.109
2026-05-14 12:07:35;1.047
2026-05-14 12:07:50;0.0
2026-05-14 12:08:05;1.394
2026-05-14 12:08:21;1.591
2026-05-14 12:08:36;0.0
2026-05-14 12:08:51;0.0
2026-05-14 12:09:06;0.77
2026-05-14 12:09:22;0.0
2026-05-14 12:09:37;0.476
2026-05-14 12:09:52;0.46
2026-05-14 12:10:08;0.455
2026-05-14 12:10:23;0.454
2026-05-14 12:10:38;0.459
2026-05-14 12:10:53;0.466
2026-05-14 12:11:08;0.466
2026-05-14 12:11:24;0.0
2026-05-14 12:11:39;0.552
2026-05-14 12:11:55;0.522
2026-05-14 12:12:10;0.54
2026-05-14 12:12:25;0.515
2026-05-14 12:12:40;0.521
2026-05-14 12:12:56;0.539
2026-05-14 12:13:11;0.279
2026-05-14 12:13:26;0.549
2026-05-14 12:13:42;0.0
2026-05-14 12:13:57;0.476
2026-05-14 12:14:12;0.508
2026-05-14 12:14:27;0.511
2026-05-14 12:14:42;0.519
2026-05-14 12:14:58;0.503
2026-05-14 12:15:13;0.558
2026-05-14 12:15:29;0.0
2026-05-14 12:15:44;1.314
2026-05-14 12:15:59;0.722
2026-05-14 12:16:14;0.632
2026-05-14 12:16:30;0.0
2026-05-14 12:16:45;0.804
2026-05-14 12:17:00;0.001
2026-05-14 12:17:15;0.0
2026-05-14 12:17:31;1.894
2026-05-14 12:17:46;0.0
2026-05-14 12:18:02;0.0
2026-05-14 12:18:17;0.0
2026-05-14 12:18:32;0.0
2026-05-14 12:18:47;1.577
2026-05-14 12:19:03;1.377
2026-05-14 12:19:18;1.528
2026-05-14 12:19:33;1.513
2026-05-14 12:19:48;0.0
2026-05-14 12:20:04;0.0
2026-05-14 12:20:19;0.001
2026-05-14 12:20:35;0.0
2026-05-14 12:20:49;0.799
2026-05-14 12:21:05;0.022
2026-05-14 12:21:20;0.476
2026-05-14 12:21:36;0.452
2026-05-14 12:21:51;0.443
2026-05-14 12:22:06;0.44
2026-05-14 12:22:21;0.443
2026-05-14 12:22:37;0.449
2026-05-14 12:22:52;0.466
2026-05-14 12:23:07;0.583
2026-05-14 12:23:22;0.692
2026-05-14 12:23:38;0.32
2026-05-14 12:23:53;0.0
2026-05-14 12:24:08;0.0
2026-05-14 12:24:24;0.449
2026-05-14 12:24:39;0.408
2026-05-14 12:24:54;0.683
2026-05-14 12:25:09;0.0
2026-05-14 12:25:24;0.863
2026-05-14 12:25:40;0.429
2026-05-14 12:25:55;0.397
2026-05-14 12:26:11;0.37
2026-05-14 12:26:26;0.358
2026-05-14 12:26:41;0.347
2026-05-14 12:26:56;0.345
2026-05-14 12:27:12;0.342
2026-05-14 12:27:27;0.34
2026-05-14 12:27:42;0.342
2026-05-14 12:27:57;0.344
2026-05-14 12:28:13;0.347
2026-05-14 12:28:28;0.35
2026-05-14 12:28:44;0.354
2026-05-14 12:28:59;0.358
2026-05-14 12:29:14;0.363
2026-05-14 12:29:29;0.37
2026-05-14 12:29:45;0.379
2026-05-14 12:30:00;0.388
2026-05-14 12:30:15;0.397
2026-05-14 12:30:30;0.404
2026-05-14 12:30:46;0.405
2026-05-14 12:31:01;0.4
2026-05-14 12:31:17;0.399
2026-05-14 12:31:32;0.4
2026-05-14 12:31:47;0.406
2026-05-14 12:32:02;0.414
2026-05-14 12:32:18;0.419
2026-05-14 12:32:33;0.422
2026-05-14 12:32:49;0.424
2026-05-14 12:33:04;0.025
2026-05-14 12:33:19;0.432
2026-05-14 12:33:34;0.269
2026-05-14 12:33:50;0.436
2026-05-14 12:34:05;0.458
2026-05-14 12:34:20;0.435
2026-05-14 12:34:35;0.0
2026-05-14 12:34:51;0.432
2026-05-14 12:35:06;0.431
2026-05-14 12:35:22;0.437
2026-05-14 12:35:37;0.43
2026-05-14 12:35:52;0.45
2026-05-14 12:36:07;0.459
2026-05-14 12:36:23;0.466
2026-05-14 12:36:38;0.449
2026-05-14 12:36:54;0.463
2026-05-14 12:37:09;0.463
2026-05-14 12:37:24;0.47
2026-05-14 12:37:39;0.464
2026-05-14 12:37:55;0.491
2026-05-14 12:38:10;0.502
2026-05-14 12:38:26;0.496
2026-05-14 12:38:41;0.461
2026-05-14 12:38:56;0.532
2026-05-14 12:39:11;0.544
2026-05-14 12:39:27;0.538
2026-05-14 12:39:42;0.0
2026-05-14 12:39:58;0.0
2026-05-14 12:40:13;0.778
2026-05-14 12:40:28;1.166
2026-05-14 12:40:43;0.563
2026-05-14 12:41:01;0.795
2026-05-14 12:41:14;0.0
2026-05-14 12:41:30;0.938
2026-05-14 12:41:45;0.636
2026-05-14 12:42:00;0.51
2026-05-14 12:42:15;0.603
2026-05-14 12:42:31;0.564
2026-05-14 12:42:46;0.583
2026-05-14 12:43:01;0.572
2026-05-14 12:43:16;0.538
2026-05-14 12:43:32;0.468
2026-05-14 12:43:47;0.525
2026-05-14 12:44:03;0.487
2026-05-14 12:44:18;0.528
2026-05-14 12:44:33;0.52
2026-05-14 12:44:48;0.0
2026-05-14 12:45:04;0.508
2026-05-14 12:45:19;0.498
2026-05-14 12:45:35;0.471
2026-05-14 12:45:50;0.479
2026-05-14 12:46:05;0.153
2026-05-14 12:46:20;0.453
2026-05-14 12:46:36;0.447
2026-05-14 12:46:51;0.454
2026-05-14 12:47:07;0.449
2026-05-14 12:47:22;0.453
2026-05-14 12:47:37;0.445
2026-05-14 12:47:52;0.437
2026-05-14 12:48:08;0.461
2026-05-14 12:48:23;0.0
2026-05-14 12:48:39;0.48
2026-05-14 12:48:54;0.327
2026-05-14 12:49:09;0.471
2026-05-14 12:49:24;0.452
2026-05-14 12:49:40;0.463
2026-05-14 12:49:55;0.0
2026-05-14 12:50:11;0.457
2026-05-14 12:50:26;0.452
2026-05-14 12:50:41;0.271
2026-05-14 12:50:56;0.444
2026-05-14 12:51:12;0.443
2026-05-14 12:51:27;0.446
2026-05-14 12:51:42;0.438
2026-05-14 12:51:57;0.362
2026-05-14 12:52:13;0.45
2026-05-14 12:52:28;0.448
2026-05-14 12:52:44;0.447
2026-05-14 12:52:59;0.444
2026-05-14 12:53:14;0.442
2026-05-14 12:53:29;0.426
2026-05-14 12:53:45;0.43
2026-05-14 12:54:00;0.424
2026-05-14 12:54:16;0.415
2026-05-14 12:54:31;0.409
2026-05-14 12:54:46;0.396
2026-05-14 12:55:01;0.386
2026-05-14 12:55:17;0.381
2026-05-14 12:55:32;0.381
2026-05-14 12:55:47;0.383
2026-05-14 12:56:02;0.383
2026-05-14 12:56:17;0.386
2026-05-14 12:56:32;0.387
2026-05-14 12:56:47;0.385
2026-05-14 12:57:02;0.385
2026-05-14 12:57:17;0.376
2026-05-14 12:57:32;0.385
2026-05-14 12:57:47;0.386
2026-05-14 12:58:02;0.394
2026-05-14 12:58:17;0.403
2026-05-14 12:58:32;0.403
2026-05-14 12:58:47;0.402
2026-05-14 12:59:02;0.433
2026-05-14 12:59:17;0.263
2026-05-14 12:59:32;0.451
2026-05-14 12:59:47;0.477
2026-05-14 13:00:02;0.496
2026-05-14 13:00:17;0.512
2026-05-14 13:00:33;0.534
2026-05-14 13:00:48;0.561
2026-05-14 13:01:03;0.596
2026-05-14 13:01:19;0.613
2026-05-14 13:01:34;0.688
2026-05-14 13:01:49;0.705
2026-05-14 13:02:05;0.709
2026-05-14 13:02:20;0.0
2026-05-14 13:02:35;0.0
2026-05-14 13:02:50;0.882
2026-05-14 13:03:06;0.0
2026-05-14 13:03:21;0.731
2026-05-14 13:03:37;0.0
2026-05-14 13:03:52;0.001
2026-05-14 13:04:07;0.0
2026-05-14 13:04:22;0.0
2026-05-14 13:04:38;1.162
2026-05-14 13:04:53;1.614
2026-05-14 13:05:09;0.0
2026-05-14 13:05:24;0.0
2026-05-14 13:05:39;0.0
2026-05-14 13:05:54;1.516
2026-05-14 13:06:10;0.001
2026-05-14 13:06:25;0.0
2026-05-14 13:06:41;1.387
2026-05-14 13:06:56;0.0
2026-05-14 13:07:11;1.559
2026-05-14 13:07:26;0.0
2026-05-14 13:07:42;1.558
2026-05-14 13:07:57;0.0
2026-05-14 13:08:12;0.0
2026-05-14 13:08:27;0.0
2026-05-14 13:08:43;1.597
2026-05-14 13:08:59;1.49
2026-05-14 13:09:14;0.0
2026-05-14 13:09:29;0.001
2026-05-14 13:09:44;0.8
2026-05-14 13:10:00;0.001
2026-05-14 13:10:15;0.092
2026-05-14 13:10:30;0.0
2026-05-14 13:10:45;1.477
2026-05-14 13:11:01;0.001
2026-05-14 13:11:16;0.0
2026-05-14 13:11:31;0.106
2026-05-14 13:11:46;0.0
2026-05-14 13:12:02;0.89
2026-05-14 13:12:17;0.0
2026-05-14 13:12:32;0.444
2026-05-14 13:12:47;0.0
2026-05-14 13:13:03;0.545
2026-05-14 13:13:18;0.39
2026-05-14 13:13:34;0.376
2026-05-14 13:13:49;0.36
2026-05-14 13:14:04;0.338
2026-05-14 13:14:19;0.318
2026-05-14 13:14:35;0.303
2026-05-14 13:14:50;0.291
2026-05-14 13:15:05;0.282
2026-05-14 13:15:20;0.273
2026-05-14 13:15:36;0.264
2026-05-14 13:15:51;0.256
2026-05-14 13:16:06;0.248
2026-05-14 13:16:21;0.238
2026-05-14 13:16:37;0.232
2026-05-14 13:16:52;0.227
2026-05-14 13:17:08;0.223
2026-05-14 13:17:23;0.22
2026-05-14 13:17:38;0.215
2026-05-14 13:17:53;0.212
2026-05-14 13:18:09;0.209
2026-05-14 13:18:24;0.206
2026-05-14 13:18:55;0.201
2026-05-14 13:19:10;0.199
2026-05-14 13:19:25;0.196
2026-05-14 13:19:41;0.194
2026-05-14 13:19:56;0.194
2026-05-14 13:20:11;0.194
2026-05-14 13:20:26;0.192
2026-05-14 13:20:45;0.193
2026-05-14 13:20:58;0.196
2026-05-14 13:21:13;0.197
2026-05-14 13:21:28;0.197
2026-05-14 13:21:43;0.196
2026-05-14 13:21:58;0.194
2026-05-14 13:22:14;0.195
2026-05-14 13:22:29;0.193
2026-05-14 13:22:45;0.191
2026-05-14 13:23:00;0.188
2026-05-14 13:23:15;0.185
2026-05-14 13:23:30;0.184
2026-05-14 13:23:46;0.18
2026-05-14 13:24:01;0.176
2026-05-14 13:24:16;0.171
2026-05-14 13:24:32;0.166
2026-05-14 13:24:47;0.161
2026-05-14 13:25:02;0.156
2026-05-14 13:25:18;0.153
2026-05-14 13:25:33;0.153
2026-05-14 13:25:48;0.152
2026-05-14 13:26:03;0.151
2026-05-14 13:26:19;0.149
2026-05-14 13:26:34;0.148
2026-05-14 13:26:49;0.146
2026-05-14 13:27:04;0.145
2026-05-14 13:27:19;0.143
2026-05-14 13:27:34;0.141
2026-05-14 13:27:49;0.14
2026-05-14 13:28:04;0.138
2026-05-14 13:28:20;0.136
2026-05-14 13:28:34;0.134
2026-05-14 13:28:49;0.132
2026-05-14 13:29:04;0.13
2026-05-14 13:29:19;0.128
2026-05-14 13:29:35;0.126
2026-05-14 13:29:49;0.125
2026-05-14 13:30:04;0.124
2026-05-14 13:30:19;0.123
2026-05-14 13:30:34;0.122
2026-05-14 13:30:49;0.119
2026-05-14 13:31:04;0.117
2026-05-14 13:31:19;0.116
2026-05-14 13:31:34;0.116
2026-05-14 13:31:50;0.117
2026-05-14 13:32:04;0.117
2026-05-14 13:32:19;0.117
2026-05-14 13:32:34;0.118
2026-05-14 13:32:49;0.119
2026-05-14 13:33:04;0.12
2026-05-14 13:33:19;0.123
2026-05-14 13:33:34;0.126
2026-05-14 13:33:49;0.129
2026-05-14 13:34:04;0.0
2026-05-14 13:34:19;0.133
2026-05-14 13:34:34;0.135
2026-05-14 13:34:49;0.139
2026-05-14 13:35:04;0.0
2026-05-14 13:35:19;0.147
2026-05-14 13:35:34;0.149
2026-05-14 13:35:50;0.151
2026-05-14 13:36:04;0.152
2026-05-14 13:36:20;0.153
2026-05-14 13:36:35;0.153
2026-05-14 13:36:50;0.155
2026-05-14 13:37:05;0.156
2026-05-14 13:37:20;0.156
2026-05-14 13:37:35;0.156
2026-05-14 13:37:50;0.157
2026-05-14 13:38:05;0.157
2026-05-14 13:38:20;0.156
2026-05-14 13:38:35;0.155
2026-05-14 13:38:50;0.154
2026-05-14 13:39:05;0.153
2026-05-14 13:39:20;0.151
2026-05-14 13:39:35;0.148
2026-05-14 13:39:56;0.146
2026-05-14 13:40:07;0.144
2026-05-14 13:40:20;0.142
2026-05-14 13:40:35;0.139
2026-05-14 13:40:50;0.136
2026-05-14 13:41:05;0.132
2026-05-14 13:41:20;0.13
2026-05-14 13:41:35;0.128
2026-05-14 13:41:50;0.126
2026-05-14 13:42:05;0.126
2026-05-14 13:42:20;0.125
2026-05-14 13:42:35;0.126
2026-05-14 13:42:50;0.127
2026-05-14 13:43:05;0.128
2026-05-14 13:43:21;0.13
2026-05-14 13:43:35;0.132
2026-05-14 13:43:50;0.135
2026-05-14 13:44:05;0.138
2026-05-14 13:44:20;0.14
2026-05-14 13:44:35;0.145
2026-05-14 13:44:51;0.152
2026-05-14 13:45:05;0.151
2026-05-14 13:45:21;0.147
2026-05-14 13:45:35;0.147
2026-05-14 13:45:50;0.149
2026-05-14 13:46:05;0.152
2026-05-14 13:46:21;0.155
2026-05-14 13:46:36;0.156
2026-05-14 13:46:51;0.157
2026-05-14 13:47:06;0.16
2026-05-14 13:47:21;0.162
2026-05-14 13:47:36;0.163
2026-05-14 13:47:51;0.164
2026-05-14 13:48:06;0.164
2026-05-14 13:48:21;0.164
2026-05-14 13:48:36;0.162
2026-05-14 13:48:51;0.158
2026-05-14 13:49:06;0.154
2026-05-14 13:49:21;0.15
2026-05-14 13:49:36;0.146
2026-05-14 13:49:51;0.142
2026-05-14 13:50:06;0.14
2026-05-14 13:50:21;0.138
2026-05-14 13:50:36;0.137
2026-05-14 13:50:51;0.135
2026-05-14 13:51:06;0.135
2026-05-14 13:51:21;0.137
2026-05-14 13:51:36;0.139
2026-05-14 13:51:51;0.14
2026-05-14 13:52:06;0.143
2026-05-14 13:52:21;0.146
2026-05-14 13:52:36;0.151
2026-05-14 13:52:51;0.155
2026-05-14 13:53:06;0.159
2026-05-14 13:53:21;0.0
2026-05-14 13:53:36;0.165
2026-05-14 13:53:51;0.167
2026-05-14 13:54:06;0.169
2026-05-14 13:54:21;0.171
2026-05-14 13:54:36;0.176
2026-05-14 13:54:51;0.181
2026-05-14 13:55:06;0.185
2026-05-14 13:55:22;0.184
2026-05-14 13:55:37;0.184
2026-05-14 13:55:52;0.184
2026-05-14 13:56:07;0.185
2026-05-14 13:56:22;0.187
2026-05-14 13:56:37;0.19
2026-05-14 13:56:52;0.192
2026-05-14 13:57:07;0.0
2026-05-14 13:57:22;0.197
2026-05-14 13:57:37;0.199
2026-05-14 13:57:52;0.199
2026-05-14 13:58:07;0.204
2026-05-14 13:58:37;0.218
2026-05-14 13:58:53;0.0
2026-05-14 13:59:08;0.224
2026-05-14 13:59:23;0.226
2026-05-14 13:59:38;0.19
2026-05-14 13:59:53;0.225
2026-05-14 14:00:08;0.227
2026-05-14 14:00:23;0.232
2026-05-14 14:00:38;0.236
2026-05-14 14:00:53;0.247
2026-05-14 14:01:08;0.261
2026-05-14 14:01:23;0.277
2026-05-14 14:01:38;0.3
2026-05-14 14:01:53;0.315
2026-05-14 14:02:08;0.345
2026-05-14 14:02:23;0.381
2026-05-14 14:02:38;0.396
2026-05-14 14:02:53;0.02
2026-05-14 14:03:08;0.011
2026-05-14 14:03:23;0.366
2026-05-14 14:03:38;0.272
2026-05-14 14:03:53;0.341
2026-05-14 14:04:08;0.348
2026-05-14 14:04:23;0.405
2026-05-14 14:04:38;0.0
2026-05-14 14:04:53;0.0
2026-05-14 14:05:08;0.416
2026-05-14 14:05:23;0.326
2026-05-14 14:05:39;0.308
2026-05-14 14:05:53;0.314
2026-05-14 14:06:08;0.347
2026-05-14 14:06:23;0.302
2026-05-14 14:06:38;0.365
2026-05-14 14:06:53;0.384
2026-05-14 14:07:08;0.454
2026-05-14 14:07:23;0.019
2026-05-14 14:07:38;0.0
2026-05-14 14:07:54;0.0
2026-05-14 14:08:08;0.001
2026-05-14 14:08:24;0.0
2026-05-14 14:08:38;0.0
2026-05-14 14:08:53;0.004
2026-05-14 14:09:08;0.0
2026-05-14 14:09:23;0.0
2026-05-14 14:09:38;0.011
2026-05-14 14:09:53;0.338
2026-05-14 14:10:08;0.325
2026-05-14 14:10:23;0.316
2026-05-14 14:10:39;0.316
2026-05-14 14:10:53;0.31
2026-05-14 14:11:08;0.309
2026-05-14 14:11:23;0.307
2026-05-14 14:11:38;0.301
2026-05-14 14:11:54;0.298
2026-05-14 14:12:08;0.299
2026-05-14 14:12:23;0.299
2026-05-14 14:12:41;0.302
2026-05-14 14:12:54;0.303
2026-05-14 14:13:09;0.307
2026-05-14 14:13:23;0.308
2026-05-14 14:13:38;0.312
2026-05-14 14:13:53;0.313
2026-05-14 14:14:09;0.312
2026-05-14 14:14:23;0.31
2026-05-14 14:14:39;0.31
2026-05-14 14:14:56;0.312
2026-05-14 14:15:09;0.315
2026-05-14 14:15:24;0.321
2026-05-14 14:15:54;0.031
2026-05-14 14:16:31;0.343
2026-05-14 14:16:32;0.0
2026-05-14 14:16:39;0.344
2026-05-14 14:16:54;0.005
2026-05-14 14:17:09;0.374
2026-05-14 14:17:24;0.382
2026-05-14 14:17:39;0.156
2026-05-14 14:17:54;0.41
2026-05-14 14:18:09;0.153
2026-05-14 14:18:24;0.431
2026-05-14 14:18:39;0.0
2026-05-14 14:18:54;0.0
2026-05-14 14:19:09;0.0
2026-05-14 14:19:24;0.0
2026-05-14 14:19:39;0.475
2026-05-14 14:19:54;0.0
2026-05-14 14:20:09;0.474
2026-05-14 14:20:24;0.0
2026-05-14 14:20:39;0.452
2026-05-14 14:20:54;0.454
2026-05-14 14:21:09;0.0
2026-05-14 14:21:24;0.442
2026-05-14 14:21:39;0.455
2026-05-14 14:21:54;0.479
2026-05-14 14:22:09;0.542
2026-05-14 14:22:24;0.475
2026-05-14 14:22:39;0.0
2026-05-14 14:22:54;0.837
2026-05-14 14:23:09;0.0
2026-05-14 14:23:24;0.032
2026-05-14 14:23:39;0.0
2026-05-14 14:23:54;0.0
2026-05-14 14:24:09;0.255
2026-05-14 14:24:24;0.343
2026-05-14 14:24:39;0.511
2026-05-14 14:24:54;0.0
2026-05-14 14:25:09;0.528
2026-05-14 14:25:24;0.0
2026-05-14 14:25:39;0.54
2026-05-14 14:25:54;0.546
2026-05-14 14:26:09;0.38
2026-05-14 14:26:24;0.278
2026-05-14 14:26:39;0.0
2026-05-14 14:26:54;0.0
2026-05-14 14:27:09;0.001
2026-05-14 14:27:24;0.0
2026-05-14 14:27:39;0.0
2026-05-14 14:27:57;0.455
2026-05-14 14:28:09;0.0
2026-05-14 14:36:05;0.359
2026-05-14 14:36:06;0.502
2026-05-14 14:36:18;0.0
2026-05-14 14:36:33;0.456
2026-05-14 14:36:48;0.371
2026-05-14 14:37:03;0.425
2026-05-14 14:37:18;0.323
2026-05-14 14:37:33;0.391
2026-05-14 14:37:48;0.374
2026-05-14 14:38:03;0.071
2026-05-14 14:38:18;0.156
2026-05-14 14:38:33;0.288
2026-05-14 14:38:48;0.361
2026-05-14 14:39:03;0.355
2026-05-14 14:39:18;0.335
2026-05-14 14:39:33;0.355
2026-05-14 14:39:48;0.359
2026-05-14 14:40:05;0.362
2026-05-14 14:40:18;0.0
2026-05-14 14:40:33;0.374
2026-05-14 14:40:48;0.001
2026-05-14 14:41:03;0.392
2026-05-14 14:41:18;0.402
2026-05-14 14:41:33;0.0
2026-05-14 14:41:48;0.43
2026-05-14 14:42:03;0.439
2026-05-14 14:42:18;0.0
2026-05-14 14:42:33;0.451
2026-05-14 14:42:48;0.001
2026-05-14 14:43:03;0.463
2026-05-14 14:43:18;0.0
2026-05-14 14:43:33;0.451
2026-05-14 14:43:48;0.521
2026-05-14 14:44:03;0.0
2026-05-14 14:44:18;0.0
2026-05-14 14:44:33;0.591
2026-05-14 14:44:49;0.0
2026-05-14 14:45:03;0.585
2026-05-14 14:45:18;0.399
2026-05-14 14:45:33;0.746
2026-05-14 14:45:48;0.0
2026-05-14 14:46:03;0.713
2026-05-14 14:46:18;0.459
2026-05-14 14:46:33;0.0
2026-05-14 14:46:49;1.179
2026-05-14 14:47:04;0.0
2026-05-14 14:47:19;0.03
2026-05-14 14:47:34;0.0
2026-05-14 14:47:50;0.0
2026-05-14 14:48:05;1.171
2026-05-14 14:48:21;0.472
2026-05-14 14:48:36;0.0
2026-05-14 14:48:51;0.0
2026-05-14 14:49:06;1.135
2026-05-14 14:49:22;1.121
2026-05-14 14:49:37;0.001
2026-05-14 14:49:53;0.0
2026-05-14 14:50:08;1.09
2026-05-14 14:50:23;1.158
2026-05-14 14:50:38;0.067
2026-05-14 14:50:54;0.001
2026-05-14 14:51:09;0.0
2026-05-14 14:51:25;0.0
2026-05-14 14:51:40;1.056
2026-05-14 14:51:55;0.993
2026-05-14 14:52:10;0.001
2026-05-14 14:52:26;0.0
2026-05-14 14:52:41;0.637
2026-05-14 14:52:56;0.971
2026-05-14 14:53:11;0.312
2026-05-14 14:53:27;0.0
2026-05-14 14:53:42;0.003
2026-05-14 14:53:58;0.0
2026-05-14 14:54:13;0.0
2026-05-14 14:54:28;0.596
2026-05-14 14:54:43;0.661
2026-05-14 14:54:59;0.627
2026-05-14 14:55:14;0.0
2026-05-14 14:55:29;0.64
2026-05-14 14:55:44;0.0
2026-05-14 14:56:00;0.001
2026-05-14 14:56:15;0.0
2026-05-14 14:56:31;0.19
2026-05-14 14:56:46;1.061
2026-05-14 14:57:01;0.0
2026-05-14 14:57:16;0.001
2026-05-14 14:57:32;0.041
2026-05-14 14:57:47;1.027
2026-05-14 14:58:02;0.0
2026-05-14 14:58:17;1.164
2026-05-14 14:58:33;0.001
2026-05-14 14:58:48;1.087
2026-05-14 14:59:04;1.153
2026-05-14 14:59:19;0.0
2026-05-14 14:59:34;0.0
2026-05-14 14:59:49;0.0
2026-05-14 15:00:05;0.0
2026-05-14 15:00:20;0.0
2026-05-14 15:00:35;0.0
2026-05-14 15:00:50;0.001
2026-05-14 15:01:06;0.985
2026-05-14 15:01:21;0.904
2026-05-14 15:01:37;0.0
2026-05-14 15:01:52;0.0
2026-05-14 15:02:07;0.0
2026-05-14 15:02:22;0.0
2026-05-14 15:02:38;0.0
2026-05-14 15:02:53;0.478
2026-05-14 15:03:08;0.001
2026-05-14 15:03:23;0.315
2026-05-14 15:03:39;0.0
2026-05-14 15:03:54;0.0
2026-05-14 15:04:10;0.984
2026-05-14 15:04:25;0.001
2026-05-14 15:04:40;0.961
2026-05-14 15:04:55;0.0
2026-05-14 15:05:11;0.001
2026-05-14 15:05:26;0.0
2026-05-14 15:05:41;0.673
2026-05-14 15:05:56;0.0
2026-05-14 15:06:12;0.001
2026-05-14 15:06:27;0.0
2026-05-14 15:06:43;0.0
2026-05-14 15:06:58;0.0
2026-05-14 15:07:13;0.0
2026-05-14 15:07:28;1.026
2026-05-14 15:07:44;1.014
2026-05-14 15:07:59;0.775
2026-05-14 15:08:14;0.61
2026-05-14 15:08:29;0.0
2026-05-14 15:08:45;0.0
2026-05-14 15:09:00;0.858
2026-05-14 15:09:16;0.0
2026-05-14 15:09:31;0.946
2026-05-14 15:09:46;0.945
2026-05-14 15:10:01;0.0
2026-05-14 15:10:17;1.003
2026-05-14 15:10:32;0.934
2026-05-14 15:10:47;0.932
2026-05-14 15:11:02;0.931
2026-05-14 15:11:18;0.0
2026-05-14 15:11:33;0.001
2026-05-14 15:11:49;0.974
2026-05-14 15:12:04;0.0
2026-05-14 15:12:19;0.001
2026-05-14 15:12:34;0.0
2026-05-14 15:12:50;0.0
2026-05-14 15:13:05;0.0
2026-05-14 15:13:20;0.0
2026-05-14 15:13:35;0.0
2026-05-14 15:13:51;0.0
2026-05-14 15:14:06;0.0
2026-05-14 15:14:22;0.0
2026-05-14 15:14:37;0.994
2026-05-14 15:14:52;0.968
2026-05-14 15:15:07;0.87
2026-05-14 15:15:23;0.507
2026-05-14 15:15:38;0.307
2026-05-14 15:15:53;0.295
2026-05-14 15:16:08;0.287
2026-05-14 15:16:24;0.285
2026-05-14 15:16:39;0.287
2026-05-14 15:16:56;0.293
2026-05-14 15:17:10;0.301
2026-05-14 15:17:25;0.34
2026-05-14 15:17:40;0.442
2026-05-14 15:17:56;0.0
2026-05-14 15:18:11;0.0
2026-05-14 15:18:26;0.0
2026-05-14 15:18:41;0.0
2026-05-14 15:18:57;0.0
2026-05-14 15:19:14;0.0
2026-05-14 15:19:28;0.0
2026-05-14 15:19:43;0.0
2026-05-14 15:19:58;0.0
2026-05-14 15:20:13;0.896
2026-05-14 15:20:29;0.893
2026-05-14 15:20:44;0.884
2026-05-14 15:20:59;0.887
2026-05-14 15:21:14;0.018
2026-05-14 15:21:30;0.928
2026-05-14 15:21:45;0.93
2026-05-14 15:22:01;0.0
2026-05-14 15:22:16;0.0
2026-05-14 15:22:31;0.001
2026-05-14 15:22:48;0.796
2026-05-14 15:23:02;0.001
2026-05-14 15:23:17;0.0
2026-05-14 15:23:33;0.0
2026-05-14 15:23:47;0.0
2026-05-14 15:24:03;0.887
2026-05-14 15:24:18;0.0
2026-05-14 15:24:34;0.0
2026-05-14 15:24:49;0.937
2026-05-14 15:25:04;0.933
2026-05-14 15:25:19;0.022
2026-05-14 15:25:35;0.0
2026-05-14 15:25:50;0.93
2026-05-14 15:26:05;0.0
2026-05-14 15:26:20;0.0
2026-05-14 15:26:36;0.91
2026-05-14 15:26:51;0.189
2026-05-14 15:27:07;0.861
2026-05-14 15:27:22;0.009
2026-05-14 15:27:37;0.0
2026-05-14 15:27:52;0.286
2026-05-14 15:28:08;0.782
2026-05-14 15:28:23;0.0
2026-05-14 15:28:38;0.0
2026-05-14 15:28:53;0.808
2026-05-14 15:29:09;0.807
2026-05-14 15:29:24;0.0
2026-05-14 15:29:40;0.0
2026-05-14 15:29:55;0.0
2026-05-14 15:30:10;0.812
2026-05-14 15:30:25;0.0
2026-05-14 15:30:41;0.0
2026-05-14 15:30:56;0.0
2026-05-14 15:31:12;0.869
2026-05-14 15:31:27;0.866
2026-05-14 15:31:42;0.865
2026-05-14 15:31:57;0.82
2026-05-14 15:32:13;0.0
2026-05-14 15:32:28;0.0
2026-05-14 15:32:43;0.858
2026-05-14 15:32:58;0.08
2026-05-14 15:33:14;0.489
2026-05-14 15:33:29;0.0
2026-05-14 15:33:45;0.0
2026-05-14 15:34:00;0.0
2026-05-14 15:34:15;0.832
2026-05-14 15:34:30;0.0
2026-05-14 15:34:46;0.0
2026-05-14 15:35:01;0.0
2026-05-14 15:35:16;0.0
2026-05-14 15:35:31;0.001
2026-05-14 15:35:47;0.0
2026-05-14 15:36:02;0.748
2026-05-14 15:36:18;0.0
2026-05-14 15:36:33;0.0
2026-05-14 15:36:48;0.685
2026-05-14 15:37:03;0.758
2026-05-14 15:37:19;0.0
2026-05-14 15:37:34;0.0
2026-05-14 15:37:49;0.749
2026-05-14 15:38:04;0.774
2026-05-14 15:38:20;0.738
2026-05-14 15:38:36;0.789
2026-05-14 15:38:51;0.0
2026-05-14 15:39:06;0.0
2026-05-14 15:39:27;0.0
2026-05-14 15:39:52;0.062
2026-05-14 15:40:07;0.0
2026-05-14 15:40:22;0.0
2026-05-14 15:40:38;0.0
2026-05-14 15:40:53;0.0
2026-05-14 15:41:09;0.0
2026-05-14 15:41:24;0.81
2026-05-14 15:41:39;0.679
2026-05-14 15:41:54;0.0
2026-05-14 15:42:10;0.693
2026-05-14 15:42:25;0.763
2026-05-14 15:42:40;0.0
2026-05-14 15:42:55;0.0
2026-05-14 15:43:11;0.0
2026-05-14 15:43:26;0.0
2026-05-14 15:43:42;0.788
2026-05-14 15:43:57;0.781
2026-05-14 15:44:12;0.0
2026-05-14 15:44:27;0.0
2026-05-14 15:44:43;0.0
2026-05-14 15:44:58;0.0
2026-05-14 15:45:13;0.004
2026-05-14 15:45:28;0.729
2026-05-14 15:45:44;0.549
2026-05-14 15:45:59;0.724
2026-05-14 15:46:15;0.0
2026-05-14 15:46:30;0.763
2026-05-14 15:46:45;0.759
2026-05-14 15:47:00;0.232
2026-05-14 15:47:16;0.757
2026-05-14 15:47:31;0.743
2026-05-14 15:47:46;0.0
2026-05-14 15:48:01;0.0
2026-05-14 15:48:17;0.0
2026-05-14 15:48:32;0.766
2026-05-14 15:48:48;0.0
2026-05-14 15:49:03;0.724
2026-05-14 15:49:18;0.001
2026-05-14 15:49:33;0.0
2026-05-14 15:49:49;0.0
2026-05-14 15:50:04;0.748
2026-05-14 15:50:20;0.742
2026-05-14 15:50:35;0.736
2026-05-14 15:50:50;0.0
2026-05-14 15:51:05;0.692
2026-05-14 15:51:21;0.509
2026-05-14 15:51:36;0.0
2026-05-14 15:51:52;0.735
2026-05-14 15:52:07;0.0
2026-05-14 15:52:22;0.0
2026-05-14 15:52:37;0.0
2026-05-14 15:52:53;0.0
2026-05-14 15:53:08;0.696
2026-05-14 15:53:24;0.0
2026-05-14 15:53:39;0.744
2026-05-14 15:53:54;0.0
2026-05-14 15:54:09;0.0
2026-05-14 15:54:25;0.748
2026-05-14 15:54:40;0.0
2026-05-14 15:54:55;0.0
2026-05-14 15:55:11;0.0
2026-05-14 15:55:26;0.744
2026-05-14 15:55:41;0.7
2026-05-14 15:55:57;0.0
2026-05-14 15:56:12;0.7
2026-05-14 15:56:27;0.0
2026-05-14 15:56:42;0.0
2026-05-14 15:56:58;0.707
2026-05-14 15:57:13;0.664
2026-05-14 15:57:29;0.657
2026-05-14 15:57:44;0.0
2026-05-14 15:57:59;0.676
2026-05-14 15:58:30;0.625
2026-05-14 15:58:46;0.654
2026-05-14 15:59:01;0.608
2026-05-14 15:59:16;0.497
2026-05-14 15:59:31;0.473
2026-05-14 15:59:46;0.461
2026-05-14 16:00:02;0.428
2026-05-14 16:00:17;0.394
2026-05-14 16:00:32;0.282
2026-05-14 16:00:47;0.227
2026-05-14 16:01:03;0.205
2026-05-14 16:01:18;0.0
2026-05-14 16:01:34;0.0
2026-05-15 07:53:32;0.331
2026-05-15 07:53:47;0.321
2026-05-15 07:54:02;0.275
2026-05-15 07:54:17;0.365
2026-05-15 07:54:32;0.366
2026-05-15 07:54:47;0.37
2026-05-15 07:55:02;0.379
2026-05-15 07:55:17;0.39
2026-05-15 07:55:32;0.402
2026-05-15 07:55:48;0.402
2026-05-15 07:56:02;0.4
2026-05-15 07:56:17;0.393
2026-05-15 07:56:32;0.0
2026-05-15 07:56:47;0.38
2026-05-15 07:57:02;0.378
2026-05-15 07:57:17;0.375
2026-05-15 07:57:33;0.371
2026-05-15 07:57:47;0.365
2026-05-15 07:58:03;0.365
2026-05-15 07:58:18;0.365
2026-05-15 07:58:33;0.371
2026-05-15 07:58:48;0.369
2026-05-15 07:59:03;0.363
2026-05-15 07:59:18;0.357
2026-05-15 07:59:33;0.345
2026-05-15 07:59:48;0.0
2026-05-15 08:00:03;0.321
2026-05-15 08:00:18;0.315
2026-05-15 08:00:33;0.317
2026-05-15 08:00:48;0.327
2026-05-15 08:01:03;0.326
2026-05-15 08:01:18;0.322
2026-05-15 08:01:34;0.317
2026-05-15 08:01:48;0.307
2026-05-15 08:02:05;0.28
2026-05-15 08:02:18;0.264
2026-05-15 08:02:33;0.259
2026-05-15 08:02:48;0.258
2026-05-15 08:03:03;0.262
2026-05-15 08:03:18;0.291
2026-05-15 08:03:33;0.291
2026-05-15 08:03:48;0.289
2026-05-15 08:04:03;0.287
2026-05-15 08:04:19;0.291
2026-05-15 08:04:34;0.292
2026-05-15 08:04:49;0.293
2026-05-15 08:05:04;0.295
2026-05-15 08:05:19;0.293
2026-05-15 08:05:34;0.298
2026-05-15 08:05:49;0.297
2026-05-15 08:06:04;0.296
2026-05-15 08:06:19;0.296
2026-05-15 08:06:34;0.29
2026-05-15 08:06:49;0.296
2026-05-15 08:07:04;0.29
2026-05-15 08:07:19;0.294
2026-05-15 08:07:34;0.275
2026-05-15 08:07:49;0.275
2026-05-15 08:08:04;0.26
2026-05-15 08:08:19;0.257
2026-05-15 08:08:34;0.255
2026-05-15 08:08:49;0.251
2026-05-15 08:09:04;0.248
2026-05-15 08:09:19;0.247
2026-05-15 08:09:35;0.251
2026-05-15 08:09:50;0.275
2026-05-15 08:10:05;0.276
2026-05-15 08:10:20;0.274
2026-05-15 08:10:35;0.269
2026-05-15 08:10:50;0.261
2026-05-15 08:11:05;0.255
2026-05-15 08:11:20;0.252
2026-05-15 08:11:36;0.25
2026-05-15 08:11:50;0.248
2026-05-15 08:12:05;0.247
2026-05-15 08:12:20;0.246
2026-05-15 08:12:35;0.229
2026-05-15 08:12:52;0.206
2026-05-15 08:13:05;0.208
2026-05-15 08:13:20;0.205
2026-05-15 08:13:37;0.209
2026-05-15 08:13:50;0.231
2026-05-15 08:14:05;0.246
2026-05-15 08:14:20;0.249
2026-05-15 08:14:36;0.25
2026-05-15 08:14:51;0.251
2026-05-15 08:15:06;0.253
2026-05-15 08:15:21;0.254
2026-05-15 08:15:36;0.253
2026-05-15 08:15:51;0.253
2026-05-15 08:16:06;0.253
2026-05-15 08:16:21;0.254
2026-05-15 08:16:36;0.255
2026-05-15 08:16:51;0.256
2026-05-15 08:17:06;0.257
2026-05-15 08:17:21;0.258
2026-05-15 08:17:36;0.259
2026-05-15 08:17:52;0.261
2026-05-15 08:18:07;0.263
2026-05-15 08:18:22;0.264
2026-05-15 08:18:37;0.265
2026-05-15 08:18:52;0.267
2026-05-15 08:19:07;0.27
2026-05-15 08:19:22;0.275
2026-05-15 08:19:37;0.283
2026-05-15 08:19:52;0.291
2026-05-15 08:20:07;0.299
2026-05-15 08:20:22;0.308
2026-05-15 08:20:37;0.315
2026-05-15 08:20:52;0.319
2026-05-15 08:21:07;0.324
2026-05-15 08:21:22;0.327
2026-05-15 08:21:38;0.328
2026-05-15 08:21:52;0.327
2026-05-15 08:22:07;0.324
2026-05-15 08:22:22;0.319
2026-05-15 08:22:37;0.314
2026-05-15 08:22:52;0.311
2026-05-15 08:23:08;0.308
2026-05-15 08:23:23;0.305
2026-05-15 08:23:38;0.304
2026-05-15 08:23:53;0.305
2026-05-15 08:24:08;0.305
2026-05-15 08:24:23;0.306
2026-05-15 08:24:38;0.306
2026-05-15 08:24:53;0.308
2026-05-15 08:25:08;0.308
2026-05-15 08:25:23;0.297
2026-05-15 08:25:38;0.309
2026-05-15 08:25:53;0.312
2026-05-15 08:26:08;0.315
2026-05-15 08:26:23;0.323
2026-05-15 08:26:38;0.322
2026-05-15 08:26:53;0.322
2026-05-15 08:27:08;0.314
2026-05-15 08:27:24;0.307
2026-05-15 08:27:39;0.308
2026-05-15 08:27:53;0.311
2026-05-15 08:28:08;0.316
2026-05-15 08:28:24;0.317
2026-05-15 08:28:44;0.32
2026-05-15 08:28:54;0.321
2026-05-15 08:29:09;0.319
2026-05-15 08:29:24;0.316
2026-05-15 08:29:40;0.313
2026-05-15 08:29:54;0.299
2026-05-15 08:30:09;0.303
2026-05-15 08:30:26;0.311
2026-05-15 08:30:39;0.312
2026-05-15 08:30:54;0.312
2026-05-15 08:31:09;0.316
2026-05-15 08:31:26;0.322
2026-05-15 08:31:41;0.331
2026-05-15 08:31:54;0.344
2026-05-15 08:32:09;0.359
2026-05-15 08:32:24;0.374
2026-05-15 08:32:39;0.391
2026-05-15 08:32:54;0.409
2026-05-15 08:33:09;0.428
2026-05-15 08:33:24;0.445
2026-05-15 08:33:39;0.462
2026-05-15 08:33:54;0.478
2026-05-15 08:34:09;0.492
2026-05-15 08:34:24;0.505
2026-05-15 08:34:41;0.516
2026-05-15 08:34:54;0.525
2026-05-15 08:35:10;0.532
2026-05-15 08:35:25;0.534
2026-05-15 08:35:40;0.534
2026-05-15 08:35:55;0.533
2026-05-15 08:36:10;0.529
2026-05-15 08:36:25;0.518
2026-05-15 08:36:40;0.508
2026-05-15 08:36:55;0.494
2026-05-15 08:37:10;0.485
2026-05-15 08:37:25;0.472
2026-05-15 08:37:40;0.462
2026-05-15 08:37:55;0.459
2026-05-15 08:38:10;0.458
2026-05-15 08:38:25;0.462
2026-05-15 08:38:40;0.465
2026-05-15 08:38:55;0.469
2026-05-15 08:39:10;0.471
2026-05-15 08:39:25;0.475
2026-05-15 08:39:40;0.477
2026-05-15 08:39:55;0.461
2026-05-15 08:40:10;0.449
2026-05-15 08:40:25;0.451
2026-05-15 08:40:42;0.465
2026-05-15 08:40:55;0.453
2026-05-15 08:41:10;0.451
2026-05-15 08:41:25;0.455
2026-05-15 08:41:40;0.453
2026-05-15 08:41:55;0.004
2026-05-15 08:42:11;0.447
2026-05-15 08:42:26;0.447
2026-05-15 08:42:41;0.446
2026-05-15 08:42:56;0.451
2026-05-15 08:43:11;0.47
2026-05-15 08:43:26;0.448
2026-05-15 08:43:41;0.444
2026-05-15 08:43:56;0.46
2026-05-15 08:44:11;0.462
2026-05-15 08:44:27;0.477
2026-05-15 08:44:41;0.487
2026-05-15 08:44:56;0.503
2026-05-15 08:45:11;0.512
2026-05-15 08:45:26;0.515
2026-05-15 08:45:41;0.524
2026-05-15 08:45:56;0.525
2026-05-15 08:46:11;0.527
2026-05-15 08:46:26;0.5
2026-05-15 08:46:41;0.499
2026-05-15 08:46:56;0.502
2026-05-15 08:47:12;0.508
2026-05-15 08:47:26;0.513
2026-05-15 08:47:42;0.518
2026-05-15 08:47:57;0.525
2026-05-15 08:48:12;0.532
2026-05-15 08:48:27;0.54
2026-05-15 08:48:42;0.544
2026-05-15 08:48:57;0.545
2026-05-15 08:49:12;0.545
2026-05-15 08:49:27;0.545
2026-05-15 08:49:42;0.547
2026-05-15 08:49:57;0.54
2026-05-15 08:50:12;0.534
2026-05-15 08:50:27;0.53
2026-05-15 08:50:42;0.524
2026-05-15 08:50:57;0.518
2026-05-15 08:51:12;0.514
2026-05-15 08:51:27;0.511
2026-05-15 08:51:42;0.509
2026-05-15 08:51:57;0.507
2026-05-15 08:52:12;0.506
2026-05-15 08:52:27;0.505
2026-05-15 08:52:42;0.503
2026-05-15 08:52:57;0.503
2026-05-15 08:53:12;0.504
2026-05-15 08:53:27;0.506
2026-05-15 08:53:42;0.503
2026-05-15 08:53:57;0.499
2026-05-15 08:54:12;0.497
2026-05-15 08:54:27;0.493
2026-05-15 08:54:43;0.488
2026-05-15 08:54:57;0.481
2026-05-15 08:55:12;0.475
2026-05-15 08:55:27;0.468
2026-05-15 08:55:42;0.458
2026-05-15 08:55:57;0.448
2026-05-15 08:56:12;0.438
2026-05-15 08:56:28;0.428
2026-05-15 08:56:42;0.421
2026-05-15 08:56:58;0.417
2026-05-15 08:57:13;0.416
2026-05-15 08:57:28;0.417
2026-05-15 08:57:43;0.416
2026-05-15 08:57:58;0.418
2026-05-15 08:58:13;0.42
2026-05-15 08:58:29;0.421
2026-05-15 08:58:43;0.422
2026-05-15 08:59:00;0.425
2026-05-15 08:59:13;0.429
2026-05-15 08:59:28;0.432
2026-05-15 08:59:45;0.437
2026-05-15 08:59:58;0.44
2026-05-15 09:00:15;0.442
2026-05-15 09:00:28;0.443
2026-05-15 09:00:43;0.444
2026-05-15 09:00:58;0.444
2026-05-15 09:01:13;0.445
2026-05-15 09:01:35;0.439
2026-05-15 09:01:43;0.445
2026-05-15 09:01:58;0.445
2026-05-15 09:02:13;0.445
2026-05-15 09:02:28;0.444
2026-05-15 09:02:43;0.444
2026-05-15 09:02:58;0.445
2026-05-15 09:03:13;0.446
2026-05-15 09:03:28;0.447
2026-05-15 09:03:43;0.449
2026-05-15 09:03:58;0.451
2026-05-15 09:04:14;0.454
2026-05-15 09:04:28;0.457
2026-05-15 09:04:43;0.459
2026-05-15 09:04:58;0.462
2026-05-15 09:05:13;0.465
2026-05-15 09:05:28;0.468
2026-05-15 09:05:43;0.471
2026-05-15 09:05:59;0.475
2026-05-15 09:06:14;0.477
2026-05-15 09:06:29;0.482
2026-05-15 09:06:44;0.486
2026-05-15 09:06:59;0.493
2026-05-15 09:07:14;0.501
2026-05-15 09:07:29;0.511
2026-05-15 09:07:44;0.521
2026-05-15 09:07:59;0.531
2026-05-15 09:08:14;0.543
2026-05-15 09:08:29;0.486
2026-05-15 09:08:44;0.57
2026-05-15 09:08:59;0.585
2026-05-15 09:09:14;0.592
2026-05-15 09:09:29;0.6
2026-05-15 09:09:44;0.611
2026-05-15 09:09:59;0.621
2026-05-15 09:10:14;0.632
2026-05-15 09:10:29;0.643
2026-05-15 09:10:44;0.655
2026-05-15 09:11:01;0.67
2026-05-15 09:11:14;0.69
2026-05-15 09:11:29;0.709
2026-05-15 09:11:44;0.728
2026-05-15 09:11:59;0.708
2026-05-15 09:12:14;0.717
2026-05-15 09:12:29;0.739
2026-05-15 09:12:44;0.743
2026-05-15 09:12:59;0.748
2026-05-15 09:13:14;0.762
2026-05-15 09:13:29;0.829
2026-05-15 09:13:44;0.838
2026-05-15 09:13:59;0.797
2026-05-15 09:14:14;0.822
2026-05-15 09:14:29;0.955
2026-05-15 09:14:44;0.94
2026-05-15 09:14:59;0.879
2026-05-15 09:15:14;0.858
2026-05-15 09:15:29;0.793
2026-05-15 09:15:44;0.856
2026-05-15 09:15:59;0.851
2026-05-15 09:16:14;0.798
2026-05-15 09:16:29;0.77
2026-05-15 09:16:44;0.75
2026-05-15 09:16:59;0.743
2026-05-15 09:17:14;0.743
2026-05-15 09:17:29;0.716
2026-05-15 09:17:44;0.683
2026-05-15 09:17:59;0.662
2026-05-15 09:18:14;0.653
2026-05-15 09:18:29;0.644
2026-05-15 09:18:44;0.632
2026-05-15 09:18:59;0.618
2026-05-15 09:19:14;0.611
2026-05-15 09:19:29;0.607
2026-05-15 09:19:44;0.604
2026-05-15 09:19:59;0.603
2026-05-15 09:20:14;0.6
2026-05-15 09:20:29;0.601
2026-05-15 09:20:44;0.604
2026-05-15 09:20:59;0.0
2026-05-15 09:21:14;0.61
2026-05-15 09:21:29;0.617
2026-05-15 09:21:44;0.622
2026-05-15 09:22:00;0.628
2026-05-15 09:22:14;0.635
2026-05-15 09:22:29;0.641
2026-05-15 09:22:44;0.67
2026-05-15 09:22:59;0.692
2026-05-15 09:23:14;0.666
2026-05-15 09:23:29;0.65
2026-05-15 09:23:44;0.638
2026-05-15 09:23:59;0.635
2026-05-15 09:24:14;0.633
2026-05-15 09:24:29;0.635
2026-05-15 09:24:44;0.637
2026-05-15 09:24:59;0.642
2026-05-15 09:25:14;0.648
2026-05-15 09:25:29;0.658
2026-05-15 09:25:44;0.674
2026-05-15 09:25:59;0.706
2026-05-15 09:26:14;0.714
2026-05-15 09:26:29;0.739
2026-05-15 09:26:44;0.784
2026-05-15 09:26:59;0.849
2026-05-15 09:27:15;0.792
2026-05-15 09:27:29;0.814
2026-05-15 09:27:44;0.883
2026-05-15 09:27:59;0.942
2026-05-15 09:28:14;1.221
2026-05-15 09:28:29;0.998
2026-05-15 09:28:44;0.859
2026-05-15 09:28:59;0.842
2026-05-15 09:29:14;0.84
2026-05-15 09:29:29;0.835
2026-05-15 09:29:44;0.848
2026-05-15 09:29:59;0.879
2026-05-15 09:30:14;1.261
2026-05-15 09:30:36;1.197
2026-05-15 09:30:45;1.152
2026-05-15 09:31:00;1.811
2026-05-15 09:31:16;2.023
2026-05-15 09:31:31;1.987
2026-05-15 09:31:46;1.147
2026-05-15 09:32:01;0.964
2026-05-15 09:32:17;0.919
2026-05-15 09:32:32;0.876
2026-05-15 09:32:48;0.885
2026-05-15 09:33:03;0.91
2026-05-15 09:33:18;0.908
2026-05-15 09:33:33;0.917
2026-05-15 09:33:50;0.938
2026-05-15 09:34:13;0.978
2026-05-15 09:34:22;0.983
2026-05-15 09:34:35;1.072
2026-05-15 09:35:20;1.384
2026-05-15 09:35:44;1.378
2026-05-15 09:35:51;1.495
2026-05-15 09:36:06;1.819
2026-05-15 09:36:22;1.187
2026-05-15 09:36:37;1.016
2026-05-15 09:36:57;1.158
2026-05-15 09:37:07;0.847
2026-05-15 09:37:22;0.787
2026-05-15 09:37:37;0.74
2026-05-15 09:37:52;0.706
2026-05-15 09:38:08;0.671
2026-05-15 09:38:23;0.644
2026-05-15 09:38:40;0.634
2026-05-15 09:38:53;0.632
2026-05-15 09:39:09;0.638
2026-05-15 09:39:24;0.642
2026-05-15 09:39:40;0.647
2026-05-15 09:40:00;0.654
2026-05-15 09:40:10;0.658
2026-05-15 09:40:25;0.664
2026-05-15 09:40:41;0.67
2026-05-15 09:40:56;0.678
2026-05-15 09:41:12;0.689
2026-05-15 09:41:27;0.711
2026-05-15 09:41:42;0.868
2026-05-15 09:41:57;0.791
2026-05-15 09:42:13;0.768
2026-05-15 09:42:28;0.787
2026-05-15 09:42:44;0.83
2026-05-15 09:42:59;1.31
2026-05-15 09:43:14;0.956
2026-05-15 09:43:29;0.924
2026-05-15 09:43:45;0.87
2026-05-15 09:44:00;1.228
2026-05-15 09:44:15;1.25
2026-05-15 09:44:31;0.967
2026-05-15 09:44:46;1.348
2026-05-15 09:45:01;1.671
2026-05-15 09:45:17;1.394
2026-05-15 09:45:32;1.995
2026-05-15 09:45:47;1.28
2026-05-15 09:46:02;1.326
2026-05-15 09:46:18;1.314
2026-05-15 09:46:33;1.703
2026-05-15 09:46:49;1.755
2026-05-15 09:47:04;1.965
2026-05-15 09:47:19;2.043
2026-05-15 09:47:34;1.949
2026-05-15 09:47:50;1.838
2026-05-15 09:48:05;1.872
2026-05-15 09:48:20;1.919
2026-05-15 09:48:35;1.97
2026-05-15 09:48:51;1.94
2026-05-15 09:49:06;1.786
2026-05-15 09:49:22;1.882
2026-05-15 09:49:37;1.92
2026-05-15 09:49:52;1.946
2026-05-15 09:50:07;1.879
2026-05-15 09:50:23;1.983
2026-05-15 09:50:38;1.942
2026-05-15 09:50:53;1.919
2026-05-15 09:51:08;1.997
2026-05-15 09:51:24;1.99
2026-05-15 09:51:39;1.877
2026-05-15 09:51:54;1.901
2026-05-15 09:52:09;1.888
2026-05-15 09:52:25;0.835
2026-05-15 09:52:40;1.925
2026-05-15 09:52:55;1.798
2026-05-15 09:53:10;1.978
2026-05-15 09:53:26;1.95
2026-05-15 09:53:41;1.505
2026-05-15 09:53:57;2.0
2026-05-15 09:54:11;2.08
2026-05-15 09:54:27;1.731
2026-05-15 09:54:42;1.196
2026-05-15 09:54:58;1.119
2026-05-15 09:55:13;1.196
2026-05-15 09:55:28;1.395
2026-05-15 09:55:43;1.348
2026-05-15 09:55:59;1.043
2026-05-15 09:56:14;1.323
2026-05-15 09:56:29;1.236
2026-05-15 09:56:44;1.071
2026-05-15 09:57:00;1.118
2026-05-15 09:57:15;1.284
2026-05-15 09:57:30;1.731
2026-05-15 09:57:45;1.652
2026-05-15 09:58:01;1.786
2026-05-15 09:58:16;1.311
2026-05-15 09:58:31;1.279
2026-05-15 09:58:46;1.895
2026-05-15 09:59:02;2.019
2026-05-15 09:59:17;1.751
2026-05-15 09:59:33;2.009
2026-05-15 09:59:48;1.815
2026-05-15 10:00:03;1.91
2026-05-15 10:00:18;1.846
2026-05-15 10:00:34;1.967
2026-05-15 10:00:49;1.97
2026-05-15 10:01:04;1.968
2026-05-15 10:01:19;1.964
2026-05-15 10:01:35;1.949
2026-05-15 10:01:50;1.952
2026-05-15 10:02:05;1.957
2026-05-15 10:02:20;1.953
2026-05-15 10:02:37;1.949
2026-05-15 10:02:51;1.94
2026-05-15 10:03:08;1.911
2026-05-15 10:03:21;1.886
2026-05-15 10:03:37;1.893
2026-05-15 10:03:52;1.904
2026-05-15 10:04:07;1.919
2026-05-15 10:04:22;1.477
2026-05-15 10:04:38;1.14
2026-05-15 10:05:12;0.624
2026-05-15 10:05:24;0.499
2026-05-15 10:05:39;0.449
2026-05-15 10:05:57;0.415
2026-05-15 10:06:10;0.418
2026-05-15 10:06:25;0.454
2026-05-15 10:06:40;0.733
2026-05-15 10:06:56;1.831
2026-05-15 10:07:11;1.86
2026-05-15 10:07:26;1.87
2026-05-15 10:07:41;1.868
2026-05-15 10:07:57;1.869
2026-05-15 10:08:12;1.869
2026-05-15 10:08:27;1.873
2026-05-15 10:08:42;1.872
2026-05-15 10:08:58;1.873
2026-05-15 10:09:13;1.88
2026-05-15 10:09:29;1.88
2026-05-15 10:09:43;1.889
2026-05-15 10:09:59;1.883
2026-05-15 10:10:14;1.814
2026-05-15 10:10:30;1.366
2026-05-15 10:10:44;1.476
2026-05-15 10:11:00;1.208
2026-05-15 10:11:15;1.85
2026-05-15 10:11:31;1.864
2026-05-15 10:11:48;1.856
2026-05-15 10:12:01;1.856
2026-05-15 10:12:16;1.834
2026-05-15 10:12:32;1.84
2026-05-15 10:12:47;1.728
2026-05-15 10:13:02;1.584
2026-05-15 10:13:17;1.688
2026-05-15 10:13:33;1.53
2026-05-15 10:13:48;1.601
2026-05-15 10:14:03;1.703
2026-05-15 10:14:18;1.513
2026-05-15 10:14:48;1.341
2026-05-15 10:15:04;1.482
2026-05-15 10:15:19;1.17
2026-05-15 10:15:35;1.317
2026-05-15 10:15:50;1.534
2026-05-15 10:16:05;1.53
2026-05-15 10:16:20;1.351
2026-05-15 10:16:36;1.036
2026-05-15 10:16:51;1.306
2026-05-15 10:17:06;1.061
2026-05-15 10:17:21;1.32
2026-05-15 10:17:37;1.372
2026-05-15 10:17:52;1.163
2026-05-15 10:18:07;1.405
2026-05-15 10:18:22;1.011
2026-05-15 10:18:38;0.71
2026-05-15 10:18:54;1.582
2026-05-15 10:19:09;0.732
2026-05-15 10:19:25;1.287
2026-05-15 10:19:40;1.103
2026-05-15 10:19:56;1.195
2026-05-15 10:20:11;1.393
2026-05-15 10:20:27;1.477
2026-05-15 10:20:43;1.288
2026-05-15 10:20:58;1.608
2026-05-15 10:21:14;1.658
2026-05-15 10:21:29;1.833
2026-05-15 10:21:45;1.345
2026-05-15 10:22:00;1.848
2026-05-15 10:22:16;1.528
2026-05-15 10:22:32;1.861
2026-05-15 10:22:47;1.869
2026-05-15 10:23:03;1.876
2026-05-15 10:23:19;1.863
2026-05-15 10:23:34;1.795
2026-05-15 10:23:50;1.445
2026-05-15 10:24:06;1.875
2026-05-15 10:24:21;1.89
2026-05-15 10:24:37;1.91
2026-05-15 10:24:52;1.908
2026-05-15 10:25:08;1.85
2026-05-15 10:25:23;1.923
2026-05-15 10:25:39;1.878
2026-05-15 10:25:54;1.893
2026-05-15 10:26:10;1.926
2026-05-15 10:26:26;1.927
2026-05-15 10:26:41;1.903
2026-05-15 10:26:57;1.881
2026-05-15 10:27:12;1.918
2026-05-15 10:27:28;1.887
2026-05-15 10:27:43;1.916
2026-05-15 10:27:59;1.922
2026-05-15 10:28:15;1.932
2026-05-15 10:28:30;1.928
2026-05-15 10:28:46;1.936
2026-05-15 10:29:01;1.939
2026-05-15 10:29:17;1.942
2026-05-15 10:29:32;1.947
2026-05-15 10:29:48;1.949
2026-05-15 10:30:03;1.932
2026-05-15 10:30:19;1.918
2026-05-15 10:30:35;1.908
2026-05-15 10:30:50;1.907
2026-05-15 10:31:06;1.894
2026-05-15 10:31:21;1.909
2026-05-15 10:31:37;1.87
2026-05-15 10:31:52;1.885
2026-05-15 10:32:08;1.902
2026-05-15 10:32:24;1.899
2026-05-15 10:32:39;1.841
2026-05-15 10:32:55;1.898
2026-05-15 10:33:10;1.902
2026-05-15 10:33:26;1.909
2026-05-15 10:33:41;1.903
2026-05-15 10:33:57;1.93
2026-05-15 10:34:13;1.931
2026-05-15 10:34:28;1.926
2026-05-15 10:34:44;1.916
2026-05-15 10:34:59;1.951
2026-05-15 10:35:15;0.531
2026-05-15 10:35:30;0.778
2026-05-15 10:35:46;0.413
2026-05-15 10:36:01;0.371
2026-05-15 10:36:17;0.344
2026-05-15 10:36:32;0.329
2026-05-15 10:36:48;0.322
2026-05-15 10:37:05;0.318
2026-05-15 10:37:19;0.314
2026-05-15 10:37:35;0.317
2026-05-15 10:37:50;0.332
2026-05-15 10:38:06;0.461
2026-05-15 10:38:21;1.868
2026-05-15 10:38:36;1.881
2026-05-15 10:38:51;1.762
2026-05-15 10:39:07;1.9
2026-05-15 10:39:22;1.732
2026-05-15 10:39:37;1.934
2026-05-15 10:39:52;1.94
2026-05-15 10:40:08;1.822
2026-05-15 10:40:22;1.803
2026-05-15 10:40:38;1.943
2026-05-15 10:40:53;1.923
2026-05-15 10:41:47;0.728
2026-05-15 10:42:17;1.919
2026-05-15 10:42:33;1.684
2026-05-15 10:42:49;1.9
2026-05-15 10:43:04;1.907
2026-05-15 10:43:20;1.901
2026-05-15 10:43:36;1.897
2026-05-15 10:43:51;1.892
2026-05-15 10:44:07;0.042
2026-05-15 10:44:22;1.901
2026-05-15 10:44:38;1.763
2026-05-15 10:44:54;1.752
2026-05-15 10:45:09;1.916
2026-05-15 10:45:25;1.885
2026-05-15 10:45:40;0.579
2026-05-15 10:45:56;1.917
2026-05-15 10:46:11;1.924
2026-05-15 10:46:27;1.909
2026-05-15 10:46:43;1.913
2026-05-15 10:46:58;0.468
2026-05-15 10:47:14;1.905
2026-05-15 10:47:29;1.888
2026-05-15 10:47:45;1.811
2026-05-15 10:48:00;0.852
2026-05-15 10:48:16;1.78
2026-05-15 10:48:31;0.054
2026-05-15 10:48:47;1.833
2026-05-15 10:49:03;1.849
2026-05-15 10:49:18;1.884
2026-05-15 10:49:34;1.652
2026-05-15 10:49:51;1.667
2026-05-15 10:50:05;1.649
2026-05-15 10:50:21;1.68
2026-05-15 10:50:36;0.0
2026-05-15 10:50:52;1.641
2026-05-15 10:51:07;1.584
2026-05-15 10:51:23;1.129
2026-05-15 10:51:38;1.302
2026-05-15 10:51:54;0.959
2026-05-15 10:52:10;0.987
2026-05-15 10:52:25;0.695
2026-05-15 10:52:41;0.722
2026-05-15 10:52:56;0.811
2026-05-15 10:53:12;1.21
2026-05-15 10:53:27;1.274
2026-05-15 10:53:43;1.247
2026-05-15 10:53:59;1.146
2026-05-15 10:54:14;0.978
2026-05-15 10:54:30;0.978
2026-05-15 10:54:45;0.919
2026-05-15 10:55:01;0.945
2026-05-15 10:55:16;0.908
2026-05-15 10:55:32;1.075
2026-05-15 10:55:48;0.945
2026-05-15 10:56:03;0.862
2026-05-15 10:56:19;0.928
2026-05-15 10:56:34;1.062
2026-05-15 10:56:50;0.975
2026-05-15 10:57:05;1.076
2026-05-15 10:57:21;1.039
2026-05-15 10:57:37;1.009
2026-05-15 10:57:52;0.797
2026-05-15 10:58:07;0.931
2026-05-15 10:58:22;1.004
2026-05-15 10:58:37;1.008
2026-05-15 10:58:53;1.018
2026-05-15 10:59:08;1.004
2026-05-15 10:59:23;1.006
2026-05-15 10:59:40;1.015
2026-05-15 10:59:54;1.101
2026-05-15 11:00:09;1.13
2026-05-15 11:00:24;1.123
2026-05-15 11:00:39;1.071
2026-05-15 11:00:55;1.196
2026-05-15 11:01:10;1.132
2026-05-15 11:01:25;1.176
2026-05-15 11:01:40;1.153
2026-05-15 11:01:56;1.106
2026-05-15 11:02:12;1.091
2026-05-15 11:02:27;1.051
2026-05-15 11:02:43;0.956
2026-05-15 11:02:59;0.896
2026-05-15 11:03:14;0.903
2026-05-15 11:03:30;0.912
2026-05-15 11:03:46;0.933
2026-05-15 11:04:01;0.965
2026-05-15 11:04:18;0.832
2026-05-15 11:04:32;0.748
2026-05-15 11:05:03;0.963
2026-05-15 11:05:18;0.698
2026-05-15 11:05:33;0.733
2026-05-15 11:05:49;0.663
2026-05-15 11:06:05;0.64
2026-05-15 11:06:22;0.626
2026-05-15 11:06:36;0.599
2026-05-15 11:06:51;0.602
2026-05-15 11:07:07;0.601
2026-05-15 11:07:46;0.609
2026-05-15 11:07:48;0.641
2026-05-15 11:08:04;0.702
2026-05-15 11:08:21;0.658
2026-05-15 11:08:35;0.738
2026-05-15 11:08:51;0.631
2026-05-15 11:09:06;0.706
2026-05-15 11:09:22;0.729
2026-05-15 11:09:37;0.672
2026-05-15 11:09:53;0.674
2026-05-15 11:10:08;0.694
2026-05-15 11:10:24;0.714
2026-05-15 11:10:40;0.437
2026-05-15 11:10:55;0.54
2026-05-15 11:11:11;0.769
2026-05-15 11:11:26;0.732
2026-05-15 11:11:42;0.789
2026-05-15 11:11:58;0.823
2026-05-15 11:12:13;0.001
2026-05-15 11:12:29;0.574
2026-05-15 11:12:44;0.891
2026-05-15 11:13:00;0.899
2026-05-15 11:13:15;1.017
2026-05-15 11:13:32;1.057
2026-05-15 11:13:47;1.068
2026-05-15 11:14:02;1.037
2026-05-15 11:14:18;1.018
2026-05-15 11:14:33;1.092
2026-05-15 11:14:49;1.14
2026-05-15 11:15:05;1.125
2026-05-15 11:15:20;1.129
2026-05-15 11:15:36;1.121
2026-05-15 11:15:51;1.138
2026-05-15 11:16:07;1.007
2026-05-15 11:16:25;1.119
2026-05-15 11:16:38;1.149
2026-05-15 11:16:53;0.0
2026-05-15 11:17:09;0.0
2026-05-15 11:17:25;1.223
2026-05-15 11:17:40;1.313
2026-05-15 11:17:56;1.285
2026-05-15 11:18:12;1.508
2026-05-15 11:18:28;1.52
2026-05-15 11:18:43;1.562
2026-05-15 11:18:58;0.77
2026-05-15 11:19:13;0.0
2026-05-15 11:19:33;0.001
2026-05-15 11:19:46;0.0
2026-05-15 11:20:00;1.584
2026-05-15 11:20:19;1.611
2026-05-15 11:20:32;1.684
2026-05-15 11:20:48;0.0
2026-05-15 11:21:06;0.236
2026-05-15 11:21:18;0.0
2026-05-15 11:21:34;1.636
2026-05-15 11:21:49;1.663
2026-05-15 11:22:05;0.0
2026-05-15 11:22:20;0.0
2026-05-15 11:22:36;0.0
2026-05-15 11:22:52;1.623
2026-05-15 11:23:07;1.593
2026-05-15 11:23:24;0.0
2026-05-15 11:23:41;1.744
2026-05-15 11:23:54;0.0
2026-05-15 11:24:11;1.742
2026-05-15 11:24:26;1.581
2026-05-15 11:24:43;1.476
2026-05-15 11:24:56;1.753
2026-05-15 11:25:12;0.082
2026-05-15 11:25:29;1.748
2026-05-15 11:25:43;1.756
2026-05-15 11:26:29;0.001
2026-05-15 11:26:49;0.0
2026-05-15 11:27:11;1.765
2026-05-15 11:27:31;1.77
2026-05-15 11:27:47;1.739
2026-05-15 11:28:02;1.779
2026-05-15 11:28:18;0.0
2026-05-15 11:28:33;0.002
2026-05-15 11:28:49;0.473
2026-05-15 11:29:44;0.398
2026-05-15 11:29:59;0.373
2026-05-15 11:30:15;0.932
2026-05-15 11:30:50;0.0
2026-05-15 11:31:06;0.0
2026-05-15 11:31:21;1.819
2026-05-15 11:31:37;0.0
2026-05-15 11:31:53;0.0
2026-05-15 11:32:11;0.0
2026-05-15 11:32:24;0.0
2026-05-15 11:32:40;1.615
2026-05-15 11:32:55;1.043
2026-05-15 11:33:12;0.377
2026-05-15 11:33:31;0.365
2026-05-15 11:33:48;0.394
2026-05-15 11:33:57;0.0
2026-05-15 11:34:13;1.418
2026-05-15 11:34:29;0.007
2026-05-15 11:34:44;1.612
2026-05-15 11:35:00;0.0
2026-05-15 11:35:16;0.001
2026-05-15 11:35:31;1.61
2026-05-15 11:35:47;0.0
2026-05-15 11:36:02;0.0
2026-05-15 11:36:18;1.614
2026-05-15 11:36:34;0.0
2026-05-15 11:36:49;0.0
2026-05-15 11:37:04;0.0
2026-05-15 11:37:20;1.776
2026-05-15 11:37:36;0.0
2026-05-15 11:37:51;0.0
2026-05-15 11:38:08;0.0
2026-05-15 11:38:22;1.755
2026-05-15 11:38:38;1.771
2026-05-15 11:38:53;1.699
2026-05-15 11:39:09;0.0
2026-05-15 11:39:24;0.558
2026-05-15 11:39:40;0.491
2026-05-15 11:39:56;0.575
2026-05-15 11:40:11;0.492
2026-05-15 11:40:27;0.464
2026-05-15 11:40:42;0.465
2026-05-15 11:40:58;0.506
2026-05-15 11:41:13;0.8
2026-05-15 11:41:29;0.0
2026-05-15 11:41:45;1.593
2026-05-15 11:42:00;0.196
2026-05-15 11:42:16;0.0
2026-05-15 11:42:31;1.921
2026-05-15 11:42:47;0.0
2026-05-15 11:43:02;0.0
2026-05-15 11:43:18;1.782
2026-05-15 11:43:33;0.0
2026-05-15 11:43:49;0.992
2026-05-15 11:44:05;1.621
2026-05-15 11:44:20;0.001
2026-05-15 11:44:36;0.0
2026-05-15 11:44:52;0.0
2026-05-15 11:45:07;0.488
2026-05-15 11:45:23;0.493
2026-05-15 11:45:39;0.475
2026-05-15 11:45:54;0.451
2026-05-15 11:46:10;0.445
2026-05-15 11:46:25;0.474
2026-05-15 11:46:44;0.527
2026-05-15 11:46:57;0.899
2026-05-15 11:47:11;1.068
2026-05-15 11:47:28;0.577
2026-05-15 11:47:43;0.0
2026-05-15 11:47:59;1.665
2026-05-15 11:48:14;0.0
2026-05-15 11:48:29;1.777
2026-05-15 11:48:45;1.68
2026-05-15 11:49:03;0.965
2026-05-15 11:49:17;0.569
2026-05-15 11:49:32;1.159
2026-05-15 11:49:47;0.392
2026-05-15 11:50:02;0.361
2026-05-15 11:50:18;0.356
2026-05-15 11:50:33;0.371
2026-05-15 11:50:48;0.414
2026-05-15 11:51:04;0.442
2026-05-15 11:51:19;0.458
2026-05-15 11:51:34;0.615
2026-05-15 11:51:49;0.676
2026-05-15 11:52:05;0.401
2026-05-15 11:52:20;1.949
2026-05-15 11:52:35;0.0
2026-05-15 11:52:50;0.356
2026-05-15 11:53:06;0.006
2026-05-15 11:53:21;1.939
2026-05-15 11:53:37;1.786
2026-05-15 11:53:51;0.0
2026-05-15 11:54:07;1.76
2026-05-15 11:54:22;0.0
2026-05-15 11:54:37;1.751
2026-05-15 11:54:52;0.0
2026-05-15 11:55:08;1.862
2026-05-15 11:55:23;0.0
2026-05-15 11:55:38;1.704
2026-05-15 11:55:53;0.0
2026-05-15 11:56:09;1.838
2026-05-15 11:56:24;0.0
2026-05-15 11:56:39;1.633
2026-05-15 11:56:55;0.0
2026-05-15 11:57:11;0.0
2026-05-15 11:57:27;0.0
2026-05-15 11:57:42;0.0
2026-05-15 11:57:58;1.801
2026-05-15 11:58:13;1.65
2026-05-15 11:58:29;0.0
2026-05-15 11:58:45;1.81
2026-05-15 11:59:00;0.0
2026-05-15 11:59:15;0.542
2026-05-15 11:59:31;0.471
2026-05-15 11:59:46;1.676
2026-05-15 12:00:02;0.0
2026-05-15 12:00:18;0.001
2026-05-15 12:00:33;0.0
2026-05-15 12:00:49;1.792
2026-05-15 12:01:05;0.483
2026-05-15 12:01:20;0.447
2026-05-15 12:01:36;0.469
2026-05-15 12:01:51;0.562
2026-05-15 12:02:07;0.0
2026-05-15 12:02:22;0.618
2026-05-15 12:02:38;1.317
2026-05-15 12:02:54;0.0
2026-05-15 12:03:09;0.0
2026-05-15 12:03:24;1.147
2026-05-15 12:03:40;0.0
2026-05-15 12:03:56;0.0
2026-05-15 12:04:12;0.0
2026-05-15 12:04:27;1.616
2026-05-15 12:04:42;0.448
2026-05-15 12:04:58;0.379
2026-05-15 12:05:14;0.363
2026-05-15 12:05:29;0.353
2026-05-15 12:05:45;0.349
2026-05-15 12:06:01;0.347
2026-05-15 12:06:16;0.346
2026-05-15 12:06:31;0.349
2026-05-15 12:06:47;0.356
2026-05-15 12:07:02;0.372
2026-05-15 12:07:17;0.378
2026-05-15 12:07:32;0.378
2026-05-15 12:07:48;0.389
2026-05-15 12:08:03;0.392
2026-05-15 12:08:18;0.393
2026-05-15 12:08:33;0.401
2026-05-15 12:08:49;0.414
2026-05-15 12:09:04;0.475
2026-05-15 12:09:19;0.069
2026-05-15 12:09:34;0.449
2026-05-15 12:09:50;0.398
2026-05-15 12:10:05;0.385
2026-05-15 12:10:20;0.374
2026-05-15 12:10:35;0.367
2026-05-15 12:10:51;0.37
2026-05-15 12:11:06;0.385
2026-05-15 12:11:21;0.565
2026-05-15 12:11:36;0.68
2026-05-15 12:11:52;1.405
2026-05-15 12:12:07;0.367
2026-05-15 12:12:23;0.0
2026-05-15 12:12:37;0.471
2026-05-15 12:12:53;0.384
2026-05-15 12:13:08;0.361
2026-05-15 12:13:24;0.35
2026-05-15 12:13:39;0.343
2026-05-15 12:13:54;0.341
2026-05-15 12:14:09;0.339
2026-05-15 12:14:25;0.338
2026-05-15 12:14:40;0.339
2026-05-15 12:14:55;0.342
2026-05-15 12:15:13;0.347
2026-05-15 12:15:26;0.352
2026-05-15 12:15:41;0.36
2026-05-15 12:15:57;0.367
2026-05-15 12:16:12;0.376
2026-05-15 12:16:27;0.386
2026-05-15 12:16:42;0.0
2026-05-15 12:16:58;0.413
2026-05-15 12:17:13;0.429
2026-05-15 12:17:28;0.451
2026-05-15 12:17:43;0.487
2026-05-15 12:17:59;0.535
2026-05-15 12:18:14;0.867
2026-05-15 12:18:30;0.499
2026-05-15 12:18:45;0.488
2026-05-15 12:19:00;0.47
2026-05-15 12:19:15;0.46
2026-05-15 12:19:31;0.441
2026-05-15 12:19:46;0.444
2026-05-15 12:20:01;0.436
2026-05-15 12:20:16;0.429
2026-05-15 12:20:32;0.422
2026-05-15 12:20:47;0.422
2026-05-15 12:21:03;0.427
2026-05-15 12:21:18;0.44
2026-05-15 12:21:33;0.46
2026-05-15 12:21:48;0.505
2026-05-15 12:22:04;1.329
2026-05-15 12:22:19;1.508
2026-05-15 12:22:35;0.0
2026-05-15 12:22:50;0.0
2026-05-15 12:23:05;0.522
2026-05-15 12:23:20;0.463
2026-05-15 12:23:36;0.47
2026-05-15 12:23:51;0.473
2026-05-15 12:24:07;0.481
2026-05-15 12:24:22;0.494
2026-05-15 12:24:37;0.514
2026-05-15 12:24:52;0.54
2026-05-15 12:25:08;0.489
2026-05-15 12:25:23;0.629
2026-05-15 12:25:39;0.0
2026-05-15 12:25:54;1.032
2026-05-15 12:26:09;0.273
2026-05-15 12:26:24;0.567
2026-05-15 12:26:40;0.528
2026-05-15 12:26:55;0.507
2026-05-15 12:27:11;0.491
2026-05-15 12:27:26;0.479
2026-05-15 12:27:41;0.467
2026-05-15 12:27:56;0.456
2026-05-15 12:28:12;0.449
2026-05-15 12:28:27;0.445
2026-05-15 12:28:42;0.435
2026-05-15 12:28:58;0.445
2026-05-15 12:29:13;0.447
2026-05-15 12:29:29;0.452
2026-05-15 12:29:44;0.456
2026-05-15 12:29:59;0.461
2026-05-15 12:30:14;0.469
2026-05-15 12:30:29;0.469
2026-05-15 12:30:45;0.491
2026-05-15 12:31:00;0.512
2026-05-15 12:31:16;0.542
2026-05-15 12:31:31;0.584
2026-05-15 12:31:46;0.0
2026-05-15 12:32:01;0.0
2026-05-15 12:32:17;0.0
2026-05-15 12:32:32;0.0
2026-05-15 12:32:48;0.0
2026-05-15 12:33:03;0.0
2026-05-15 12:33:18;0.0
2026-05-15 12:33:33;0.916
2026-05-15 12:33:49;0.001
2026-05-15 12:34:04;0.0
2026-05-15 12:34:19;0.0
2026-05-15 12:34:34;0.0
2026-05-15 12:34:50;0.368
2026-05-15 12:35:05;0.0
2026-05-15 12:35:21;0.031
2026-05-15 12:35:36;0.001
2026-05-15 12:35:51;1.805
2026-05-15 12:36:06;0.0
2026-05-15 12:36:22;1.024
2026-05-15 12:36:37;0.128
2026-05-15 12:36:52;0.001
2026-05-15 12:37:07;0.0
2026-05-15 12:37:23;0.579
2026-05-15 12:37:38;0.0
2026-05-15 12:37:53;0.001
2026-05-15 12:38:08;0.042
2026-05-15 12:38:24;0.534
2026-05-15 12:38:39;0.0
2026-05-15 12:38:54;1.645
2026-05-15 12:39:09;0.847
2026-05-15 12:39:25;0.448
2026-05-15 12:39:40;0.0
2026-05-15 12:39:55;0.0
2026-05-15 12:40:10;0.72
2026-05-15 12:40:26;0.0
2026-05-15 12:40:41;0.0
2026-05-15 12:40:56;0.707
2026-05-15 12:41:11;0.0
2026-05-15 12:41:27;0.0
2026-05-15 12:41:42;0.377
2026-05-15 12:41:57;1.745
2026-05-15 12:42:12;0.0
2026-05-15 12:42:28;0.0
2026-05-15 12:42:43;0.0
2026-05-15 12:42:59;0.001
2026-05-15 12:43:14;1.663
2026-05-15 12:43:30;0.0
2026-05-15 12:43:45;0.0
2026-05-15 12:44:00;0.001
2026-05-15 12:44:15;0.336
2026-05-15 12:44:31;1.395
2026-05-15 12:44:46;0.0
2026-05-15 12:45:01;0.0
2026-05-15 12:45:16;0.0
2026-05-15 12:45:32;0.0
2026-05-15 12:45:47;0.0
2026-05-15 12:46:02;0.0
2026-05-15 12:46:17;0.0
2026-05-15 12:46:33;0.0
2026-05-15 12:46:48;1.519
2026-05-15 12:47:55;0.001
2026-05-15 12:47:55;0.0
2026-05-15 12:48:08;1.493
2026-05-15 12:48:21;0.0
2026-05-15 12:48:36;0.176
2026-05-15 12:48:52;0.0
2026-05-15 12:49:07;0.0
2026-05-15 12:49:23;0.001
2026-05-15 12:49:39;0.0
2026-05-15 12:49:54;0.0
2026-05-15 12:50:10;0.0
2026-05-15 12:50:25;1.47
2026-05-15 12:50:41;0.0
2026-05-15 12:50:56;1.47
2026-05-15 12:51:12;0.0
2026-05-15 12:51:28;0.0
2026-05-15 12:51:43;0.0
2026-05-15 12:52:00;0.0
2026-05-15 12:52:14;0.624
2026-05-15 12:52:30;0.0
2026-05-15 12:52:45;0.0
2026-05-15 12:53:01;0.0
2026-05-15 12:53:17;1.643
2026-05-15 12:53:32;0.0
2026-05-15 12:53:48;1.517
2026-05-15 12:54:03;0.0
2026-05-15 12:54:19;0.0
2026-05-15 12:54:34;0.0
2026-05-15 12:54:50;0.0
2026-05-15 12:55:05;1.457
2026-05-15 12:55:21;0.0
2026-05-15 12:55:36;0.0
2026-05-15 12:55:52;0.849
2026-05-15 12:57:22;0.0
2026-05-15 12:57:38;1.575
2026-05-15 12:57:57;1.416
2026-05-15 12:59:27;0.724
2026-05-15 12:59:28;0.0
2026-05-15 12:59:31;0.0
2026-05-15 12:59:47;0.0
2026-05-15 13:00:05;0.497
2026-05-15 13:00:18;1.402
2026-05-15 13:00:49;0.0
2026-05-15 13:01:04;0.0
2026-05-15 13:01:20;0.0
2026-05-15 13:01:35;1.432
2026-05-15 13:01:51;0.0
2026-05-15 13:02:06;0.0
2026-05-15 13:02:22;1.372
2026-05-15 13:02:37;1.39
2026-05-15 13:02:53;0.0
2026-05-15 13:03:09;1.37
2026-05-15 13:03:25;1.524
2026-05-15 13:03:40;0.0
2026-05-15 13:03:56;0.0
2026-05-15 13:04:11;0.0
2026-05-15 13:04:28;0.012
2026-05-15 13:04:42;0.0
2026-05-15 13:04:58;0.0
2026-05-15 13:05:13;0.0
2026-05-15 13:05:29;1.412
2026-05-15 13:05:44;1.546
2026-05-15 13:06:00;0.0
2026-05-15 13:06:16;0.0
2026-05-15 13:06:31;0.0
2026-05-15 13:06:47;0.0
2026-05-15 13:07:02;1.454
2026-05-15 13:07:18;0.0
2026-05-15 13:07:33;1.617
2026-05-15 13:07:49;0.0
2026-05-15 13:08:05;0.001
2026-05-15 13:08:20;0.0
2026-05-15 13:08:35;0.723
2026-05-15 13:08:51;0.0
2026-05-15 13:09:06;0.444
2026-05-15 13:09:23;0.467
2026-05-15 13:09:38;0.457
2026-05-15 13:09:53;0.422
2026-05-15 13:10:09;0.46
2026-05-15 13:10:24;0.415
2026-05-15 13:10:40;0.425
2026-05-15 13:10:56;0.316
2026-05-15 13:11:11;0.494
2026-05-15 13:11:27;0.518
2026-05-15 13:11:42;0.634
2026-05-15 13:11:58;0.924
2026-05-15 13:12:13;0.79
2026-05-15 13:12:29;0.0
2026-05-15 13:12:45;0.0
2026-05-15 13:13:00;0.607
2026-05-15 13:13:15;0.729
2026-05-15 13:13:30;0.739
2026-05-15 13:13:46;0.0
2026-05-15 13:14:01;0.0
2026-05-15 13:14:16;1.265
2026-05-15 13:14:31;1.295
2026-05-15 13:14:47;0.0
2026-05-15 13:15:02;0.127
2026-05-15 13:15:17;0.223
2026-05-15 13:15:32;0.0
2026-05-15 13:15:48;0.484
2026-05-15 13:16:03;0.424
2026-05-15 13:16:18;0.413
2026-05-15 13:16:33;0.432
2026-05-15 13:16:50;0.367
2026-05-15 13:17:04;0.764
2026-05-15 13:17:19;0.001
2026-05-15 13:17:34;0.0
2026-05-15 13:17:50;0.341
2026-05-15 13:18:05;0.325
2026-05-15 13:18:20;0.311
2026-05-15 13:18:35;0.3
2026-05-15 13:18:51;0.29
2026-05-15 13:19:06;0.28
2026-05-15 13:19:22;0.272
2026-05-15 13:19:37;0.264
2026-05-15 13:19:52;0.255
2026-05-15 13:20:07;0.249
2026-05-15 13:20:23;0.244
2026-05-15 13:20:38;0.242
2026-05-15 13:20:53;0.241
2026-05-15 13:21:08;0.24
2026-05-15 13:21:24;0.242
2026-05-15 13:21:39;0.249
2026-05-15 13:21:54;0.251
2026-05-15 13:22:09;0.254
2026-05-15 13:22:25;0.257
2026-05-15 13:22:40;0.255
2026-05-15 13:22:56;0.256
2026-05-15 13:23:11;0.257
2026-05-15 13:23:26;0.257
2026-05-15 13:23:41;0.257
2026-05-15 13:23:57;0.256
2026-05-15 13:24:12;0.254
2026-05-15 13:24:28;0.254
2026-05-15 13:24:43;0.253
2026-05-15 13:24:58;0.25
2026-05-15 13:25:13;0.245
2026-05-15 13:25:29;0.241
2026-05-15 13:25:44;0.237
2026-05-15 13:25:59;0.234
2026-05-15 13:26:14;0.23
2026-05-15 13:26:30;0.227
2026-05-15 13:26:45;0.226
2026-05-15 13:27:01;0.225
2026-05-15 13:27:16;0.223
2026-05-15 13:27:31;0.223
2026-05-15 13:27:46;0.224
2026-05-15 13:28:02;0.224
2026-05-15 13:28:17;0.226
2026-05-15 13:28:33;0.228
2026-05-15 13:28:48;0.229
2026-05-15 13:29:03;0.232
2026-05-15 13:29:18;0.236
2026-05-15 13:29:34;0.24
2026-05-15 13:29:49;0.245
2026-05-15 13:30:04;0.249
2026-05-15 13:30:20;0.255
2026-05-15 13:30:35;0.259
2026-05-15 13:30:50;0.266
2026-05-15 13:31:06;0.278
2026-05-15 13:31:21;0.288
2026-05-15 13:31:36;0.296
2026-05-15 13:31:51;0.303
2026-05-15 13:32:07;0.316
2026-05-15 13:32:22;0.331
2026-05-15 13:32:38;0.352
2026-05-15 13:32:53;0.0
2026-05-15 13:33:08;0.0
2026-05-15 13:33:23;0.0
2026-05-15 13:33:39;0.0
2026-05-15 13:33:54;0.0
2026-05-15 13:34:10;0.0
2026-05-15 13:34:25;0.0
2026-05-15 13:34:40;0.0
2026-05-15 13:34:55;0.0
2026-05-15 13:35:11;0.393
2026-05-15 13:35:26;0.363
2026-05-15 13:35:42;0.373
2026-05-15 13:35:57;0.373
2026-05-15 13:36:12;0.475
2026-05-15 13:36:27;0.234
2026-05-15 13:36:43;0.388
2026-05-15 13:36:58;0.442
2026-05-15 13:37:13;0.443
2026-05-15 13:37:28;0.407
2026-05-15 13:37:44;0.37
2026-05-15 13:37:59;0.357
2026-05-15 13:38:15;0.36
2026-05-15 13:38:30;0.372
2026-05-15 13:38:45;0.407
2026-05-15 13:39:00;0.423
2026-05-15 13:39:16;0.516
2026-05-15 13:39:31;0.0
2026-05-15 13:39:47;0.001
2026-05-15 13:40:02;0.0
2026-05-15 13:40:17;1.156
2026-05-15 13:40:32;0.0
2026-05-15 13:40:48;0.0
2026-05-15 13:41:03;0.0
2026-05-15 13:41:18;0.393
2026-05-15 13:41:33;0.373
2026-05-15 13:41:49;0.379
2026-05-15 13:42:04;0.533
2026-05-15 13:42:20;0.39
2026-05-15 13:42:35;0.365
2026-05-15 13:42:50;0.256
2026-05-15 13:43:05;0.355
2026-05-15 13:43:21;0.397
2026-05-15 13:43:36;0.454
2026-05-15 13:43:51;0.0
2026-05-15 13:44:06;0.0
2026-05-15 13:44:22;0.261
2026-05-15 13:44:37;0.841
2026-05-15 13:44:53;0.0
2026-05-15 13:45:08;1.253
2026-05-15 13:45:23;0.0
2026-05-15 13:45:38;0.0
2026-05-15 13:45:54;0.901
2026-05-15 13:46:09;0.0
2026-05-15 13:46:24;0.0
2026-05-15 13:46:39;0.0
2026-05-15 13:46:55;1.582
2026-05-15 13:47:10;0.0
2026-05-15 13:47:26;0.0
2026-05-15 13:47:41;1.48
2026-05-15 13:47:56;1.476
2026-05-15 13:48:11;1.333
2026-05-15 13:48:27;0.0
2026-05-15 13:48:42;1.016
2026-05-15 13:48:57;0.0
2026-05-15 13:49:12;0.0
2026-05-15 13:49:28;0.65
2026-05-15 13:49:43;0.0
2026-05-15 13:49:59;0.0
2026-05-15 13:50:13;0.0
2026-05-15 13:50:29;0.0
2026-05-15 13:50:44;0.0
2026-05-15 13:50:59;1.422
2026-05-15 13:51:14;0.0
2026-05-15 13:51:30;0.268
2026-05-15 13:51:45;0.0
2026-05-15 13:52:00;1.397
2026-05-15 13:52:15;0.0
2026-05-15 13:52:31;0.0
2026-05-15 13:52:46;0.0
2026-05-15 13:53:01;0.798
2026-05-15 13:53:16;1.382
2026-05-15 13:53:32;0.0
2026-05-15 13:53:47;0.0
2026-05-15 13:54:02;0.001
2026-05-15 13:54:18;0.043
2026-05-15 13:54:33;0.0
2026-05-15 13:54:48;0.0
2026-05-15 13:55:04;0.0
2026-05-15 13:55:18;0.0
2026-05-15 13:55:34;1.352
2026-05-15 13:55:49;0.0
2026-05-15 13:56:05;0.0
2026-05-15 13:56:19;0.0
2026-05-15 13:56:35;0.0
2026-05-15 13:56:51;0.823
2026-05-15 13:57:06;0.036
2026-05-15 13:57:22;1.425
2026-05-15 13:57:38;0.0
2026-05-15 13:57:53;0.0
2026-05-15 13:58:09;0.0
2026-05-15 13:58:25;1.311
2026-05-15 13:58:40;1.311
2026-05-15 13:58:56;1.308
2026-05-15 13:59:11;0.31
2026-05-15 13:59:27;0.0
2026-05-15 13:59:42;0.0
2026-05-15 13:59:58;0.0
2026-05-15 14:00:14;1.421
2026-05-15 14:00:29;0.0
2026-05-15 14:00:44;0.0
2026-05-15 14:01:00;0.0
2026-05-15 14:01:16;0.0
2026-05-15 14:01:32;0.001
2026-05-15 14:01:47;0.0
2026-05-15 14:02:03;0.0
2026-05-15 14:02:18;1.28
2026-05-15 14:02:34;0.0
2026-05-15 14:02:49;0.0
2026-05-15 14:03:05;0.988
2026-05-15 14:03:20;1.275
2026-05-15 14:03:36;0.563
2026-05-15 14:03:51;0.001
2026-05-15 14:04:07;0.0
2026-05-15 14:04:23;0.0
2026-05-15 14:04:38;0.0
2026-05-15 14:04:54;0.0
2026-05-15 14:05:10;0.0
2026-05-15 14:05:25;0.0
2026-05-15 14:05:40;0.001
2026-05-15 14:05:56;0.087
2026-05-15 14:06:12;0.0
2026-05-15 14:06:27;0.0
2026-05-15 14:06:43;0.0
2026-05-15 14:06:58;0.001
2026-05-15 14:07:14;1.355
2026-05-15 14:07:29;0.0
2026-05-15 14:07:45;0.001
2026-05-15 14:08:01;0.0
2026-05-15 14:08:16;0.0
2026-05-15 14:08:32;0.0
2026-05-15 14:08:47;1.233
2026-05-15 14:09:03;0.0
2026-05-15 14:09:19;0.0
2026-05-15 14:09:34;0.0
2026-05-15 14:09:50;1.236
2026-05-15 14:10:05;0.0
2026-05-15 14:10:21;1.237
2026-05-15 14:10:36;0.849
2026-05-15 14:10:52;1.227
2026-05-15 14:11:07;0.0
2026-05-15 14:11:23;1.363
2026-05-15 14:11:39;0.0
2026-05-15 14:11:54;0.017
2026-05-15 14:12:10;0.824
2026-05-15 14:12:25;0.001
2026-05-15 14:12:41;0.0
2026-05-15 14:12:56;0.0
2026-05-15 14:13:12;1.371
2026-05-15 14:13:28;0.0
2026-05-15 14:13:43;0.011
2026-05-15 14:13:59;1.367
2026-05-15 14:14:14;0.001
2026-05-15 14:14:30;0.0
2026-05-15 14:14:46;0.0
2026-05-15 14:15:01;0.0
2026-05-15 14:15:17;1.238
2026-05-15 14:15:32;0.0
2026-05-15 14:15:48;0.0
2026-05-15 14:16:04;0.0
2026-05-15 14:16:19;0.0
2026-05-15 14:16:35;1.278
2026-05-15 14:16:50;0.0
2026-05-15 14:17:06;0.0
2026-05-15 14:17:21;0.0
2026-05-15 14:17:37;1.235
2026-05-15 14:17:53;0.0
2026-05-15 14:18:08;0.0
2026-05-15 14:18:24;0.001
2026-05-15 14:18:39;0.0
2026-05-15 14:18:55;1.083
2026-05-15 14:19:10;0.0
2026-05-15 14:19:26;0.0
2026-05-15 14:19:41;1.209
2026-05-15 14:19:57;0.0
2026-05-15 14:20:12;0.0
2026-05-15 14:20:28;1.206
2026-05-15 14:20:44;0.526
2026-05-15 14:20:59;0.196
2026-05-15 14:21:15;0.0
2026-05-15 14:21:30;0.585
2026-05-15 14:21:46;0.0
2026-05-15 14:22:02;0.0
2026-05-15 14:22:17;0.0
2026-05-15 14:22:33;0.0
2026-05-15 14:22:48;0.0
2026-05-15 14:23:04;1.175
2026-05-15 14:23:19;0.0
2026-05-15 14:23:35;0.198
2026-05-15 14:23:51;0.841
2026-05-15 14:24:06;0.374
2026-05-15 14:24:22;0.331
2026-05-15 14:24:37;0.318
2026-05-15 14:24:53;0.303
2026-05-15 14:25:09;0.293
2026-05-15 14:25:24;0.281
2026-05-15 14:25:40;0.278
2026-05-15 14:25:55;0.28
2026-05-15 14:26:11;0.315
2026-05-15 14:26:26;0.62
2026-05-15 14:26:42;0.0
2026-05-15 14:26:57;0.297
2026-05-15 14:27:12;0.263
2026-05-15 14:27:28;0.256
2026-05-15 14:27:42;0.249
2026-05-15 14:27:58;0.244
2026-05-15 14:28:13;0.24
2026-05-15 14:28:28;0.237
2026-05-15 14:28:43;0.234
2026-05-15 14:28:59;0.231
2026-05-15 14:29:14;0.228
2026-05-15 14:29:30;0.226
2026-05-15 14:29:45;0.225
2026-05-15 14:30:00;0.223
2026-05-15 14:30:15;0.224
2026-05-15 14:30:31;0.225
2026-05-15 14:30:46;0.227
2026-05-15 14:31:01;0.227
2026-05-15 14:31:16;0.226
2026-05-15 14:31:32;0.225
2026-05-15 14:31:47;0.223
2026-05-15 14:32:02;0.223
2026-05-15 14:32:17;0.223
2026-05-15 14:32:33;0.225
2026-05-15 14:32:48;0.227
2026-05-15 14:33:04;0.228
2026-05-15 14:33:19;0.228
2026-05-15 14:33:34;0.227
2026-05-15 14:33:49;0.227
2026-05-15 14:34:05;0.227
2026-05-15 14:34:20;0.228
2026-05-15 14:34:35;0.23
2026-05-15 14:34:50;0.235
2026-05-15 14:35:06;0.24
2026-05-15 14:35:21;0.242
2026-05-15 14:35:37;0.227
2026-05-15 14:35:52;0.246
2026-05-15 14:36:08;0.251
2026-05-15 14:36:22;0.268
2026-05-15 14:36:38;0.383
2026-05-15 14:36:53;0.434
2026-05-15 14:37:08;0.247
2026-05-15 14:37:24;0.284
2026-05-15 14:37:39;0.278
2026-05-15 14:37:54;0.279
2026-05-15 14:38:10;0.273
2026-05-15 14:38:25;0.287
2026-05-15 14:38:40;0.286
2026-05-15 14:38:55;0.289
2026-05-15 14:39:11;0.294
2026-05-15 14:39:26;0.297
2026-05-15 14:39:42;0.299
2026-05-15 14:39:57;0.302
2026-05-15 14:40:12;0.307
2026-05-15 14:40:27;0.318
2026-05-15 14:40:43;0.333
2026-05-15 14:40:58;0.35
2026-05-15 14:41:14;0.447
2026-05-15 14:41:29;0.719
2026-05-15 14:41:44;0.0
2026-05-15 14:41:59;0.722
2026-05-15 14:42:15;0.0
2026-05-15 14:42:30;0.0
2026-05-15 14:42:45;0.0
2026-05-15 14:43:01;0.0
2026-05-15 14:43:16;0.001
2026-05-15 14:43:31;0.0
2026-05-15 14:43:47;0.0
2026-05-15 14:44:02;0.0
2026-05-15 14:44:19;0.0
2026-05-15 14:44:32;1.245
2026-05-15 14:45:02;1.243
2026-05-15 14:45:37;0.0
2026-05-15 14:46:12;0.0
2026-05-15 14:46:13;0.0
2026-05-15 14:46:22;0.996
2026-05-15 14:46:37;0.0
2026-05-15 14:46:53;1.199
2026-05-15 14:47:08;0.0
2026-05-15 14:47:24;0.0
2026-05-15 14:47:39;0.0
2026-05-15 14:47:54;0.0
2026-05-15 14:48:09;0.0
2026-05-15 14:48:25;0.0
2026-05-15 14:48:40;0.0
2026-05-15 14:48:55;0.0
2026-05-15 14:49:10;0.0
2026-05-15 14:49:26;0.584
2026-05-15 14:49:41;0.0
2026-05-15 14:49:56;0.701
2026-05-15 14:50:11;0.0
2026-05-15 14:50:27;1.09
2026-05-15 14:50:42;0.062
2026-05-15 14:50:58;0.0
2026-05-15 14:51:13;0.63
2026-05-15 14:51:28;0.286
2026-05-15 14:51:43;0.277
2026-05-15 14:51:59;0.278
2026-05-15 14:52:14;0.273
2026-05-15 14:52:29;0.27
2026-05-15 14:52:44;0.281
2026-05-15 14:53:00;0.27
2026-05-15 14:53:15;0.0
2026-05-15 14:53:30;0.25
2026-05-15 14:53:45;0.238
2026-05-15 14:54:01;0.23
2026-05-15 14:54:16;0.225
2026-05-15 14:54:32;0.221
2026-05-15 14:54:47;0.218
2026-05-15 14:55:02;0.215
2026-05-15 14:55:17;0.213
2026-05-15 14:55:33;0.211
2026-05-15 14:55:48;0.211
2026-05-15 14:56:05;0.211
2026-05-15 14:56:18;0.213
2026-05-15 14:56:49;0.223
2026-05-15 14:57:05;0.229
2026-05-15 14:57:20;0.237
2026-05-15 14:57:35;0.246
2026-05-15 14:57:50;0.261
2026-05-15 14:58:06;0.278
2026-05-15 14:58:21;0.379
2026-05-15 14:58:36;0.305
2026-05-15 14:58:51;0.34
2026-05-15 14:59:07;0.376
2026-05-15 14:59:22;0.367
2026-05-15 14:59:38;0.0
2026-05-15 14:59:53;1.059
2026-05-15 15:00:08;0.333
2026-05-15 15:00:23;0.421
2026-05-15 15:00:39;0.322
2026-05-15 15:00:54;0.278
2026-05-15 15:01:10;0.254
2026-05-15 15:01:25;0.242
2026-05-15 15:01:40;0.23
2026-05-15 15:01:55;0.218
2026-05-15 15:02:11;0.212
2026-05-15 15:02:26;0.207
2026-05-15 15:02:42;0.205
2026-05-15 15:02:57;0.203
2026-05-15 15:03:12;0.203
2026-05-15 15:03:27;0.203
2026-05-15 15:03:43;0.203
2026-05-15 15:04:00;0.201
2026-05-15 15:04:13;0.199
2026-05-15 15:04:29;0.197
2026-05-15 15:04:44;0.193
2026-05-15 15:04:59;0.187
2026-05-15 15:05:15;0.181
2026-05-15 15:05:30;0.177
2026-05-15 15:05:45;0.177
2026-05-15 15:06:01;0.178
2026-05-15 15:06:16;0.179
2026-05-15 15:06:31;0.177
2026-05-15 15:06:47;0.176
2026-05-15 15:07:02;0.173
2026-05-15 15:07:17;0.171
2026-05-15 15:07:32;0.169
2026-05-15 15:07:48;0.167
2026-05-15 15:08:03;0.166
2026-05-15 15:08:19;0.165
2026-05-15 15:08:34;0.163
2026-05-15 15:08:49;0.161
2026-05-15 15:09:04;0.157
2026-05-15 15:09:19;0.154
2026-05-15 15:09:34;0.152
2026-05-15 15:09:49;0.149
2026-05-15 15:10:04;0.146
2026-05-15 15:10:19;0.144
2026-05-15 15:10:34;0.143
2026-05-15 15:10:49;0.142
2026-05-15 15:11:04;0.143
2026-05-15 15:11:21;0.144
2026-05-15 15:11:34;0.144
2026-05-15 15:11:49;0.144
2026-05-15 15:12:04;0.143
2026-05-15 15:12:25;0.143
2026-05-15 15:12:34;0.142
2026-05-15 15:12:49;0.143
2026-05-15 15:13:04;0.142
2026-05-15 15:13:19;0.142
2026-05-15 15:13:34;0.142
2026-05-15 15:13:49;0.141
2026-05-15 15:14:04;0.142
2026-05-15 15:14:19;0.0
2026-05-15 15:14:34;0.142
2026-05-15 15:14:49;0.14
2026-05-15 15:15:04;0.139
2026-05-15 15:15:19;0.136
2026-05-15 15:15:34;0.133
2026-05-15 15:15:49;0.129
2026-05-15 15:16:04;0.123
2026-05-15 15:16:19;0.117
2026-05-15 15:16:34;0.11
2026-05-15 15:16:49;0.103
2026-05-15 15:17:04;0.097
2026-05-15 15:17:19;0.09
2026-05-15 15:17:34;0.085
2026-05-15 15:17:49;0.08
2026-05-15 15:18:04;0.075
2026-05-15 15:18:19;0.071
2026-05-15 15:18:34;0.067
2026-05-15 15:18:49;0.065
2026-05-15 15:19:04;0.062
2026-05-15 15:19:19;0.061
2026-05-15 15:19:34;0.059
2026-05-15 15:19:49;0.057
2026-05-15 15:20:04;0.052
2026-05-15 15:20:19;0.055
2026-05-15 15:20:34;0.054
2026-05-15 15:20:49;0.054
2026-05-15 15:21:04;0.054
2026-05-15 15:21:19;0.054
2026-05-15 15:21:34;0.053
2026-05-15 15:21:49;0.053
2026-05-15 15:22:04;0.054
2026-05-15 15:22:19;0.056
2026-05-15 15:22:48;0.061
2026-05-15 15:22:49;0.068
2026-05-15 15:23:04;0.077
2026-05-15 15:23:19;0.085
2026-05-15 15:23:34;0.095
2026-05-15 15:23:49;0.099
2026-05-15 15:24:04;0.099
2026-05-15 15:24:19;0.099
2026-05-15 15:24:34;0.097
2026-05-15 15:24:49;0.096
2026-05-15 15:25:04;0.095
2026-05-15 15:25:19;0.095
2026-05-15 15:25:34;0.094
2026-05-15 15:25:49;0.091
2026-05-15 15:26:04;0.087
2026-05-15 15:26:19;0.083
2026-05-15 15:26:35;0.083
2026-05-15 15:26:51;0.082
2026-05-15 15:27:05;0.077
2026-05-15 15:27:20;0.072
2026-05-15 15:27:35;0.068
2026-05-15 15:27:50;0.066
2026-05-15 15:28:05;0.066
2026-05-15 15:28:20;0.065
2026-05-15 15:28:35;0.062
2026-05-15 15:28:50;0.06
2026-05-15 15:29:05;0.061
2026-05-15 15:29:20;0.064
2026-05-15 15:29:35;0.069
2026-05-15 15:29:50;0.074
2026-05-15 15:30:05;0.084
2026-05-15 15:30:20;0.094
2026-05-15 15:30:35;0.101
2026-05-15 15:30:50;0.106
2026-05-15 15:31:05;0.109
2026-05-15 15:31:20;0.112
2026-05-15 15:31:50;0.114
2026-05-15 15:32:30;0.114
2026-05-15 15:32:30;0.115
2026-05-15 15:32:36;0.114
2026-05-15 15:33:21;0.106
2026-05-18 09:08:59;0.228
2026-05-18 09:09:16;0.231
2026-05-18 09:09:29;0.243
2026-05-18 09:09:44;0.237
2026-05-18 09:09:59;0.232
2026-05-18 09:10:14;0.23
2026-05-18 09:10:29;0.228
2026-05-18 09:10:44;0.229
2026-05-18 09:10:59;0.231
2026-05-18 09:11:14;0.23
2026-05-18 09:11:29;0.234
2026-05-18 09:11:44;0.238
2026-05-18 09:12:00;0.241
2026-05-18 09:12:15;0.243
2026-05-18 09:12:30;0.241
2026-05-18 09:12:45;0.248
2026-05-18 09:13:00;0.254
2026-05-18 09:13:15;0.26
2026-05-18 09:13:30;0.108
2026-05-18 09:13:45;0.259
2026-05-18 09:14:00;0.27
2026-05-18 09:14:15;0.042
2026-05-18 09:14:30;0.273
2026-05-18 09:14:45;0.001
2026-05-18 09:15:01;0.0
2026-05-18 09:15:15;0.0
2026-05-18 09:15:30;0.0
2026-05-18 09:15:45;0.291
2026-05-18 09:16:00;0.0
2026-05-18 09:16:15;0.283
2026-05-18 09:16:30;0.0
2026-05-18 09:16:45;0.287
2026-05-18 09:17:01;0.289
2026-05-18 09:17:16;0.29
2026-05-18 09:17:31;0.294
2026-05-18 09:17:46;0.294
2026-05-18 09:18:01;0.299
2026-05-18 09:18:16;0.0
2026-05-18 09:18:31;0.351
2026-05-18 09:18:46;0.368
2026-05-18 09:19:01;0.373
2026-05-18 09:19:16;0.0
2026-05-18 09:19:31;0.0
2026-05-18 09:19:47;0.0
2026-05-18 09:20:01;0.402
2026-05-18 09:20:17;0.0
2026-05-18 09:20:31;0.335
2026-05-18 09:20:46;0.337
2026-05-18 09:21:01;0.0
2026-05-18 09:21:16;0.234
2026-05-18 09:21:31;0.23
2026-05-18 09:21:47;0.353
2026-05-18 09:22:01;0.379
2026-05-18 09:22:17;0.009
2026-05-18 09:22:32;0.45
2026-05-18 09:22:47;0.0
2026-05-18 09:23:02;0.0
2026-05-18 09:23:17;0.0
2026-05-18 09:23:32;0.0
2026-05-18 09:23:47;0.505
2026-05-18 09:24:02;0.0
2026-05-18 09:24:17;0.522
2026-05-18 09:24:32;0.528
2026-05-18 09:24:48;0.0
2026-05-18 09:25:02;0.0
2026-05-18 09:25:17;0.503
2026-05-18 09:25:32;0.525
2026-05-18 09:25:47;0.0
2026-05-18 09:26:02;0.0
2026-05-18 09:26:17;0.0
2026-05-18 09:26:32;0.0
2026-05-18 09:27:03;0.0
2026-05-18 09:27:18;0.203
2026-05-18 09:27:33;0.0
2026-05-18 09:27:48;0.0
2026-05-18 09:28:03;0.003
2026-05-18 09:28:18;0.0
2026-05-18 09:28:33;0.389
2026-05-18 09:28:48;0.001
2026-05-18 09:29:03;0.298
2026-05-18 09:29:18;0.0
2026-05-18 09:29:33;0.0
2026-05-18 09:29:48;0.326
2026-05-18 09:30:03;0.0
2026-05-18 09:30:18;0.309
2026-05-18 09:30:33;0.0
2026-05-18 09:30:48;0.304
2026-05-18 09:31:03;0.424
2026-05-18 09:31:18;0.304
2026-05-18 09:31:33;0.0
2026-05-18 09:31:48;0.0
2026-05-18 09:32:03;0.0
2026-05-18 09:32:18;0.289
2026-05-18 09:32:33;0.0
2026-05-18 09:32:48;0.0
2026-05-18 09:33:03;0.0
2026-05-18 09:33:18;0.0
2026-05-18 09:33:33;0.0
2026-05-18 09:33:48;0.318
2026-05-18 09:34:03;0.0
2026-05-18 09:34:18;0.16
2026-05-18 09:34:33;0.339
2026-05-18 09:34:48;0.337
2026-05-18 09:35:03;0.342
2026-05-18 09:35:18;0.343
2026-05-18 09:35:34;0.346
2026-05-18 09:35:50;0.356
2026-05-18 09:36:04;0.015
2026-05-18 09:36:19;0.08
2026-05-18 09:36:34;0.0
2026-05-18 09:36:49;0.367
2026-05-18 09:37:04;0.0
2026-05-18 09:37:19;0.0
2026-05-18 09:37:34;0.378
2026-05-18 09:37:49;0.0
2026-05-18 09:38:04;0.0
2026-05-18 09:38:19;0.0
2026-05-18 09:38:34;0.0
2026-05-18 09:38:49;0.0
2026-05-18 09:39:04;0.297
2026-05-18 09:39:19;0.38
2026-05-18 09:39:34;0.0
2026-05-18 09:39:49;0.397
2026-05-18 09:40:04;0.394
2026-05-18 09:40:19;0.396
2026-05-18 09:40:34;0.247
2026-05-18 09:40:49;0.307
2026-05-18 09:41:04;0.0
2026-05-18 09:41:19;0.0
2026-05-18 09:41:34;0.141
2026-05-18 09:41:49;0.0
2026-05-18 09:42:04;0.0
2026-05-18 09:42:19;0.0
2026-05-18 09:42:34;0.0
2026-05-18 09:42:49;0.0
2026-05-18 09:43:04;0.0
2026-05-18 09:43:19;0.001
2026-05-18 09:43:34;0.0
2026-05-18 09:43:49;0.0
2026-05-18 09:44:04;0.0
2026-05-18 09:44:19;0.0
2026-05-18 09:44:34;0.027
2026-05-18 09:44:49;0.0
2026-05-18 09:45:04;0.0
2026-05-18 09:45:19;0.436
2026-05-18 09:45:34;0.267
2026-05-18 09:45:50;0.0
2026-05-18 09:46:04;0.0
2026-05-18 09:46:19;0.437
2026-05-18 09:46:34;0.0
2026-05-18 09:46:49;0.402
2026-05-18 09:47:04;0.026
2026-05-18 09:47:19;0.398
2026-05-18 09:47:34;0.389
2026-05-18 09:47:49;0.001
2026-05-18 09:48:04;0.0
2026-05-18 09:48:20;0.166
2026-05-18 09:48:34;0.0
2026-05-18 09:48:49;0.0
2026-05-18 09:49:05;0.409
2026-05-18 09:49:19;0.0
2026-05-18 09:49:34;0.0
2026-05-18 09:49:50;0.493
2026-05-18 09:50:04;0.0
2026-05-18 09:50:19;0.0
2026-05-18 09:50:35;0.0
2026-05-18 09:50:49;0.0
2026-05-18 09:51:04;0.0
2026-05-18 09:51:20;0.0
2026-05-18 09:51:34;0.42
2026-05-18 09:51:50;0.407
2026-05-18 09:52:05;0.0
2026-05-18 09:52:20;0.0
2026-05-18 09:52:35;0.0
2026-05-18 09:52:50;0.0
2026-05-18 09:53:05;0.0
2026-05-18 09:53:20;0.011
2026-05-18 09:53:35;0.469
2026-05-18 09:53:50;0.0
2026-05-18 09:54:05;0.455
2026-05-18 09:54:20;0.0
2026-05-18 09:54:35;0.0
2026-05-18 09:54:50;0.0
2026-05-18 09:55:05;0.0
2026-05-18 09:55:20;0.0
2026-05-18 09:55:35;0.0
2026-05-18 09:55:50;0.0
2026-05-18 09:56:05;0.0
2026-05-18 09:56:20;0.405
2026-05-18 09:56:35;0.415
2026-05-18 09:56:50;0.402
2026-05-18 09:57:05;0.381
2026-05-18 09:57:20;0.0
2026-05-18 09:57:35;0.41
2026-05-18 09:57:50;0.0
2026-05-18 09:58:05;0.0
2026-05-18 09:58:20;0.0
2026-05-18 09:58:35;0.0
2026-05-18 09:58:50;0.308
2026-05-18 09:59:05;0.0
2026-05-18 09:59:20;0.0
2026-05-18 09:59:35;0.001
2026-05-18 09:59:50;0.412
2026-05-18 10:00:05;0.0
2026-05-18 10:00:20;0.0
2026-05-18 10:00:35;0.0
2026-05-18 10:00:50;0.0
2026-05-18 10:01:05;0.438
2026-05-18 10:01:20;0.0
2026-05-18 10:01:35;0.472
2026-05-18 10:01:50;0.486
2026-05-18 10:02:05;0.0
2026-05-18 10:02:20;0.0
2026-05-18 10:02:35;0.0
2026-05-18 10:02:50;0.0
2026-05-18 10:03:05;0.547
2026-05-18 10:03:20;0.0
2026-05-18 10:03:35;0.342
2026-05-18 10:03:50;0.0
2026-05-18 10:04:05;0.0
2026-05-18 10:04:20;0.0
2026-05-18 10:04:35;0.0
2026-05-18 10:04:50;0.001
2026-05-18 10:05:05;0.0
2026-05-18 10:05:20;0.0
2026-05-18 10:05:35;0.492
2026-05-18 10:05:50;0.486
2026-05-18 10:06:05;0.0
2026-05-18 10:06:20;0.0
2026-05-18 10:06:35;0.0
2026-05-18 10:06:50;0.0
2026-05-18 10:07:05;0.0
2026-05-18 10:07:20;0.0
2026-05-18 10:07:35;0.458
2026-05-18 10:07:50;0.083
2026-05-18 10:08:05;0.0
2026-05-18 10:08:20;0.0
2026-05-18 10:08:35;0.0
2026-05-18 10:08:50;0.0
2026-05-18 10:09:05;0.506
2026-05-18 10:09:20;0.0
2026-05-18 10:09:35;0.0
2026-05-18 10:09:50;0.0
2026-05-18 10:10:06;0.0
2026-05-18 10:10:20;0.0
2026-05-18 10:10:35;0.0
2026-05-18 10:10:50;0.0
2026-05-18 10:11:05;0.0
2026-05-18 10:11:20;0.0
2026-05-18 10:11:35;0.0
2026-05-18 10:11:50;0.0
2026-05-18 10:12:05;0.163
2026-05-18 10:12:21;0.0
2026-05-18 10:12:36;0.0
2026-05-18 10:12:51;0.0
2026-05-18 10:13:06;0.0
2026-05-18 10:13:22;0.0
2026-05-18 10:13:37;0.0
2026-05-18 10:13:53;0.0
2026-05-18 10:14:08;0.0
2026-05-18 10:14:23;0.0
2026-05-18 10:14:38;0.0
2026-05-18 10:14:54;0.001
2026-05-18 10:15:09;0.48
2026-05-18 10:15:25;0.031
2026-05-18 10:15:40;0.0
2026-05-18 10:15:55;0.0
2026-05-18 10:16:10;0.0
2026-05-18 10:16:26;0.0
2026-05-18 10:16:41;0.0
2026-05-18 10:16:56;0.674
2026-05-18 10:17:11;0.0
2026-05-18 10:17:27;1.113
2026-05-18 10:17:42;0.0
2026-05-18 10:17:58;0.0
2026-05-18 10:18:13;0.0
2026-05-18 10:18:28;0.0
2026-05-18 10:18:57;0.0
2026-05-18 10:18:59;0.343
2026-05-18 12:28:48;0.356
2026-05-18 12:29:03;0.347
2026-05-18 12:29:18;0.36
2026-05-18 12:29:50;0.37
2026-05-18 12:30:27;0.37
2026-05-18 12:30:38;0.385
2026-05-18 12:30:53;0.394
2026-05-18 12:31:08;0.401
2026-05-18 12:31:23;0.407
2026-05-18 12:31:40;0.41
2026-05-18 12:31:53;0.412
2026-05-18 12:32:08;0.414
2026-05-18 12:32:23;0.417
2026-05-18 12:32:38;0.421
2026-05-18 12:32:53;0.421
2026-05-18 12:33:08;0.417
2026-05-18 12:33:23;0.409
2026-05-18 12:33:38;0.401
2026-05-18 12:33:53;0.39
2026-05-18 12:34:08;0.384
2026-05-18 12:34:26;0.376
2026-05-18 12:34:40;0.372
2026-05-18 12:34:53;0.37
2026-05-18 12:35:08;0.368
2026-05-18 12:35:24;0.367
2026-05-18 12:35:39;0.369
2026-05-18 12:35:56;0.371
2026-05-18 12:36:09;0.372
2026-05-18 12:36:24;0.378
2026-05-18 12:36:39;0.385
2026-05-18 12:36:54;0.388
2026-05-18 12:37:22;0.389
2026-05-18 12:37:30;0.394
2026-05-18 12:37:39;0.401
2026-05-18 12:37:54;0.406
2026-05-18 12:38:09;0.409
2026-05-18 12:38:30;0.412
2026-05-18 12:38:45;0.415
2026-05-18 12:38:54;0.417
2026-05-18 12:39:09;0.415
2026-05-18 12:39:26;0.413
2026-05-18 12:39:39;0.411
2026-05-18 12:39:54;0.41
2026-05-18 12:40:38;0.405
2026-05-18 12:40:43;0.404
2026-05-18 12:40:55;0.401
2026-05-18 12:41:10;0.397
2026-05-18 12:41:24;0.393
2026-05-18 12:41:40;0.064
2026-05-18 12:41:55;0.383
2026-05-18 12:42:10;0.377
2026-05-18 12:42:25;0.374
2026-05-18 12:42:40;0.368
2026-05-18 12:42:55;0.362
2026-05-18 12:44:44;0.34
2026-05-18 12:45:14;0.33
2026-05-18 12:45:29;0.328
2026-05-18 12:45:44;0.327
2026-05-18 12:45:59;0.328
2026-05-18 12:46:18;0.333
2026-05-18 12:46:29;0.339
2026-05-18 12:46:44;0.347
2026-05-18 12:47:08;0.355
2026-05-18 12:47:14;0.362
2026-05-18 12:47:29;0.366
2026-05-18 12:47:45;0.368
2026-05-18 12:47:59;0.373
2026-05-18 12:48:14;0.377
2026-05-18 12:48:29;0.382
2026-05-18 12:48:45;0.391
2026-05-18 12:49:00;0.404
2026-05-18 12:49:15;0.417
2026-05-18 12:49:30;0.429
2026-05-18 12:49:45;0.439
2026-05-18 12:50:00;0.449
2026-05-18 12:50:15;0.462
2026-05-18 12:50:30;0.474
2026-05-18 12:50:45;0.48
2026-05-18 12:51:00;0.484
2026-05-18 12:51:15;0.491
2026-05-18 12:51:30;0.497
2026-05-18 12:51:46;0.498
2026-05-18 12:52:00;0.496
2026-05-18 12:52:15;0.495
2026-05-18 12:52:30;0.496
2026-05-18 12:52:45;0.49
2026-05-18 12:53:00;0.49
2026-05-18 12:53:15;0.494
2026-05-18 12:53:30;0.5
2026-05-18 12:53:45;0.497
2026-05-18 12:54:00;0.494
2026-05-18 12:54:15;0.483
2026-05-18 12:54:30;0.472
2026-05-18 12:54:45;0.463
2026-05-18 12:55:00;0.455
2026-05-18 12:55:15;0.45
2026-05-18 12:55:30;0.446
2026-05-18 12:55:45;0.437
2026-05-18 12:56:00;0.426
2026-05-18 12:56:15;0.418
2026-05-18 12:56:30;0.415
2026-05-18 12:56:45;0.416
2026-05-18 12:57:00;0.416
2026-05-18 12:57:15;0.416
2026-05-18 12:57:30;0.413
2026-05-18 12:57:45;0.416
2026-05-18 12:58:00;0.422
2026-05-18 12:58:17;0.43
2026-05-18 12:58:44;0.438
2026-05-18 12:58:45;0.45
2026-05-18 12:59:01;0.467
2026-05-18 12:59:16;0.488
2026-05-18 12:59:30;0.507
2026-05-18 12:59:46;0.534
2026-05-18 13:00:01;0.569
2026-05-18 13:00:18;0.644
2026-05-18 13:00:30;1.033
2026-05-18 13:00:45;0.633
2026-05-18 13:01:00;0.623
2026-05-18 13:01:15;0.621
2026-05-18 13:01:30;0.615
2026-05-18 13:01:45;0.61
2026-05-18 13:02:01;0.614
2026-05-18 13:02:15;0.637
2026-05-18 13:02:30;0.783
2026-05-18 13:02:46;0.966
2026-05-18 13:03:04;1.338
2026-05-18 13:03:15;0.871
2026-05-18 13:03:30;0.918
2026-05-18 13:03:45;1.638
2026-05-18 13:04:00;1.227
2026-05-18 13:04:16;1.702
2026-05-18 13:04:31;1.974
2026-05-18 13:04:46;2.026
2026-05-18 13:05:01;0.001
2026-05-18 13:05:18;0.095
2026-05-18 13:05:32;1.806
2026-05-18 13:05:50;0.0
2026-05-18 13:06:02;0.0
2026-05-18 13:06:18;1.906
2026-05-18 13:06:33;0.001
2026-05-18 13:06:49;1.877
2026-05-18 13:07:05;1.273
2026-05-18 13:07:19;1.503
2026-05-18 13:07:34;0.698
2026-05-18 13:07:57;1.376
2026-05-18 13:08:12;0.0
2026-05-18 13:08:28;1.171
2026-05-18 13:08:39;0.605
2026-05-18 13:08:54;0.547
2026-05-18 13:09:09;0.531
2026-05-18 13:09:24;0.517
2026-05-18 13:09:40;0.498
2026-05-18 13:09:55;0.484
2026-05-18 13:10:10;0.479
2026-05-18 13:10:26;0.479
2026-05-18 13:10:41;0.482
2026-05-18 13:10:56;0.483
2026-05-18 13:11:14;0.485
2026-05-18 13:11:27;0.488
2026-05-18 13:11:42;0.492
2026-05-18 13:11:57;0.502
2026-05-18 13:12:13;0.519
2026-05-18 13:12:28;0.541
2026-05-18 13:12:43;0.569
2026-05-18 13:12:59;0.597
2026-05-18 13:13:14;0.612
2026-05-18 13:13:29;0.624
2026-05-18 13:13:45;0.625
2026-05-18 13:14:00;0.623
2026-05-18 13:14:18;0.616
2026-05-18 13:14:32;0.628
2026-05-18 13:14:46;0.653
2026-05-18 13:15:01;0.707
2026-05-18 13:15:16;0.811
2026-05-18 13:15:31;0.671
2026-05-18 13:15:47;0.683
2026-05-18 13:16:03;0.693
2026-05-18 13:16:18;0.7
2026-05-18 13:16:33;0.719
2026-05-18 13:16:48;0.695
2026-05-18 13:17:03;0.743
2026-05-18 13:17:19;0.936
2026-05-18 13:17:34;0.718
2026-05-18 13:17:49;0.939
2026-05-18 13:18:05;1.179
2026-05-18 13:18:20;1.858
2026-05-18 13:18:35;1.731
2026-05-18 13:18:51;1.566
2026-05-18 13:19:06;0.0
2026-05-18 13:19:21;0.0
2026-05-18 13:19:36;0.913
2026-05-18 13:19:52;0.762
2026-05-18 13:20:07;0.757
2026-05-18 13:20:22;0.81
2026-05-18 13:20:38;1.353
2026-05-18 13:20:53;1.635
2026-05-18 13:21:08;1.011
2026-05-18 13:21:24;1.404
2026-05-18 13:21:39;1.483
2026-05-18 13:21:54;1.525
2026-05-18 13:22:09;0.0
2026-05-18 13:22:25;0.0
2026-05-18 13:22:41;0.0
2026-05-18 13:23:07;1.69
2026-05-18 13:23:11;0.0
2026-05-18 13:23:32;0.0
2026-05-18 13:23:41;0.0
2026-05-18 13:23:57;1.761
2026-05-18 13:24:12;1.551
2026-05-18 13:24:30;0.0
2026-05-18 13:24:42;0.0
2026-05-18 13:24:58;1.697
2026-05-18 13:25:14;1.617
2026-05-18 13:25:30;1.59
2026-05-18 13:25:43;0.0
2026-05-18 13:26:06;0.0
2026-05-18 13:26:15;0.742
2026-05-18 13:26:29;0.0
2026-05-18 13:26:44;1.423
2026-05-18 13:27:00;0.0
2026-05-18 13:27:15;0.118
2026-05-18 13:27:46;0.0
2026-05-18 13:28:04;1.742
2026-05-18 13:28:16;1.753
2026-05-18 13:28:34;0.0
2026-05-18 13:28:47;1.224
2026-05-18 13:29:09;0.0
2026-05-18 13:29:17;0.511
2026-05-18 13:29:32;0.48
2026-05-18 13:29:48;0.481
2026-05-18 13:30:05;0.488
2026-05-18 13:30:18;0.507
2026-05-18 13:30:35;0.61
2026-05-18 13:30:49;0.832
2026-05-18 13:31:04;1.287
2026-05-18 13:31:24;0.667
2026-05-18 13:31:44;0.917
2026-05-18 13:31:55;0.992
2026-05-18 13:32:11;0.557
2026-05-18 13:32:31;0.533
2026-05-18 13:32:41;0.524
2026-05-18 13:32:57;0.515
2026-05-18 13:33:12;0.507
2026-05-18 13:33:28;0.502
2026-05-18 13:33:42;0.497
2026-05-18 13:33:58;0.492
2026-05-18 13:34:13;0.485
2026-05-18 13:34:29;0.483
2026-05-18 13:34:44;0.478
2026-05-18 13:34:59;0.474
2026-05-18 13:35:14;0.473
2026-05-18 13:35:30;0.475
2026-05-18 13:36:00;0.478
2026-05-18 13:36:16;0.451
2026-05-18 13:36:31;0.435
2026-05-18 13:36:46;0.423
2026-05-18 13:37:01;0.462
2026-05-18 13:37:16;0.696
2026-05-18 13:37:35;0.0
2026-05-18 13:37:47;0.715
2026-05-18 13:38:05;0.684
2026-05-18 13:38:18;0.344
2026-05-18 13:38:33;0.321
2026-05-18 13:39:06;0.314
2026-05-18 13:39:22;0.302
2026-05-18 13:39:34;0.294
2026-05-18 13:39:50;0.287
2026-05-18 13:40:05;0.282
2026-05-18 13:40:51;0.287
2026-05-18 13:41:07;0.293
2026-05-18 13:41:25;0.299
2026-05-18 13:41:37;0.309
2026-05-18 13:41:52;0.321
2026-05-18 13:42:10;0.336
2026-05-18 13:42:23;0.358
2026-05-18 13:42:38;0.386
2026-05-18 13:42:53;0.437
2026-05-18 13:43:09;0.512
2026-05-18 13:43:24;0.693
2026-05-18 13:43:40;0.0
2026-05-18 13:43:55;0.0
2026-05-18 13:44:10;0.0
2026-05-18 13:44:25;0.001
2026-05-18 13:44:41;0.001
2026-05-18 13:44:56;0.001
2026-05-18 13:45:12;0.0
2026-05-18 13:45:27;1.653
2026-05-18 13:45:42;0.0
2026-05-18 13:46:00;0.0
2026-05-18 13:46:13;0.0
2026-05-18 13:46:28;0.0
2026-05-18 13:46:43;0.0
2026-05-18 13:46:58;0.002
2026-05-18 13:47:14;0.047
2026-05-18 13:47:31;0.0
2026-05-18 13:47:45;0.0
2026-05-18 13:48:00;0.0
2026-05-18 13:48:15;0.0
2026-05-18 13:48:32;0.0
2026-05-18 13:48:46;1.61
2026-05-18 13:49:01;0.154
2026-05-18 13:49:16;1.27
2026-05-18 13:49:32;1.426
2026-05-18 13:49:47;0.0
2026-05-18 13:50:04;0.0
2026-05-18 13:50:17;0.0
2026-05-18 13:50:32;0.619
2026-05-18 13:50:48;0.278
2026-05-18 13:51:03;0.001
2026-05-18 13:51:20;0.076
2026-05-18 13:51:34;0.001
2026-05-18 13:51:57;0.58
2026-05-18 13:52:04;0.577
2026-05-18 13:52:20;0.529
2026-05-18 13:52:38;0.541
2026-05-18 13:52:50;0.571
2026-05-18 13:53:05;0.538
2026-05-18 13:53:24;0.556
2026-05-18 13:53:52;0.608
2026-05-18 13:54:07;0.765
2026-05-18 13:54:12;0.0
2026-05-18 13:54:28;0.0
2026-05-18 13:54:43;0.0
2026-05-18 13:54:59;0.418
2026-05-18 13:55:14;0.0
2026-05-18 13:55:29;0.0
2026-05-18 13:55:44;0.0
2026-05-18 13:56:00;0.0
2026-05-18 13:56:15;1.432
2026-05-18 13:56:30;0.0
2026-05-18 13:56:45;1.597
2026-05-18 13:57:01;0.0
2026-05-18 13:57:16;0.0
2026-05-18 13:57:32;0.0
2026-05-18 13:57:47;0.0
2026-05-18 13:58:02;1.354
2026-05-18 13:58:18;0.0
2026-05-18 13:58:33;0.0
2026-05-18 13:58:48;0.0
2026-05-18 13:59:03;0.0
2026-05-18 13:59:19;0.0
2026-05-18 13:59:34;0.0
2026-05-18 13:59:49;0.0
2026-05-18 14:00:04;0.0
2026-05-18 14:00:20;0.0
2026-05-18 14:00:35;0.414
2026-05-18 14:00:50;0.0
2026-05-18 14:01:05;1.432
2026-05-18 14:01:21;0.0
2026-05-18 14:01:36;0.06
2026-05-18 14:01:52;0.001
2026-05-18 14:02:07;0.0
2026-05-18 14:02:22;0.0
2026-05-18 14:02:37;0.0
2026-05-18 14:02:53;0.0
2026-05-18 14:03:08;0.0
2026-05-18 14:03:23;0.0
2026-05-18 14:03:39;0.0
2026-05-18 14:03:54;0.0
2026-05-18 14:04:09;0.0
2026-05-18 14:04:24;0.111
2026-05-18 14:04:39;1.446
2026-05-18 14:04:55;0.0
2026-05-18 14:05:10;0.0
2026-05-18 14:05:25;0.001
2026-05-18 14:05:40;0.0
2026-05-18 14:05:56;0.0
2026-05-18 14:06:11;0.0
2026-05-18 14:06:26;0.58
2026-05-18 14:06:41;0.0
2026-05-18 14:06:57;1.416
2026-05-18 14:07:12;0.0
2026-05-18 14:07:27;1.533
2026-05-18 14:07:43;0.0
2026-05-18 14:07:58;1.405
2026-05-18 14:08:13;0.313
2026-05-18 14:08:28;0.0
2026-05-18 14:08:43;0.0
2026-05-18 14:08:59;1.374
2026-05-18 14:09:14;0.0
2026-05-18 14:09:29;1.362
2026-05-18 14:09:44;0.0
2026-05-18 14:10:00;0.0
2026-05-18 14:10:16;0.001
2026-05-18 14:10:31;0.543
2026-05-18 14:10:47;0.0
2026-05-18 14:11:02;0.0
2026-05-18 14:11:18;0.0
2026-05-18 14:11:33;1.318
2026-05-18 14:11:49;0.001
2026-05-18 14:12:04;0.666
2026-05-18 14:12:20;0.0
2026-05-18 14:12:36;0.875
2026-05-18 14:12:51;0.0
2026-05-18 14:13:07;0.0
2026-05-18 14:13:23;1.219
2026-05-18 14:13:38;1.265
2026-05-18 14:13:54;0.704
2026-05-18 14:14:10;0.0
2026-05-18 14:14:25;0.0
2026-05-18 14:14:41;0.0
2026-05-18 14:14:56;1.316
2026-05-18 14:15:12;0.0
2026-05-18 14:15:27;0.0
2026-05-18 14:15:43;0.0
2026-05-18 14:15:58;0.001
2026-05-18 14:16:14;1.316
2026-05-18 14:16:29;0.0
2026-05-18 14:16:44;0.0
2026-05-18 14:17:00;0.0
2026-05-18 14:17:15;0.001
2026-05-18 14:17:33;0.591
2026-05-18 14:17:47;0.0
2026-05-18 14:18:02;0.0
2026-05-18 14:18:18;1.292
2026-05-18 14:18:33;0.0
2026-05-18 14:18:49;1.291
2026-05-18 14:19:04;0.0
2026-05-18 14:19:20;0.0
2026-05-18 14:19:35;0.0
2026-05-18 14:19:51;0.0
2026-05-18 14:20:07;0.0
2026-05-18 14:20:22;1.269
2026-05-18 14:20:38;1.21
2026-05-18 14:20:54;1.28
2026-05-18 14:21:09;0.0
2026-05-18 14:21:25;1.288
2026-05-18 14:21:41;1.285
2026-05-18 14:21:56;0.0
2026-05-18 14:22:12;1.38
2026-05-18 14:22:27;0.0
2026-05-18 14:22:43;0.0
2026-05-18 14:22:58;0.079
2026-05-18 14:23:14;0.0
2026-05-18 14:23:29;0.0
2026-05-18 14:23:45;0.0
2026-05-18 14:24:00;0.0
2026-05-18 14:24:15;1.347
2026-05-18 14:24:31;0.0
2026-05-18 14:24:46;0.0
2026-05-18 14:25:02;0.406
2026-05-18 14:25:17;1.295
2026-05-18 14:25:33;0.0
2026-05-18 14:25:49;0.0
2026-05-18 14:26:03;0.001
2026-05-18 14:26:19;0.001
2026-05-18 14:26:34;0.0
2026-05-18 14:26:50;0.0
2026-05-18 14:27:05;1.334
2026-05-18 14:27:20;0.0
2026-05-18 14:27:35;0.0
2026-05-18 14:27:51;0.0
2026-05-18 14:28:06;0.0
2026-05-18 14:28:21;0.0
2026-05-18 14:28:36;0.0
2026-05-18 14:28:52;0.0
2026-05-18 14:29:07;0.0
2026-05-18 14:29:22;0.0
2026-05-18 14:29:37;0.0
2026-05-18 14:29:53;0.0
2026-05-18 14:30:08;0.0
2026-05-18 14:30:24;0.0
2026-05-18 14:30:39;0.001
2026-05-18 14:30:55;1.304
2026-05-18 14:31:52;1.363
2026-05-18 14:32:20;0.0
2026-05-18 14:32:23;1.306
2026-05-18 14:32:38;0.141
2026-05-18 14:32:54;0.0
2026-05-18 14:33:09;1.299
2026-05-18 14:33:25;1.365
2026-05-18 14:33:39;1.282
2026-05-18 14:33:55;0.0
2026-05-18 14:34:10;1.282
2026-05-18 14:34:26;0.001
2026-05-18 14:34:41;1.163
2026-05-18 14:34:57;0.0
2026-05-18 14:35:12;0.0
2026-05-18 14:35:27;0.0
2026-05-18 14:35:43;1.267
2026-05-18 14:35:58;1.265
2026-05-18 14:36:14;0.0
2026-05-18 14:36:30;1.257
2026-05-18 14:36:45;1.299
2026-05-18 14:37:01;0.0
2026-05-18 14:37:16;0.0
2026-05-18 14:37:32;1.239
2026-05-18 14:37:48;0.0
2026-05-18 14:38:03;0.0
2026-05-18 14:38:19;1.235
2026-05-18 14:38:35;1.23
2026-05-18 14:38:50;0.0
2026-05-18 14:39:06;1.235
2026-05-18 14:39:21;0.0
2026-05-18 14:39:37;1.219
2026-05-18 14:39:52;0.0
2026-05-18 14:40:08;0.0
2026-05-18 14:40:23;1.22
2026-05-18 14:40:39;0.0
2026-05-18 14:40:55;0.988
2026-05-18 14:41:11;0.0
2026-05-18 14:41:26;0.0
2026-05-18 14:41:42;0.0
2026-05-18 14:41:58;0.915
2026-05-18 14:42:13;1.212
2026-05-18 14:42:28;0.0
2026-05-18 14:42:44;0.0
2026-05-18 14:43:01;0.0
2026-05-18 14:43:15;0.0
2026-05-18 14:43:31;0.001
2026-05-18 14:43:46;0.618
2026-05-18 14:44:02;0.0
2026-05-18 14:44:17;0.0
2026-05-18 14:44:34;1.181
2026-05-18 14:44:49;0.0
2026-05-18 14:45:04;0.0
2026-05-18 14:45:19;0.0
2026-05-18 14:45:35;1.118
2026-05-18 14:45:51;0.0
2026-05-18 14:46:06;0.0
2026-05-18 14:46:22;0.335
2026-05-18 14:46:37;0.328
2026-05-18 14:46:52;0.324
2026-05-18 14:47:08;0.32
2026-05-18 14:47:22;0.001
2026-05-18 14:47:38;0.303
2026-05-18 14:47:53;0.289
2026-05-18 14:48:09;0.277
2026-05-18 14:48:24;0.273
2026-05-18 14:48:39;0.273
2026-05-18 14:48:54;0.273
2026-05-18 14:49:09;0.283
2026-05-18 14:49:24;0.265
2026-05-18 14:49:40;0.063
2026-05-18 14:49:55;0.297
2026-05-18 14:50:11;0.315
2026-05-18 14:50:26;0.266
2026-05-18 14:50:41;0.258
2026-05-18 14:50:56;0.278
2026-05-18 14:51:12;0.278
2026-05-18 14:51:27;0.274
2026-05-18 14:51:42;0.273
2026-05-18 14:51:57;0.275
2026-05-18 14:52:13;0.014
2026-05-18 14:52:28;0.287
2026-05-18 14:52:44;0.29
2026-05-18 14:52:59;0.234
2026-05-18 14:53:14;0.287
2026-05-18 14:53:29;0.282
2026-05-18 14:53:45;0.278
2026-05-18 14:54:00;0.272
2026-05-18 14:54:15;0.24
2026-05-18 14:54:30;0.253
2026-05-18 14:54:46;0.243
2026-05-18 14:55:01;0.234
2026-05-18 14:55:17;0.224
2026-05-18 14:55:32;0.218
2026-05-18 14:55:47;0.213
2026-05-18 14:56:02;0.209
2026-05-18 14:56:18;0.204
2026-05-18 14:56:33;0.202
2026-05-18 14:56:49;0.2
2026-05-18 14:57:04;0.199
2026-05-18 14:57:19;0.197
2026-05-18 14:57:34;0.195
2026-05-18 14:57:50;0.193
2026-05-18 14:58:05;0.192
2026-05-18 14:58:20;0.191
2026-05-18 14:58:35;0.19
2026-05-18 14:58:51;0.189
2026-05-18 14:59:06;0.189
2026-05-18 14:59:21;0.188
2026-05-18 14:59:36;0.189
2026-05-18 14:59:51;0.189
2026-05-18 15:00:06;0.188
2026-05-18 15:00:21;0.185
2026-05-18 15:00:36;0.185
2026-05-18 15:00:51;0.183
2026-05-18 15:01:06;0.18
2026-05-18 15:01:21;0.174
2026-05-18 15:01:36;0.17
2026-05-18 15:01:51;0.167
2026-05-18 15:02:06;0.166
2026-05-18 15:02:21;0.167
2026-05-18 15:02:36;0.168
2026-05-18 15:02:51;0.171
2026-05-18 15:03:07;0.176
2026-05-18 15:03:21;0.18
2026-05-18 15:03:36;0.182
2026-05-18 15:03:51;0.18
2026-05-18 15:04:06;0.175
2026-05-18 15:04:21;0.169
2026-05-18 15:04:36;0.166
2026-05-18 15:04:51;0.165
2026-05-18 15:05:06;0.167
2026-05-18 15:05:21;0.169
2026-05-18 15:05:36;0.169
2026-05-18 15:05:51;0.169
2026-05-18 15:06:06;0.168
2026-05-18 15:06:21;0.166
2026-05-18 15:06:36;0.162
2026-05-18 15:06:51;0.158
2026-05-18 15:07:06;0.155
2026-05-18 15:07:21;0.154
2026-05-18 15:07:37;0.154
2026-05-18 15:07:51;0.154
2026-05-18 15:08:06;0.155
2026-05-18 15:08:21;0.158
2026-05-18 15:08:36;0.163
2026-05-18 15:08:51;0.168
2026-05-18 15:09:07;0.171
2026-05-18 15:09:21;0.174
2026-05-18 15:09:36;0.178
2026-05-18 15:09:52;0.183
2026-05-18 15:10:07;0.186
2026-05-18 15:10:22;0.188
2026-05-18 15:10:37;0.187
2026-05-18 15:10:52;0.185
2026-05-18 15:11:07;0.184
2026-05-18 15:11:22;0.186
2026-05-18 15:11:37;0.188
2026-05-18 15:11:52;0.191
2026-05-18 15:12:07;0.192
2026-05-18 15:12:22;0.194
2026-05-18 15:12:37;0.197
2026-05-18 15:12:52;0.203
2026-05-18 15:13:07;0.21
2026-05-18 15:13:22;0.219
2026-05-18 15:13:37;0.229
2026-05-18 15:13:52;0.238
2026-05-18 15:14:07;0.247
2026-05-18 15:14:22;0.011
2026-05-18 15:14:37;0.245
2026-05-18 15:14:52;0.149
2026-05-18 15:15:07;0.267
2026-05-18 15:15:22;0.269
2026-05-18 15:15:37;0.26
2026-05-18 15:15:52;0.264
2026-05-18 15:16:07;0.264
2026-05-18 15:16:22;0.264
2026-05-18 15:16:37;0.26
2026-05-18 15:16:52;0.182
2026-05-18 15:17:07;0.0
2026-05-18 15:17:22;0.246
2026-05-18 15:17:37;0.243
2026-05-18 15:17:52;0.239
2026-05-18 15:18:07;0.235
2026-05-18 15:18:22;0.229
2026-05-18 15:18:37;0.224
2026-05-18 15:18:53;0.219
2026-05-18 15:19:08;0.214
2026-05-18 15:19:23;0.209
2026-05-18 15:19:38;0.203
2026-05-18 15:19:53;0.199
2026-05-18 15:20:08;0.194
2026-05-18 15:20:23;0.19
2026-05-18 15:20:38;0.187
2026-05-18 15:20:53;0.186
2026-05-18 15:21:08;0.186
2026-05-18 15:21:23;0.188
2026-05-18 15:21:38;0.192
2026-05-18 15:21:53;0.197
2026-05-18 15:22:08;0.2
2026-05-18 15:22:23;0.204
2026-05-18 15:22:38;0.204
2026-05-18 15:22:53;0.204
2026-05-18 15:23:08;0.203
2026-05-18 15:23:23;0.201
2026-05-18 15:23:38;0.2
2026-05-18 15:23:53;0.198
2026-05-18 15:24:09;0.196
2026-05-18 15:24:23;0.194
2026-05-18 15:24:38;0.192
2026-05-18 15:24:53;0.19
2026-05-18 15:25:08;0.19
2026-05-18 15:25:23;0.19
2026-05-18 15:25:38;0.192
2026-05-18 15:25:53;0.195
2026-05-18 15:26:08;0.196
2026-05-18 15:26:23;0.197
2026-05-18 15:26:38;0.197
2026-05-18 15:26:53;0.198
2026-05-18 15:27:08;0.201
2026-05-18 15:27:23;0.206
2026-05-18 15:27:38;0.212
2026-05-18 15:27:54;0.213
2026-05-18 15:28:08;0.213
2026-05-18 15:28:24;0.217
2026-05-18 15:28:39;0.219
2026-05-18 15:28:54;0.221
2026-05-18 15:29:09;0.223
2026-05-18 15:29:24;0.227
2026-05-18 15:29:39;0.232
2026-05-18 15:29:54;0.236
2026-05-18 15:30:09;0.24
2026-05-18 15:30:24;0.244
2026-05-18 15:30:39;0.245
2026-05-18 15:30:54;0.248
2026-05-18 15:31:09;0.247
2026-05-18 15:31:24;0.246
2026-05-18 15:31:41;0.24
2026-05-18 15:31:54;0.24
2026-05-18 15:32:09;0.232
2026-05-18 15:32:24;0.233
2026-05-18 15:32:39;0.23
2026-05-18 15:32:54;0.227
2026-05-18 15:33:09;0.223
2026-05-18 15:33:24;0.221
2026-05-18 15:33:39;0.219
2026-05-18 15:33:54;0.216
2026-05-18 15:34:09;0.214
2026-05-18 15:34:24;0.214
2026-05-18 15:34:39;0.214
2026-05-18 15:34:54;0.217
2026-05-18 15:35:09;0.217
2026-05-18 15:35:24;0.211
2026-05-18 15:35:39;0.203
2026-05-18 15:35:54;0.194
2026-05-18 15:36:09;0.194
2026-05-18 15:36:24;0.195
2026-05-18 15:36:39;0.201
2026-05-18 15:36:54;0.21
2026-05-18 15:37:09;0.217
2026-05-18 15:37:25;0.223
2026-05-18 15:37:40;0.227
2026-05-18 15:37:55;0.232
2026-05-18 15:38:10;0.244
2026-05-18 15:38:25;0.282
2026-05-18 15:38:40;0.0
2026-05-18 15:38:55;0.442
2026-05-18 15:39:10;0.0
2026-05-18 15:39:25;0.81
2026-05-18 15:39:40;0.0
2026-05-18 15:39:55;0.249
2026-05-18 15:40:10;0.701
2026-05-18 15:40:25;0.651
2026-05-18 15:40:40;0.439
2026-05-18 15:40:55;0.0
2026-05-18 15:41:10;0.0
2026-05-18 15:41:25;0.431
2026-05-18 15:41:40;0.0
2026-05-18 15:41:55;0.358
2026-05-18 15:42:10;0.0
2026-05-18 15:42:25;0.0
2026-05-18 15:42:40;0.0
2026-05-18 15:42:55;0.0
2026-05-18 15:43:10;0.001
2026-05-18 15:43:25;0.0
2026-05-18 15:43:40;0.0
2026-05-18 15:43:55;0.0
2026-05-18 15:44:10;0.829
2026-05-18 15:44:25;0.815
2026-05-18 15:44:40;0.0
2026-05-18 15:44:56;0.227
2026-05-18 15:45:10;0.227
2026-05-18 15:45:25;0.222
2026-05-18 15:45:40;0.213
2026-05-18 15:45:55;0.221
2026-05-18 15:46:10;0.224
2026-05-18 15:46:25;0.228
2026-05-18 15:46:40;0.227
2026-05-18 15:46:55;0.235
2026-05-18 15:47:10;0.237
2026-05-18 15:47:25;0.24
2026-05-18 15:47:40;0.091
2026-05-18 15:47:55;0.247
2026-05-18 15:48:10;0.001
2026-05-18 15:48:25;0.001
2026-05-18 15:48:40;0.282
2026-05-18 15:48:55;0.298
2026-05-18 15:49:10;0.299
2026-05-18 15:49:25;0.295
2026-05-18 15:49:40;0.297
2026-05-18 15:49:55;0.278
2026-05-18 15:50:10;0.257
2026-05-18 15:50:25;0.265
2026-05-18 15:50:41;0.311
2026-05-18 15:50:55;0.514
2026-05-18 15:51:10;0.0
2026-05-18 15:51:25;0.402
2026-05-18 15:51:40;0.033
2026-05-18 15:51:56;0.001
2026-05-18 15:52:11;0.338
2026-05-18 15:52:26;0.316
2026-05-18 15:52:41;0.0
2026-05-18 15:52:56;0.317
2026-05-18 15:53:11;0.529
2026-05-18 15:53:26;0.0
2026-05-18 15:53:41;0.0
2026-05-18 15:53:56;0.0
2026-05-18 15:54:11;0.358
2026-05-18 15:54:26;0.247
2026-05-18 15:54:41;0.226
2026-05-18 15:54:56;0.216
2026-05-18 15:55:11;0.201
2026-05-18 15:55:26;0.208
2026-05-18 15:55:41;0.369
2026-05-18 15:55:56;0.0
2026-05-18 15:56:11;0.184
2026-05-18 15:56:26;0.0
2026-05-18 15:56:41;0.202
2026-05-18 15:56:56;0.197
2026-05-18 15:57:11;0.201
2026-05-18 15:57:26;0.2
2026-05-18 15:57:41;0.0
2026-05-18 15:57:56;0.0
2026-05-18 15:58:11;0.241
2026-05-18 15:58:26;0.532
2026-05-18 15:58:41;0.0
2026-05-18 15:58:56;0.579
2026-05-18 15:59:11;0.549
2026-05-18 15:59:26;0.0
2026-05-18 15:59:41;0.0
2026-05-18 15:59:56;0.125
2026-05-18 16:00:11;0.0
2026-05-18 16:00:26;0.488
2026-05-18 16:00:41;0.442
2026-05-18 16:00:56;0.0
2026-05-18 16:01:11;0.0
2026-05-18 16:01:26;0.641
2026-05-18 16:01:41;0.0
2026-05-18 16:01:56;0.0
2026-05-18 16:02:12;0.0
2026-05-18 16:02:26;0.552
2026-05-18 16:02:41;0.0
2026-05-18 16:02:56;0.0
2026-05-18 16:03:11;0.594
2026-05-18 16:03:26;0.0
2026-05-18 16:03:41;0.374
2026-05-18 16:03:56;0.316
2026-05-18 16:04:11;0.338
2026-05-18 16:04:26;0.213
2026-05-18 16:04:42;0.176
2026-05-18 16:04:56;0.174
2026-05-18 16:05:11;0.174
2026-05-18 16:05:27;0.173
2026-05-18 16:05:41;0.172
2026-05-18 16:05:56;0.17
2026-05-18 16:06:12;0.169
2026-05-18 16:06:27;0.168
2026-05-18 16:06:42;0.168
2026-05-18 16:06:57;0.17
2026-05-18 16:07:12;0.224
2026-05-18 16:07:27;0.234
2026-05-18 16:07:42;0.196
2026-05-18 16:07:59;0.412
2026-05-18 16:08:12;0.012
2026-05-18 16:08:27;0.297
2026-05-18 16:08:42;0.161
2026-05-18 16:08:57;0.159
2026-05-18 16:09:12;0.188
2026-05-18 16:09:27;0.25
2026-05-18 16:09:42;0.222
2026-05-18 16:09:57;0.172
2026-05-18 16:10:12;0.155
2026-05-18 16:10:27;0.156
2026-05-18 16:10:43;0.157
2026-05-18 16:10:58;0.181
2026-05-18 16:11:13;0.296
2026-05-18 16:11:28;0.0
2026-05-18 16:11:43;0.358
2026-05-18 16:11:58;0.001
2026-05-18 16:12:13;0.0
2026-05-18 16:12:28;0.297
2026-05-18 16:12:43;0.224
2026-05-18 16:12:58;0.216
2026-05-18 16:13:13;0.181
2026-05-18 16:13:28;0.218
2026-05-18 16:13:43;0.246
2026-05-18 16:13:58;0.221
2026-05-18 16:14:13;0.206
2026-05-18 16:14:28;0.262
2026-05-18 16:14:43;0.265
2026-05-18 16:14:58;0.0
2026-05-18 16:15:13;0.475
2026-05-18 16:15:28;0.367
2026-05-18 16:15:44;0.0
2026-05-18 16:15:58;0.188
2026-05-18 16:16:13;0.194
2026-05-18 16:16:28;0.0
2026-05-18 16:16:43;0.0
2026-05-18 16:16:58;0.0
2026-05-18 16:17:13;0.364
2026-05-18 16:17:28;0.296
2026-05-18 16:17:43;0.2
2026-05-18 16:17:58;0.228
2026-05-18 16:18:13;0.001
2026-05-18 16:18:28;0.361
2026-05-18 16:18:43;0.397
2026-05-18 16:18:58;0.473
2026-05-18 16:19:13;0.0
2026-05-18 16:19:28;0.001
2026-05-18 16:19:43;0.0
2026-05-18 16:19:59;0.457
2026-05-18 16:20:13;0.001
2026-05-18 16:20:29;0.001
2026-05-18 16:20:44;0.478
2026-05-18 16:20:59;0.0
2026-05-18 16:21:14;0.483
2026-05-18 16:21:29;0.078
2026-05-18 16:21:44;0.0
2026-05-18 16:21:59;0.0
2026-05-18 16:22:14;0.487
2026-05-18 16:22:29;0.272
2026-05-18 16:22:44;0.204
2026-05-18 16:22:59;0.199
2026-05-18 16:23:14;0.199
2026-05-18 16:23:29;0.201
2026-05-18 16:23:44;0.218
2026-05-18 16:23:59;0.178
2026-05-18 16:24:14;0.222
2026-05-18 16:24:29;0.0
2026-05-18 16:24:44;0.249
2026-05-18 16:24:59;0.227
2026-05-18 16:25:14;0.213
2026-05-18 16:25:29;0.213
2026-05-18 16:25:44;0.215
2026-05-18 16:25:59;0.212
2026-05-18 16:26:14;0.208
2026-05-18 16:26:29;0.031
2026-05-18 16:26:44;0.207
2026-05-18 16:26:59;0.204
2026-05-18 16:27:14;0.207
2026-05-18 16:27:29;0.208
2026-05-18 16:27:44;0.208
2026-05-18 16:27:59;0.211
2026-05-18 16:28:14;0.0
2026-05-18 16:28:29;0.411
2026-05-18 16:28:44;0.443
2026-05-18 16:29:00;0.444
2026-05-18 16:29:14;0.0
2026-05-18 16:29:30;0.421
2026-05-18 16:29:45;0.417
2026-05-18 16:30:00;0.0
2026-05-18 16:30:15;0.261
2026-05-18 16:30:30;0.34
2026-05-18 16:30:45;0.0
2026-05-18 16:31:00;0.0
2026-05-20 07:46:37;0.199
2026-05-20 07:46:52;0.217
2026-05-20 07:47:07;0.168
2026-05-20 07:47:22;0.175
2026-05-20 07:47:37;0.221
2026-05-20 07:47:52;0.223
2026-05-20 07:48:07;0.224
2026-05-20 07:48:22;0.226
2026-05-20 07:48:38;0.227
2026-05-20 07:48:53;0.228
2026-05-20 07:49:08;0.228
2026-05-20 07:49:22;0.229
2026-05-20 07:49:40;0.229
2026-05-20 07:49:53;0.229
2026-05-20 07:50:08;0.229
2026-05-20 07:50:23;0.229
2026-05-20 07:50:38;0.228
2026-05-20 07:50:53;0.229
2026-05-20 07:51:08;0.229
2026-05-20 07:51:23;0.228
2026-05-20 07:51:44;0.227
2026-05-20 07:51:53;0.229
2026-05-20 07:52:08;0.23
2026-05-20 07:52:23;0.232
2026-05-20 07:52:38;0.235
2026-05-20 07:52:53;0.236
2026-05-20 07:53:09;0.237
2026-05-20 07:53:24;0.239
2026-05-20 07:53:43;0.239
2026-05-20 07:53:54;0.239
2026-05-20 07:54:09;0.239
2026-05-20 07:54:24;0.239
2026-05-20 07:54:39;0.24
2026-05-20 07:54:54;0.24
2026-05-20 07:55:09;0.241
2026-05-20 07:55:24;0.241
2026-05-20 07:55:41;0.241
2026-05-20 07:55:54;0.24
2026-05-20 07:56:09;0.239
2026-05-20 07:56:25;0.239
2026-05-20 07:56:40;0.239
2026-05-20 07:56:55;0.239
2026-05-20 07:57:10;0.239
2026-05-20 07:57:31;0.24
2026-05-20 07:57:40;0.241
2026-05-20 07:57:55;0.242
2026-05-20 07:58:10;0.242
2026-05-20 07:58:25;0.242
2026-05-20 07:58:40;0.243
2026-05-20 07:58:55;0.242
2026-05-20 07:59:12;0.243
2026-05-20 07:59:25;0.244
2026-05-20 07:59:40;0.244
2026-05-20 08:00:12;0.248
2026-05-20 08:00:27;0.25
2026-05-20 08:00:43;0.25
2026-05-20 08:00:58;0.251
2026-05-20 08:01:12;0.248
2026-05-20 08:01:27;0.248
2026-05-20 08:01:43;0.252
2026-05-20 08:01:58;0.256
2026-05-20 08:02:13;0.261
2026-05-20 08:02:28;0.267
2026-05-20 08:02:43;0.273
2026-05-20 08:02:58;0.276
2026-05-20 08:03:13;0.278
2026-05-20 08:03:29;0.279
2026-05-20 08:03:44;0.278
2026-05-20 08:03:59;0.277
2026-05-20 08:04:13;0.276
2026-05-20 08:04:28;0.275
2026-05-20 08:04:43;0.275
2026-05-20 08:05:01;0.275
2026-05-20 08:05:13;0.275
2026-05-20 08:05:29;0.273
2026-05-20 08:05:44;0.272
2026-05-20 08:05:59;0.273
2026-05-20 08:06:23;0.273
2026-05-20 08:06:29;0.274
2026-05-20 08:06:49;0.275
2026-05-20 08:07:03;0.278
2026-05-20 08:07:14;0.28
2026-05-20 08:07:30;0.281
2026-05-20 08:07:45;0.282
2026-05-20 08:08:00;0.283
2026-05-20 08:08:15;0.282
2026-05-20 08:08:30;0.281
2026-05-20 08:08:45;0.0
2026-05-20 08:09:02;0.279
2026-05-20 08:09:15;0.279
2026-05-20 08:09:30;0.278
2026-05-20 08:09:45;0.276
2026-05-20 08:10:00;0.277
2026-05-20 08:10:15;0.28
2026-05-20 08:10:30;0.283
2026-05-20 08:10:45;0.286
2026-05-20 08:11:00;0.29
2026-05-20 08:11:15;0.293
2026-05-20 08:11:30;0.292
2026-05-20 08:11:45;0.29
2026-05-20 08:12:01;0.287
2026-05-20 08:12:16;0.286
2026-05-20 08:12:31;0.279
2026-05-20 08:12:46;0.262
2026-05-20 08:13:01;0.262
2026-05-20 08:13:16;0.264
2026-05-20 08:13:33;0.273
2026-05-20 08:13:46;0.279
2026-05-20 08:14:01;0.286
2026-05-20 08:14:16;0.294
2026-05-20 08:14:31;0.3
2026-05-20 08:14:46;0.304
2026-05-20 08:15:01;0.309
2026-05-20 08:15:16;0.313
2026-05-20 08:15:31;0.313
2026-05-20 08:15:47;0.311
2026-05-20 08:16:02;0.307
2026-05-20 08:16:17;0.303
2026-05-20 08:16:34;0.296
2026-05-20 08:16:46;0.292
2026-05-20 08:17:01;0.291
2026-05-20 08:17:17;0.289
2026-05-20 08:17:31;0.286
2026-05-20 08:17:47;0.28
2026-05-20 08:18:02;0.264
2026-05-20 08:18:17;0.258
2026-05-20 08:18:34;0.256
2026-05-20 08:18:47;0.255
2026-05-20 08:19:02;0.254
2026-05-20 08:19:19;0.258
2026-05-20 08:19:35;0.271
2026-05-20 08:19:47;0.285
2026-05-20 08:20:02;0.293
2026-05-20 08:20:17;0.3
2026-05-20 08:20:32;0.304
2026-05-20 08:20:47;0.306
2026-05-20 08:21:08;0.311
2026-05-20 08:21:17;0.317
2026-05-20 08:21:32;0.322
2026-05-20 08:21:49;0.326
2026-05-20 08:22:02;0.331
2026-05-20 08:22:17;0.334
2026-05-20 08:22:34;0.333
2026-05-20 08:22:48;0.325
2026-05-20 08:23:03;0.316
2026-05-20 08:23:18;0.303
2026-05-20 08:23:33;0.296
2026-05-20 08:23:48;0.298
2026-05-20 08:24:03;0.0
2026-05-20 08:24:18;0.319
2026-05-20 08:24:33;0.312
2026-05-20 08:24:52;0.304
2026-05-20 08:25:03;0.311
2026-05-20 08:25:18;0.312
2026-05-20 08:25:33;0.317
2026-05-20 08:25:48;0.319
2026-05-20 08:26:04;0.321
2026-05-20 08:26:18;0.322
2026-05-20 08:26:33;0.324
2026-05-20 08:26:51;0.324
2026-05-20 08:27:03;0.322
2026-05-20 08:27:18;0.321
2026-05-20 08:27:33;0.319
2026-05-20 08:27:49;0.317
2026-05-20 08:28:04;0.316
2026-05-20 08:28:19;0.313
2026-05-20 08:28:34;0.308
2026-05-20 08:28:49;0.302
2026-05-20 08:29:04;0.298
2026-05-20 08:29:19;0.295
2026-05-20 08:29:34;0.295
2026-05-20 08:29:49;0.294
2026-05-20 08:30:04;0.295
2026-05-20 08:30:19;0.298
2026-05-20 08:30:34;0.3
2026-05-20 08:30:49;0.303
2026-05-20 08:31:04;0.305
2026-05-20 08:31:19;0.304
2026-05-20 08:31:34;0.304
2026-05-20 08:31:49;0.305
2026-05-20 08:32:04;0.0
2026-05-20 08:32:19;0.294
2026-05-20 08:32:34;0.29
2026-05-20 08:32:50;0.294
2026-05-20 08:33:05;0.301
2026-05-20 08:33:20;0.305
2026-05-20 08:33:35;0.309
2026-05-20 08:33:50;0.31
2026-05-20 08:34:05;0.311
2026-05-20 08:34:20;0.312
2026-05-20 08:34:35;0.311
2026-05-20 08:34:50;0.31
2026-05-20 08:36:13;0.308
2026-05-20 08:36:21;0.307
2026-05-20 08:36:46;0.31
2026-05-20 08:37:24;0.31
2026-05-20 08:37:28;0.312
2026-05-20 08:37:45;0.312
2026-05-20 08:38:01;0.313
2026-05-20 08:39:32;0.317
2026-05-20 08:39:48;0.318
2026-05-20 08:39:58;0.319
2026-05-20 08:40:12;0.32
2026-05-20 08:40:36;0.321
2026-05-20 08:40:43;0.322
2026-05-20 08:40:52;0.323
2026-05-20 08:41:07;0.324
2026-05-20 08:41:43;0.324
2026-05-20 08:41:53;0.324
2026-05-20 08:43:09;0.331
2026-05-20 08:43:30;0.332
2026-05-20 08:43:39;0.333
2026-05-20 08:43:55;0.334
2026-05-20 08:44:13;0.334
2026-05-20 08:44:26;0.334
2026-05-20 08:44:44;0.333
2026-05-20 08:44:55;0.332
2026-05-20 08:45:10;0.331
2026-05-20 08:45:25;0.331
2026-05-20 08:45:41;0.33
2026-05-20 08:45:56;0.331
2026-05-20 08:46:14;0.332
2026-05-20 08:46:25;0.331
2026-05-20 08:46:40;0.331
2026-05-20 08:46:55;0.331
2026-05-20 08:47:15;0.333
2026-05-20 08:47:29;0.336
2026-05-20 08:47:51;0.341
2026-05-20 08:47:56;0.344
2026-05-20 08:48:12;0.347
2026-05-20 08:48:26;0.348
2026-05-20 08:48:40;0.349
2026-05-20 08:48:56;0.348
2026-05-20 08:49:15;0.347
2026-05-20 08:49:30;0.346
2026-05-20 08:49:47;0.345
2026-05-20 08:49:56;0.344
2026-05-20 08:50:16;0.343
2026-05-20 08:50:39;0.342
2026-05-20 08:50:42;0.341
2026-05-20 08:51:01;0.34
2026-05-20 08:51:13;0.34
2026-05-20 08:51:31;0.34
2026-05-20 08:51:42;0.34
2026-05-20 08:51:58;0.34
2026-05-20 08:52:13;0.341
2026-05-20 08:52:27;0.34
2026-05-20 08:52:50;0.34
2026-05-20 08:52:58;0.342
2026-05-20 08:53:13;0.343
2026-05-20 08:53:32;0.344
2026-05-20 08:53:45;0.345
2026-05-20 08:53:58;0.347
2026-05-20 08:54:17;0.349
2026-05-20 08:54:34;0.352
2026-05-20 08:54:50;0.35
2026-05-20 08:55:00;0.35
2026-05-20 08:55:29;0.35
2026-05-20 08:55:57;0.348
2026-05-20 08:56:13;0.347
2026-05-20 08:56:34;0.348
2026-05-20 08:57:18;0.357
2026-05-20 08:57:28;0.359
2026-05-20 08:57:43;0.361
2026-05-20 08:57:58;0.362
2026-05-20 08:58:29;0.364
2026-05-20 08:58:33;0.368
2026-05-20 08:58:57;0.368
2026-05-20 08:59:37;0.371
2026-05-20 08:59:49;0.373
2026-05-20 09:00:07;0.373
2026-05-20 09:00:19;0.374
2026-05-20 09:00:34;0.374
2026-05-20 09:00:49;0.373
2026-05-20 09:01:12;0.372
2026-05-20 09:01:19;0.369
2026-05-20 09:01:37;0.368
2026-05-20 09:01:49;0.367
2026-05-20 09:02:04;0.366
2026-05-20 09:02:19;0.365
2026-05-20 09:02:47;0.364
2026-05-20 09:03:04;0.364
2026-05-20 09:03:37;0.363
2026-05-20 09:03:58;0.363
2026-05-20 09:04:22;0.364
2026-05-20 09:04:37;0.368
2026-05-20 09:04:52;0.37
2026-05-20 09:05:08;0.372
2026-05-20 09:05:22;0.373
2026-05-20 09:05:37;0.373
2026-05-20 09:05:58;0.377
2026-05-20 09:06:08;0.381
2026-05-20 09:06:23;0.385
2026-05-20 09:06:38;0.388
2026-05-20 09:06:53;0.392
2026-05-20 09:07:08;0.393
2026-05-20 09:07:23;0.394
2026-05-20 09:07:38;0.394
2026-05-20 09:07:53;0.392
2026-05-20 09:08:08;0.391
2026-05-20 09:08:23;0.389
2026-05-20 09:08:38;0.386
2026-05-20 09:08:55;0.385
2026-05-20 09:09:08;0.388
2026-05-20 09:09:23;0.39
2026-05-20 09:09:38;0.394
2026-05-20 09:09:53;0.397
2026-05-20 09:10:08;0.4
2026-05-20 09:10:23;0.389
2026-05-20 09:10:38;0.325
2026-05-20 09:10:57;0.0
2026-05-20 09:11:09;0.33
2026-05-20 09:11:24;0.302
2026-05-20 09:11:39;0.424
2026-05-20 09:11:54;0.425
2026-05-20 09:12:09;0.424
2026-05-20 09:12:24;0.424
2026-05-20 09:12:39;0.424
2026-05-20 09:12:54;0.424
2026-05-20 09:13:09;0.423
2026-05-20 09:13:24;0.421
2026-05-20 09:13:41;0.418
2026-05-20 09:13:54;0.415
2026-05-20 09:14:09;0.413
2026-05-20 09:14:24;0.413
2026-05-20 09:14:39;0.412
2026-05-20 09:14:54;0.411
2026-05-20 09:15:09;0.411
2026-05-20 09:15:24;0.414
2026-05-20 09:15:39;0.416
2026-05-20 09:15:54;0.42
2026-05-20 09:16:09;0.422
2026-05-20 09:16:24;0.424
2026-05-20 09:16:39;0.427
2026-05-20 09:16:54;0.433
2026-05-20 09:17:09;0.44
2026-05-20 09:17:24;0.448
2026-05-20 09:17:40;0.455
2026-05-20 09:17:54;0.459
2026-05-20 09:18:09;0.455
2026-05-20 09:18:25;0.453
2026-05-20 09:18:40;0.472
2026-05-20 09:18:55;0.461
2026-05-20 09:19:10;0.465
2026-05-20 09:19:28;0.449
2026-05-20 09:19:40;0.444
2026-05-20 09:19:55;0.431
2026-05-20 09:20:10;0.424
2026-05-20 09:20:25;0.0
2026-05-20 09:20:40;0.42
2026-05-20 09:20:55;0.421
2026-05-20 09:21:10;0.421
2026-05-20 09:21:25;0.424
2026-05-20 09:21:40;0.423
2026-05-20 09:21:59;0.424
2026-05-20 09:22:10;0.0
2026-05-20 09:22:25;0.431
2026-05-20 09:22:40;0.43
2026-05-20 09:22:55;0.426
2026-05-20 09:23:10;0.424
2026-05-20 09:23:25;0.428
2026-05-20 09:23:40;0.427
2026-05-20 09:23:55;0.431
2026-05-20 09:24:11;0.434
2026-05-20 09:24:25;0.0
2026-05-20 09:24:40;0.437
2026-05-20 09:24:55;0.431
2026-05-20 09:25:10;0.428
2026-05-20 09:25:25;0.385
2026-05-20 09:25:40;0.451
2026-05-20 09:25:56;0.463
2026-05-20 09:26:26;0.46
2026-05-20 09:26:41;0.453
2026-05-20 09:26:56;0.446
2026-05-20 09:27:11;0.451
2026-05-20 09:27:26;0.455
2026-05-20 09:27:41;0.455
2026-05-20 09:27:56;0.459
2026-05-20 09:28:11;0.461
2026-05-20 09:28:26;0.47
2026-05-20 09:28:41;0.481
2026-05-20 09:28:56;0.491
2026-05-20 09:29:11;0.502
2026-05-20 09:29:26;0.509
2026-05-20 09:29:41;0.53
2026-05-20 09:29:56;0.568
2026-05-20 09:30:11;0.625
2026-05-20 09:30:26;0.685
2026-05-20 09:30:41;0.704
2026-05-20 09:30:56;0.767
2026-05-20 09:31:11;0.825
2026-05-20 09:31:26;0.898
2026-05-20 09:31:41;0.979
2026-05-20 09:31:56;1.073
2026-05-20 09:32:11;1.161
2026-05-20 09:32:27;1.249
2026-05-20 09:32:42;1.282
2026-05-20 09:32:56;1.391
2026-05-20 09:33:11;1.404
2026-05-20 09:33:27;1.424
2026-05-20 09:33:41;1.432
2026-05-20 09:33:56;1.436
2026-05-20 09:34:11;1.45
2026-05-20 09:34:26;1.462
2026-05-20 09:34:41;1.469
2026-05-20 09:34:56;1.464
2026-05-20 09:35:11;1.47
2026-05-20 09:35:26;1.479
2026-05-20 09:35:41;1.493
2026-05-20 09:35:57;1.135
2026-05-20 09:36:12;1.494
2026-05-20 09:36:28;1.501
2026-05-20 09:36:43;1.507
2026-05-20 09:36:58;1.519
2026-05-20 09:37:13;1.525
2026-05-20 09:37:29;1.53
2026-05-20 09:37:44;1.535
2026-05-20 09:38:02;0.556
2026-05-20 09:38:15;0.558
2026-05-20 09:38:30;0.478
2026-05-20 09:38:45;1.514
2026-05-20 09:39:01;1.54
2026-05-20 09:39:16;1.554
2026-05-20 09:39:32;1.56
2026-05-20 09:39:47;1.562
2026-05-20 09:40:02;0.493
2026-05-20 09:40:17;1.471
2026-05-20 09:40:33;0.423
2026-05-20 09:40:48;1.537
2026-05-20 09:41:03;1.557
2026-05-20 09:41:18;1.565
2026-05-20 09:41:34;1.557
2026-05-20 09:41:49;1.554
2026-05-20 09:42:05;1.547
2026-05-20 09:42:20;1.519
2026-05-20 09:42:36;0.497
2026-05-20 09:42:50;1.52
2026-05-20 09:43:36;1.597
2026-05-20 09:43:51;1.599
2026-05-20 09:44:06;1.597
2026-05-20 09:44:21;1.609
2026-05-20 09:44:37;1.61
2026-05-20 09:44:52;1.594
2026-05-20 09:45:08;1.622
2026-05-20 09:45:23;1.597
2026-05-20 09:45:38;1.589
2026-05-20 09:45:54;1.6
2026-05-20 09:46:09;1.613
2026-05-20 09:46:24;1.623
2026-05-20 09:46:39;1.629
2026-05-20 09:46:54;1.631
2026-05-20 09:47:10;1.635
2026-05-20 09:47:25;1.643
2026-05-20 09:47:41;1.645
2026-05-20 09:47:56;1.649
2026-05-20 09:48:12;1.655
2026-05-20 09:48:26;1.663
2026-05-20 09:48:42;1.671
2026-05-20 09:48:57;1.688
2026-05-20 09:49:13;1.685
2026-05-20 09:49:29;1.684
2026-05-20 09:49:51;1.677
2026-05-20 09:50:14;1.686
2026-05-20 09:50:29;1.684
2026-05-20 09:50:51;1.68
2026-05-20 09:51:00;1.679
2026-05-20 09:51:21;1.673
2026-05-20 09:51:30;1.677
2026-05-20 09:51:46;1.684
2026-05-20 09:52:06;1.689
2026-05-20 09:52:17;1.259
2026-05-20 09:52:32;1.704
2026-05-20 09:52:47;1.693
2026-05-20 09:53:03;1.699
2026-05-20 09:53:18;1.718
2026-05-20 09:53:33;1.725
2026-05-20 09:53:48;1.721
2026-05-20 09:54:03;1.637
2026-05-20 09:54:19;1.655
2026-05-20 09:54:34;1.612
2026-05-20 09:54:49;1.626
2026-05-20 09:55:04;1.634
2026-05-20 09:55:20;1.653
2026-05-20 09:55:35;1.624
2026-05-20 09:55:51;1.633
2026-05-20 09:56:06;1.637
2026-05-20 09:56:21;1.664
2026-05-20 09:56:36;1.664
2026-05-20 09:56:52;1.674
2026-05-20 09:57:07;1.686
2026-05-20 09:57:22;1.684
2026-05-20 09:57:38;1.64
2026-05-20 09:58:08;1.614
2026-05-20 09:58:23;1.612
2026-05-20 09:58:53;1.606
2026-05-20 09:58:57;1.623
2026-05-20 09:59:17;1.653
2026-05-20 09:59:29;1.66
2026-05-20 09:59:43;1.673
2026-05-20 10:00:17;1.676
2026-05-20 10:00:26;1.674
2026-05-20 10:00:32;1.682
2026-05-20 10:00:49;1.678
2026-05-20 10:01:04;1.686
2026-05-20 10:01:19;1.694
2026-05-20 10:01:34;1.69
2026-05-20 10:02:10;1.673
2026-05-20 10:02:20;1.657
2026-05-20 10:02:37;1.659
2026-05-20 10:02:51;1.665
2026-05-20 10:03:06;1.667
2026-05-20 10:03:46;1.676
2026-05-20 10:03:52;1.689
2026-05-20 10:04:30;1.711
2026-05-20 10:04:46;1.719
2026-05-20 10:05:01;1.729
2026-05-20 10:05:16;1.747
2026-05-20 10:05:31;1.751
2026-05-20 10:05:47;1.765
2026-05-20 10:06:08;1.768
2026-05-20 10:06:19;1.773
2026-05-20 10:06:39;1.772
2026-05-20 10:06:54;1.771
2026-05-20 10:07:10;1.755
2026-05-20 10:07:25;1.739
2026-05-20 10:07:44;1.712
2026-05-20 10:07:56;1.672
2026-05-20 10:08:11;1.665
2026-05-20 10:08:27;1.666
2026-05-20 10:08:42;1.682
2026-05-20 10:08:57;1.682
2026-05-20 10:09:12;1.693
2026-05-20 10:09:27;1.717
2026-05-20 10:09:43;1.739
2026-05-20 10:09:58;1.753
2026-05-20 10:10:13;1.76
2026-05-20 10:10:28;1.76
2026-05-20 10:10:44;1.76
2026-05-20 10:11:00;1.755
2026-05-20 10:11:15;1.746
2026-05-20 10:11:29;1.738
2026-05-20 10:11:45;1.725
2026-05-20 10:12:00;1.722
2026-05-20 10:12:15;1.722
2026-05-20 10:12:30;1.704
2026-05-20 10:12:55;1.722
2026-05-20 10:13:01;1.736
2026-05-20 10:13:16;1.735
2026-05-20 10:13:31;1.733
2026-05-20 10:13:47;1.736
2026-05-20 10:14:05;1.746
2026-05-20 10:14:17;1.754
2026-05-20 10:14:32;1.761
2026-05-20 10:14:48;1.711
2026-05-20 10:15:03;1.723
2026-05-20 10:15:19;1.697
2026-05-20 10:15:36;1.718
2026-05-20 10:15:49;1.714
2026-05-20 10:16:04;1.719
2026-05-20 10:16:19;1.71
2026-05-20 10:16:34;1.715
2026-05-20 10:16:51;1.709
2026-05-20 10:17:09;1.681
2026-05-20 10:17:23;1.704
2026-05-20 10:17:37;1.518
2026-05-20 10:17:53;1.588
2026-05-20 10:18:08;1.632
2026-05-20 10:18:23;1.699
2026-05-20 10:18:38;1.682
2026-05-20 10:18:55;1.585
2026-05-20 10:19:09;1.608
2026-05-20 10:19:24;1.387
2026-05-20 10:19:39;1.34
2026-05-20 10:19:55;1.342
2026-05-20 10:20:30;1.247
2026-05-20 10:20:46;1.185
2026-05-20 10:21:01;1.256
2026-05-20 10:21:28;1.367
2026-05-20 10:21:31;1.052
2026-05-20 10:22:20;1.212
2026-05-20 10:22:20;0.91
2026-05-20 10:22:47;0.93
2026-05-20 10:23:18;1.113
2026-05-20 10:24:24;0.743
2026-05-20 10:24:40;0.781
2026-05-20 10:25:06;1.038
2026-05-20 10:25:10;0.926
2026-05-20 10:25:38;1.073
2026-05-20 10:25:43;1.136
2026-05-20 10:26:01;0.0
2026-05-20 10:26:14;0.85
2026-05-20 10:26:29;1.002
2026-05-20 10:26:44;0.892
2026-05-20 10:26:59;0.961
2026-05-20 10:27:24;1.045
2026-05-20 10:27:30;0.755
2026-05-20 10:27:45;1.258
2026-05-20 10:28:01;1.031
2026-05-20 10:28:19;0.97
2026-05-20 10:28:35;1.049
2026-05-20 10:28:47;0.819
2026-05-20 10:29:02;0.844
2026-05-20 10:29:18;0.765
2026-05-20 10:29:32;0.759
2026-05-20 10:29:48;0.79
2026-05-20 10:30:03;0.884
2026-05-20 10:30:19;0.714
2026-05-20 10:30:33;0.8
2026-05-20 10:30:49;0.866
2026-05-20 10:31:04;0.807
2026-05-20 10:31:20;0.842
2026-05-20 10:31:35;0.816
2026-05-20 10:31:50;0.844
2026-05-20 10:32:05;0.865
2026-05-20 10:32:21;0.661
2026-05-20 10:32:36;0.867
2026-05-20 10:32:51;0.672
2026-05-20 10:33:06;0.682
2026-05-20 10:33:22;0.667
2026-05-20 10:33:37;0.678
2026-05-20 10:33:52;0.666
2026-05-20 10:34:07;0.714
2026-05-20 10:34:23;0.651
2026-05-20 10:34:38;0.583
2026-05-20 10:34:53;0.561
2026-05-20 10:35:08;0.639
2026-05-20 10:35:24;0.636
2026-05-20 10:35:39;0.761
2026-05-20 10:35:54;0.879
2026-05-20 10:36:09;0.878
2026-05-20 10:36:25;0.829
2026-05-20 10:36:40;0.918
2026-05-20 10:36:56;1.017
2026-05-20 10:37:11;1.065
2026-05-20 10:37:26;1.141
2026-05-20 10:37:42;1.128
2026-05-20 10:37:57;1.085
2026-05-20 10:38:12;1.11
2026-05-20 10:38:27;1.071
2026-05-20 10:38:42;1.086
2026-05-20 10:38:58;0.971
2026-05-20 10:39:13;1.103
2026-05-20 10:39:28;1.116
2026-05-20 10:39:43;1.104
2026-05-20 10:39:59;1.089
2026-05-20 10:40:14;1.121
2026-05-20 10:40:29;1.131
2026-05-20 10:40:45;1.162
2026-05-20 10:41:00;1.106
2026-05-20 10:41:15;1.265
2026-05-20 10:41:30;1.214
2026-05-20 10:41:45;1.191
2026-05-20 10:42:01;1.243
2026-05-20 10:42:16;1.233
2026-05-20 10:42:31;1.281
2026-05-20 10:42:46;1.298
2026-05-20 10:43:02;1.33
2026-05-20 10:43:17;1.227
2026-05-20 10:43:33;1.323
2026-05-20 10:43:48;1.278
2026-05-20 10:44:03;1.291
2026-05-20 10:44:18;1.232
2026-05-20 10:44:35;0.727
2026-05-20 10:44:48;1.278
2026-05-20 10:45:04;0.973
2026-05-20 10:45:19;1.177
2026-05-20 10:45:35;1.205
2026-05-20 10:45:50;1.186
2026-05-20 10:46:05;1.104
2026-05-20 10:46:20;1.05
2026-05-20 10:46:36;1.085
2026-05-20 10:46:51;1.047
2026-05-20 10:47:06;1.193
2026-05-20 10:47:21;1.214
2026-05-20 10:47:37;1.061
2026-05-20 10:47:52;1.003
2026-05-20 10:48:07;1.053
2026-05-20 10:48:23;0.993
2026-05-20 10:48:38;0.918
2026-05-20 10:48:53;0.905
2026-05-20 10:49:08;0.738
2026-05-20 10:49:23;1.22
2026-05-20 10:49:39;1.253
2026-05-20 10:49:54;1.243
2026-05-20 10:50:12;1.282
2026-05-20 10:50:24;1.247
2026-05-20 10:50:53;0.901
2026-05-20 10:51:06;0.647
2026-05-20 10:51:21;0.752
2026-05-20 10:51:37;0.604
2026-05-20 10:51:52;0.574
2026-05-20 10:52:07;0.55
2026-05-20 10:52:22;0.535
2026-05-20 10:52:38;0.527
2026-05-20 10:52:53;0.522
2026-05-20 10:53:08;0.52
2026-05-20 10:53:23;0.523
2026-05-20 10:53:39;0.532
2026-05-20 10:53:54;0.543
2026-05-20 10:54:09;0.551
2026-05-20 10:54:24;0.558
2026-05-20 10:54:40;0.563
2026-05-20 10:54:55;0.57
2026-05-20 10:55:10;0.579
2026-05-20 10:55:25;0.593
2026-05-20 10:55:41;0.58
2026-05-20 10:55:56;0.564
2026-05-20 10:56:12;0.546
2026-05-20 10:56:27;0.53
2026-05-20 10:56:42;0.519
2026-05-20 10:56:57;0.508
2026-05-20 10:57:13;0.498
2026-05-20 10:57:28;0.491
2026-05-20 10:57:43;0.48
2026-05-20 10:57:58;0.463
2026-05-20 10:58:14;0.444
2026-05-20 10:58:29;0.428
2026-05-20 10:58:45;0.418
2026-05-20 10:59:00;0.411
2026-05-20 10:59:15;0.408
2026-05-20 10:59:30;0.406
2026-05-20 10:59:46;0.405
2026-05-20 11:00:01;0.405
2026-05-20 11:00:16;0.407
2026-05-20 11:00:31;0.412
2026-05-20 11:00:47;0.42
2026-05-20 11:01:02;0.429
2026-05-20 11:01:18;0.437
2026-05-20 11:01:33;0.448
2026-05-20 11:01:49;0.461
2026-05-20 11:02:03;0.472
2026-05-20 11:02:19;0.478
2026-05-20 11:02:34;0.484
2026-05-20 11:02:50;0.491
2026-05-20 11:03:05;0.502
2026-05-20 11:03:20;0.522
2026-05-20 11:03:35;0.629
2026-05-20 11:03:51;0.727
2026-05-20 11:04:06;1.088
2026-05-20 11:04:22;0.899
2026-05-20 11:04:37;0.716
2026-05-20 11:04:52;0.901
2026-05-20 11:05:07;0.918
2026-05-20 11:05:23;0.947
2026-05-20 11:05:38;0.957
2026-05-20 11:05:54;0.96
2026-05-20 11:06:09;0.95
2026-05-20 11:06:24;0.979
2026-05-20 11:06:39;1.0
2026-05-20 11:06:55;1.013
2026-05-20 11:07:10;0.952
2026-05-20 11:07:25;1.038
2026-05-20 11:07:40;1.07
2026-05-20 11:07:56;1.061
2026-05-20 11:08:11;1.099
2026-05-20 11:08:26;1.044
2026-05-20 11:08:41;0.985
2026-05-20 11:08:57;0.835
2026-05-20 11:09:13;0.744
2026-05-20 11:09:28;0.707
2026-05-20 11:09:43;0.679
2026-05-20 11:09:58;0.659
2026-05-20 11:10:13;0.639
2026-05-20 11:10:29;0.623
2026-05-20 11:10:44;0.612
2026-05-20 11:11:00;0.613
2026-05-20 11:11:15;0.646
2026-05-20 11:11:30;0.641
2026-05-20 11:11:45;0.681
2026-05-20 11:12:01;0.78
2026-05-20 11:12:16;0.943
2026-05-20 11:12:31;1.067
2026-05-20 11:12:46;1.124
2026-05-20 11:13:02;1.157
2026-05-20 11:13:17;1.114
2026-05-20 11:13:33;1.128
2026-05-20 11:13:48;1.198
2026-05-20 11:14:03;1.172
2026-05-20 11:14:18;1.179
2026-05-20 11:14:34;1.191
2026-05-20 11:14:49;1.192
2026-05-20 11:15:04;1.185
2026-05-20 11:15:19;1.192
2026-05-20 11:15:35;1.201
2026-05-20 11:15:50;1.16
2026-05-20 11:16:05;1.014
2026-05-20 11:16:20;0.912
2026-05-20 11:16:36;0.836
2026-05-20 11:16:51;0.777
2026-05-20 11:17:07;0.737
2026-05-20 11:17:22;0.721
2026-05-20 11:17:37;0.723
2026-05-20 11:17:52;0.796
2026-05-20 11:18:08;0.85
2026-05-20 11:18:23;0.888
2026-05-20 11:18:38;1.075
2026-05-20 11:18:53;0.924
2026-05-20 11:19:09;0.843
2026-05-20 11:19:24;0.638
2026-05-20 11:19:39;0.628
2026-05-20 11:19:55;0.694
2026-05-20 11:20:10;0.75
2026-05-20 11:20:25;0.657
2026-05-20 11:20:41;0.661
2026-05-20 11:20:56;0.849
2026-05-20 11:21:11;1.05
2026-05-20 11:21:26;0.921
2026-05-20 11:21:42;0.966
2026-05-20 11:21:57;0.92
2026-05-20 11:22:13;0.893
2026-05-20 11:22:28;0.848
2026-05-20 11:22:43;0.825
2026-05-20 11:22:58;0.755
2026-05-20 11:23:14;0.885
2026-05-20 11:23:29;0.845
2026-05-20 11:23:44;0.887
2026-05-20 11:23:59;0.93
2026-05-20 11:24:15;0.973
2026-05-20 11:24:34;1.046
2026-05-20 11:24:56;0.992
2026-05-20 11:25:16;1.037
2026-05-20 11:25:32;1.003
2026-05-20 11:25:47;1.004
2026-05-20 11:26:04;1.009
2026-05-20 11:26:17;0.997
2026-05-20 11:26:33;1.031
2026-05-20 11:26:48;1.023
2026-05-20 11:27:04;1.011
2026-05-20 11:27:19;1.017
2026-05-20 11:27:34;1.02
2026-05-20 11:27:49;1.028
2026-05-20 11:28:05;1.034
2026-05-20 11:28:20;1.044
2026-05-20 11:28:35;1.093
2026-05-20 11:28:50;1.049
2026-05-20 11:29:06;1.078
2026-05-20 11:29:21;1.126
2026-05-20 11:29:37;1.132
2026-05-20 11:29:52;1.148
2026-05-20 11:30:07;1.154
2026-05-20 11:30:22;1.16
2026-05-20 11:30:38;1.181
2026-05-20 11:30:53;1.182
2026-05-20 11:31:08;1.201
2026-05-20 11:31:23;1.189
2026-05-20 11:31:39;1.185
2026-05-20 11:31:55;1.185
2026-05-20 11:32:10;1.2
2026-05-20 11:32:25;1.186
2026-05-20 11:32:40;1.151
2026-05-20 11:32:55;1.153
2026-05-20 11:33:11;1.145
2026-05-20 11:33:26;1.166
2026-05-20 11:33:41;1.186
2026-05-20 11:33:56;1.219
2026-05-20 11:34:12;1.23
2026-05-20 11:34:27;1.259
2026-05-20 11:34:43;1.299
2026-05-20 11:34:58;1.305
2026-05-20 11:35:13;1.308
2026-05-20 11:35:28;1.372
2026-05-20 11:35:44;1.383
2026-05-20 11:35:59;1.413
2026-05-20 11:36:14;1.427
2026-05-20 11:36:29;1.415
2026-05-20 11:36:45;1.419
2026-05-20 11:37:00;1.367
2026-05-20 11:37:16;1.361
2026-05-20 11:37:31;1.345
2026-05-20 11:37:46;1.354
2026-05-20 11:38:01;1.29
2026-05-20 11:38:17;1.318
2026-05-20 11:38:32;1.316
2026-05-20 11:38:47;1.189
2026-05-20 11:39:02;1.331
2026-05-20 11:39:18;1.318
2026-05-20 11:39:33;1.284
2026-05-20 11:39:49;1.258
2026-05-20 11:40:04;1.213
2026-05-20 11:40:19;1.254
2026-05-20 11:40:34;1.267
2026-05-20 11:40:50;1.245
2026-05-20 11:41:05;1.151
2026-05-20 11:41:20;1.109
2026-05-20 11:41:35;0.907
2026-05-20 11:41:51;0.99
2026-05-20 11:42:06;0.826
2026-05-20 11:42:22;0.892
2026-05-20 11:42:37;0.965
2026-05-20 11:42:52;0.661
2026-05-20 11:43:38;0.578
2026-05-20 11:43:53;0.541
2026-05-20 11:44:08;0.695
2026-05-20 11:44:24;0.793
2026-05-20 11:44:39;0.61
2026-05-20 11:44:54;0.516
2026-05-20 11:45:09;0.633
2026-05-20 11:45:25;0.0
2026-05-20 11:45:40;0.38
2026-05-20 11:45:56;0.478
2026-05-20 11:46:11;0.47
2026-05-20 11:46:56;0.491
2026-05-20 11:46:56;0.53
2026-05-20 11:47:19;0.786
2026-05-20 11:47:46;0.796
2026-05-20 11:47:50;1.074
2026-05-20 11:48:05;1.109
2026-05-20 11:48:20;1.048
2026-05-20 11:48:36;0.875
2026-05-20 11:48:51;1.236
2026-05-20 11:49:06;1.346
2026-05-20 11:49:22;1.365
2026-05-20 11:49:37;1.382
2026-05-20 11:49:52;1.396
2026-05-20 11:50:08;0.717
2026-05-20 11:50:23;0.687
2026-05-20 11:50:38;0.666
2026-05-20 11:50:53;0.636
2026-05-20 11:51:09;0.607
2026-05-20 11:51:24;0.591
2026-05-20 11:51:39;0.589
2026-05-20 11:51:55;0.594
2026-05-20 11:52:10;0.609
2026-05-20 11:52:25;0.724
2026-05-20 11:52:43;0.982
2026-05-20 11:52:56;0.771
2026-05-20 11:53:11;0.74
2026-05-20 11:53:26;0.666
2026-05-20 11:53:42;0.66
2026-05-20 11:53:57;0.74
2026-05-20 11:54:12;0.71
2026-05-20 11:54:28;1.347
2026-05-20 11:54:43;1.398
2026-05-20 11:54:58;1.518
2026-05-20 11:55:14;1.444
2026-05-20 11:55:29;1.497
2026-05-20 11:55:44;1.52
2026-05-20 11:55:59;1.482
2026-05-20 11:56:15;1.321
2026-05-20 11:56:30;0.822
2026-05-20 11:56:46;1.471
2026-05-20 11:57:01;1.505
2026-05-20 11:57:16;1.475
2026-05-20 11:57:31;1.468
2026-05-20 11:57:47;1.498
2026-05-20 11:58:02;1.493
2026-05-20 11:58:17;1.495
2026-05-20 11:58:32;1.488
2026-05-20 11:58:48;1.485
2026-05-20 11:59:03;1.499
2026-05-20 11:59:19;1.51
2026-05-20 11:59:34;1.529
2026-05-20 11:59:49;1.549
2026-05-20 12:00:05;1.582
2026-05-20 12:00:34;1.645
2026-05-20 12:00:36;1.701
2026-05-20 12:00:50;1.731
2026-05-20 12:01:05;1.738
2026-05-20 12:01:21;1.717
2026-05-20 12:01:37;1.73
2026-05-20 12:01:52;1.754
2026-05-20 12:02:07;1.761
2026-05-20 12:02:22;1.743
2026-05-20 12:02:38;1.744
2026-05-20 12:02:53;1.754
2026-05-20 12:03:08;1.729
2026-05-20 12:03:23;1.696
2026-05-20 12:03:39;1.648
2026-05-20 12:03:54;1.636
2026-05-20 12:04:09;1.622
2026-05-20 12:04:24;1.58
2026-05-20 12:04:40;1.592
2026-05-20 12:04:55;1.566
2026-05-20 12:05:13;1.511
2026-05-20 12:05:25;1.466
2026-05-20 12:05:41;1.482
2026-05-20 12:05:56;1.46
2026-05-20 12:06:11;1.349
2026-05-20 12:06:26;1.024
2026-05-20 12:06:42;0.849
2026-05-20 12:06:57;0.736
2026-05-20 12:07:12;0.719
2026-05-20 12:07:27;0.71
2026-05-20 12:07:43;0.702
2026-05-20 12:07:58;0.693
2026-05-20 12:08:13;0.688
2026-05-20 12:08:28;0.681
2026-05-20 12:08:44;0.683
2026-05-20 12:08:59;0.702
2026-05-20 12:09:14;0.757
2026-05-20 12:09:29;1.228
2026-05-20 12:09:45;1.305
2026-05-20 12:10:00;1.399
2026-05-20 12:10:16;1.289
2026-05-20 12:10:31;1.548
2026-05-20 12:10:46;1.68
2026-05-20 12:11:01;1.694
2026-05-20 12:11:17;1.699
2026-05-20 12:11:32;1.71
2026-05-20 12:11:47;1.751
2026-05-20 12:12:02;1.771
2026-05-20 12:12:18;1.758
2026-05-20 12:12:33;1.75
2026-05-20 12:12:49;1.721
2026-05-20 12:13:04;1.717
2026-05-20 12:13:19;1.708
2026-05-20 12:13:34;1.697
2026-05-20 12:13:50;1.699
2026-05-20 12:14:05;1.694
2026-05-20 12:14:20;1.689
2026-05-20 12:14:35;1.68
2026-05-20 12:14:51;1.661
2026-05-20 12:15:06;1.668
2026-05-20 12:15:21;1.674
2026-05-20 12:15:36;1.684
2026-05-20 12:15:52;1.702
2026-05-20 12:16:07;1.704
2026-05-20 12:16:24;1.716
2026-05-20 12:16:37;1.707
2026-05-20 12:16:53;1.684
2026-05-20 12:17:08;1.638
2026-05-20 12:17:24;1.653
2026-05-20 12:17:39;1.675
2026-05-20 12:17:54;1.71
2026-05-20 12:18:09;1.743
2026-05-20 12:18:25;1.793
2026-05-20 12:18:40;1.809
2026-05-20 12:18:55;1.817
2026-05-20 12:19:11;1.816
2026-05-20 12:19:26;1.793
2026-05-20 12:19:42;1.803
2026-05-20 12:19:56;1.795
2026-05-20 12:20:11;1.805
2026-05-20 12:20:27;1.804
2026-05-20 12:20:42;1.781
2026-05-20 12:20:57;1.673
2026-05-20 12:21:12;1.302
2026-05-20 12:21:28;1.165
2026-05-20 12:21:43;1.155
2026-05-20 12:21:58;1.493
2026-05-20 12:22:13;1.299
2026-05-20 12:22:29;0.875
2026-05-20 12:22:44;0.804
2026-05-20 12:22:59;0.816
2026-05-20 12:23:14;0.798
2026-05-20 12:23:31;0.775
2026-05-20 12:23:45;0.749
2026-05-20 12:24:00;0.74
2026-05-20 12:24:15;0.738
2026-05-20 12:24:31;0.74
2026-05-20 12:24:46;0.73
2026-05-20 12:25:01;0.734
2026-05-20 12:25:16;0.765
2026-05-20 12:25:32;0.7
2026-05-20 12:25:48;0.717
2026-05-20 12:26:03;0.785
2026-05-20 12:26:19;0.656
2026-05-20 12:26:33;0.64
2026-05-20 12:26:48;0.635
2026-05-20 12:27:04;0.637
2026-05-20 12:27:19;0.76
2026-05-20 12:27:34;0.65
2026-05-20 12:27:49;0.637
2026-05-20 12:28:05;0.649
2026-05-20 12:28:20;0.87
2026-05-20 12:28:36;1.285
2026-05-20 12:28:50;0.774
2026-05-20 12:29:10;0.652
2026-05-20 12:29:21;0.645
2026-05-20 12:29:37;0.681
2026-05-20 12:29:58;0.845
2026-05-20 12:30:07;1.362
2026-05-20 12:30:23;1.521
2026-05-20 12:30:41;1.523
2026-05-20 12:30:54;1.658
2026-05-20 12:31:08;1.573
2026-05-20 12:31:25;1.672
2026-05-20 12:31:39;1.182
2026-05-20 12:31:54;0.69
2026-05-20 12:32:11;1.198
2026-05-20 12:32:25;1.682
2026-05-20 12:32:40;1.67
2026-05-20 12:32:56;1.595
2026-05-20 12:33:11;1.692
2026-05-20 12:33:26;1.618
2026-05-20 12:33:41;1.756
2026-05-20 12:33:56;1.557
2026-05-20 12:34:11;0.974
2026-05-20 12:34:27;1.039
2026-05-20 12:34:42;1.604
2026-05-20 12:34:58;1.628
2026-05-20 12:35:13;1.684
2026-05-20 12:35:32;1.777
2026-05-20 12:35:50;1.456
2026-05-20 12:36:03;1.756
2026-05-20 12:36:18;1.757
2026-05-20 12:36:34;1.75
2026-05-20 12:36:49;1.736
2026-05-20 12:37:04;1.666
2026-05-20 12:37:24;1.665
2026-05-20 12:37:55;1.26
2026-05-20 12:37:55;1.098
2026-05-20 12:38:14;0.732
2026-05-20 12:38:25;0.687
2026-05-20 12:38:40;0.654
2026-05-20 12:38:59;0.632
2026-05-20 12:39:11;0.612
2026-05-20 12:39:26;0.594
2026-05-20 12:39:42;0.575
2026-05-20 12:39:57;0.556
2026-05-20 12:40:12;0.538
2026-05-20 12:40:27;0.525
2026-05-20 12:40:42;0.514
2026-05-20 12:40:58;0.504
2026-05-20 12:41:13;0.494
2026-05-20 12:41:29;0.486
2026-05-20 12:41:44;0.478
2026-05-20 12:42:02;0.474
2026-05-20 12:42:14;0.473
2026-05-20 12:42:30;0.471
2026-05-20 12:42:45;0.469
2026-05-20 12:43:00;0.467
2026-05-20 12:43:15;0.465
2026-05-20 12:43:31;0.468
2026-05-20 12:43:46;0.474
2026-05-20 12:44:01;0.48
2026-05-20 12:44:16;0.489
2026-05-20 12:44:32;0.505
2026-05-20 12:44:47;0.53
2026-05-20 12:45:03;0.563
2026-05-20 12:45:18;0.59
2026-05-20 12:45:33;0.69
2026-05-20 12:45:48;0.753
2026-05-20 12:46:04;0.85
2026-05-20 12:46:19;1.378
2026-05-20 12:46:34;0.85
2026-05-20 12:46:49;0.88
2026-05-20 12:47:05;0.903
2026-05-20 12:47:20;0.0
2026-05-20 12:47:36;0.0
2026-05-20 12:47:51;1.758
2026-05-20 12:48:06;1.097
2026-05-20 12:48:30;1.807
2026-05-20 12:48:37;1.82
2026-05-20 12:48:52;1.825
2026-05-20 12:49:07;1.835
2026-05-20 12:49:22;1.823
2026-05-20 12:49:38;1.848
2026-05-20 12:49:53;1.854
2026-05-20 12:50:09;1.825
2026-05-20 12:50:24;0.0
2026-05-20 12:50:39;1.791
2026-05-20 12:50:54;1.77
2026-05-20 12:51:10;1.737
2026-05-20 12:51:25;1.698
2026-05-20 12:51:40;1.644
2026-05-20 12:52:01;0.301
2026-05-20 12:52:11;1.442
2026-05-20 12:52:26;1.25
2026-05-20 12:52:42;1.184
2026-05-20 12:52:56;1.394
2026-05-20 12:53:12;1.534
2026-05-20 12:53:27;1.521
2026-05-20 12:53:43;0.558
2026-05-20 12:54:00;1.381
2026-05-20 12:54:16;1.309
2026-05-20 12:54:30;1.082
2026-05-20 12:54:44;1.003
2026-05-20 12:54:59;1.245
2026-05-20 12:55:14;1.583
2026-05-20 12:55:29;1.492
2026-05-20 12:55:45;1.577
2026-05-20 12:56:00;1.633
2026-05-20 12:56:15;1.652
2026-05-20 12:56:30;1.663
2026-05-20 12:56:46;1.553
2026-05-20 12:57:01;1.676
2026-05-20 12:57:16;0.0
2026-05-20 12:57:31;0.0
2026-05-20 12:57:47;1.676
2026-05-20 12:58:02;1.676
2026-05-20 12:58:18;1.572
2026-05-20 12:58:33;1.572
2026-05-20 12:58:48;1.558
2026-05-20 12:59:03;0.0
2026-05-20 12:59:19;1.653
2026-05-20 12:59:34;1.648
2026-05-20 12:59:49;1.644
2026-05-20 13:00:04;0.0
2026-05-20 13:00:20;1.636
2026-05-20 13:00:35;1.607
2026-05-20 13:00:50;0.001
2026-05-20 13:01:05;1.638
2026-05-20 13:01:21;1.666
2026-05-20 13:01:36;1.691
2026-05-20 13:01:51;0.446
2026-05-20 13:02:06;1.582
2026-05-20 13:02:22;1.709
2026-05-20 13:02:37;1.71
2026-05-20 13:02:52;1.708
2026-05-20 13:03:07;1.648
2026-05-20 13:03:23;0.0
2026-05-20 13:03:38;1.648
2026-05-20 13:03:55;1.711
2026-05-20 13:04:08;1.719
2026-05-20 13:04:24;1.743
2026-05-20 13:04:39;0.001
2026-05-20 13:04:54;1.748
2026-05-20 13:05:09;1.615
2026-05-20 13:05:27;1.591
2026-05-20 13:05:40;1.715
2026-05-20 13:05:55;0.0
2026-05-20 13:06:10;0.02
2026-05-20 13:06:26;1.719
2026-05-20 13:06:41;1.175
2026-05-20 13:06:56;1.763
2026-05-20 13:07:11;1.776
2026-05-20 13:07:27;1.779
2026-05-20 13:07:42;1.648
2026-05-20 13:07:57;1.784
2026-05-20 13:08:12;1.782
2026-05-20 13:08:28;0.0
2026-05-20 13:08:43;0.0
2026-05-20 13:08:58;1.722
2026-05-20 13:09:13;0.001
2026-05-20 13:09:29;0.0
2026-05-20 13:09:44;1.629
2026-05-20 13:10:00;1.249
2026-05-20 13:10:14;1.636
2026-05-20 13:10:30;1.532
2026-05-20 13:10:45;1.551
2026-05-20 13:11:00;1.241
2026-05-20 13:11:15;0.838
2026-05-20 13:11:32;0.695
2026-05-20 13:11:46;0.68
2026-05-20 13:12:02;0.682
2026-05-20 13:12:16;0.702
2026-05-20 13:12:32;1.077
2026-05-20 13:12:47;1.479
2026-05-20 13:13:02;1.478
2026-05-20 13:13:18;1.408
2026-05-20 13:13:33;1.347
2026-05-20 13:13:48;1.279
2026-05-20 13:14:03;0.466
2026-05-20 13:14:18;0.409
2026-05-20 13:14:34;0.381
2026-05-20 13:14:49;0.359
2026-05-20 13:15:05;0.34
2026-05-20 13:15:19;0.325
2026-05-20 13:15:35;0.312
2026-05-20 13:15:50;0.299
2026-05-20 13:16:06;0.292
2026-05-20 13:16:21;0.288
2026-05-20 13:16:36;0.286
2026-05-20 13:16:51;0.284
2026-05-20 13:17:07;0.279
2026-05-20 13:17:22;0.271
2026-05-20 13:17:37;0.264
2026-05-20 13:17:52;0.255
2026-05-20 13:18:08;0.248
2026-05-20 13:18:23;0.245
2026-05-20 13:18:39;0.241
2026-05-20 13:18:54;0.237
2026-05-20 13:19:09;0.237
2026-05-20 13:19:24;0.238
2026-05-20 13:19:40;0.239
2026-05-20 13:19:55;0.241
2026-05-20 13:20:10;0.246
2026-05-20 13:20:25;0.244
2026-05-20 13:20:41;0.242
2026-05-20 13:20:56;0.237
2026-05-20 13:21:12;0.233
2026-05-20 13:21:27;0.234
2026-05-20 13:21:42;0.237
2026-05-20 13:21:57;0.236
2026-05-20 13:22:13;0.233
2026-05-20 13:22:28;0.228
2026-05-20 13:22:43;0.221
2026-05-20 13:22:58;0.213
2026-05-20 13:23:14;0.213
2026-05-20 13:23:29;0.175
2026-05-20 13:23:45;0.212
2026-05-20 13:24:00;0.211
2026-05-20 13:24:15;0.208
2026-05-20 13:24:30;0.202
2026-05-20 13:24:46;0.196
2026-05-20 13:25:01;0.196
2026-05-20 13:25:17;0.19
2026-05-20 13:25:32;0.182
2026-05-20 13:25:47;0.173
2026-05-20 13:26:02;0.164
2026-05-20 13:26:18;0.154
2026-05-20 13:26:33;0.147
2026-05-20 13:26:48;0.141
2026-05-20 13:27:03;0.136
2026-05-20 13:27:18;0.131
2026-05-20 13:27:33;0.127
2026-05-20 13:27:48;0.123
2026-05-20 13:28:03;0.118
2026-05-20 13:28:18;0.114
2026-05-20 13:28:33;0.11
2026-05-20 13:28:48;0.105
2026-05-20 13:29:03;0.08
2026-05-20 13:29:18;0.094
2026-05-20 13:29:33;0.0
2026-05-21 08:07:38;0.374
2026-05-21 08:07:53;0.435
2026-05-21 08:08:08;0.361
2026-05-21 08:08:23;0.352
2026-05-21 08:08:38;0.448
2026-05-21 08:08:54;0.449
2026-05-21 08:09:08;0.449
2026-05-21 08:09:23;0.449
2026-05-21 08:09:38;0.449
2026-05-21 08:09:53;0.449
2026-05-21 08:10:08;0.449
2026-05-21 08:10:23;0.449
2026-05-21 08:10:39;0.448
2026-05-21 08:10:55;0.447
2026-05-21 08:11:09;0.445
2026-05-21 08:11:24;0.444
2026-05-21 08:11:39;0.442
2026-05-21 08:11:54;0.442
2026-05-21 08:12:09;0.441
2026-05-21 08:12:26;0.438
2026-05-21 08:12:39;0.436
2026-05-21 08:12:54;0.433
2026-05-21 08:13:09;0.43
2026-05-21 08:13:24;0.429
2026-05-21 08:13:39;0.431
2026-05-21 08:13:54;0.431
2026-05-21 08:14:09;0.428
2026-05-21 08:14:24;0.428
2026-05-21 08:14:39;0.428
2026-05-21 08:14:54;0.427
2026-05-21 08:15:09;0.425
2026-05-21 08:15:24;0.422
2026-05-21 08:15:39;0.421
2026-05-21 08:15:55;0.422
2026-05-21 08:16:37;0.424
2026-05-21 08:16:51;0.425
2026-05-21 08:17:10;0.425
2026-05-21 08:17:25;0.425
2026-05-21 08:17:41;0.424
2026-05-21 08:17:52;0.421
2026-05-21 08:18:43;0.41
2026-05-21 08:19:23;0.407
2026-05-21 08:19:27;0.403
2026-05-21 08:19:44;0.395
2026-05-21 08:20:09;0.39
2026-05-21 08:20:45;0.384
2026-05-21 08:20:45;0.375
2026-05-21 08:20:51;0.364
2026-05-21 08:21:03;0.353
2026-05-21 08:21:18;0.338
2026-05-21 08:21:33;0.327
2026-05-21 08:21:48;0.321
2026-05-21 08:22:03;0.318
2026-05-21 08:22:18;0.318
2026-05-21 08:22:33;0.318
2026-05-21 08:22:48;0.319
2026-05-21 08:23:03;0.319
2026-05-21 08:23:33;0.32
2026-05-21 08:23:37;0.322
2026-05-21 08:23:53;0.323
2026-05-21 08:24:08;0.325
2026-05-21 08:24:23;0.327
2026-05-21 08:25:31;0.336
2026-05-21 08:25:46;0.339
2026-05-21 08:26:01;0.34
2026-05-21 08:27:10;0.331
2026-05-21 08:27:25;0.326
2026-05-21 08:27:40;0.319
2026-05-21 08:27:56;0.313
2026-05-21 08:28:10;0.308
2026-05-21 08:28:25;0.304
2026-05-21 08:28:58;0.301
2026-05-21 08:28:58;0.297
2026-05-21 08:29:11;0.294
2026-05-21 08:29:26;0.291
2026-05-21 08:29:41;0.289
2026-05-21 08:29:56;0.287
2026-05-21 08:30:11;0.286
2026-05-21 08:30:26;0.285
2026-05-21 08:30:41;0.285
2026-05-21 08:30:56;0.285
2026-05-21 08:31:11;0.286
2026-05-21 08:31:27;0.287
2026-05-21 08:31:42;0.288
2026-05-21 08:31:56;0.289
2026-05-21 08:32:12;0.291
2026-05-21 08:32:27;0.294
2026-05-21 08:32:42;0.297
2026-05-21 08:32:59;0.3
2026-05-21 08:33:12;0.302
2026-05-21 08:33:27;0.303
2026-05-21 08:33:42;0.303
2026-05-21 08:33:57;0.301
2026-05-21 08:34:12;0.297
2026-05-21 08:34:27;0.292
2026-05-21 08:34:42;0.286
2026-05-21 08:34:57;0.283
2026-05-21 08:35:13;0.279
2026-05-21 08:35:28;0.278
2026-05-21 08:35:42;0.277
2026-05-21 08:35:57;0.276
2026-05-21 08:36:12;0.276
2026-05-21 08:36:27;0.275
2026-05-21 08:36:42;0.274
2026-05-21 08:36:57;0.272
2026-05-21 08:37:12;0.27
2026-05-21 08:37:28;0.269
2026-05-21 08:37:43;0.269
2026-05-21 08:37:58;0.268
2026-05-21 08:38:13;0.267
2026-05-21 08:38:28;0.267
2026-05-21 08:38:44;0.266
2026-05-21 08:38:58;0.266
2026-05-21 08:39:14;0.266
2026-05-21 08:39:28;0.266
2026-05-21 08:39:43;0.266
2026-05-21 08:39:58;0.266
2026-05-21 08:40:13;0.266
2026-05-21 08:40:28;0.266
2026-05-21 08:40:46;0.266
2026-05-21 08:40:58;0.265
2026-05-21 08:41:13;0.264
2026-05-21 08:41:28;0.264
2026-05-21 08:41:43;0.263
2026-05-21 08:41:58;0.262
2026-05-21 08:42:14;0.261
2026-05-21 08:42:29;0.26
2026-05-21 08:42:44;0.26
2026-05-21 08:42:59;0.259
2026-05-21 08:43:14;0.259
2026-05-21 08:43:29;0.258
2026-05-21 08:43:44;0.258
2026-05-21 08:43:59;0.257
2026-05-21 08:44:20;0.257
2026-05-21 08:44:32;0.256
2026-05-21 08:44:44;0.255
2026-05-21 08:44:59;0.255
2026-05-21 08:45:16;0.254
2026-05-21 08:45:29;0.255
2026-05-21 08:45:44;0.255
2026-05-21 08:45:59;0.254
2026-05-21 08:46:15;0.254
2026-05-21 08:46:30;0.254
2026-05-21 08:46:45;0.255
2026-05-21 08:46:59;0.255
2026-05-21 08:47:14;0.256
2026-05-21 08:47:30;0.257
2026-05-21 08:47:45;0.258
2026-05-21 08:48:00;0.259
2026-05-21 08:48:15;0.26
2026-05-21 08:48:30;0.261
2026-05-21 08:48:45;0.261
2026-05-21 08:49:00;0.262
2026-05-21 08:49:15;0.264
2026-05-21 08:49:30;0.265
2026-05-21 08:49:45;0.265
2026-05-21 08:50:00;0.267
2026-05-21 08:50:15;0.269
2026-05-21 08:50:30;0.271
2026-05-21 08:50:45;0.273
2026-05-21 08:51:01;0.275
2026-05-21 08:51:16;0.277
2026-05-21 08:51:30;0.279
2026-05-21 08:51:45;0.282
2026-05-21 08:52:00;0.282
2026-05-21 08:52:15;0.283
2026-05-21 08:52:30;0.283
2026-05-21 08:52:46;0.285
2026-05-21 08:53:01;0.287
2026-05-21 08:53:16;0.289
2026-05-21 08:53:31;0.29
2026-05-21 08:53:46;0.293
2026-05-21 08:54:01;0.296
2026-05-21 08:54:16;0.299
2026-05-21 08:54:32;0.303
2026-05-21 08:54:46;0.306
2026-05-21 08:55:02;0.311
2026-05-21 08:55:16;0.316
2026-05-21 08:55:31;0.323
2026-05-21 08:55:46;0.33
2026-05-21 08:56:01;0.338
2026-05-21 08:56:16;0.348
2026-05-21 08:56:31;0.36
2026-05-21 08:56:46;0.373
2026-05-21 08:57:05;0.387
2026-05-21 08:57:19;0.4
2026-05-21 08:57:32;0.415
2026-05-21 08:57:46;0.433
2026-05-21 08:58:06;0.451
2026-05-21 08:58:17;0.463
2026-05-21 08:58:32;0.47
2026-05-21 08:58:47;0.473
2026-05-21 08:59:02;0.472
2026-05-21 08:59:17;0.472
2026-05-21 08:59:33;0.474
2026-05-21 08:59:47;0.473
2026-05-21 09:00:02;0.473
2026-05-21 09:00:17;0.477
2026-05-21 09:00:32;0.483
2026-05-21 09:00:47;0.498
2026-05-21 09:01:02;0.516
2026-05-21 09:01:17;0.534
2026-05-21 09:01:32;0.548
2026-05-21 09:01:47;0.558
2026-05-21 09:02:02;0.567
2026-05-21 09:02:19;0.576
2026-05-21 09:02:33;0.581
2026-05-21 09:02:47;0.585
2026-05-21 09:03:03;0.588
2026-05-21 09:03:18;0.591
2026-05-21 09:03:33;0.595
2026-05-21 09:03:48;0.598
2026-05-21 09:04:03;0.603
2026-05-21 09:04:18;0.605
2026-05-21 09:04:33;0.609
2026-05-21 09:04:48;0.613
2026-05-21 09:05:03;0.615
2026-05-21 09:05:18;0.619
2026-05-21 09:05:33;0.623
2026-05-21 09:05:48;0.627
2026-05-21 09:06:03;0.632
2026-05-21 09:06:19;0.637
2026-05-21 09:06:33;0.641
2026-05-21 09:06:50;0.645
2026-05-21 09:07:03;0.649
2026-05-21 09:07:18;0.652
2026-05-21 09:07:33;0.657
2026-05-21 09:07:48;0.658
2026-05-21 09:08:03;0.659
2026-05-21 09:08:18;0.66
2026-05-21 09:08:33;0.66
2026-05-21 09:08:48;0.656
2026-05-21 09:09:03;0.655
2026-05-21 09:09:18;0.652
2026-05-21 09:09:33;0.648
2026-05-21 09:09:48;0.644
2026-05-21 09:10:04;0.64
2026-05-21 09:10:18;0.636
2026-05-21 09:10:33;0.637
2026-05-21 09:10:49;0.641
2026-05-21 09:11:04;0.642
2026-05-21 09:11:19;0.644
2026-05-21 09:11:34;0.643
2026-05-21 09:11:49;0.64
2026-05-21 09:12:04;0.636
2026-05-21 09:12:19;0.63
2026-05-21 09:12:34;0.623
2026-05-21 09:12:49;0.617
2026-05-21 09:13:04;0.612
2026-05-21 09:13:19;0.605
2026-05-21 09:13:34;0.599
2026-05-21 09:13:49;0.592
2026-05-21 09:14:04;0.593
2026-05-21 09:14:19;0.594
2026-05-21 09:14:34;0.599
2026-05-21 09:14:49;0.598
2026-05-21 09:15:04;0.591
2026-05-21 09:15:19;0.583
2026-05-21 09:15:34;0.577
2026-05-21 09:15:49;0.578
2026-05-21 09:16:04;0.589
2026-05-21 09:16:19;0.607
2026-05-21 09:16:34;0.63
2026-05-21 09:16:49;0.655
2026-05-21 09:17:06;0.672
2026-05-21 09:17:19;0.692
2026-05-21 09:17:34;0.716
2026-05-21 09:17:49;0.729
2026-05-21 09:18:04;0.729
2026-05-21 09:18:19;0.751
2026-05-21 09:18:34;0.748
2026-05-21 09:18:49;0.724
2026-05-21 09:19:04;0.732
2026-05-21 09:19:19;0.736
2026-05-21 09:19:34;0.707
2026-05-21 09:19:49;0.674
2026-05-21 09:20:04;0.65
2026-05-21 09:20:20;0.63
2026-05-21 09:20:35;0.62
2026-05-21 09:20:50;0.604
2026-05-21 09:21:04;0.597
2026-05-21 09:21:20;0.596
2026-05-21 09:21:35;0.591
2026-05-21 09:21:50;0.589
2026-05-21 09:22:05;0.591
2026-05-21 09:22:20;0.597
2026-05-21 09:22:35;0.573
2026-05-21 09:22:50;0.617
2026-05-21 09:23:05;0.625
2026-05-21 09:23:20;0.631
2026-05-21 09:23:35;0.634
2026-05-21 09:23:50;0.638
2026-05-21 09:24:05;0.648
2026-05-21 09:24:20;0.627
2026-05-21 09:24:35;0.655
2026-05-21 09:24:50;0.659
2026-05-21 09:25:05;0.671
2026-05-21 09:25:20;0.686
2026-05-21 09:25:35;0.697
2026-05-21 09:25:50;0.709
2026-05-21 09:26:05;0.719
2026-05-21 09:26:20;0.728
2026-05-21 09:26:35;0.73
2026-05-21 09:26:50;0.735
2026-05-21 09:27:05;0.743
2026-05-21 09:27:20;0.748
2026-05-21 09:27:35;0.757
2026-05-21 09:27:50;0.767
2026-05-21 09:28:05;0.778
2026-05-21 09:28:20;0.784
2026-05-21 09:28:35;0.789
2026-05-21 09:28:50;0.8
2026-05-21 09:29:05;0.821
2026-05-21 09:29:20;0.834
2026-05-21 09:29:35;0.851
2026-05-21 09:29:50;0.871
2026-05-21 09:30:05;0.889
2026-05-21 09:30:20;0.922
2026-05-21 09:30:35;0.983
2026-05-21 09:30:50;1.066
2026-05-21 09:31:05;1.19
2026-05-21 09:31:20;1.305
2026-05-21 09:31:37;1.424
2026-05-21 09:31:50;1.568
2026-05-21 09:32:05;1.645
2026-05-21 09:32:20;1.658
2026-05-21 09:32:36;1.623
2026-05-21 09:32:51;1.498
2026-05-21 09:33:06;1.059
2026-05-21 09:33:21;0.936
2026-05-21 09:33:37;0.936
2026-05-21 09:33:52;0.892
2026-05-21 09:34:07;0.864
2026-05-21 09:34:22;0.842
2026-05-21 09:34:38;0.845
2026-05-21 09:34:53;0.828
2026-05-21 09:35:09;0.783
2026-05-21 09:35:24;0.765
2026-05-21 09:35:40;0.78
2026-05-21 09:35:55;0.744
2026-05-21 09:36:10;0.685
2026-05-21 09:36:25;0.632
2026-05-21 09:36:41;0.584
2026-05-21 09:36:56;0.531
2026-05-21 09:37:12;0.512
2026-05-21 09:37:26;0.495
2026-05-21 09:37:42;0.474
2026-05-21 09:37:57;0.464
2026-05-21 09:38:13;0.458
2026-05-21 09:38:28;0.452
2026-05-21 09:38:43;0.448
2026-05-21 09:38:58;0.447
2026-05-21 09:39:13;0.446
2026-05-21 09:39:28;0.447
2026-05-21 09:39:43;0.45
2026-05-21 09:39:58;0.453
2026-05-21 09:40:14;0.457
2026-05-21 09:40:29;0.459
2026-05-21 09:40:44;0.46
2026-05-21 09:40:58;0.465
2026-05-21 09:41:13;0.472
2026-05-21 09:41:28;0.477
2026-05-21 09:41:44;0.484
2026-05-21 09:41:58;0.493
2026-05-21 09:42:13;0.5
2026-05-21 09:42:28;0.499
2026-05-21 09:42:43;0.496
2026-05-21 09:42:58;0.498
2026-05-21 09:43:13;0.503
2026-05-21 09:43:30;0.514
2026-05-21 09:43:43;0.509
2026-05-21 09:43:59;0.503
2026-05-21 09:44:14;0.5
2026-05-21 09:44:28;0.496
2026-05-21 09:44:43;0.498
2026-05-21 09:44:58;0.507
2026-05-21 09:45:15;0.517
2026-05-21 09:45:46;0.528
2026-05-21 09:45:58;0.528
2026-05-21 09:46:13;0.521
2026-05-21 09:46:28;0.511
2026-05-21 09:46:43;0.502
2026-05-21 09:46:58;0.498
2026-05-21 09:47:13;0.503
2026-05-21 09:47:28;0.51
2026-05-21 09:47:43;0.528
2026-05-21 09:47:58;0.54
2026-05-21 09:48:13;0.533
2026-05-21 09:48:29;0.524
2026-05-21 09:48:43;0.517
2026-05-21 09:48:58;0.507
2026-05-21 09:49:14;0.501
2026-05-21 09:49:45;0.508
2026-05-21 09:50:15;0.516
2026-05-21 09:50:23;0.0
2026-05-21 09:50:35;0.517
2026-05-21 09:50:48;0.513
2026-05-21 09:51:03;0.507
2026-05-21 09:51:18;0.504
2026-05-21 09:51:33;0.495
2026-05-21 09:51:49;0.485
2026-05-21 09:52:08;0.476
2026-05-21 09:52:18;0.472
2026-05-21 09:52:34;0.468
2026-05-21 09:52:49;0.466
2026-05-21 09:53:03;0.47
2026-05-21 09:53:18;0.476
2026-05-21 09:53:33;0.482
2026-05-21 09:53:48;0.488
2026-05-21 09:54:03;0.488
2026-05-21 09:54:18;0.488
2026-05-21 09:54:42;0.495
2026-05-21 09:54:48;0.509
2026-05-21 09:55:03;0.528
2026-05-21 09:55:18;0.537
2026-05-21 09:55:33;0.551
2026-05-21 09:55:52;0.583
2026-05-21 09:56:03;0.632
2026-05-21 09:56:19;0.665
2026-05-21 09:56:33;0.678
2026-05-21 09:56:48;0.699
2026-05-21 09:57:03;0.74
2026-05-21 09:57:18;0.775
2026-05-21 09:57:36;0.788
2026-05-21 09:57:48;0.817
2026-05-21 09:58:03;0.882
2026-05-21 09:58:18;0.936
2026-05-21 09:58:33;0.948
2026-05-21 09:58:48;0.949
2026-05-21 09:59:03;1.038
2026-05-21 09:59:19;1.058
2026-05-21 09:59:35;1.105
2026-05-21 09:59:49;1.145
2026-05-21 10:00:04;1.166
2026-05-21 10:00:19;1.202
2026-05-21 10:00:33;1.166
2026-05-21 10:00:49;1.222
2026-05-21 10:01:03;1.334
2026-05-21 10:01:19;1.422
2026-05-21 10:01:34;1.439
2026-05-21 10:01:51;1.431
2026-05-21 10:02:04;1.412
2026-05-21 10:02:19;1.381
2026-05-21 10:02:34;1.457
2026-05-21 10:02:50;1.468
2026-05-21 10:03:05;1.525
2026-05-21 10:03:21;1.579
2026-05-21 10:03:35;1.602
2026-05-21 10:03:51;1.56
2026-05-21 10:04:06;1.511
2026-05-21 10:04:22;1.333
2026-05-21 10:04:37;1.165
2026-05-21 10:04:53;1.255
2026-05-21 10:05:07;1.349
2026-05-21 10:05:23;1.555
2026-05-21 10:05:38;1.589
2026-05-21 10:05:53;1.618
2026-05-21 10:06:09;1.679
2026-05-21 10:06:24;1.705
2026-05-21 10:06:39;1.77
2026-05-21 10:07:01;1.793
2026-05-21 10:07:10;1.802
2026-05-21 10:07:25;1.827
2026-05-21 10:07:55;1.888
2026-05-21 10:08:11;1.906
2026-05-21 10:08:26;1.898
2026-05-21 10:08:41;1.951
2026-05-21 10:08:57;1.971
2026-05-21 10:09:12;1.993
2026-05-21 10:09:27;1.988
2026-05-21 10:09:45;1.989
2026-05-21 10:09:57;1.969
2026-05-21 10:10:13;1.96
2026-05-21 10:10:28;1.971
2026-05-21 10:10:44;1.998
2026-05-21 10:10:59;1.999
2026-05-21 10:11:15;1.988
2026-05-21 10:11:32;0.0
2026-05-21 10:12:00;1.564
2026-05-21 10:12:16;1.786
2026-05-21 10:12:30;1.786
2026-05-21 10:12:46;1.8
2026-05-21 10:13:01;1.538
2026-05-21 10:13:16;1.817
2026-05-21 10:13:31;1.727
2026-05-21 10:13:47;1.772
2026-05-21 10:14:02;1.709
2026-05-21 10:14:18;1.626
2026-05-21 10:14:33;1.819
2026-05-21 10:14:48;1.865
2026-05-21 10:15:04;1.767
2026-05-21 10:15:19;1.779
2026-05-21 10:15:34;1.778
2026-05-21 10:15:49;1.848
2026-05-21 10:16:04;2.024
2026-05-21 10:16:20;2.087
2026-05-21 10:16:35;0.773
2026-05-21 10:16:50;2.088
2026-05-21 10:17:06;2.101
2026-05-21 10:17:21;2.109
2026-05-21 10:17:36;2.106
2026-05-21 10:17:51;2.105
2026-05-21 10:18:06;2.102
2026-05-21 10:18:22;2.074
2026-05-21 10:18:37;2.033
2026-05-21 10:18:52;1.994
2026-05-21 10:19:07;2.034
2026-05-21 10:19:23;2.093
2026-05-21 10:19:38;2.048
2026-05-21 10:19:54;2.027
2026-05-21 10:20:09;1.999
2026-05-21 10:20:24;2.033
2026-05-21 10:20:39;2.075
2026-05-21 10:20:55;2.052
2026-05-21 10:21:10;1.977
2026-05-21 10:21:25;1.99
2026-05-21 10:21:40;2.059
2026-05-21 10:21:56;1.994
2026-05-21 10:22:13;1.954
2026-05-21 10:22:26;2.033
2026-05-21 10:22:41;2.064
2026-05-21 10:22:57;2.057
2026-05-21 10:23:12;2.052
2026-05-21 10:23:27;2.048
2026-05-21 10:23:42;2.033
2026-05-21 10:23:58;2.036
2026-05-21 10:24:13;2.021
2026-05-21 10:24:28;1.999
2026-05-21 10:24:43;1.96
2026-05-21 10:24:59;1.918
2026-05-21 10:25:14;1.869
2026-05-21 10:25:29;1.872
2026-05-21 10:25:44;1.843
2026-05-21 10:26:00;1.339
2026-05-21 10:26:15;1.693
2026-05-21 10:26:30;1.684
2026-05-21 10:26:45;1.673
2026-05-21 10:27:01;1.637
2026-05-21 10:27:16;1.622
2026-05-21 10:27:31;1.595
2026-05-21 10:27:46;1.51
2026-05-21 10:28:02;1.513
2026-05-21 10:28:17;1.57
2026-05-21 10:28:32;1.563
2026-05-21 10:28:47;1.596
2026-05-21 10:29:03;1.621
2026-05-21 10:29:18;1.616
2026-05-21 10:29:33;1.306
2026-05-21 10:29:49;1.346
2026-05-21 10:30:04;0.462
2026-05-21 10:30:19;1.522
2026-05-21 10:30:35;1.496
2026-05-21 10:30:50;1.497
2026-05-21 10:31:05;1.307
2026-05-21 10:31:20;0.826
2026-05-21 10:31:35;0.953
2026-05-21 10:31:50;1.217
2026-05-21 10:32:06;1.201
2026-05-21 10:32:21;1.127
2026-05-21 10:32:37;0.988
2026-05-21 10:32:51;0.701
2026-05-21 10:33:07;0.633
2026-05-21 10:33:22;0.593
2026-05-21 10:33:38;0.571
2026-05-21 10:33:53;0.558
2026-05-21 10:34:08;0.553
2026-05-21 10:34:23;0.569
2026-05-21 10:34:39;0.688
2026-05-21 10:34:54;0.788
2026-05-21 10:35:09;0.862
2026-05-21 10:35:24;0.896
2026-05-21 10:35:40;0.886
2026-05-21 10:35:55;0.865
2026-05-21 10:36:11;0.843
2026-05-21 10:36:26;0.796
2026-05-21 10:36:41;0.704
2026-05-21 10:36:56;0.704
2026-05-21 10:37:12;0.712
2026-05-21 10:37:27;0.649
2026-05-21 10:37:42;0.642
2026-05-21 10:37:57;0.649
2026-05-21 10:38:13;0.649
2026-05-21 10:38:28;0.637
2026-05-21 10:38:43;0.639
2026-05-21 10:38:58;0.606
2026-05-21 10:39:19;0.61
2026-05-21 10:39:29;0.614
2026-05-21 10:39:45;0.599
2026-05-21 10:40:12;0.558
2026-05-21 10:40:15;0.453
2026-05-21 10:40:30;0.389
2026-05-21 10:40:47;0.376
2026-05-21 10:41:01;0.362
2026-05-21 10:41:28;0.343
2026-05-21 10:41:56;0.305
2026-05-21 10:42:21;0.293
2026-05-21 10:42:29;0.283
2026-05-21 10:42:42;0.282
2026-05-21 10:43:00;0.276
2026-05-21 10:43:10;0.275
2026-05-21 10:43:26;0.275
2026-05-21 10:43:41;0.277
2026-05-21 10:43:56;0.28
2026-05-21 10:44:12;0.284
2026-05-21 10:44:26;0.287
2026-05-21 10:44:42;0.291
2026-05-21 10:44:57;0.296
2026-05-21 10:45:13;0.301
2026-05-21 10:45:28;0.305
2026-05-21 10:45:43;0.308
2026-05-21 10:45:59;0.313
2026-05-21 10:46:14;0.318
2026-05-21 10:46:29;0.322
2026-05-21 10:46:44;0.326
2026-05-21 10:46:59;0.328
2026-05-21 10:47:13;0.33
2026-05-21 10:47:28;0.332
2026-05-21 10:47:43;0.335
2026-05-21 10:48:00;0.338
2026-05-21 10:48:14;0.341
2026-05-21 10:48:29;0.348
2026-05-21 10:48:43;0.355
2026-05-21 10:48:59;0.366
2026-05-21 10:49:22;0.381
2026-05-21 10:49:36;0.401
2026-05-21 10:49:47;0.425
2026-05-21 10:50:07;0.0
2026-05-21 10:50:27;0.448
2026-05-21 10:50:38;0.437
2026-05-21 10:50:53;0.408
2026-05-21 10:51:07;0.376
2026-05-21 10:51:22;0.352
2026-05-21 10:51:39;0.345
2026-05-21 10:51:52;0.344
2026-05-21 10:52:08;0.338
2026-05-21 10:52:22;0.336
2026-05-21 10:52:37;0.342
2026-05-21 10:52:56;0.354
2026-05-21 10:53:08;0.347
2026-05-21 10:53:23;0.308
2026-05-21 10:53:38;0.297
2026-05-21 10:53:53;0.299
2026-05-21 10:54:07;0.294
2026-05-21 10:54:22;0.29
2026-05-21 10:54:38;0.288
2026-05-21 10:54:53;0.286
2026-05-21 10:55:08;0.286
2026-05-21 10:55:23;0.285
2026-05-21 10:55:37;0.284
2026-05-21 10:55:53;0.283
2026-05-21 10:56:08;0.282
2026-05-21 10:56:23;0.281
2026-05-21 10:56:38;0.283
2026-05-21 10:56:53;0.284
2026-05-21 10:57:08;0.287
2026-05-21 10:57:23;0.292
2026-05-21 10:57:40;0.301
2026-05-21 10:57:53;0.308
2026-05-21 10:58:08;0.317
2026-05-21 10:58:23;0.329
2026-05-21 10:58:38;0.355
2026-05-21 10:58:55;0.386
2026-05-21 10:59:08;0.395
2026-05-21 10:59:23;0.394
2026-05-21 10:59:42;0.407
2026-05-21 10:59:53;0.409
2026-05-21 11:00:30;0.499
2026-05-21 11:00:44;0.472
2026-05-21 11:01:00;0.404
2026-05-21 11:01:15;0.41
2026-05-21 11:01:30;0.431
2026-05-21 11:01:45;0.47
2026-05-21 11:02:00;0.492
2026-05-21 11:02:15;0.64
2026-05-21 11:02:30;0.571
2026-05-21 11:02:45;0.654
2026-05-21 11:03:01;0.607
2026-05-21 11:03:15;0.605
2026-05-21 11:03:30;0.617
2026-05-21 11:04:01;0.648
2026-05-21 11:04:16;0.683
2026-05-21 11:04:31;0.725
2026-05-21 11:04:46;0.794
2026-05-21 11:05:01;0.901
2026-05-21 11:05:16;1.037
2026-05-21 11:05:31;1.16
2026-05-21 11:05:47;1.25
2026-05-21 11:06:01;1.328
2026-05-21 11:06:16;1.424
2026-05-21 11:06:31;1.495
2026-05-21 11:06:46;1.465
2026-05-21 11:07:01;1.402
2026-05-21 11:07:16;1.381
2026-05-21 11:07:31;1.356
2026-05-21 11:07:46;1.334
2026-05-21 11:08:01;1.287
2026-05-21 11:08:16;1.242
2026-05-21 11:08:31;1.277
2026-05-21 11:08:47;1.327
2026-05-21 11:09:02;1.382
2026-05-21 11:09:18;1.507
2026-05-21 11:09:32;1.575
2026-05-21 11:09:48;1.602
2026-05-21 11:10:03;1.582
2026-05-21 11:10:18;1.424
2026-05-21 11:10:33;1.358
2026-05-21 11:10:49;1.329
2026-05-21 11:11:04;1.364
2026-05-21 11:11:20;1.358
2026-05-21 11:11:35;1.299
2026-05-21 11:11:50;1.275
2026-05-21 11:12:05;1.259
2026-05-21 11:12:21;1.247
2026-05-21 11:12:43;1.274
2026-05-21 11:12:51;1.332
2026-05-21 11:13:10;1.303
2026-05-21 11:13:25;0.001
2026-05-21 11:13:57;1.364
2026-05-21 11:14:08;1.387
2026-05-21 11:14:23;1.407
2026-05-21 11:14:41;1.394
2026-05-21 11:14:54;1.397
2026-05-21 11:15:09;1.416
2026-05-21 11:15:24;1.362
2026-05-21 11:15:40;1.406
2026-05-21 11:15:55;1.412
2026-05-21 11:16:11;1.417
2026-05-21 11:16:26;1.428
2026-05-21 11:16:41;1.42
2026-05-21 11:16:56;1.335
2026-05-21 11:17:12;1.434
2026-05-21 11:17:27;1.459
2026-05-21 11:17:42;1.429
2026-05-21 11:17:57;1.463
2026-05-21 11:18:13;1.465
2026-05-21 11:18:28;1.474
2026-05-21 11:18:43;1.61
2026-05-21 11:18:58;1.626
2026-05-21 11:19:14;1.479
2026-05-21 11:19:29;1.571
2026-05-21 11:19:44;1.744
2026-05-21 11:19:59;1.577
2026-05-21 11:20:15;1.325
2026-05-21 11:20:30;1.575
2026-05-21 11:20:45;1.617
2026-05-21 11:21:00;0.502
2026-05-21 11:21:16;0.871
2026-05-21 11:21:31;1.654
2026-05-21 11:21:46;1.714
2026-05-21 11:22:01;1.652
2026-05-21 11:22:17;1.674
2026-05-21 11:22:33;1.712
2026-05-21 11:22:48;1.723
2026-05-21 11:23:04;1.351
2026-05-21 11:23:19;1.832
2026-05-21 11:23:35;1.344
2026-05-21 11:23:51;0.459
2026-05-21 11:24:06;1.632
2026-05-21 11:24:22;1.813
2026-05-21 11:24:37;1.74
2026-05-21 11:24:53;1.825
2026-05-21 11:25:08;0.0
2026-05-21 11:25:25;0.641
2026-05-21 11:25:40;0.594
2026-05-21 11:25:56;0.535
2026-05-21 11:26:11;0.0
2026-05-21 11:26:29;0.94
2026-05-21 11:27:31;0.925
2026-05-21 11:27:46;1.675
2026-05-21 11:28:03;0.422
2026-05-21 11:28:20;0.697
2026-05-21 11:28:33;1.661
2026-05-21 11:28:49;1.896
2026-05-21 11:29:05;1.913
2026-05-21 11:29:20;1.898
2026-05-21 11:29:36;1.906
2026-05-21 11:29:51;1.919
2026-05-21 11:30:08;1.916
2026-05-21 11:30:23;1.926
2026-05-21 11:30:38;1.928
2026-05-21 11:30:54;1.934
2026-05-21 11:31:11;1.924
2026-05-21 11:31:25;1.924
2026-05-21 11:31:40;1.918
2026-05-21 11:31:56;1.913
2026-05-21 11:32:12;1.909
2026-05-21 11:32:27;1.858
2026-05-21 11:32:43;1.882
2026-05-21 11:33:13;1.908
2026-05-21 11:33:29;1.862
2026-05-21 11:33:45;1.727
2026-05-21 11:34:00;1.133
2026-05-21 11:34:16;1.024
2026-05-21 11:34:31;1.096
2026-05-21 11:34:47;0.752
2026-05-21 11:35:02;0.892
2026-05-21 11:35:18;1.554
2026-05-21 11:35:33;1.558
2026-05-21 11:35:49;1.9
2026-05-21 11:36:04;1.922
2026-05-21 11:36:20;1.957
2026-05-21 11:36:36;1.977
2026-05-21 11:36:51;1.97
2026-05-21 11:37:07;1.974
2026-05-21 11:37:22;1.935
2026-05-21 11:37:38;1.943
2026-05-21 11:37:54;1.837
2026-05-21 11:38:09;1.829
2026-05-21 11:38:25;1.824
2026-05-21 11:38:40;1.83
2026-05-21 11:38:56;1.727
2026-05-21 11:39:11;0.676
2026-05-21 11:39:27;0.684
2026-05-21 11:39:43;0.81
2026-05-21 11:39:58;1.486
2026-05-21 11:40:13;1.861
2026-05-21 11:40:28;1.768
2026-05-21 11:40:44;1.576
2026-05-21 11:40:59;0.607
2026-05-21 11:41:14;0.566
2026-05-21 11:41:29;0.553
2026-05-21 11:41:45;0.552
2026-05-21 11:42:00;0.556
2026-05-21 11:42:15;0.575
2026-05-21 11:42:31;0.622
2026-05-21 11:42:46;1.23
2026-05-21 11:43:01;0.915
2026-05-21 11:43:16;0.721
2026-05-21 11:43:31;0.884
2026-05-21 11:43:47;0.747
2026-05-21 11:44:02;0.758
2026-05-21 11:44:17;0.746
2026-05-21 11:44:32;0.738
2026-05-21 11:44:48;0.753
2026-05-21 11:45:03;0.766
2026-05-21 11:45:18;0.801
2026-05-21 11:45:33;0.769
2026-05-21 11:45:49;0.775
2026-05-21 11:46:04;0.775
2026-05-21 11:46:20;0.773
2026-05-21 11:46:35;0.768
2026-05-21 11:46:50;0.768
2026-05-21 11:47:05;0.787
2026-05-21 11:47:21;0.793
2026-05-21 11:47:36;0.783
2026-05-21 11:47:52;0.794
2026-05-21 11:48:06;1.087
2026-05-21 11:48:22;1.102
2026-05-21 11:48:37;0.84
2026-05-21 11:48:53;0.785
2026-05-21 11:49:08;0.767
2026-05-21 11:49:23;0.758
2026-05-21 11:49:38;0.75
2026-05-21 11:49:54;0.755
2026-05-21 11:50:09;0.79
2026-05-21 11:50:24;0.771
2026-05-21 11:50:39;1.098
2026-05-21 11:50:55;0.971
2026-05-21 11:51:10;0.853
2026-05-21 11:51:26;1.0
2026-05-21 11:51:41;1.309
2026-05-21 11:51:56;0.721
2026-05-21 11:52:11;0.697
2026-05-21 11:52:27;0.673
2026-05-21 11:52:42;0.654
2026-05-21 11:52:58;0.642
2026-05-21 11:53:12;0.626
2026-05-21 11:53:28;0.619
2026-05-21 11:53:43;0.612
2026-05-21 11:53:59;0.604
2026-05-21 11:54:14;0.603
2026-05-21 11:54:29;0.6
2026-05-21 11:54:44;0.6
2026-05-21 11:55:00;0.617
2026-05-21 11:55:15;0.642
2026-05-21 11:55:30;0.646
2026-05-21 11:55:45;0.645
2026-05-21 11:56:01;0.648
2026-05-21 11:56:16;0.662
2026-05-21 11:56:32;0.687
2026-05-21 11:56:47;0.737
2026-05-21 11:57:02;1.05
2026-05-21 11:57:17;1.038
2026-05-21 11:57:33;0.813
2026-05-21 11:57:48;0.76
2026-05-21 11:58:04;0.722
2026-05-21 11:58:19;0.7
2026-05-21 11:58:34;0.686
2026-05-21 11:58:49;0.68
2026-05-21 11:59:05;0.697
2026-05-21 11:59:20;0.676
2026-05-21 11:59:36;0.663
2026-05-21 11:59:51;0.641
2026-05-21 12:00:06;0.629
2026-05-21 12:00:21;0.62
2026-05-21 12:00:37;0.615
2026-05-21 12:00:52;0.614
2026-05-21 12:01:08;0.613
2026-05-21 12:01:23;0.632
2026-05-21 12:01:38;0.63
2026-05-21 12:01:53;0.645
2026-05-21 12:02:09;0.668
2026-05-21 12:02:24;0.702
2026-05-21 12:02:40;0.87
2026-05-21 12:02:55;1.032
2026-05-21 12:03:10;1.113
2026-05-21 12:03:25;1.319
2026-05-21 12:03:41;1.525
2026-05-21 12:03:56;1.449
2026-05-21 12:04:12;1.288
2026-05-21 12:04:26;1.113
2026-05-21 12:04:42;1.266
2026-05-21 12:04:57;1.465
2026-05-21 12:05:13;1.32
2026-05-21 12:05:28;1.542
2026-05-21 12:05:43;1.883
2026-05-21 12:05:58;0.0
2026-05-21 12:06:14;0.0
2026-05-21 12:06:29;1.509
2026-05-21 12:06:45;0.961
2026-05-21 12:07:00;0.932
2026-05-21 12:07:15;1.121
2026-05-21 12:07:30;1.11
2026-05-21 12:07:46;0.94
2026-05-21 12:08:01;0.841
2026-05-21 12:08:16;0.804
2026-05-21 12:08:31;0.799
2026-05-21 12:08:47;0.791
2026-05-21 12:09:02;0.758
2026-05-21 12:09:18;0.728
2026-05-21 12:09:33;0.701
2026-05-21 12:09:48;0.68
2026-05-21 12:10:03;0.654
2026-05-21 12:10:19;0.627
2026-05-21 12:10:36;0.606
2026-05-21 12:10:49;0.586
2026-05-21 12:11:04;0.565
2026-05-21 12:11:20;0.544
2026-05-21 12:11:35;0.525
2026-05-21 12:12:06;0.499
2026-05-21 12:12:21;0.49
2026-05-21 12:12:38;0.485
2026-05-21 12:12:52;0.485
2026-05-21 12:13:07;0.486
2026-05-21 12:13:23;0.489
2026-05-21 12:13:38;0.5
2026-05-21 12:13:53;0.509
2026-05-21 12:14:09;0.551
2026-05-21 12:14:24;0.548
2026-05-21 12:14:39;0.772
2026-05-21 12:14:54;1.038
2026-05-21 12:15:10;1.165
2026-05-21 12:15:31;0.633
2026-05-21 12:15:41;0.512
2026-05-21 12:15:56;0.506
2026-05-21 12:16:11;0.499
2026-05-21 12:16:26;0.484
2026-05-21 12:16:42;0.468
2026-05-21 12:16:57;0.456
2026-05-21 12:17:26;0.451
2026-05-21 12:17:28;0.453
2026-05-21 12:18:25;0.489
2026-05-21 12:18:41;0.499
2026-05-21 12:18:56;0.508
2026-05-21 12:19:11;0.514
2026-05-21 12:19:27;0.519
2026-05-21 12:19:42;0.53
2026-05-21 12:19:57;0.55
2026-05-21 12:20:13;0.568
2026-05-21 12:20:28;0.586
2026-05-21 12:20:43;0.597
2026-05-21 12:20:58;0.608
2026-05-21 12:21:14;0.619
2026-05-21 12:21:29;0.6
2026-05-21 12:21:45;0.592
2026-05-21 12:22:00;0.584
2026-05-21 12:22:15;0.576
2026-05-21 12:22:30;0.568
2026-05-21 12:22:46;0.56
2026-05-21 12:23:01;0.553
2026-05-21 12:23:17;0.545
2026-05-21 12:23:32;0.539
2026-05-21 12:23:47;0.532
2026-05-21 12:24:02;0.529
2026-05-21 12:24:18;0.529
2026-05-21 12:24:33;0.53
2026-05-21 12:24:49;0.532
2026-05-21 12:25:04;0.535
2026-05-21 12:25:19;0.532
2026-05-21 12:25:34;0.504
2026-05-21 12:25:49;0.489
2026-05-21 12:26:04;0.481
2026-05-21 12:26:19;0.47
2026-05-21 12:26:34;0.459
2026-05-21 12:26:50;0.45
2026-05-21 12:27:04;0.443
2026-05-21 12:27:19;0.437
2026-05-21 12:27:34;0.432
2026-05-21 12:27:49;0.428
2026-05-21 12:28:04;0.428
2026-05-21 12:28:19;0.433
2026-05-21 12:28:35;0.448
2026-05-21 12:28:49;0.472
2026-05-21 12:29:04;0.496
2026-05-21 12:29:19;0.535
2026-05-21 12:29:34;0.55
2026-05-21 12:29:49;0.565
2026-05-21 12:30:04;0.629
2026-05-21 12:30:19;0.681
2026-05-21 12:30:34;0.587
2026-05-21 12:30:49;0.594
2026-05-21 12:31:04;0.602
2026-05-21 12:31:19;0.71
2026-05-21 12:31:34;0.623
2026-05-21 12:31:49;0.563
2026-05-21 12:32:04;0.547
2026-05-21 12:32:19;0.539
2026-05-21 12:32:34;0.533
2026-05-21 12:32:49;0.527
2026-05-21 12:33:04;0.526
2026-05-21 12:33:19;0.53
2026-05-21 12:33:35;0.535
2026-05-21 12:33:49;0.539
2026-05-21 12:34:04;0.539
2026-05-21 12:34:20;0.536
2026-05-21 12:34:35;0.533
2026-05-21 12:34:49;0.529
2026-05-21 12:35:05;0.526
2026-05-21 12:35:20;0.526
2026-05-21 12:35:34;0.529
2026-05-21 12:35:50;0.534
2026-05-21 12:36:10;0.541
2026-05-21 12:37:06;0.593
2026-05-21 12:37:24;0.618
2026-05-21 12:37:36;0.631
2026-05-21 12:37:51;0.636
2026-05-21 12:38:06;0.67
2026-05-21 12:38:21;0.655
2026-05-21 12:38:36;0.659
2026-05-21 12:38:51;0.673
2026-05-21 12:39:06;0.672
2026-05-21 12:39:21;0.676
2026-05-21 12:39:36;0.662
2026-05-21 12:39:51;0.648
2026-05-21 12:40:06;0.636
2026-05-21 12:40:21;0.628
2026-05-21 12:40:36;0.617
2026-05-21 12:40:51;0.606
2026-05-21 12:41:06;0.591
2026-05-21 12:41:21;0.576
2026-05-21 12:41:36;0.56
2026-05-21 12:41:51;0.547
2026-05-21 12:42:06;0.538
2026-05-21 12:42:21;0.531
2026-05-21 12:42:36;0.528
2026-05-21 12:42:51;0.526
2026-05-21 12:43:06;0.526
2026-05-21 12:43:21;0.525
2026-05-21 12:43:36;0.525
2026-05-21 12:43:51;0.524
2026-05-21 12:44:06;0.522
2026-05-21 12:44:21;0.521
2026-05-21 12:44:36;0.521
2026-05-21 12:44:51;0.522
2026-05-21 12:45:06;0.524
2026-05-21 12:45:21;0.528
2026-05-21 12:45:36;0.531
2026-05-21 12:45:51;0.534
2026-05-21 12:46:06;0.538
2026-05-21 12:46:21;0.549
2026-05-21 12:46:36;0.565
2026-05-21 12:46:51;0.581
2026-05-21 12:47:06;0.61
2026-05-21 12:47:21;0.65
2026-05-21 12:47:36;0.827
2026-05-21 12:47:51;0.826
2026-05-21 12:48:06;1.418
2026-05-21 12:48:21;1.455
2026-05-21 12:48:36;1.172
2026-05-21 12:48:51;0.069
2026-05-21 12:49:06;1.561
2026-05-21 12:49:22;1.712
2026-05-21 12:49:37;1.754
2026-05-21 12:49:52;1.735
2026-05-21 12:50:08;1.73
2026-05-21 12:50:23;1.644
2026-05-21 12:50:38;1.55
2026-05-21 12:50:54;0.822
2026-05-21 12:51:09;0.0
2026-05-21 12:51:24;1.64
2026-05-21 12:51:39;0.0
2026-05-21 12:51:55;1.416
2026-05-21 12:52:10;1.602
2026-05-21 12:52:26;1.489
2026-05-21 12:52:41;0.067
2026-05-21 12:52:56;0.979
2026-05-21 12:53:11;1.399
2026-05-21 12:53:27;0.0
2026-05-21 12:53:42;1.427
2026-05-21 12:53:57;1.424
2026-05-21 12:54:12;1.432
2026-05-21 12:54:28;1.433
2026-05-21 12:54:57;1.418
2026-05-21 12:54:59;1.408
2026-05-21 12:55:15;1.416
2026-05-21 12:55:31;1.401
2026-05-21 12:55:44;1.345
2026-05-21 12:56:00;1.293
2026-05-21 12:56:15;1.285
2026-05-21 12:56:30;1.277
2026-05-21 12:56:45;1.258
2026-05-21 12:57:01;1.2
2026-05-21 12:57:16;1.192
2026-05-21 12:57:32;1.201
2026-05-21 12:57:47;1.183
2026-05-21 12:58:02;1.183
2026-05-21 12:58:17;1.153
2026-05-21 12:58:33;1.128
2026-05-21 12:58:48;1.143
2026-05-21 12:59:03;1.164
2026-05-21 12:59:18;1.171
2026-05-21 12:59:34;1.178
2026-05-21 12:59:49;1.203
2026-05-21 13:00:05;1.214
2026-05-21 13:00:20;1.227
2026-05-21 13:00:35;1.231
2026-05-21 13:00:50;1.249
2026-05-21 13:01:06;1.244
2026-05-21 13:01:21;1.237
2026-05-21 13:01:36;1.226
2026-05-21 13:01:51;1.223
2026-05-21 13:02:07;1.231
2026-05-21 13:02:22;1.244
2026-05-21 13:02:38;1.231
2026-05-21 13:02:53;1.215
2026-05-21 13:03:08;1.221
2026-05-21 13:03:23;1.226
2026-05-21 13:03:39;1.222
2026-05-21 13:03:54;1.214
2026-05-21 13:04:09;1.199
2026-05-21 13:04:24;1.191
2026-05-21 13:04:40;1.197
2026-05-21 13:04:55;1.233
2026-05-21 13:05:11;1.25
2026-05-21 13:05:26;1.263
2026-05-21 13:05:41;1.239
2026-05-21 13:05:56;1.203
2026-05-21 13:06:12;1.169
2026-05-21 13:06:27;1.169
2026-05-21 13:06:42;1.182
2026-05-21 13:06:58;1.197
2026-05-21 13:07:13;1.21
2026-05-21 13:07:29;1.212
2026-05-21 13:07:44;1.214
2026-05-21 13:07:59;1.198
2026-05-21 13:08:15;1.18
2026-05-21 13:08:30;1.16
2026-05-21 13:08:45;1.15
2026-05-21 13:09:00;1.148
2026-05-21 13:09:15;0.894
2026-05-21 13:09:31;0.609
2026-05-21 13:09:46;0.592
2026-05-21 13:10:02;0.586
2026-05-21 13:10:17;0.584
2026-05-21 13:10:32;0.587
2026-05-21 13:10:47;0.593
2026-05-21 13:11:03;0.604
2026-05-21 13:11:18;0.698
2026-05-21 13:11:33;0.888
2026-05-21 13:11:48;0.993
2026-05-21 13:12:04;0.998
2026-05-21 13:12:19;1.07
2026-05-21 13:12:35;1.111
2026-05-21 13:12:50;1.131
2026-05-21 13:13:05;1.15
2026-05-21 13:13:20;1.155
2026-05-21 13:13:36;1.155
2026-05-21 13:13:51;1.143
2026-05-21 13:14:06;1.14
2026-05-21 13:14:21;1.136
2026-05-21 13:14:37;1.14
2026-05-21 13:14:52;1.148
2026-05-21 13:15:08;1.131
2026-05-21 13:15:23;1.11
2026-05-21 13:15:38;1.104
2026-05-21 13:15:53;1.094
2026-05-21 13:16:09;1.083
2026-05-21 13:16:24;1.099
2026-05-21 13:16:39;1.105
2026-05-21 13:16:54;1.063
2026-05-21 13:17:10;1.056
2026-05-21 13:17:25;1.044
2026-05-21 13:17:41;1.025
2026-05-21 13:17:56;1.009
2026-05-21 13:18:11;0.987
2026-05-21 13:18:26;0.961
2026-05-21 13:18:42;0.926
2026-05-21 13:18:57;0.899
2026-05-21 13:19:12;0.889
2026-05-21 13:19:27;0.868
2026-05-21 13:19:43;0.878
2026-05-21 13:19:58;0.865
2026-05-21 13:20:14;0.846
2026-05-21 13:20:29;0.8
2026-05-21 13:20:44;0.795
2026-05-21 13:20:59;0.812
2026-05-21 13:21:15;0.808
2026-05-21 13:21:30;0.783
2026-05-21 13:21:45;0.774
2026-05-21 13:22:01;0.766
2026-05-21 13:22:16;0.748
2026-05-21 13:22:31;0.734
2026-05-21 13:22:47;0.701
2026-05-21 13:23:02;0.686
2026-05-21 13:23:17;0.632
2026-05-21 13:23:32;0.604
2026-05-21 13:23:48;0.611
2026-05-21 13:24:03;0.661
2026-05-21 13:24:26;0.759
2026-05-21 13:24:34;0.82
2026-05-21 13:24:49;0.853
2026-05-21 13:25:04;0.877
2026-05-21 13:25:20;0.897
2026-05-21 13:25:37;0.911
2026-05-21 13:25:50;0.901
2026-05-21 13:26:05;0.845
2026-05-21 13:26:21;0.877
2026-05-21 13:26:36;0.947
2026-05-21 13:26:52;0.979
2026-05-21 13:27:12;0.994
2026-05-21 13:27:22;1.003
2026-05-21 13:27:37;0.997
2026-05-21 13:27:53;0.996
2026-05-21 13:28:08;0.991
2026-05-21 13:28:23;0.998
2026-05-21 13:28:38;0.995
2026-05-21 13:28:54;0.979
2026-05-21 13:29:09;0.953
2026-05-21 13:29:25;0.793
2026-05-21 13:29:40;0.611
2026-05-21 13:29:55;0.599
2026-05-21 13:30:10;0.599
2026-05-21 13:30:26;0.614
2026-05-21 13:30:41;0.649
2026-05-21 13:30:56;0.625
2026-05-21 13:31:11;0.744
2026-05-21 13:31:27;0.84
2026-05-21 13:31:42;0.977
2026-05-21 13:31:58;1.046
2026-05-21 13:32:13;1.081
2026-05-21 13:32:28;1.073
2026-05-21 13:32:43;0.843
2026-05-21 13:32:59;1.001
2026-05-21 13:33:14;1.006
2026-05-21 13:33:29;0.169
2026-05-21 13:33:44;1.181
2026-05-21 13:34:00;0.0
2026-05-21 13:34:15;1.173
2026-05-21 13:34:31;1.085
2026-05-21 13:34:46;0.9
2026-05-21 13:35:01;0.836
2026-05-21 13:35:17;0.579
2026-05-21 13:35:32;0.54
2026-05-21 13:35:47;0.425
2026-05-21 13:36:03;0.385
2026-05-21 13:36:17;0.361
2026-05-21 13:36:33;0.347
2026-05-21 13:36:48;0.346
2026-05-21 13:37:04;0.332
2026-05-21 13:37:19;0.322
2026-05-21 13:37:34;0.317
2026-05-21 13:37:49;0.308
2026-05-21 13:38:05;0.301
2026-05-21 13:38:20;0.299
2026-05-21 13:38:36;0.297
2026-05-21 13:38:51;0.295
2026-05-21 13:39:06;0.293
2026-05-21 13:39:22;0.292
2026-05-21 13:39:37;0.291
2026-05-21 13:39:52;0.289
2026-05-21 13:40:08;0.287
2026-05-21 13:40:23;0.285
2026-05-21 13:40:38;0.283
2026-05-21 13:40:53;0.281
2026-05-21 13:41:09;0.279
2026-05-21 13:41:24;0.276
2026-05-21 13:41:40;0.274
2026-05-21 13:41:55;0.272
2026-05-21 13:42:10;0.27
2026-05-21 13:42:26;0.268
2026-05-21 13:42:41;0.267
2026-05-21 13:42:56;0.265
2026-05-21 13:43:11;0.264
2026-05-21 13:43:26;0.263
2026-05-21 13:43:41;0.262
2026-05-21 13:43:56;0.261
2026-05-21 13:44:11;0.26
2026-05-21 13:44:26;0.259
2026-05-21 13:44:41;0.259
2026-05-21 13:44:56;0.258
2026-05-21 13:45:11;0.258
2026-05-21 13:45:26;0.258
2026-05-21 13:45:42;0.258
2026-05-21 13:45:56;0.258
2026-05-21 13:46:11;0.258
2026-05-21 13:46:26;0.259
2026-05-21 13:46:41;0.259
2026-05-21 13:46:56;0.259
2026-05-21 13:47:11;0.259
2026-05-21 13:47:26;0.259
2026-05-21 13:47:41;0.26
2026-05-21 13:47:56;0.261
2026-05-21 13:48:11;0.261
2026-05-21 13:48:26;0.262
2026-05-21 13:48:41;0.263
2026-05-21 13:48:56;0.264
2026-05-21 13:49:11;0.265
2026-05-21 13:49:26;0.266
2026-05-21 13:49:41;0.267
2026-05-21 13:49:56;0.269
2026-05-21 13:50:11;0.27
2026-05-21 13:50:28;0.271
2026-05-21 13:50:41;0.273
2026-05-21 13:50:56;0.274
2026-05-21 13:51:11;0.276
2026-05-21 13:51:26;0.277
2026-05-21 13:51:41;0.278
2026-05-21 13:51:56;0.28
2026-05-21 13:52:11;0.281
2026-05-21 13:52:26;0.282
2026-05-21 13:52:41;0.284
2026-05-21 13:52:56;0.285
2026-05-21 13:53:11;0.287
2026-05-21 13:53:26;0.288
2026-05-21 13:53:41;0.29
2026-05-21 13:53:56;0.29
2026-05-21 13:54:11;0.292
2026-05-21 13:54:26;0.293
2026-05-21 13:54:42;0.295
2026-05-21 13:54:56;0.296
2026-05-21 13:55:11;0.297
2026-05-21 13:55:27;0.299
2026-05-21 13:55:41;0.3
2026-05-21 13:55:56;0.301
2026-05-21 13:56:12;0.302
2026-05-21 13:56:26;0.303
2026-05-21 13:56:41;0.303
2026-05-21 13:56:56;0.304
2026-05-21 13:57:11;0.305
2026-05-21 13:57:27;0.306
2026-05-21 13:57:42;0.307
2026-05-21 13:57:57;0.307
2026-05-21 13:58:12;0.308
2026-05-21 13:58:27;0.309
2026-05-21 13:58:42;0.309
2026-05-21 13:58:57;0.309
2026-05-21 13:59:12;0.31
2026-05-21 13:59:27;0.31
2026-05-21 13:59:42;0.311
2026-05-21 13:59:57;0.311
2026-05-21 14:00:12;0.312
2026-05-21 14:00:27;0.312
2026-05-21 14:00:42;0.312
2026-05-21 14:00:57;0.313
2026-05-21 14:01:19;0.313
2026-05-21 14:01:27;0.313
2026-05-21 14:01:42;0.314
2026-05-21 14:01:57;0.313
2026-05-21 14:02:12;0.314
2026-05-21 14:02:31;0.0
2026-05-21 14:02:53;0.314
2026-05-21 14:02:57;0.314
2026-05-21 14:03:12;0.315
2026-05-21 14:03:27;0.315
2026-05-21 14:03:42;0.315
2026-05-21 14:03:58;0.315
2026-05-21 14:04:12;0.315
2026-05-21 14:04:27;0.315
2026-05-21 14:04:42;0.315
2026-05-21 14:04:57;0.315
2026-05-21 14:05:12;0.316
2026-05-21 14:05:27;0.316
2026-05-21 14:05:42;0.316
2026-05-21 14:06:03;0.316
2026-05-21 14:06:13;0.316
2026-05-21 14:07:48;0.315
2026-05-21 14:08:33;0.313
2026-05-21 14:08:48;0.312
2026-05-21 14:09:03;0.311
2026-05-21 14:09:18;0.31
2026-05-21 14:09:33;0.31
2026-05-21 14:09:48;0.308
2026-05-21 14:10:03;0.308
2026-05-21 14:10:19;0.307
2026-05-21 14:10:34;0.306
2026-05-21 14:10:49;0.305
2026-05-21 14:11:04;0.304
2026-05-21 14:11:19;0.303
2026-05-21 14:11:34;0.303
2026-05-21 14:12:04;0.301
2026-05-21 14:12:19;0.301
2026-05-21 14:12:34;0.3
2026-05-21 14:12:49;0.299
2026-05-21 14:13:04;0.299
2026-05-21 14:13:19;0.298
2026-05-21 14:13:34;0.298
2026-05-21 14:13:49;0.297
2026-05-21 14:14:04;0.297
2026-05-21 14:14:19;0.296
2026-05-21 14:14:34;0.296
2026-05-21 14:14:49;0.296
2026-05-21 14:15:04;0.295
2026-05-21 14:15:23;0.295
2026-05-21 14:15:34;0.295
2026-05-21 14:15:50;0.295
2026-05-21 14:16:04;0.295
2026-05-21 14:16:19;0.295
2026-05-21 14:16:35;0.295
2026-05-21 14:16:49;0.295
2026-05-21 14:17:05;0.295
2026-05-21 14:17:20;0.295
2026-05-21 14:17:35;0.295
2026-05-21 14:17:50;0.295
2026-05-21 14:18:05;0.295
2026-05-21 14:18:20;0.295
2026-05-21 14:18:36;0.295
2026-05-21 14:18:50;0.295
2026-05-21 14:19:05;0.295
2026-05-21 14:19:20;0.294
2026-05-21 14:19:35;0.294
2026-05-21 14:19:50;0.293
2026-05-21 14:20:05;0.293
2026-05-21 14:20:20;0.292
2026-05-21 14:20:35;0.292
2026-05-21 14:20:50;0.291
2026-05-21 14:21:05;0.29
2026-05-21 14:21:20;0.29
2026-05-21 14:21:35;0.289
2026-05-21 14:21:50;0.288
2026-05-21 14:22:05;0.287
2026-05-21 14:22:20;0.286
2026-05-21 14:22:35;0.285
2026-05-21 14:22:50;0.284
2026-05-21 14:23:05;0.283
2026-05-21 14:23:20;0.282
2026-05-21 14:23:36;0.281
2026-05-21 14:23:50;0.28
2026-05-21 14:24:05;0.28
2026-05-21 14:24:20;0.28
2026-05-21 14:24:35;0.28
2026-05-21 14:24:50;0.28
2026-05-21 14:25:05;0.281
2026-05-21 14:25:20;0.282
2026-05-21 14:25:35;0.282
2026-05-21 14:25:50;0.283
2026-05-21 14:26:05;0.283
2026-05-21 14:26:21;0.284
2026-05-21 14:26:36;0.284
2026-05-21 14:26:51;0.285
2026-05-21 14:27:06;0.285
2026-05-21 14:27:21;0.285
2026-05-21 14:27:36;0.286
2026-05-21 14:27:51;0.285
2026-05-21 14:28:06;0.285
2026-05-21 14:28:21;0.285
2026-05-21 14:28:38;0.285
2026-05-21 14:28:51;0.285
2026-05-21 14:29:06;0.285
2026-05-21 14:29:21;0.285
2026-05-21 14:29:36;0.285
2026-05-21 14:29:51;0.285
2026-05-21 14:30:06;0.285
2026-05-21 14:30:21;0.285
2026-05-21 14:30:36;0.285
2026-05-21 14:30:51;0.285
2026-05-21 14:31:06;0.285
2026-05-21 14:31:22;0.285
2026-05-21 14:31:36;0.285
2026-05-21 14:31:51;0.286
2026-05-21 14:32:06;0.286
2026-05-21 14:32:21;0.287
2026-05-21 14:32:36;0.287
2026-05-21 14:32:51;0.287
2026-05-21 14:33:06;0.287
2026-05-21 14:33:21;0.287
2026-05-21 14:33:36;0.287
2026-05-21 14:33:51;0.287
2026-05-21 14:34:07;0.288
2026-05-21 14:34:21;0.288
2026-05-21 14:34:37;0.287
2026-05-21 14:34:51;0.287
2026-05-21 14:35:06;0.287
2026-05-21 14:35:22;0.287
2026-05-21 14:35:37;0.287
2026-05-21 14:35:52;0.287
2026-05-21 14:36:07;0.287
2026-05-21 14:36:22;0.287
2026-05-21 14:36:37;0.287
2026-05-21 14:36:52;0.287
2026-05-21 14:37:08;0.287
2026-05-21 14:37:22;0.286
2026-05-21 14:37:37;0.287
2026-05-21 14:37:52;0.286
2026-05-21 14:38:07;0.287
2026-05-21 14:38:22;0.287
2026-05-21 14:38:37;0.286
2026-05-21 14:38:52;0.287
2026-05-21 14:39:07;0.286
2026-05-21 14:39:22;0.286
2026-05-21 14:39:37;0.286
2026-05-21 14:39:52;0.286
2026-05-21 14:40:07;0.286
2026-05-21 14:40:23;0.286
2026-05-21 14:40:37;0.286
2026-05-21 14:40:52;0.285
2026-05-21 14:41:07;0.285
2026-05-21 14:41:22;0.285
2026-05-21 14:41:37;0.285
2026-05-21 14:41:52;0.285
2026-05-21 14:42:07;0.285
2026-05-21 14:42:22;0.285
2026-05-21 14:42:37;0.285
2026-05-21 14:42:52;0.285
2026-05-21 14:43:07;0.285
2026-05-21 14:43:22;0.285
2026-05-21 14:43:37;0.285
2026-05-21 14:43:53;0.285
2026-05-21 14:44:07;0.285
2026-05-21 14:44:23;0.285
2026-05-21 14:44:37;0.285
2026-05-21 14:44:53;0.285
2026-05-21 14:45:08;0.285
2026-05-21 14:45:23;0.285
2026-05-21 14:45:38;0.285
2026-05-21 14:45:53;0.285
2026-05-21 14:46:08;0.285
2026-05-21 14:46:23;0.285
2026-05-21 14:46:38;0.284
2026-05-21 14:46:53;0.284
2026-05-21 14:47:08;0.284
2026-05-21 14:47:23;0.284
2026-05-21 14:47:38;0.284
2026-05-21 14:47:53;0.284
2026-05-21 14:48:08;0.283
2026-05-21 14:48:23;0.283
2026-05-21 14:48:38;0.283
2026-05-21 14:48:53;0.283
2026-05-21 14:49:08;0.283
2026-05-21 14:49:23;0.282
2026-05-21 14:49:38;0.282
2026-05-21 14:49:53;0.282
2026-05-21 14:50:08;0.282
2026-05-21 14:50:23;0.282
2026-05-21 14:50:38;0.282
2026-05-21 14:50:54;0.282
2026-05-21 14:51:08;0.282
2026-05-21 14:51:23;0.283
2026-05-21 14:51:38;0.283
2026-05-21 14:51:53;0.283
2026-05-21 14:52:08;0.284
2026-05-21 14:52:23;0.284
2026-05-21 14:52:39;0.284
2026-05-21 14:52:53;0.285
2026-05-21 14:53:22;0.286
2026-05-21 14:53:37;0.286
2026-05-21 14:53:52;0.287
2026-05-21 14:53:59;0.287
2026-05-21 14:54:10;0.288
2026-05-21 14:54:25;0.288
2026-05-21 14:54:40;0.289
2026-05-21 14:54:55;0.289
2026-05-21 14:55:13;0.289
2026-05-21 14:55:25;0.29
2026-05-21 14:55:40;0.291
2026-05-21 14:55:55;0.291
2026-05-21 14:56:10;0.292
2026-05-21 14:56:33;0.292
2026-05-21 14:56:54;0.293
2026-05-21 14:57:11;0.001
2026-05-21 14:57:26;0.295
2026-05-21 14:57:43;0.296
2026-05-21 14:58:26;0.297
2026-05-21 14:58:42;0.298
2026-05-21 14:58:56;0.299
2026-05-21 14:59:21;0.299
2026-05-21 14:59:28;0.3
2026-05-21 14:59:57;0.3
2026-05-21 14:59:58;0.3
2026-05-21 15:00:11;0.301
2026-05-21 15:00:29;0.301
2026-05-21 15:00:46;0.299
2026-05-21 15:00:56;0.302
2026-05-21 15:01:11;0.303
2026-05-21 15:01:26;0.303
2026-05-21 15:01:41;0.304
2026-05-21 15:01:56;0.304
2026-05-21 15:02:11;0.305
2026-05-21 15:02:26;0.305
2026-05-21 15:02:41;0.306
2026-05-21 15:02:57;0.306
2026-05-21 15:03:11;0.307
2026-05-21 15:03:26;0.308
2026-05-21 15:03:42;0.308
2026-05-21 15:03:57;0.309
2026-05-21 15:04:12;0.31
2026-05-21 15:04:27;0.31
2026-05-21 15:04:41;0.311
2026-05-21 15:04:56;0.312
2026-05-21 15:05:12;0.313
2026-05-21 15:05:27;0.313
2026-05-21 15:05:42;0.314
2026-05-21 15:05:57;0.315
2026-05-21 15:06:12;0.316
2026-05-21 15:06:27;0.317
2026-05-21 15:06:42;0.318
2026-05-21 15:06:57;0.319
2026-05-21 15:08:22;0.325
2026-05-21 15:08:37;0.326
2026-05-21 15:08:53;0.327
2026-05-21 15:09:07;0.328
2026-05-21 15:09:22;0.329
2026-05-21 15:09:37;0.331
2026-05-21 15:09:52;0.333
2026-05-21 15:10:07;0.335
2026-05-21 15:10:22;0.338
2026-05-21 15:10:45;0.341
2026-05-21 15:10:56;0.347
2026-05-21 15:11:13;0.359
2026-05-21 15:11:28;0.37
2026-05-21 15:11:43;0.384
2026-05-21 15:11:58;0.398
2026-05-21 15:12:13;0.411
2026-05-21 15:12:28;0.422
2026-05-21 15:12:43;0.43
2026-05-21 15:12:58;0.435
2026-05-21 15:13:13;0.439
2026-05-21 15:13:28;0.446
2026-05-21 15:13:43;0.457
2026-05-21 15:13:58;0.473
2026-05-21 15:14:13;0.49
2026-05-21 15:14:28;0.0
2026-05-21 15:15:16;0.556
2026-05-21 15:15:59;0.583
2026-05-21 15:16:14;0.609
2026-05-21 15:16:29;0.612
2026-05-21 15:16:44;0.638
2026-05-21 15:16:59;0.661
2026-05-21 15:17:14;0.675
2026-05-21 15:17:29;0.686
2026-05-21 15:17:44;0.697
2026-05-21 15:17:59;0.651
2026-05-21 15:18:14;0.12
2026-05-21 15:18:29;0.726
2026-05-21 15:18:44;0.734
2026-05-21 15:18:59;0.743
2026-05-21 15:19:14;0.761
2026-05-21 15:19:29;0.0
2026-05-21 15:19:45;0.798
2026-05-21 15:19:59;0.688
2026-05-21 15:20:15;0.742
2026-05-21 15:20:30;0.828
2026-05-21 15:20:45;0.0
2026-05-21 15:21:00;0.842
2026-05-21 15:21:15;0.846
2026-05-21 15:21:30;0.828
2026-05-21 15:21:45;0.867
2026-05-21 15:22:00;0.873
2026-05-21 15:22:15;0.879
2026-05-21 15:22:30;0.869
2026-05-21 15:22:45;0.89
2026-05-21 15:23:00;0.894
2026-05-21 15:23:15;0.892
2026-05-21 15:23:30;0.903
2026-05-21 15:23:45;0.907
2026-05-21 15:24:00;0.91
2026-05-21 15:24:15;0.909
2026-05-21 15:24:30;0.0
2026-05-21 15:24:45;0.0
2026-05-21 15:25:00;0.0
2026-05-21 15:25:15;0.912
2026-05-21 15:25:30;0.912
2026-05-21 15:25:45;0.906
2026-05-21 15:26:00;0.915
2026-05-21 15:26:15;0.878
2026-05-21 15:26:30;0.838
2026-05-21 15:26:45;0.91
2026-05-21 15:27:00;0.909
2026-05-21 15:27:15;0.001
2026-05-21 15:27:30;0.0
2026-05-21 15:27:46;0.9
2026-05-21 15:28:01;0.0
2026-05-21 15:28:17;0.888
2026-05-21 15:28:32;0.874
2026-05-21 15:28:47;0.864
2026-05-21 15:29:02;0.0
2026-05-21 15:29:18;0.852
2026-05-21 15:29:33;0.848
2026-05-21 15:29:49;0.626
2026-05-21 15:30:04;0.07
2026-05-21 15:30:19;0.841
2026-05-21 15:30:34;0.607
2026-05-21 15:30:50;0.835
2026-05-21 15:31:05;0.0
2026-05-21 15:31:21;0.0
2026-05-21 15:31:38;0.83
2026-05-21 15:31:54;0.774
2026-05-21 15:32:09;0.329
2026-05-21 15:32:25;0.806
2026-05-21 15:32:40;0.815
2026-05-21 15:32:55;0.579
2026-05-21 15:33:13;0.803
2026-05-21 15:33:26;0.0
2026-05-21 15:33:41;0.792
2026-05-21 15:33:57;0.793
2026-05-21 15:34:12;0.78
2026-05-21 15:34:27;0.121
2026-05-21 15:34:42;0.78
2026-05-21 15:34:58;0.612
2026-05-21 15:35:13;0.754
2026-05-21 15:35:29;0.763
2026-05-21 15:35:44;0.76
2026-05-21 15:35:59;0.756
2026-05-21 15:36:14;0.744
2026-05-21 15:36:30;0.479
2026-05-21 15:36:45;0.723
2026-05-21 15:37:00;0.715
2026-05-21 15:37:16;0.71
2026-05-21 15:37:31;0.705
2026-05-21 15:37:46;0.696
2026-05-21 15:38:02;0.68
2026-05-21 15:38:17;0.685
2026-05-21 15:38:32;0.027
2026-05-21 15:38:47;0.666
2026-05-21 15:39:03;0.641
2026-05-21 15:39:19;0.625
2026-05-21 15:39:34;0.602
2026-05-21 15:39:49;0.585
2026-05-21 15:40:04;0.58
2026-05-21 15:40:19;0.576
2026-05-21 15:40:35;0.545
2026-05-21 15:40:50;0.476
2026-05-21 15:41:06;0.41
2026-05-21 15:41:21;0.379
2026-05-21 15:41:36;0.362
2026-05-21 15:41:51;0.347
2026-05-21 15:42:07;0.335
2026-05-21 15:42:22;0.323
2026-05-21 15:42:38;0.313
2026-05-21 15:42:53;0.305
2026-05-21 15:43:08;0.297
2026-05-21 15:43:23;0.29
2026-05-21 15:43:39;0.284
2026-05-21 15:43:54;0.278
2026-05-21 15:44:09;0.272
2026-05-21 15:44:24;0.267
2026-05-21 15:44:39;0.262
2026-05-21 15:44:54;0.257
2026-05-21 15:45:09;0.253
2026-05-21 15:45:24;0.249
2026-05-21 15:45:39;0.245
2026-05-21 15:45:54;0.241
2026-05-21 15:46:09;0.238
2026-05-21 15:46:24;0.234
2026-05-21 15:46:39;0.23
2026-05-21 15:46:54;0.227
2026-05-21 15:47:09;0.224
2026-05-21 15:47:24;0.221
2026-05-21 15:47:39;0.218
2026-05-21 15:47:54;0.215
2026-05-21 15:48:09;0.212
2026-05-21 15:48:24;0.209
2026-05-21 15:48:39;0.206
2026-05-21 15:48:54;0.204
2026-05-21 15:49:09;0.201
2026-05-21 15:49:24;0.199
2026-05-21 15:49:39;0.197
2026-05-21 15:49:54;0.195
2026-05-21 15:50:09;0.192
2026-05-21 15:50:24;0.191
2026-05-21 15:50:39;0.0
2026-05-21 15:51:08;0.187
2026-05-21 15:51:09;0.186
2026-05-21 15:51:24;0.184
2026-05-21 15:51:39;0.183
2026-05-21 15:51:55;0.181
2026-05-21 15:52:09;0.18
2026-05-21 15:52:24;0.178
2026-05-21 15:52:42;0.176
2026-05-21 15:53:00;0.175
2026-05-21 15:53:09;0.173
2026-05-21 15:53:24;0.172
2026-05-21 15:53:39;0.17
2026-05-21 15:53:54;0.169
2026-05-21 15:54:09;0.167
2026-05-21 15:54:24;0.165
2026-05-21 15:54:39;0.163
2026-05-21 15:54:54;0.162
2026-05-21 15:55:09;0.161
2026-05-21 15:55:25;0.159
2026-05-21 15:55:47;0.157
2026-05-21 15:56:05;0.155
2026-05-21 15:56:10;0.154
2026-05-21 15:56:25;0.153
2026-05-21 15:56:40;0.151
2026-05-21 15:56:55;0.15
2026-05-21 15:57:10;0.148
2026-05-21 15:57:25;0.147
2026-05-21 15:57:40;0.146
2026-05-21 15:57:55;0.145
2026-05-21 15:58:10;0.144
2026-05-21 15:58:25;0.143
2026-05-21 15:58:40;0.141
2026-05-21 15:58:55;0.14
2026-05-21 15:59:10;0.139
2026-05-21 15:59:25;0.138
2026-05-21 15:59:40;0.136
2026-05-21 15:59:55;0.135
2026-05-21 16:00:10;0.133
2026-05-21 16:00:25;0.132
2026-05-21 16:00:40;0.131
2026-05-21 16:00:55;0.129
2026-05-21 16:01:10;0.127
2026-05-21 16:01:25;0.126
2026-05-21 16:01:40;0.125
2026-05-21 16:01:55;0.123
2026-05-21 16:02:10;0.121
2026-05-21 16:02:25;0.12
2026-05-21 16:02:40;0.118
2026-05-21 16:02:55;0.116
2026-05-21 16:03:10;0.115
2026-05-21 16:03:26;0.113
2026-05-21 16:03:40;0.112
2026-05-21 16:03:55;0.111
2026-05-21 16:04:10;0.109
2026-05-21 16:04:25;0.108
2026-05-21 16:04:40;0.106
2026-05-21 16:04:56;0.105
2026-05-21 16:05:11;0.104
2026-05-21 16:05:26;0.103
2026-05-21 16:05:41;0.102
2026-05-21 16:05:56;0.101
2026-05-21 16:06:11;0.101
2026-05-21 16:06:26;0.101
2026-05-21 16:06:41;0.1
2026-05-21 16:06:56;0.1
2026-05-21 16:07:11;0.1
2026-05-21 16:07:26;0.099
2026-05-21 16:07:41;0.099
2026-05-21 16:07:56;0.098
2026-05-21 16:08:11;0.098
2026-05-21 16:08:26;0.097
2026-05-21 16:08:41;0.097
2026-05-21 16:09:00;0.094
2026-05-21 16:09:13;0.0
2026-05-22 10:32:14;0.813
2026-05-22 10:32:29;0.815
2026-05-22 10:32:44;0.786
2026-05-22 10:32:59;0.783
2026-05-22 10:33:14;0.788
2026-05-22 10:33:31;1.428
2026-05-22 10:33:44;0.879
2026-05-22 10:33:59;0.875
2026-05-22 10:34:14;0.336
2026-05-22 10:34:29;0.255
2026-05-22 10:34:44;0.301
2026-05-22 10:34:59;0.219
2026-05-22 10:35:15;0.192
2026-05-22 10:35:30;0.196
2026-05-22 10:35:45;0.255
2026-05-22 10:36:00;0.807
2026-05-22 10:36:16;0.858
2026-05-22 10:36:33;0.819
2026-05-22 10:36:47;0.788
2026-05-22 10:37:02;0.768
2026-05-22 10:37:17;0.756
2026-05-22 10:37:32;0.742
2026-05-22 10:37:48;0.725
2026-05-22 10:38:03;0.71
2026-05-22 10:38:19;0.697
2026-05-22 10:38:33;0.691
2026-05-22 10:38:49;0.687
2026-05-22 10:39:04;0.685
2026-05-22 10:39:20;0.683
2026-05-22 10:39:37;0.68
2026-05-22 10:39:50;0.677
2026-05-22 10:40:05;0.674
2026-05-22 10:41:07;0.656
2026-05-22 10:41:24;0.649
2026-05-22 10:41:37;0.641
2026-05-22 10:41:53;0.631
2026-05-22 10:42:08;0.615
2026-05-22 10:42:24;0.595
2026-05-22 10:42:39;0.578
2026-05-22 10:42:54;0.563
2026-05-22 10:43:15;0.545
2026-05-22 10:43:25;0.53
2026-05-22 10:43:40;0.514
2026-05-22 10:44:06;0.502
2026-05-22 10:44:35;0.495
2026-05-22 10:44:53;0.467
2026-05-22 10:45:13;0.453
2026-05-22 10:45:24;0.435
2026-05-22 10:45:54;0.401
2026-05-22 10:46:09;0.383
2026-05-22 10:46:25;0.367
2026-05-22 10:46:40;0.352
2026-05-22 10:46:55;0.337
2026-05-22 10:47:12;0.321
2026-05-22 10:47:25;0.307
2026-05-22 10:47:40;0.295
2026-05-22 10:47:55;0.284
2026-05-22 10:48:10;0.274
2026-05-22 10:48:28;0.264
2026-05-22 10:48:40;0.255
2026-05-22 10:48:55;0.247
2026-05-22 10:49:12;0.0
2026-05-22 10:49:27;0.231
2026-05-22 10:49:40;0.223
2026-05-22 10:49:55;0.215
2026-05-22 10:50:10;0.207
2026-05-22 10:50:25;0.2
2026-05-22 10:50:40;0.192
2026-05-22 10:50:55;0.185
2026-05-22 10:52:05;0.157
2026-05-22 10:52:16;0.152
2026-05-22 10:52:26;0.146
2026-05-22 10:52:41;0.142
2026-05-22 10:52:56;0.138
2026-05-22 10:53:11;0.134
2026-05-22 10:53:26;0.132
2026-05-22 10:53:41;0.13
2026-05-22 10:53:56;0.13
2026-05-22 10:54:11;0.129
2026-05-22 10:54:43;0.13
2026-05-22 10:54:44;0.129
2026-05-22 10:54:56;0.13
2026-05-22 10:55:11;0.131
2026-05-22 10:55:26;0.133
2026-05-22 10:55:41;0.134
2026-05-22 10:55:56;0.0
2026-05-22 10:56:11;0.136
2026-05-22 10:56:26;0.137
2026-05-22 10:56:41;0.139
2026-05-22 10:56:56;0.141
2026-05-22 10:57:12;0.143
2026-05-22 10:57:26;0.145
2026-05-22 10:57:41;0.147
2026-05-22 10:57:56;0.149
2026-05-22 10:58:11;0.152
2026-05-22 10:58:26;0.155
2026-05-22 10:58:41;0.157
2026-05-22 10:58:56;0.158
2026-05-22 10:59:11;0.16
2026-05-22 10:59:26;0.161
2026-05-22 10:59:41;0.162
2026-05-22 10:59:56;0.162
2026-05-22 11:00:11;0.163
2026-05-22 11:00:26;0.164
2026-05-22 11:00:41;0.165
2026-05-22 11:00:58;0.165
2026-05-22 11:01:11;0.165
2026-05-22 11:01:27;0.166
2026-05-22 11:01:42;0.166
2026-05-22 11:01:57;0.166
2026-05-22 11:02:12;0.166
2026-05-22 11:02:27;0.165
2026-05-22 11:02:42;0.164
2026-05-22 11:02:57;0.164
2026-05-22 11:03:12;0.163
2026-05-22 11:03:27;0.164
2026-05-22 11:03:42;0.164
2026-05-22 11:03:57;0.164
2026-05-22 11:04:12;0.166
2026-05-22 11:04:27;0.167
2026-05-22 11:04:42;0.169
2026-05-22 11:05:01;0.17
2026-05-22 11:05:12;0.172
2026-05-22 11:05:27;0.173
2026-05-22 11:05:42;0.174
2026-05-22 11:05:57;0.176
2026-05-22 11:06:12;0.177
2026-05-22 11:06:27;0.178
2026-05-22 11:06:42;0.179
2026-05-22 11:06:58;0.181
2026-05-22 11:07:12;0.182
2026-05-22 11:07:27;0.183
2026-05-22 11:07:42;0.184
2026-05-22 11:07:57;0.186
2026-05-22 11:08:12;0.186
2026-05-22 11:08:27;0.188
2026-05-22 11:08:58;0.192
2026-05-22 11:09:13;0.195
2026-05-22 11:09:28;0.198
2026-05-22 11:09:43;0.201
2026-05-22 11:09:58;0.205
2026-05-22 11:10:13;0.208
2026-05-22 11:10:29;0.211
2026-05-22 11:10:43;0.214
2026-05-22 11:10:58;0.216
2026-05-22 11:11:14;0.218
2026-05-22 11:11:28;0.219
2026-05-22 11:11:44;0.22
2026-05-22 11:11:58;0.221
2026-05-22 11:12:13;0.222
2026-05-22 11:12:30;0.222
2026-05-22 11:12:43;0.215
2026-05-22 11:12:58;0.224
2026-05-22 11:13:13;0.225
2026-05-22 11:13:29;0.226
2026-05-22 11:13:44;0.228
2026-05-22 11:13:59;0.23
2026-05-22 11:14:14;0.233
2026-05-22 11:14:29;0.237
2026-05-22 11:14:44;0.241
2026-05-22 11:14:59;0.245
2026-05-22 11:15:14;0.248
2026-05-22 11:15:29;0.251
2026-05-22 11:15:44;0.252
2026-05-22 11:15:59;0.253
2026-05-22 11:16:14;0.253
2026-05-22 11:16:29;0.254
2026-05-22 11:16:44;0.256
2026-05-22 11:16:59;0.258
2026-05-22 11:17:15;0.261
2026-05-22 11:17:29;0.264
2026-05-22 11:17:44;0.261
2026-05-22 11:17:59;0.274
2026-05-22 11:18:14;0.28
2026-05-22 11:18:29;0.285
2026-05-22 11:18:44;0.29
2026-05-22 11:18:59;0.295
2026-05-22 11:19:14;0.3
2026-05-22 11:19:29;0.304
2026-05-22 11:19:44;0.307
2026-05-22 11:19:59;0.312
2026-05-22 11:20:15;0.317
2026-05-25 08:24:33;0.279
2026-05-25 08:24:48;0.268
2026-05-25 08:25:03;0.199
2026-05-25 08:25:18;0.225
2026-05-25 08:25:33;0.244
2026-05-25 08:25:48;0.24
2026-05-25 08:26:03;0.211
2026-05-25 08:26:18;0.243
2026-05-25 08:26:33;0.277
2026-05-25 08:26:49;0.288
2026-05-25 08:27:03;0.296
2026-05-25 08:27:18;0.301
2026-05-25 08:27:33;0.299
2026-05-25 08:27:48;0.264
2026-05-25 08:28:03;0.265
2026-05-25 08:28:18;0.284
2026-05-25 08:28:33;0.273
2026-05-25 08:28:48;0.227
2026-05-25 08:29:03;0.217
2026-05-25 08:29:18;0.199
2026-05-25 08:29:34;0.2
2026-05-25 08:29:49;0.183
2026-05-25 08:30:04;0.176
2026-05-25 08:30:19;0.165
2026-05-25 08:30:34;0.168
2026-05-25 08:30:49;0.222
2026-05-25 08:31:04;0.228
2026-05-25 08:31:19;0.234
2026-05-25 08:31:34;0.242
2026-05-25 08:31:49;0.255
2026-05-25 08:32:04;0.267
2026-05-25 08:32:19;0.285
2026-05-25 08:32:34;0.298
2026-05-25 08:32:49;0.257
2026-05-25 08:33:04;0.271
2026-05-25 08:33:19;0.285
2026-05-25 08:33:34;0.294
2026-05-25 08:33:49;0.298
2026-05-25 08:34:05;0.299
2026-05-25 08:34:19;0.299
2026-05-25 08:34:35;0.297
2026-05-25 08:34:50;0.301
2026-05-25 08:35:05;0.308
2026-05-25 08:35:20;0.348
2026-05-25 08:35:35;0.346
2026-05-25 08:35:50;0.373
2026-05-25 08:36:05;0.38
2026-05-25 08:36:20;0.383
2026-05-25 08:36:36;0.385
2026-05-25 08:36:51;0.385
2026-05-25 08:37:05;0.384
2026-05-25 08:37:20;0.379
2026-05-25 08:37:35;0.37
2026-05-25 08:37:50;0.359
2026-05-25 08:38:05;0.35
2026-05-25 08:38:20;0.344
2026-05-25 08:38:35;0.34
2026-05-25 08:38:50;0.334
2026-05-25 08:39:05;0.327
2026-05-25 08:39:21;0.324
2026-05-25 08:39:35;0.326
2026-05-25 08:39:51;0.328
2026-05-25 08:40:06;0.33
2026-05-25 08:40:21;0.329
2026-05-25 08:40:36;0.326
2026-05-25 08:40:51;0.318
2026-05-25 08:41:06;0.312
2026-05-25 08:41:21;0.31
2026-05-25 08:41:36;0.313
2026-05-25 08:41:51;0.323
2026-05-25 08:42:06;0.331
2026-05-25 08:42:21;0.337
2026-05-25 08:42:36;0.335
2026-05-25 08:42:51;0.329
2026-05-25 08:43:06;0.324
2026-05-25 08:43:21;0.309
2026-05-25 08:43:36;0.314
2026-05-25 08:43:51;0.313
2026-05-25 08:44:06;0.315
2026-05-25 08:44:22;0.317
2026-05-25 08:44:38;0.276
2026-05-25 08:44:52;0.269
2026-05-25 08:45:08;0.293
2026-05-25 08:45:22;0.317
2026-05-25 08:45:37;0.319
2026-05-25 08:45:52;0.319
2026-05-25 08:46:07;0.32
2026-05-25 08:46:27;0.321
2026-05-25 08:46:37;0.313
2026-05-25 08:46:52;0.316
2026-05-25 08:47:07;0.309
2026-05-25 08:47:22;0.322
2026-05-25 08:47:37;0.314
2026-05-25 08:47:52;0.304
2026-05-25 08:48:07;0.301
2026-05-25 08:48:23;0.304
2026-05-25 08:48:38;0.31
2026-05-25 08:48:54;0.311
2026-05-25 08:49:07;0.31
2026-05-25 08:49:23;0.309
2026-05-25 08:49:38;0.31
2026-05-25 08:49:53;0.312
2026-05-25 08:50:08;0.295
2026-05-25 08:50:23;0.251
2026-05-25 08:50:38;0.254
2026-05-25 08:50:53;0.255
2026-05-25 08:51:08;0.262
2026-05-25 08:51:23;0.26
2026-05-25 08:51:38;0.259
2026-05-25 08:51:53;0.252
2026-05-25 08:52:08;0.259
2026-05-25 08:52:23;0.257
2026-05-25 08:52:38;0.253
2026-05-25 08:52:53;0.25
2026-05-25 08:53:10;0.251
2026-05-25 08:53:24;0.259
2026-05-25 08:53:38;0.244
2026-05-25 08:53:53;0.27
2026-05-25 08:54:09;0.0
2026-05-25 08:54:23;0.254
2026-05-25 08:54:39;0.245
2026-05-25 08:54:54;0.223
2026-05-25 08:55:09;0.214
2026-05-25 08:55:24;0.226
2026-05-25 08:55:39;0.28
2026-05-25 08:55:54;0.278
2026-05-25 08:56:09;0.282
2026-05-25 08:56:24;0.292
2026-05-25 08:56:39;0.3
2026-05-25 08:56:54;0.306
2026-05-25 08:57:09;0.311
2026-05-25 08:57:24;0.313
2026-05-25 08:57:39;0.319
2026-05-25 08:57:55;0.327
2026-05-25 08:58:09;0.337
2026-05-25 08:58:24;0.345
2026-05-25 08:58:39;0.353
2026-05-25 08:58:54;0.364
2026-05-25 08:59:09;0.371
2026-05-25 08:59:25;0.376
2026-05-25 08:59:39;0.38
2026-05-25 08:59:54;0.384
2026-05-25 09:00:10;0.388
2026-05-25 09:00:25;0.395
2026-05-25 09:00:40;0.402
2026-05-25 09:00:55;0.397
2026-05-25 09:01:10;0.404
2026-05-25 09:01:25;0.413
2026-05-25 09:01:40;0.411
2026-05-25 09:01:55;0.409
2026-05-25 09:02:11;0.416
2026-05-25 09:02:26;0.423
2026-05-25 09:02:40;0.405
2026-05-25 09:02:55;0.425
2026-05-25 09:03:10;0.437
2026-05-25 09:03:25;0.397
2026-05-25 09:03:40;0.382
2026-05-25 09:03:55;0.417
2026-05-25 09:04:10;0.419
2026-05-25 09:04:25;0.419
2026-05-25 09:04:41;0.421
2026-05-25 09:04:55;0.422
2026-05-25 09:05:10;0.421
2026-05-25 09:05:26;0.42
2026-05-25 09:05:41;0.0
2026-05-25 09:05:56;0.417
2026-05-25 09:06:11;0.415
2026-05-25 09:06:26;0.414
2026-05-25 09:06:41;0.413
2026-05-25 09:06:56;0.366
2026-05-25 09:07:11;0.405
2026-05-25 09:07:26;0.41
2026-05-25 09:07:41;0.415
2026-05-25 09:07:56;0.401
2026-05-25 09:08:11;0.415
2026-05-25 09:08:26;0.414
2026-05-25 09:08:41;0.41
2026-05-25 09:08:56;0.415
2026-05-25 09:09:12;0.425
2026-05-25 09:09:26;0.435
2026-05-25 09:09:41;0.451
2026-05-25 09:09:56;0.477
2026-05-25 09:10:11;0.495
2026-05-25 09:10:27;0.501
2026-05-25 09:10:42;0.48
2026-05-25 09:10:57;0.524
2026-05-25 09:11:12;0.471
2026-05-25 09:11:27;0.418
2026-05-25 09:11:42;0.4
2026-05-25 09:11:57;0.379
2026-05-25 09:12:12;0.358
2026-05-25 09:12:27;0.342
2026-05-25 09:12:42;0.328
2026-05-25 09:12:57;0.321
2026-05-25 09:13:12;0.312
2026-05-25 09:13:27;0.301
2026-05-25 09:13:42;0.289
2026-05-25 09:13:57;0.279
2026-05-25 09:14:12;0.274
2026-05-25 09:14:27;0.273
2026-05-25 09:14:42;0.277
2026-05-25 09:14:57;0.283
2026-05-25 09:15:12;0.284
2026-05-25 09:15:27;0.281
2026-05-25 09:15:43;0.276
2026-05-25 09:15:58;0.269
2026-05-25 09:16:12;0.262
2026-05-25 09:16:28;0.258
2026-05-25 09:16:43;0.256
2026-05-25 09:16:58;0.256
2026-05-25 09:17:13;0.252
2026-05-25 09:17:28;0.25
2026-05-25 09:17:43;0.25
2026-05-25 09:17:58;0.253
2026-05-25 09:18:13;0.254
2026-05-25 09:18:28;0.261
2026-05-25 09:18:43;0.271
2026-05-25 09:18:58;0.287
2026-05-25 09:19:14;0.309
2026-05-25 09:19:28;0.386
2026-05-25 09:19:44;0.423
2026-05-25 09:19:58;0.325
2026-05-25 09:20:13;0.315
2026-05-25 09:20:28;0.308
2026-05-25 09:20:43;0.302
2026-05-25 09:20:58;0.298
2026-05-25 09:21:13;0.296
2026-05-25 09:21:29;0.298
2026-05-25 09:21:43;0.305
2026-05-25 09:21:59;0.316
2026-05-25 09:22:14;0.331
2026-05-25 09:22:29;0.355
2026-05-25 09:22:44;0.384
2026-05-25 09:22:59;0.416
2026-05-25 09:23:14;0.433
2026-05-25 09:23:30;0.444
2026-05-25 09:23:44;0.397
2026-05-25 09:23:59;0.437
2026-05-25 09:24:14;0.427
2026-05-25 09:24:29;0.349
2026-05-25 09:24:44;0.342
2026-05-25 09:24:59;0.344
2026-05-25 09:25:14;0.351
2026-05-25 09:25:29;0.364
2026-05-25 09:25:45;0.389
2026-05-25 09:25:59;0.466
2026-05-25 09:26:14;0.494
2026-05-25 09:26:29;0.475
2026-05-25 09:26:44;0.503
2026-05-25 09:27:01;0.51
2026-05-25 09:27:15;0.479
2026-05-25 09:27:30;0.468
2026-05-25 09:27:45;0.51
2026-05-25 09:28:00;0.523
2026-05-25 09:28:15;0.527
2026-05-25 09:28:30;0.534
2026-05-25 09:28:45;0.439
2026-05-25 09:29:00;0.421
2026-05-25 09:29:15;0.416
2026-05-25 09:29:30;0.391
2026-05-25 09:29:45;0.381
2026-05-25 09:30:00;0.38
2026-05-25 09:30:15;0.39
2026-05-25 09:30:30;0.413
2026-05-25 09:30:45;0.462
2026-05-25 09:31:00;0.611
2026-05-25 09:31:15;0.655
2026-05-25 09:31:30;0.533
2026-05-25 09:31:45;0.534
2026-05-25 09:32:00;0.665
2026-05-25 09:32:15;0.697
2026-05-25 09:32:30;0.663
2026-05-25 09:32:45;0.552
2026-05-25 09:33:00;0.644
2026-05-25 09:33:15;0.7
2026-05-25 09:33:30;0.82
2026-05-25 09:33:45;1.037
2026-05-25 09:34:00;1.046
2026-05-25 09:34:15;1.058
2026-05-25 09:34:30;1.13
2026-05-25 09:34:46;1.221
2026-05-25 09:35:01;1.314
2026-05-25 09:35:16;1.373
2026-05-25 09:35:31;1.414
2026-05-25 09:35:46;1.47
2026-05-25 09:36:01;1.524
2026-05-25 09:36:16;1.571
2026-05-25 09:36:31;1.609
2026-05-25 09:36:46;1.629
2026-05-25 09:37:01;1.648
2026-05-25 09:37:16;1.655
2026-05-25 09:37:31;1.265
2026-05-25 09:37:46;0.78
2026-05-25 09:38:01;0.613
2026-05-25 09:38:16;1.136
2026-05-25 09:38:31;0.721
2026-05-25 09:38:46;0.591
2026-05-25 09:39:01;0.573
2026-05-25 09:39:16;0.572
2026-05-25 09:39:31;0.588
2026-05-25 09:39:46;1.357
2026-05-25 09:40:01;1.531
2026-05-25 09:40:16;1.601
2026-05-25 09:40:31;1.07
2026-05-25 09:40:46;0.595
2026-05-25 09:41:01;0.545
2026-05-25 09:41:17;0.586
2026-05-25 09:41:32;1.663
2026-05-25 09:41:48;1.655
2026-05-25 09:42:03;1.642
2026-05-25 09:42:18;1.624
2026-05-25 09:42:33;1.612
2026-05-25 09:42:49;1.636
2026-05-25 09:43:04;0.0
2026-05-25 09:43:20;0.837
2026-05-25 09:43:35;1.642
2026-05-25 09:43:50;1.689
2026-05-25 09:44:05;1.695
2026-05-25 09:44:21;1.705
2026-05-25 09:44:36;1.762
2026-05-25 09:44:52;1.765
2026-05-25 09:45:06;1.786
2026-05-25 09:45:22;1.702
2026-05-25 09:45:38;1.745
2026-05-25 09:45:53;1.732
2026-05-25 09:46:08;1.574
2026-05-25 09:46:23;0.713
2026-05-25 09:46:38;0.597
2026-05-25 09:46:54;0.563
2026-05-25 09:47:11;0.551
2026-05-25 09:47:24;0.565
2026-05-25 09:47:40;1.285
2026-05-25 09:47:55;0.603
2026-05-25 09:48:10;0.519
2026-05-25 09:48:26;0.562
2026-05-25 09:48:41;0.503
2026-05-25 09:48:57;0.49
2026-05-25 09:49:11;0.487
2026-05-25 09:49:27;0.486
2026-05-25 09:49:42;0.481
2026-05-25 09:49:58;0.476
2026-05-25 09:50:13;0.484
2026-05-25 09:50:28;0.475
2026-05-25 09:50:43;0.477
2026-05-25 09:50:59;0.48
2026-05-25 09:51:14;0.498
2026-05-25 09:51:30;0.535
2026-05-25 09:51:45;0.916
2026-05-25 09:52:00;0.483
2026-05-25 09:52:15;0.421
2026-05-25 09:52:31;0.39
2026-05-25 09:52:46;0.368
2026-05-25 09:53:02;0.351
2026-05-25 09:53:17;0.336
2026-05-25 09:53:32;0.326
2026-05-25 09:53:47;0.32
2026-05-25 09:54:02;0.316
2026-05-25 09:54:17;0.313
2026-05-25 09:54:32;0.311
2026-05-25 09:54:47;0.31
2026-05-25 09:55:02;0.311
2026-05-25 09:55:17;0.314
2026-05-25 09:55:32;0.317
2026-05-25 09:55:47;0.32
2026-05-25 09:56:02;0.321
2026-05-25 09:56:17;0.323
2026-05-25 09:56:32;0.328
2026-05-25 09:56:47;0.334
2026-05-25 09:57:02;0.34
2026-05-25 09:57:17;0.342
2026-05-25 09:57:32;0.339
2026-05-25 09:57:47;0.335
2026-05-25 09:58:02;0.336
2026-05-25 09:58:17;0.359
2026-05-25 09:58:32;0.407
2026-05-25 09:58:47;0.483
2026-05-25 09:59:02;1.279
2026-05-25 09:59:17;1.121
2026-05-25 09:59:32;1.604
2026-05-25 09:59:47;1.882
2026-05-25 10:00:02;1.86
2026-05-25 10:00:18;1.855
2026-05-25 10:00:32;1.856
2026-05-25 10:00:47;1.871
2026-05-25 10:01:02;1.878
2026-05-25 10:01:17;1.901
2026-05-25 10:01:32;1.886
2026-05-25 10:01:47;1.875
2026-05-25 10:02:02;1.879
2026-05-25 10:02:18;1.881
2026-05-25 10:02:33;1.882
2026-05-25 10:02:49;1.88
2026-05-25 10:03:03;1.887
2026-05-25 10:03:19;1.876
2026-05-25 10:03:34;1.879
2026-05-25 10:03:49;1.87
2026-05-25 10:04:05;1.868
2026-05-25 10:04:20;1.864
2026-05-25 10:04:35;1.85
2026-05-25 10:04:50;1.839
2026-05-25 10:05:06;1.814
2026-05-25 10:05:21;1.792
2026-05-25 10:05:36;1.737
2026-05-25 10:05:52;1.75
2026-05-25 10:06:07;1.8
2026-05-25 10:06:22;1.806
2026-05-25 10:06:38;1.804
2026-05-25 10:06:53;0.0
2026-05-25 10:07:08;1.82
2026-05-25 10:07:23;1.85
2026-05-25 10:07:39;1.87
2026-05-25 10:07:54;1.866
2026-05-25 10:08:09;1.877
2026-05-25 10:08:25;1.897
2026-05-25 10:08:40;1.906
2026-05-25 10:08:55;1.908
2026-05-25 10:09:11;1.867
2026-05-25 10:09:26;1.833
2026-05-25 10:09:41;1.798
2026-05-25 10:09:56;1.786
2026-05-25 10:10:12;1.754
2026-05-25 10:10:27;1.777
2026-05-25 10:10:42;1.756
2026-05-25 10:10:57;1.747
2026-05-25 10:11:13;1.787
2026-05-25 10:11:28;1.797
2026-05-25 10:11:46;1.771
2026-05-25 10:11:58;1.772
2026-05-25 10:12:14;1.769
2026-05-25 10:12:29;1.78
2026-05-25 10:12:45;1.778
2026-05-25 10:12:59;1.779
2026-05-25 10:13:15;1.837
2026-05-25 10:13:31;1.616
2026-05-25 10:13:46;1.391
2026-05-25 10:14:01;0.541
2026-05-25 10:14:16;0.74
2026-05-25 10:14:32;1.839
2026-05-25 10:14:47;1.81
2026-05-25 10:15:02;1.814
2026-05-25 10:15:17;1.743
2026-05-25 10:15:32;1.756
2026-05-25 10:15:48;1.768
2026-05-25 10:16:03;1.766
2026-05-25 10:16:18;1.731
2026-05-25 10:16:34;1.736
2026-05-25 10:16:49;1.698
2026-05-25 10:17:04;1.688
2026-05-25 10:17:20;1.727
2026-05-25 10:17:35;1.685
2026-05-25 10:17:50;1.642
2026-05-25 10:18:05;1.676
2026-05-25 10:18:21;1.743
2026-05-25 10:18:36;1.761
2026-05-25 10:18:52;1.755
2026-05-25 10:19:06;1.757
2026-05-25 10:19:22;1.773
2026-05-25 10:19:37;1.792
2026-05-25 10:19:52;1.764
2026-05-25 10:20:08;1.757
2026-05-25 10:20:23;1.762
2026-05-25 10:20:38;1.778
2026-05-25 10:20:54;1.727
2026-05-25 10:21:08;1.682
2026-05-25 10:21:24;1.722
2026-05-25 10:21:39;1.722
2026-05-25 10:21:55;1.714
2026-05-25 10:22:10;1.763
2026-05-25 10:22:25;1.762
2026-05-25 10:22:40;1.602
2026-05-25 10:22:56;1.774
2026-05-25 10:23:11;1.877
2026-05-25 10:23:26;1.902
2026-05-25 10:23:41;1.9
2026-05-25 10:23:57;1.895
2026-05-25 10:24:12;1.905
2026-05-25 10:24:27;1.914
2026-05-25 10:24:42;1.915
2026-05-25 10:24:58;1.891
2026-05-25 10:25:13;1.077
2026-05-25 10:25:28;0.711
2026-05-25 10:25:43;0.672
2026-05-25 10:25:59;0.642
2026-05-25 10:26:14;0.604
2026-05-25 10:26:29;0.58
2026-05-25 10:26:44;0.554
2026-05-25 10:27:00;0.535
2026-05-25 10:27:15;0.51
2026-05-25 10:27:31;0.49
2026-05-25 10:27:46;0.475
2026-05-25 10:28:01;0.462
2026-05-25 10:28:16;0.445
2026-05-25 10:28:32;0.428
2026-05-25 10:28:47;0.407
2026-05-25 10:29:02;0.389
2026-05-25 10:29:18;0.372
2026-05-25 10:29:35;0.355
2026-05-25 10:29:48;0.336
2026-05-25 10:30:04;0.32
2026-05-25 10:30:19;0.306
2026-05-25 10:30:35;0.291
2026-05-25 10:31:06;0.263
2026-05-25 10:31:20;0.25
2026-05-25 10:31:38;0.242
2026-05-25 10:31:50;0.237
2026-05-25 10:32:06;0.234
2026-05-25 10:32:21;0.234
2026-05-25 10:32:36;0.234
2026-05-25 10:32:51;0.232
2026-05-25 10:33:07;0.229
2026-05-25 10:33:22;0.226
2026-05-25 10:33:37;0.224
2026-05-25 10:33:52;0.223
2026-05-25 10:34:08;0.225
2026-05-25 10:34:23;0.228
2026-05-25 10:34:39;0.234
2026-05-25 10:34:54;0.24
2026-05-25 10:35:09;0.246
2026-05-25 10:35:24;0.252
2026-05-25 10:35:39;0.253
2026-05-25 10:35:54;0.267
2026-05-25 10:36:09;0.281
2026-05-25 10:36:25;0.3
2026-05-25 10:36:39;0.0
2026-05-25 10:36:54;0.345
2026-05-25 10:37:10;0.375
2026-05-25 10:37:24;0.405
2026-05-25 10:37:49;0.434
2026-05-25 10:37:59;0.468
2026-05-25 10:38:18;0.485
2026-05-25 10:38:30;0.494
2026-05-25 10:39:17;0.563
2026-05-25 10:40:31;0.944
2026-05-25 10:40:46;1.101
2026-05-25 10:41:01;0.861
2026-05-25 10:41:17;1.059
2026-05-25 10:41:31;1.34
2026-05-25 10:41:46;1.26
2026-05-25 10:42:01;1.38
2026-05-25 10:42:20;1.13
2026-05-25 10:42:43;0.75
2026-05-25 10:42:58;0.736
2026-05-25 10:43:13;0.533
2026-05-25 10:43:28;0.619
2026-05-25 10:43:43;1.049
2026-05-25 10:43:58;0.853
2026-05-25 10:44:13;0.948
2026-05-25 10:44:28;0.61
2026-05-25 10:44:43;0.759
2026-05-25 10:44:58;0.994
2026-05-25 10:45:17;1.627
2026-05-25 10:45:28;1.618
2026-05-25 10:45:47;1.625
2026-05-25 10:45:58;1.627
2026-05-25 10:46:14;1.605
2026-05-25 10:46:29;1.547
2026-05-25 10:46:44;1.421
2026-05-25 10:46:59;1.089
2026-05-25 10:47:16;0.604
2026-05-25 10:47:35;0.538
2026-05-25 10:49:21;0.475
2026-05-25 10:49:37;0.472
2026-05-25 10:49:52;0.445
2026-05-25 10:50:06;0.448
2026-05-25 10:50:22;0.418
2026-05-25 10:50:37;0.403
2026-05-25 10:50:53;0.398
2026-05-25 10:51:08;0.4
2026-05-25 10:51:23;0.419
2026-05-25 10:51:38;0.49
2026-05-25 10:51:53;1.202
2026-05-25 10:52:08;1.635
2026-05-25 10:52:23;1.661
2026-05-25 10:52:39;1.695
2026-05-25 10:52:54;1.69
2026-05-25 10:53:09;1.637
2026-05-25 10:53:25;1.574
2026-05-25 10:53:40;1.558
2026-05-25 10:53:55;1.551
2026-05-25 10:54:13;1.561
2026-05-25 10:54:26;1.601
2026-05-25 10:54:41;1.637
2026-05-25 10:54:57;1.652
2026-05-25 10:55:12;1.697
2026-05-25 10:55:27;1.741
2026-05-25 10:55:42;1.749
2026-05-25 10:55:58;1.763
2026-05-25 10:56:13;1.798
2026-05-25 10:56:29;1.844
2026-05-25 10:57:47;1.98
2026-05-25 10:58:03;2.005
2026-05-25 10:58:18;2.023
2026-05-25 10:58:34;2.057
2026-05-25 10:58:49;2.068
2026-05-25 10:59:04;2.067
2026-05-25 10:59:19;2.066
2026-05-25 10:59:35;2.057
2026-05-25 10:59:50;2.058
2026-05-25 11:00:05;2.077
2026-05-25 11:00:20;2.092
2026-05-25 11:00:36;2.093
2026-05-25 11:00:52;2.103
2026-05-25 11:01:06;2.122
2026-05-25 11:01:22;2.082
2026-05-25 11:01:37;1.789
2026-05-25 11:01:53;2.015
2026-05-25 11:02:08;0.861
2026-05-25 11:02:23;1.021
2026-05-25 11:02:38;1.252
2026-05-25 11:02:54;1.026
2026-05-25 11:03:09;1.351
2026-05-25 11:03:24;2.125
2026-05-25 11:03:39;2.099
2026-05-25 11:03:55;2.119
2026-05-25 11:04:10;2.119
2026-05-25 11:04:25;1.963
2026-05-25 11:04:40;2.143
2026-05-25 11:04:56;2.147
2026-05-25 11:05:11;1.977
2026-05-25 11:05:27;2.131
2026-05-25 11:05:42;2.112
2026-05-25 11:05:57;2.096
2026-05-25 11:06:12;2.094
2026-05-25 11:07:02;2.112
2026-05-25 11:07:14;0.84
2026-05-25 11:07:29;2.077
2026-05-25 11:07:45;2.065
2026-05-25 11:08:03;1.941
2026-05-25 11:08:15;0.809
2026-05-25 11:08:30;1.989
2026-05-25 11:08:46;1.889
2026-05-25 11:09:01;0.85
2026-05-25 11:09:16;0.819
2026-05-25 11:09:31;0.783
2026-05-25 11:09:47;0.788
2026-05-25 11:10:02;2.12
2026-05-25 11:10:17;2.131
2026-05-25 11:10:32;2.105
2026-05-25 11:10:48;2.103
2026-05-25 11:11:03;2.086
2026-05-25 11:11:19;1.747
2026-05-25 11:11:33;0.934
2026-05-25 11:11:49;1.051
2026-05-25 11:12:04;0.869
2026-05-25 11:12:19;0.76
2026-05-25 11:12:34;0.719
2026-05-25 11:16:12;0.521
2026-05-25 11:16:36;0.433
2026-05-25 11:17:41;0.327
2026-05-25 11:17:56;0.32
2026-05-25 11:18:11;0.315
2026-05-25 11:18:27;0.311
2026-05-25 11:18:42;0.31
2026-05-25 11:18:58;0.308
2026-05-25 11:19:13;0.305
2026-05-25 11:19:28;0.302
2026-05-25 11:19:43;0.299
2026-05-25 11:19:59;0.298
2026-05-25 11:20:14;0.299
2026-05-25 11:20:29;0.298
2026-05-25 11:20:44;0.299
2026-05-25 11:21:00;0.301
2026-05-25 11:21:15;0.306
2026-05-25 11:21:31;0.313
2026-05-25 11:21:46;0.324
2026-05-25 11:22:01;0.334
2026-05-25 11:22:16;0.347
2026-05-25 11:22:32;0.363
2026-05-25 11:22:47;0.393
2026-05-25 11:23:03;0.503
2026-05-25 11:23:18;0.434
2026-05-25 11:23:33;0.41
2026-05-25 11:23:49;0.401
2026-05-25 11:24:04;0.405
2026-05-25 11:24:19;0.426
2026-05-25 11:24:35;0.463
2026-05-25 11:24:50;0.552
2026-05-25 11:25:05;1.986
2026-05-25 11:25:20;0.0
2026-05-25 11:25:36;1.265
2026-05-25 11:25:51;0.663
2026-05-25 11:26:07;0.692
2026-05-25 11:26:22;0.573
2026-05-25 11:26:37;0.606
2026-05-25 11:26:52;0.714
2026-05-25 11:27:08;1.393
2026-05-25 11:27:23;1.87
2026-05-25 11:27:38;2.199
2026-05-25 11:27:54;1.358
2026-05-25 11:28:09;1.238
2026-05-25 11:28:24;1.414
2026-05-25 11:28:40;1.164
2026-05-25 11:28:55;1.008
2026-05-25 11:29:10;0.723
2026-05-25 11:29:26;0.712
2026-05-25 11:29:41;0.722
2026-05-25 11:29:56;1.109
2026-05-25 11:30:12;2.176
2026-05-25 11:30:27;2.162
2026-05-25 11:30:42;2.154
2026-05-25 11:30:58;2.114
2026-05-25 11:31:13;0.0
2026-05-25 11:31:28;2.17
2026-05-25 11:31:44;2.165
2026-05-25 11:31:59;2.141
2026-05-25 11:32:14;2.124
2026-05-25 11:32:29;0.356
2026-05-25 11:32:45;2.094
2026-05-25 11:33:00;0.0
2026-05-25 11:33:16;2.081
2026-05-25 11:33:31;1.939
2026-05-25 11:33:46;2.022
2026-05-25 11:34:02;2.033
2026-05-25 11:34:17;1.916
2026-05-25 11:34:32;1.2
2026-05-25 11:34:47;1.751
2026-05-25 11:35:03;2.039
2026-05-25 11:35:18;1.877
2026-05-25 11:35:33;1.999
2026-05-25 11:35:48;1.983
2026-05-25 11:36:04;0.061
2026-05-25 11:36:19;2.009
2026-05-25 11:36:34;1.882
2026-05-25 11:36:49;2.021
2026-05-25 11:37:05;2.008
2026-05-25 11:37:20;2.022
2026-05-25 11:37:42;2.023
2026-05-25 11:37:50;1.883
2026-05-25 11:38:06;2.01
2026-05-25 11:38:21;2.017
2026-05-25 11:38:36;2.036
2026-05-25 11:38:51;2.067
2026-05-25 11:39:07;2.064
2026-05-25 11:39:22;0.808
2026-05-25 11:39:38;1.752
2026-05-25 11:39:52;2.092
2026-05-25 11:40:08;2.066
2026-05-25 11:40:23;2.051
2026-05-25 11:40:38;2.006
2026-05-25 11:40:53;2.0
2026-05-25 11:41:09;1.498
2026-05-25 11:41:24;1.957
2026-05-25 11:41:39;1.807
2026-05-25 11:41:55;1.997
2026-05-25 11:42:10;2.022
2026-05-25 11:42:25;2.026
2026-05-25 11:42:40;2.019
2026-05-25 11:42:56;1.769
2026-05-25 11:43:12;2.023
2026-05-25 11:43:27;1.591
2026-05-25 11:43:43;1.117
2026-05-25 11:43:58;1.874
2026-05-25 11:44:14;1.131
2026-05-25 11:44:29;0.734
2026-05-25 11:44:45;0.8
2026-05-25 11:45:01;1.778
2026-05-25 11:45:16;1.072
2026-05-25 11:45:31;1.965
2026-05-25 11:45:46;0.892
2026-05-25 11:46:02;0.574
2026-05-25 11:46:17;0.523
2026-05-25 11:46:32;0.497
2026-05-25 11:46:53;0.495
2026-05-25 11:47:03;0.469
2026-05-25 11:47:18;0.468
2026-05-25 11:47:33;0.476
2026-05-25 11:47:48;0.482
2026-05-25 11:48:04;0.482
2026-05-25 11:48:19;0.475
2026-05-25 11:48:34;0.462
2026-05-25 11:48:49;0.465
2026-05-25 11:49:05;0.467
2026-05-25 11:49:20;0.483
2026-05-25 11:49:35;0.498
2026-05-25 11:49:50;0.498
2026-05-25 11:50:06;0.491
2026-05-25 11:50:21;0.471
2026-05-25 11:50:36;0.462
2026-05-25 11:50:51;0.479
2026-05-25 11:51:07;0.474
2026-05-25 11:51:22;0.478
2026-05-25 11:51:38;0.538
2026-05-25 11:51:53;0.57
2026-05-25 11:52:08;0.688
2026-05-25 11:52:23;1.237
2026-05-25 11:52:39;0.685
2026-05-25 11:52:54;0.392
2026-05-25 11:53:09;0.412
2026-05-25 11:53:28;0.356
2026-05-25 11:53:48;0.356
2026-05-25 11:53:55;0.358
2026-05-25 11:54:11;0.362
2026-05-25 11:54:46;0.38
2026-05-25 11:55:07;0.389
2026-05-25 11:55:17;0.394
2026-05-25 11:55:33;0.401
2026-05-25 11:55:48;0.403
2026-05-25 11:56:03;0.402
2026-05-25 11:56:18;0.396
2026-05-25 11:56:34;0.384
2026-05-25 11:56:49;0.375
2026-05-25 11:57:05;0.37
2026-05-25 11:57:20;0.368
2026-05-25 11:57:35;0.37
2026-05-25 11:57:50;0.372
2026-05-25 11:58:06;0.373
2026-05-25 11:58:21;0.375
2026-05-25 11:58:37;0.377
2026-05-25 11:58:52;0.0
2026-05-25 11:59:07;0.377
2026-05-25 11:59:22;0.378
2026-05-25 11:59:38;0.382
2026-05-25 11:59:53;0.383
2026-05-25 12:00:08;0.382
2026-05-25 12:00:24;0.379
2026-05-25 12:00:39;0.38
2026-05-25 12:00:54;0.386
2026-05-25 12:01:09;0.395
2026-05-25 12:01:24;0.41
2026-05-25 12:01:39;0.428
2026-05-25 12:01:54;0.442
2026-05-25 12:02:09;0.461
2026-05-25 12:02:26;0.494
2026-05-25 12:02:39;0.542
2026-05-25 12:02:54;0.529
2026-05-25 12:03:09;0.538
2026-05-25 12:03:24;0.543
2026-05-25 12:03:39;0.576
2026-05-25 12:03:57;0.598
2026-05-25 12:04:39;1.084
2026-05-25 12:05:22;0.992
2026-05-25 12:05:38;1.536
2026-05-25 12:05:52;0.0
2026-05-25 12:06:08;1.48
2026-05-25 12:06:23;1.428
2026-05-25 12:06:39;1.709
2026-05-25 12:06:54;1.702
2026-05-25 12:07:09;1.683
2026-05-25 12:07:24;0.001
2026-05-25 12:07:40;1.628
2026-05-25 12:07:55;0.976
2026-05-25 12:08:11;1.638
2026-05-25 12:08:26;1.761
2026-05-25 12:08:41;1.761
2026-05-25 12:08:56;1.459
2026-05-25 12:09:12;0.878
2026-05-25 12:09:27;0.732
2026-05-25 12:09:42;0.866
2026-05-25 12:09:58;0.693
2026-05-25 12:10:13;1.426
2026-05-25 12:10:28;1.753
2026-05-25 12:10:47;1.595
2026-05-25 12:10:59;0.0
2026-05-25 12:11:14;1.784
2026-05-25 12:11:29;1.902
2026-05-25 12:11:45;1.955
2026-05-25 12:12:00;1.849
2026-05-25 12:12:15;1.844
2026-05-25 12:12:31;1.963
2026-05-25 12:12:52;1.964
2026-05-25 12:13:01;0.001
2026-05-25 12:13:17;1.821
2026-05-25 12:13:32;0.0
2026-05-25 12:13:47;1.767
2026-05-25 12:14:02;1.656
2026-05-25 12:14:18;1.783
2026-05-25 12:14:33;1.088
2026-05-25 12:14:48;0.001
2026-05-25 12:15:04;0.887
2026-05-25 12:15:19;1.133
2026-05-25 12:15:34;0.727
2026-05-25 12:15:50;0.572
2026-05-25 12:16:05;0.474
2026-05-25 12:16:20;0.427
2026-05-25 12:16:35;0.399
2026-05-25 12:16:51;0.387
2026-05-25 12:17:06;0.386
2026-05-25 12:17:22;0.389
2026-05-25 12:17:37;0.39
2026-05-25 12:17:52;0.391
2026-05-25 12:18:07;0.394
2026-05-25 12:18:23;0.398
2026-05-25 12:18:38;0.404
2026-05-25 12:18:53;0.411
2026-05-25 12:19:08;0.417
2026-05-25 12:19:24;0.424
2026-05-25 12:19:39;0.431
2026-05-25 12:19:55;0.433
2026-05-25 12:20:10;0.435
2026-05-25 12:20:25;0.44
2026-05-25 12:20:40;0.444
2026-05-25 12:20:56;0.45
2026-05-25 12:21:11;0.452
2026-05-25 12:21:26;0.458
2026-05-25 12:21:41;0.47
2026-05-25 12:21:57;0.477
2026-05-25 12:22:12;0.491
2026-05-25 12:22:28;0.495
2026-05-25 12:22:43;0.506
2026-05-25 12:22:58;0.525
2026-05-25 12:23:14;0.546
2026-05-25 12:23:29;0.559
2026-05-25 12:23:44;0.563
2026-05-25 12:24:00;0.57
2026-05-25 12:24:15;0.584
2026-05-25 12:24:30;0.593
2026-05-25 12:24:45;0.618
2026-05-25 12:25:01;0.66
2026-05-25 12:25:16;0.708
2026-05-25 12:25:32;0.771
2026-05-25 12:25:47;0.996
2026-05-25 12:26:02;0.74
2026-05-25 12:26:17;0.761
2026-05-25 12:26:33;0.657
2026-05-25 12:26:48;0.624
2026-05-25 12:27:06;0.564
2026-05-25 12:27:19;0.496
2026-05-25 12:27:34;0.417
2026-05-25 12:27:49;0.402
2026-05-25 12:28:04;0.408
2026-05-25 12:28:19;0.414
2026-05-25 12:28:34;0.415
2026-05-25 12:28:49;0.403
2026-05-25 12:29:05;0.0
2026-05-25 12:29:20;0.355
2026-05-25 12:29:35;0.339
2026-05-25 12:29:50;0.331
2026-05-25 12:30:05;0.328
2026-05-25 12:30:20;0.333
2026-05-25 12:30:35;0.345
2026-05-25 12:30:50;0.361
2026-05-25 12:31:05;0.379
2026-05-25 12:31:20;0.385
2026-05-25 12:31:35;0.387
2026-05-25 12:31:50;0.39
2026-05-25 12:32:05;0.392
2026-05-25 12:32:20;0.394
2026-05-25 12:32:35;0.395
2026-05-25 12:32:50;0.393
2026-05-25 12:33:05;0.388
2026-05-25 12:33:20;0.379
2026-05-25 12:33:35;0.364
2026-05-25 12:33:50;0.354
2026-05-25 12:34:05;0.35
2026-05-25 12:34:20;0.341
2026-05-25 12:34:35;0.332
2026-05-25 12:34:50;0.323
2026-05-25 12:35:05;0.317
2026-05-25 12:35:20;0.319
2026-05-25 12:35:35;0.324
2026-05-25 12:35:50;0.33
2026-05-25 12:36:05;0.335
2026-05-25 12:36:20;0.339
2026-05-25 12:36:35;0.343
2026-05-25 12:36:50;0.001
2026-05-25 12:37:05;0.357
2026-05-25 12:37:20;0.364
2026-05-25 12:37:35;0.367
2026-05-25 12:37:50;0.368
2026-05-25 12:38:05;0.375
2026-05-25 12:38:20;0.389
2026-05-25 12:38:35;0.403
2026-05-25 12:38:50;0.424
2026-05-25 12:39:06;0.452
2026-05-25 12:39:20;0.479
2026-05-25 12:39:36;0.517
2026-05-25 12:39:50;0.548
2026-05-25 12:40:05;0.652
2026-05-25 12:40:20;0.849
2026-05-25 12:40:35;1.84
2026-05-25 12:40:50;0.001
2026-05-25 12:41:05;0.851
2026-05-25 12:41:20;0.701
2026-05-25 12:41:35;0.609
2026-05-25 12:41:50;0.622
2026-05-25 12:42:05;0.601
2026-05-25 12:42:20;0.577
2026-05-25 12:42:35;0.554
2026-05-25 12:42:50;0.561
2026-05-25 12:43:05;1.096
2026-05-25 12:43:20;0.719
2026-05-25 12:43:37;0.44
2026-05-25 12:43:50;0.378
2026-05-25 12:44:05;0.334
2026-05-25 12:44:21;0.31
2026-05-25 12:44:35;0.3
2026-05-25 12:44:50;0.298
2026-05-25 12:45:05;0.299
2026-05-25 12:45:20;0.301
2026-05-25 12:45:35;0.305
2026-05-25 12:45:50;0.314
2026-05-25 12:46:05;0.326
2026-05-25 12:46:20;0.333
2026-05-25 12:46:36;0.337
2026-05-25 12:46:50;0.343
2026-05-25 12:48:35;0.386
2026-05-25 12:48:50;0.377
2026-05-25 12:49:20;0.367
2026-05-25 12:50:52;0.356
2026-05-25 12:51:07;0.348
2026-05-25 12:51:22;0.34
2026-05-25 12:51:37;0.332
2026-05-25 12:51:52;0.325
2026-05-25 12:52:08;0.317
2026-05-25 12:52:24;0.315
2026-05-25 12:52:37;0.318
2026-05-25 12:52:52;0.324
2026-05-25 12:53:07;0.0
2026-05-25 12:53:22;0.335
2026-05-25 12:53:37;0.345
2026-05-25 12:53:52;0.356
2026-05-25 12:54:15;0.368
2026-05-25 12:54:23;0.38
2026-05-25 12:54:42;0.392
2026-05-25 12:54:52;0.405
2026-05-25 12:55:12;0.412
2026-05-25 12:55:22;0.417
2026-05-25 12:55:37;0.42
2026-05-25 12:55:52;0.425
2026-05-25 12:56:10;0.428
2026-05-25 12:56:22;0.43
2026-05-25 12:56:37;0.43
2026-05-25 12:56:52;0.427
2026-05-25 12:57:07;0.426
2026-05-25 12:57:31;0.429
2026-05-25 12:57:38;0.435
2026-05-25 12:58:12;0.46
2026-05-25 12:58:30;0.481
2026-05-25 12:58:42;0.506
2026-05-25 12:58:58;0.548
2026-05-25 12:59:13;0.649
2026-05-25 12:59:27;0.719
2026-05-25 12:59:43;0.756
2026-05-25 12:59:58;0.822
2026-05-25 13:00:13;0.0
2026-05-25 13:00:28;0.673
2026-05-25 13:00:43;0.792
2026-05-25 13:00:58;2.289
2026-05-25 13:01:13;0.0
2026-05-25 13:01:28;2.159
2026-05-25 13:01:43;2.293
2026-05-25 13:01:58;0.0
2026-05-25 13:02:13;1.721
2026-05-25 13:02:28;2.095
2026-05-25 13:02:43;2.209
2026-05-25 13:02:58;0.001
2026-05-25 13:03:14;0.501
2026-05-25 13:03:29;0.0
2026-05-25 13:03:44;2.159
2026-05-25 13:04:02;0.0
2026-05-25 13:04:15;1.414
2026-05-25 13:04:30;2.152
2026-05-25 13:04:46;0.0
2026-05-25 13:05:01;2.095
2026-05-25 13:05:16;0.001
2026-05-25 13:05:49;1.917
2026-05-25 13:06:41;0.0
2026-05-25 13:06:57;1.994
2026-05-25 13:07:12;1.271
2026-05-25 13:07:27;1.831
2026-05-25 13:07:43;1.989
2026-05-25 13:07:57;0.0
2026-05-25 13:08:13;1.196
2026-05-25 13:08:28;1.982
2026-05-25 13:08:44;0.0
2026-05-25 13:08:59;1.815
2026-05-25 13:09:15;0.001
2026-05-25 13:09:29;0.0
2026-05-25 13:09:45;0.0
2026-05-25 13:09:59;0.0
2026-05-25 13:10:15;0.001
2026-05-25 13:10:30;1.772
2026-05-25 13:10:45;1.584
2026-05-25 13:11:00;1.946
2026-05-25 13:11:16;1.948
2026-05-25 13:11:31;1.938
2026-05-25 13:11:46;0.0
2026-05-25 13:12:01;1.773
2026-05-25 13:12:17;1.914
2026-05-25 13:12:32;0.0
2026-05-25 13:12:47;0.0
2026-05-25 13:13:02;1.554
2026-05-25 13:13:18;1.887
2026-05-25 13:13:34;1.857
2026-05-25 13:13:48;1.856
2026-05-25 13:14:03;0.0
2026-05-25 13:14:19;0.0
2026-05-25 13:14:34;0.001
2026-05-25 13:14:49;1.844
2026-05-25 13:15:12;1.839
2026-05-25 13:15:20;0.0
2026-05-25 13:15:35;1.649
2026-05-25 13:15:54;0.638
2026-05-25 13:16:07;1.819
2026-05-25 13:16:21;0.0
2026-05-25 13:16:36;0.0
2026-05-25 13:16:51;0.0
2026-05-25 13:17:13;0.0
2026-05-25 13:17:22;1.678
2026-05-25 13:17:37;1.831
2026-05-25 13:17:52;0.0
2026-05-25 13:18:07;1.685
2026-05-25 13:18:26;1.839
2026-05-25 13:18:41;0.0
2026-05-25 13:18:56;1.842
2026-05-25 13:19:12;1.839
2026-05-25 13:19:27;0.0
2026-05-25 13:19:39;1.687
2026-05-25 13:19:55;1.847
2026-05-25 13:20:10;1.701
2026-05-25 13:20:26;0.0
2026-05-25 13:20:40;1.868
2026-05-25 13:20:56;0.813
2026-05-25 13:21:23;1.713
2026-05-25 13:21:27;1.844
2026-05-25 13:21:46;0.0
2026-05-25 13:22:00;0.0
2026-05-25 13:22:14;0.0
2026-05-25 13:22:53;0.0
2026-05-25 13:22:53;1.673
2026-05-25 13:23:00;1.826
2026-05-25 13:23:18;1.816
2026-05-25 13:23:34;1.819
2026-05-25 13:23:50;1.66
2026-05-25 13:24:02;1.82
2026-05-25 13:24:18;1.825
2026-05-25 13:24:33;1.665
2026-05-25 13:24:51;1.821
2026-05-25 13:25:05;0.508
2026-05-25 13:25:20;1.804
2026-05-25 13:25:36;1.8
2026-05-25 13:25:51;0.0
2026-05-25 13:26:07;1.803
2026-05-25 13:26:22;1.646
2026-05-25 13:26:38;1.803
2026-05-25 13:26:54;1.82
2026-05-25 13:27:10;0.0
2026-05-25 13:27:25;1.662
2026-05-25 13:27:40;0.001
2026-05-25 13:27:56;1.847
2026-05-25 13:28:12;1.665
2026-05-25 13:28:27;1.836
2026-05-25 13:28:43;1.654
2026-05-25 13:28:58;1.809
2026-05-25 13:29:14;1.804
2026-05-25 13:29:29;1.802
2026-05-25 13:29:45;0.001
2026-05-25 13:30:00;0.001
2026-05-25 13:30:16;1.774
2026-05-25 13:30:32;0.0
2026-05-25 13:30:47;1.6
2026-05-25 13:31:03;1.754
2026-05-25 13:31:18;1.588
2026-05-25 13:31:34;0.0
2026-05-25 13:31:49;1.621
2026-05-25 13:32:05;1.735
2026-05-25 13:32:20;0.0
2026-05-25 13:32:36;1.738
2026-05-25 13:32:52;1.741
2026-05-25 13:33:07;1.759
2026-05-25 13:33:23;1.614
2026-05-25 13:33:38;1.67
2026-05-25 13:33:54;1.752
2026-05-25 13:34:10;0.0
2026-05-25 13:34:25;1.778
2026-05-25 13:34:41;0.2
2026-05-25 13:34:56;1.753
2026-05-25 13:35:12;0.0
2026-05-25 13:35:28;0.0
2026-05-25 13:35:43;0.0
2026-05-25 13:35:59;1.753
2026-05-25 13:36:14;0.0
2026-05-25 13:36:30;1.781
2026-05-25 13:36:45;0.013
2026-05-25 13:37:01;1.726
2026-05-25 13:37:17;0.0
2026-05-25 13:37:32;0.843
2026-05-25 13:37:48;1.648
2026-05-25 13:38:03;1.5
2026-05-25 13:38:19;0.514
2026-05-25 13:38:34;0.568
2026-05-25 13:38:50;0.531
2026-05-25 13:39:06;0.624
2026-05-25 13:39:20;0.587
2026-05-25 13:39:35;0.444
2026-05-25 13:39:51;1.841
2026-05-25 13:40:06;1.676
2026-05-25 13:40:21;0.0
2026-05-25 13:40:36;1.801
2026-05-25 13:40:52;0.004
2026-05-25 13:41:07;1.661
2026-05-25 13:41:23;1.792
2026-05-25 13:41:37;1.792
2026-05-25 13:41:53;0.408
2026-05-25 13:42:08;1.79
2026-05-25 13:42:24;1.786
2026-05-25 13:42:39;1.651
2026-05-25 13:42:54;1.121
2026-05-25 13:43:15;1.793
2026-05-25 13:43:25;1.537
2026-05-25 13:44:10;1.779
2026-05-25 13:44:25;1.768
2026-05-25 13:44:41;0.0
2026-05-25 13:44:58;1.589
2026-05-25 13:45:13;1.708
2026-05-25 13:45:28;0.315
2026-05-25 13:45:47;1.726
2026-05-25 13:45:59;1.723
2026-05-25 13:46:15;0.348
2026-05-25 13:46:31;1.718
2026-05-25 13:46:46;1.742
2026-05-25 13:47:02;1.625
2026-05-25 13:47:17;1.607
2026-05-25 13:47:33;0.49
2026-05-25 13:47:48;0.504
2026-05-25 13:48:04;0.626
2026-05-25 13:48:20;0.883
2026-05-25 13:48:35;0.0
2026-05-25 13:48:50;1.12
2026-05-25 13:49:05;0.0
2026-05-25 13:49:20;0.854
2026-05-25 13:49:36;0.55
2026-05-25 13:49:51;0.468
2026-05-25 13:50:06;0.437
2026-05-25 13:50:21;0.416
2026-05-25 13:50:37;0.404
2026-05-25 13:50:52;0.397
2026-05-25 13:51:07;0.385
2026-05-25 13:51:22;0.371
2026-05-25 13:51:38;0.365
2026-05-25 13:51:53;0.375
2026-05-25 13:52:08;0.452
2026-05-25 13:52:23;1.344
2026-05-25 13:52:39;0.388
2026-05-25 13:52:54;0.316
2026-05-25 13:53:09;0.284
2026-05-25 13:53:24;0.262
2026-05-25 13:53:40;0.25
2026-05-25 13:53:55;0.237
2026-05-25 13:54:13;0.234
2026-05-25 13:54:26;0.235
2026-05-25 13:54:43;0.237
2026-05-25 13:54:57;0.236
2026-05-25 13:55:12;0.24
2026-05-25 13:55:27;0.244
2026-05-25 13:55:42;0.247
2026-05-25 13:55:57;0.255
2026-05-25 13:56:13;0.261
2026-05-25 13:56:28;0.271
2026-05-25 13:56:44;0.281
2026-05-25 13:56:59;0.313
2026-05-25 13:57:14;0.366
2026-05-25 13:57:29;0.401
2026-05-25 13:57:45;0.595
2026-05-25 13:58:00;0.0
2026-05-25 13:58:16;1.736
2026-05-25 13:58:31;1.835
2026-05-25 13:58:46;1.441
2026-05-25 13:59:01;0.0
2026-05-25 13:59:18;1.643
2026-05-25 13:59:32;1.811
2026-05-25 13:59:47;0.0
2026-05-25 14:00:02;1.798
2026-05-25 14:00:18;0.0
2026-05-25 14:00:33;0.0
2026-05-25 14:00:49;0.0
2026-05-25 14:01:04;0.0
2026-05-25 14:01:19;1.686
2026-05-25 14:01:34;1.777
2026-05-25 14:01:50;1.729
2026-05-25 14:02:05;0.001
2026-05-25 14:02:20;0.0
2026-05-25 14:02:35;0.0
2026-05-25 14:02:51;0.0
2026-05-25 14:03:06;0.879
2026-05-25 14:03:22;0.36
2026-05-25 14:03:37;0.389
2026-05-25 14:03:52;0.0
2026-05-25 14:04:07;1.263
2026-05-25 14:04:23;0.354
2026-05-25 14:04:38;0.35
2026-05-25 14:04:53;0.421
2026-05-25 14:05:08;0.717
2026-05-25 14:05:24;1.783
2026-05-25 14:05:39;1.802
2026-05-25 14:05:54;1.684
2026-05-25 14:06:09;0.0
2026-05-25 14:06:25;1.669
2026-05-25 14:06:40;1.771
2026-05-25 14:06:55;1.761
2026-05-25 14:07:11;1.634
2026-05-25 14:07:26;0.0
2026-05-25 14:07:41;0.0
2026-05-25 14:07:57;1.039
2026-05-25 14:08:12;1.729
2026-05-25 14:08:27;0.83
2026-05-25 14:08:42;0.868
2026-05-25 14:08:58;0.598
2026-05-25 14:09:13;1.676
2026-05-25 14:09:28;1.779
2026-05-25 14:09:43;0.664
2026-05-25 14:09:59;1.164
2026-05-25 14:10:14;1.203
2026-05-25 14:10:29;0.0
2026-05-25 14:10:44;0.819
2026-05-25 14:11:00;0.459
2026-05-25 14:11:15;0.512
2026-05-25 14:11:30;0.53
2026-05-25 14:11:45;0.491
2026-05-25 14:12:01;0.491
2026-05-25 14:12:16;1.692
2026-05-25 14:12:32;0.0
2026-05-25 14:12:50;1.322
2026-05-25 14:13:02;0.598
2026-05-25 14:13:17;0.371
2026-05-25 14:13:33;0.382
2026-05-25 14:13:48;0.317
2026-05-25 14:14:03;0.35
2026-05-25 14:14:18;1.541
2026-05-25 14:14:34;1.714
2026-05-25 14:14:49;0.0
2026-05-25 14:15:04;0.0
2026-05-25 14:15:19;1.641
2026-05-25 14:15:35;1.635
2026-05-25 14:15:50;0.0
2026-05-25 14:16:06;0.0
2026-05-25 14:16:21;0.0
2026-05-25 14:16:36;0.0
2026-05-25 14:16:51;1.582
2026-05-25 14:17:07;1.494
2026-05-25 14:17:22;1.589
2026-05-25 14:17:37;0.0
2026-05-25 14:17:53;1.475
2026-05-25 14:18:08;0.0
2026-05-25 14:18:23;1.577
2026-05-25 14:18:38;0.0
2026-05-25 14:18:53;0.0
2026-05-25 14:19:09;0.0
2026-05-25 14:19:24;0.0
2026-05-25 14:19:39;1.569
2026-05-25 14:19:54;0.199
2026-05-25 14:20:10;0.881
2026-05-25 14:20:25;1.55
2026-05-25 14:20:41;0.0
2026-05-25 14:20:56;1.427
2026-05-25 14:21:11;0.0
2026-05-25 14:21:27;0.0
2026-05-25 14:21:42;1.537
2026-05-25 14:21:57;1.388
2026-05-25 14:22:12;1.42
2026-05-25 14:22:27;1.528
2026-05-25 14:22:43;0.001
2026-05-25 14:22:58;0.001
2026-05-25 14:23:13;0.0
2026-05-25 14:23:28;1.391
2026-05-25 14:23:44;0.001
2026-05-25 14:23:59;1.514
2026-05-25 14:24:14;0.001
2026-05-25 14:24:30;0.0
2026-05-25 14:24:45;1.264
2026-05-25 14:25:00;0.0
2026-05-25 14:25:15;0.743
2026-05-25 14:25:30;0.0
2026-05-25 14:25:46;1.292
2026-05-25 14:26:01;1.388
2026-05-25 14:26:16;0.822
2026-05-25 14:26:31;1.39
2026-05-25 14:26:47;0.0
2026-05-25 14:27:02;1.504
2026-05-25 14:27:17;0.0
2026-05-25 14:27:37;0.0
2026-05-25 14:27:48;1.52
2026-05-25 14:28:03;0.0
2026-05-25 14:28:24;1.513
2026-05-25 14:28:34;1.402
2026-05-25 14:28:49;0.0
2026-05-25 14:29:06;0.0
2026-05-25 14:29:20;0.0
2026-05-25 14:29:35;0.0
2026-05-25 14:29:50;1.399
2026-05-25 14:30:05;1.5
2026-05-25 14:30:21;0.0
2026-05-25 14:30:36;0.0
2026-05-25 14:30:51;1.492
2026-05-25 14:31:06;1.494
2026-05-25 14:31:22;0.831
2026-05-25 14:31:37;0.831
2026-05-25 14:31:52;1.285
2026-05-25 14:32:07;0.0
2026-05-25 14:32:23;0.0
2026-05-25 14:32:38;0.0
2026-05-25 14:32:54;1.504
2026-05-25 14:33:08;0.0
2026-05-25 14:33:24;1.508
2026-05-25 14:33:39;1.395
2026-05-25 14:33:55;0.0
2026-05-25 14:34:10;1.518
2026-05-25 14:34:25;0.0
2026-05-25 14:34:40;0.0
2026-05-25 14:34:56;0.0
2026-05-25 14:35:11;1.513
2026-05-25 14:35:26;1.519
2026-05-25 14:35:41;1.433
2026-05-25 14:35:57;0.0
2026-05-25 14:36:12;0.0
2026-05-25 14:36:29;0.0
2026-05-25 14:36:42;0.0
2026-05-25 14:36:58;1.408
2026-05-25 14:37:13;1.521
2026-05-25 14:37:28;1.519
2026-05-25 14:37:43;0.0
2026-05-25 14:37:59;1.488
2026-05-25 14:38:14;0.403
2026-05-25 14:38:29;1.455
2026-05-25 14:38:44;0.0
2026-05-25 14:39:00;1.386
2026-05-25 14:39:15;1.412
2026-05-25 14:39:30;0.883
2026-05-25 14:39:45;0.499
2026-05-25 14:40:01;0.228
2026-05-25 14:40:16;0.214
2026-05-25 14:40:31;0.221
2026-05-25 14:40:46;0.254
2026-05-25 14:41:02;0.617
2026-05-25 14:41:17;1.189
2026-05-25 14:41:33;0.65
2026-05-25 14:41:48;0.164
2026-05-25 14:42:03;0.148
2026-05-25 14:42:18;0.142
2026-05-25 14:42:34;0.143
2026-05-25 14:42:49;0.151
2026-05-25 14:43:04;0.157
2026-05-25 14:43:19;0.166
2026-05-25 14:43:35;0.183
2026-05-25 14:43:50;0.203
2026-05-25 14:44:06;0.223
2026-05-25 14:44:21;0.256
2026-05-25 14:44:36;0.301
2026-05-25 14:44:51;0.0
2026-05-25 14:45:07;1.143
2026-05-25 14:45:22;0.0
2026-05-25 14:45:38;0.001
2026-05-25 14:45:52;0.0
2026-05-25 14:46:10;0.876
2026-05-25 14:46:23;1.52
2026-05-25 14:46:39;1.444
2026-05-25 14:46:54;0.0
2026-05-25 14:47:09;1.427
2026-05-25 14:47:24;1.485
2026-05-25 14:47:40;0.048
2026-05-25 14:48:10;0.0
2026-05-25 14:48:26;0.021
2026-05-25 14:48:41;1.481
2026-05-25 14:48:57;0.0
2026-05-25 14:49:12;1.476
2026-05-25 14:49:27;0.0
2026-05-25 14:49:42;0.0
2026-05-25 14:49:58;1.469
2026-05-25 14:50:13;1.431
2026-05-25 14:50:28;0.0
2026-05-25 14:50:43;0.0
2026-05-25 14:50:59;1.349
2026-05-25 14:51:14;0.9
2026-05-25 14:51:30;0.0
2026-05-25 14:51:45;1.423
2026-05-25 14:52:00;1.413
2026-05-25 14:52:15;1.405
2026-05-25 14:52:31;0.0
2026-05-25 14:52:46;1.304
2026-05-25 14:53:01;1.386
2026-05-25 14:53:16;0.001
2026-05-25 14:53:32;0.0
2026-05-25 14:53:47;0.0
2026-05-25 14:54:03;1.273
2026-05-25 14:54:17;0.0
2026-05-25 14:54:33;1.265
2026-05-25 14:54:48;1.353
2026-05-25 14:55:03;1.357
2026-05-25 14:55:18;0.626
2026-05-25 14:55:34;1.359
2026-05-25 14:55:49;0.0
2026-05-25 14:56:05;0.0
2026-05-25 14:56:20;1.36
2026-05-25 14:56:36;0.0
2026-05-25 14:56:50;1.363
2026-05-25 14:57:06;0.0
2026-05-25 14:57:21;1.371
2026-05-25 14:57:36;0.0
2026-05-25 14:57:51;1.382
2026-05-25 14:58:07;0.0
2026-05-25 14:58:22;0.0
2026-05-25 14:58:37;0.0
2026-05-25 14:58:52;0.0
2026-05-25 14:59:08;0.005
2026-05-25 14:59:23;0.0
2026-05-25 14:59:39;0.0
2026-05-25 14:59:54;0.0
2026-05-25 15:00:09;0.0
2026-05-25 15:00:24;0.0
2026-05-25 15:00:40;1.437
2026-05-25 15:00:55;0.0
2026-05-25 15:01:10;1.095
2026-05-25 15:01:25;0.0
2026-05-25 15:01:41;0.0
2026-05-25 15:01:56;1.32
2026-05-25 15:02:11;0.0
2026-05-25 15:02:27;1.416
2026-05-25 15:02:42;1.413
2026-05-25 15:02:57;0.0
2026-05-25 15:03:13;0.0
2026-05-25 15:03:27;0.0
2026-05-25 15:03:43;1.302
2026-05-25 15:03:58;0.001
2026-05-25 15:04:14;0.0
2026-05-25 15:04:29;0.0
2026-05-25 15:04:44;0.0
2026-05-25 15:04:59;1.413
2026-05-25 15:05:15;0.0
2026-05-25 15:05:30;0.0
2026-05-25 15:05:45;1.059
2026-05-25 15:06:00;1.425
2026-05-25 15:06:16;0.0
2026-05-25 15:06:31;1.423
2026-05-25 15:06:46;1.313
2026-05-25 15:07:01;0.0
2026-05-25 15:07:17;0.0
2026-05-25 15:07:32;0.409
2026-05-25 15:07:47;0.0
2026-05-25 15:08:03;0.005
2026-05-25 15:08:18;1.253
2026-05-25 15:08:33;0.0
2026-05-25 15:08:48;1.188
2026-05-25 15:09:03;1.342
2026-05-25 15:09:19;0.001
2026-05-25 15:09:34;0.0
2026-05-25 15:09:49;1.335
2026-05-25 15:10:04;0.0
2026-05-25 15:10:20;0.823
2026-05-25 15:10:35;1.245
2026-05-25 15:10:50;1.347
2026-05-25 15:11:05;0.533
2026-05-25 15:11:21;1.347
2026-05-25 15:11:36;0.0
2026-05-25 15:11:51;1.345
2026-05-25 15:12:06;1.341
2026-05-25 15:12:22;0.0
2026-05-25 15:12:37;1.338
2026-05-25 15:12:52;1.234
2026-05-25 15:13:07;0.0
2026-05-25 15:13:23;1.294
2026-05-25 15:13:38;1.308
2026-05-25 15:13:53;1.308
2026-05-25 15:14:08;0.0
2026-05-25 15:14:24;0.0
2026-05-25 15:14:39;0.0
2026-05-25 15:14:54;1.275
2026-05-25 15:15:09;1.27
2026-05-25 15:15:25;0.0
2026-05-25 15:15:40;0.001
2026-05-25 15:15:55;0.0
2026-05-25 15:16:10;1.172
2026-05-25 15:16:26;0.752
2026-05-25 15:16:41;1.272
2026-05-25 15:16:57;0.0
2026-05-25 15:17:12;0.0
2026-05-25 15:17:27;1.248
2026-05-25 15:17:42;0.837
2026-05-25 15:17:58;1.224
2026-05-25 15:18:13;1.214
2026-05-25 15:18:28;0.0
2026-05-25 15:18:43;1.039
2026-05-25 15:18:59;1.107
2026-05-25 15:19:14;0.0
2026-05-25 15:19:29;1.099
2026-05-25 15:19:45;1.08
2026-05-25 15:20:00;0.0
2026-05-25 15:20:15;1.078
2026-05-25 15:20:31;0.0
2026-05-25 15:20:46;0.315
2026-05-25 15:21:01;1.177
2026-05-25 15:21:16;0.0
2026-05-25 15:21:32;0.0
2026-05-25 15:21:47;0.001
2026-05-25 15:22:02;1.097
2026-05-25 15:22:17;1.166
2026-05-25 15:22:33;0.0
2026-05-25 15:22:48;1.16
2026-05-25 15:23:03;0.008
2026-05-25 15:23:18;1.164
2026-05-25 15:23:34;0.0
2026-05-25 15:23:49;0.001
2026-05-25 15:24:04;1.187
2026-05-25 15:24:19;1.102
2026-05-25 15:24:35;0.335
2026-05-25 15:24:50;0.265
2026-05-25 15:25:06;0.274
2026-05-25 15:25:21;0.361
2026-05-25 15:25:36;0.0
2026-05-25 15:25:51;0.0
2026-05-25 15:26:07;0.0
2026-05-25 15:26:22;0.84
2026-05-25 15:26:38;0.725
2026-05-25 15:26:53;0.001
2026-05-25 15:27:08;0.652
2026-05-25 15:27:23;0.0
2026-05-25 15:27:39;0.0
2026-05-25 15:27:54;1.059
2026-05-25 15:28:09;1.064
2026-05-25 15:28:24;0.0
2026-05-25 15:28:40;1.135
2026-05-25 15:28:55;1.142
2026-05-25 15:29:11;0.003
2026-05-25 15:29:25;0.56
2026-05-25 15:29:41;0.0
2026-05-25 15:29:56;1.141
2026-05-25 15:30:12;0.0
2026-05-25 15:30:27;0.0
2026-05-25 15:30:42;1.06
2026-05-25 15:30:57;0.88
2026-05-25 15:31:13;1.149
2026-05-25 15:31:28;0.0
2026-05-25 15:31:44;0.001
2026-05-25 15:31:58;0.0
2026-05-25 15:32:14;1.069
2026-05-25 15:32:29;1.104
2026-05-25 15:32:45;1.128
2026-05-25 15:33:00;0.0
2026-05-25 15:33:15;0.0
2026-05-25 15:33:30;0.0
2026-05-25 15:33:46;1.13
2026-05-25 15:34:01;1.127
2026-05-25 15:34:17;1.117
2026-05-25 15:34:32;0.0
2026-05-25 15:34:49;1.035
2026-05-25 15:35:02;0.0
2026-05-25 15:35:18;1.025
2026-05-25 15:35:33;0.0
2026-05-25 15:35:48;0.456
2026-05-25 15:36:03;0.859
2026-05-25 15:36:19;0.662
2026-05-25 15:36:34;0.0
2026-05-25 15:36:50;0.001
2026-05-25 15:37:05;1.058
2026-05-25 15:37:20;0.285
2026-05-25 15:37:35;0.196
2026-05-25 15:37:51;0.199
2026-05-25 15:38:06;0.181
2026-05-25 15:38:21;0.253
2026-05-25 15:38:37;0.671
2026-05-25 15:38:52;1.016
2026-05-25 15:39:07;0.996
2026-05-25 15:39:23;0.987
2026-05-25 15:39:38;0.983
2026-05-25 15:39:53;0.928
2026-05-25 15:40:08;0.974
2026-05-25 15:40:24;0.207
2026-05-25 15:40:39;0.152
2026-05-25 15:40:55;0.127
2026-05-25 15:41:09;0.126
2026-05-25 15:41:25;0.133
2026-05-25 15:41:40;0.137
2026-05-25 15:41:56;0.125
2026-05-25 15:42:11;0.12
2026-05-25 15:42:26;0.111
2026-05-25 15:42:42;0.103
2026-05-25 15:42:57;0.1
2026-05-25 15:43:12;0.098
2026-05-25 15:43:28;0.1
2026-05-25 15:43:43;0.103
2026-05-25 15:43:58;0.106
2026-05-25 15:44:14;0.111
2026-05-25 15:44:29;0.116
2026-05-25 15:44:43;0.125
2026-05-25 15:44:58;0.134
2026-05-25 15:45:13;0.145
2026-05-25 15:45:28;0.16
2026-05-25 15:45:43;0.193
2026-05-25 15:45:58;0.259
2026-05-25 15:46:13;0.257
2026-05-25 15:46:28;0.896
2026-05-25 15:46:43;0.842
2026-05-25 15:46:59;0.185
2026-05-25 15:47:14;0.152
2026-05-25 15:47:29;0.147
2026-05-25 15:47:43;0.148
2026-05-25 15:47:59;0.29
2026-05-25 15:48:13;0.892
2026-05-25 15:48:28;0.887
2026-05-25 15:48:43;0.88
2026-05-25 15:48:59;0.0
2026-05-25 15:49:14;0.874
2026-05-25 15:49:29;0.0
2026-05-25 15:49:43;0.868
2026-05-25 15:49:58;0.841
2026-05-25 15:50:13;0.0
2026-05-25 15:50:29;0.0
2026-05-25 15:50:43;0.526
2026-05-25 15:50:58;0.864
2026-05-25 15:51:13;0.875
2026-05-25 15:51:29;0.0
2026-05-25 15:51:44;0.367
2026-05-25 15:51:59;0.71
2026-05-25 15:52:14;0.221
2026-05-25 15:52:28;0.167
2026-05-25 15:52:44;0.5
2026-05-25 15:52:58;0.0
2026-05-25 15:53:14;0.832
2026-05-25 15:53:29;0.818
2026-05-25 15:53:44;0.001
2026-05-25 15:53:58;0.829
2026-05-25 15:54:14;0.826
2026-05-25 15:54:29;0.804
2026-05-25 15:54:44;0.001
2026-05-25 15:54:59;0.822
2026-05-25 15:55:14;0.818
2026-05-25 15:55:30;0.0
2026-05-25 15:55:45;0.146
2026-05-25 15:56:00;0.145
2026-05-25 15:56:15;0.153
2026-05-25 15:56:31;0.175
2026-05-25 15:56:47;0.266
2026-05-25 15:57:01;0.185
2026-05-25 15:57:17;0.462
2026-05-25 15:57:31;0.777
2026-05-25 15:57:46;0.786
2026-05-25 15:58:01;0.558
2026-05-25 15:58:16;0.79
2026-05-25 15:58:31;0.78
2026-05-25 15:58:46;0.771
2026-05-25 15:59:01;0.751
2026-05-25 15:59:16;0.758
2026-05-25 15:59:32;0.0
2026-05-25 15:59:47;0.734
2026-05-25 16:00:03;0.0
2026-05-25 16:00:18;0.0
2026-05-25 16:00:33;0.738
2026-05-25 16:00:48;0.0
2026-05-25 16:01:04;0.728
2026-05-25 16:01:19;0.138
2026-05-25 16:01:34;0.134
2026-05-25 16:01:49;0.145
2026-05-25 16:02:05;0.647
2026-05-25 16:02:19;0.001
2026-05-25 16:02:35;0.758
2026-05-25 16:02:49;0.0
2026-05-25 16:03:05;0.085
2026-05-25 16:03:20;0.75
2026-05-25 16:03:35;0.498
2026-05-25 16:03:50;0.315
2026-05-25 16:04:05;0.25
2026-05-25 16:04:20;0.544
2026-05-25 16:04:35;0.677
2026-05-25 16:04:50;0.717
2026-05-25 16:05:05;0.722
2026-05-25 16:05:20;0.232
2026-05-25 16:05:35;0.218
2026-05-25 16:05:50;0.221
2026-05-25 16:06:05;0.656
2026-05-25 16:06:20;0.0
2026-05-25 16:06:35;0.715
2026-05-25 16:06:50;0.0
2026-05-25 16:07:05;0.712
2026-05-25 16:07:20;0.714
2026-05-25 16:07:35;0.562
2026-05-25 16:07:50;0.668
2026-05-25 16:08:05;0.0
2026-05-25 16:08:21;0.728
2026-05-25 16:08:36;0.001
2026-05-25 16:08:52;0.018
2026-05-25 16:09:07;0.0
2026-05-25 16:09:22;0.0
2026-05-25 16:09:37;0.708
2026-05-25 16:09:53;0.707
2026-05-25 16:10:08;0.704
2026-05-25 16:10:24;0.0
2026-05-25 16:10:39;0.689
2026-05-25 16:10:54;0.655
2026-05-25 16:11:09;0.663
2026-05-25 16:11:25;0.692
2026-05-25 16:11:40;0.262
2026-05-25 16:11:56;0.7
2026-05-25 16:12:11;0.7
2026-05-25 16:12:26;0.697
2026-05-25 16:12:41;0.685
2026-05-25 16:12:57;0.0
2026-05-25 16:13:12;0.665
2026-05-25 16:13:28;0.246
2026-05-25 16:13:42;0.129
2026-05-25 16:13:58;0.643
2026-05-25 16:14:13;0.178
2026-05-25 16:14:29;0.64
2026-05-25 16:14:54;0.633
2026-05-25 16:14:59;0.445
2026-05-25 16:15:14;0.506
2026-05-25 16:15:29;0.355
2026-05-25 16:15:45;0.179
2026-05-25 16:16:00;0.491
2026-05-25 16:16:16;0.422
2026-05-25 16:16:30;0.0
2026-05-25 16:16:45;0.36
2026-05-25 16:17:00;0.267
2026-05-25 16:17:15;0.347
2026-05-25 16:17:30;0.512
2026-05-25 16:17:45;0.59
2026-05-25 16:18:00;0.0
2026-05-25 16:18:15;0.599
2026-05-25 16:18:30;0.591
2026-05-25 16:18:45;0.0
2026-05-25 16:19:00;0.546
2026-05-25 16:19:15;0.257
2026-05-25 16:19:30;0.568
2026-05-25 16:19:45;0.1
2026-05-25 16:20:02;0.568
2026-05-25 16:20:15;0.0
2026-05-25 16:20:30;0.327
2026-05-25 16:20:45;0.552
2026-05-25 16:21:00;0.0
2026-05-25 16:21:16;0.54
2026-05-25 16:21:30;0.539
2026-05-25 16:21:45;0.534
2026-05-25 16:22:00;0.0
2026-05-25 16:22:15;0.539
2026-05-25 16:22:30;0.538
2026-05-25 16:22:45;0.404
2026-05-25 16:23:00;0.217
2026-05-25 16:23:15;0.385
2026-05-25 16:23:30;0.503
2026-05-25 16:23:45;0.511
2026-05-25 16:24:00;0.001
2026-05-25 16:24:15;0.521
2026-05-25 16:24:30;0.507
2026-05-25 16:24:45;0.456