Timestamp;Power
2026-05-06 08:56:17;0.01
2026-05-06 08:56:32;0.0
2026-05-06 08:56:47;0.0
2026-05-06 08:57:02;0.0
2026-05-06 08:57:17;0.01
2026-05-06 08:57:32;2.22
2026-05-06 08:57:47;0.0
2026-05-06 08:58:02;0.0
2026-05-06 08:58:18;0.0
2026-05-06 08:58:33;0.0
2026-05-06 08:58:48;0.0
2026-05-06 08:59:03;0.0
2026-05-06 08:59:18;0.01
2026-05-06 08:59:33;0.0
2026-05-06 08:59:48;0.0
2026-05-06 09:00:03;0.0
2026-05-06 09:10:43;0.01
2026-05-06 09:10:58;0.02
2026-05-06 09:11:13;0.02
2026-05-06 09:11:28;2.54
2026-05-06 09:11:43;0.02
2026-05-06 09:11:58;2.42
2026-05-06 09:12:13;0.02
2026-05-06 09:12:28;0.01
2026-05-06 09:12:44;2.36
2026-05-06 09:12:58;0.01
2026-05-06 09:13:13;0.01
2026-05-06 09:13:28;0.01
2026-05-06 09:13:43;0.02
2026-05-06 09:13:58;0.01
2026-05-06 09:14:14;1.7
2026-05-06 09:14:29;0.02
2026-05-06 09:14:44;1.61
2026-05-06 09:14:59;0.01
2026-05-06 09:15:14;1.56
2026-05-06 09:15:29;1.48
2026-05-06 09:15:44;0.02
2026-05-06 09:15:59;0.01
2026-05-06 09:16:14;1.59
2026-05-06 09:16:29;0.01
2026-05-06 09:16:44;0.01
2026-05-06 09:16:59;0.01
2026-05-06 09:17:14;2.29
2026-05-06 09:17:29;2.44
2026-05-06 09:17:44;2.6
2026-05-06 09:18:00;0.02
2026-05-06 09:18:14;0.01
2026-05-06 09:18:29;0.01
2026-05-06 09:18:44;3.38
2026-05-06 09:18:59;0.02
2026-05-06 09:19:14;3.48
2026-05-06 09:19:30;3.82
2026-05-06 09:19:45;0.01
2026-05-06 09:20:00;0.01
2026-05-06 09:20:15;0.01
2026-05-06 09:20:30;0.01
2026-05-06 09:20:45;0.01
2026-05-06 09:21:00;0.02
2026-05-06 09:21:15;0.02
2026-05-06 09:21:30;3.84
2026-05-06 09:21:45;3.7
2026-05-06 09:22:00;0.01
2026-05-06 09:22:15;0.02
2026-05-06 09:22:30;0.01
2026-05-06 09:22:45;0.01
2026-05-06 09:23:00;0.02
2026-05-06 09:23:16;0.02
2026-05-06 09:23:30;3.48
2026-05-06 09:23:45;0.01
2026-05-06 09:24:00;0.01
2026-05-06 09:24:15;0.01
2026-05-06 09:24:31;0.01
2026-05-06 09:24:46;0.01
2026-05-06 09:25:01;0.01
2026-05-06 09:25:16;0.01
2026-05-06 09:25:31;0.02
2026-05-06 09:25:46;0.01
2026-05-06 09:26:01;0.02
2026-05-06 09:26:16;3.4
2026-05-06 09:26:31;3.67
2026-05-06 09:26:46;0.02
2026-05-06 09:27:01;0.01
2026-05-06 09:27:16;0.01
2026-05-06 09:27:31;0.02
2026-05-06 09:27:46;3.58
2026-05-06 09:28:02;2.63
2026-05-06 09:28:16;4.64
2026-05-06 09:28:31;0.02
2026-05-06 09:28:46;0.02
2026-05-06 09:29:01;0.01
2026-05-06 09:29:16;0.01
2026-05-06 09:29:31;0.01
2026-05-06 09:29:46;4.08
2026-05-06 09:30:01;0.02
2026-05-06 09:30:16;0.02
2026-05-06 09:30:31;0.01
2026-05-06 09:30:47;0.01
2026-05-06 09:31:02;4.46
2026-05-06 09:31:17;0.02
2026-05-06 09:31:32;0.02
2026-05-06 09:31:47;0.01
2026-05-06 09:32:02;0.02
2026-05-06 09:32:17;0.01
2026-05-06 09:32:33;4.23
2026-05-06 09:32:47;0.02
2026-05-06 09:33:02;1.64
2026-05-06 09:33:17;0.01
2026-05-06 09:33:32;0.01
2026-05-06 09:33:47;0.01
2026-05-06 09:34:02;0.01
2026-05-06 09:34:17;0.01
2026-05-06 09:34:32;0.01
2026-05-06 09:34:47;1.35
2026-05-06 09:35:02;1.39
2026-05-06 09:35:17;0.01
2026-05-06 09:35:32;0.01
2026-05-06 09:35:47;1.6
2026-05-06 09:36:02;0.01
2026-05-06 09:36:17;0.01
2026-05-06 09:36:32;0.01
2026-05-06 09:36:48;2.46
2026-05-06 09:37:02;0.01
2026-05-06 09:37:17;0.01
2026-05-06 09:37:32;2.11
2026-05-06 09:37:47;0.02
2026-05-06 09:38:02;1.7
2026-05-06 09:38:17;0.01
2026-05-06 09:38:32;1.58
2026-05-06 09:38:47;1.49
2026-05-06 09:39:02;1.42
2026-05-06 09:39:17;0.01
2026-05-06 09:39:32;0.01
2026-05-06 09:39:47;0.01
2026-05-06 09:40:02;0.01
2026-05-06 09:40:17;0.01
2026-05-06 09:40:32;0.01
2026-05-06 09:40:48;0.01
2026-05-06 09:41:02;1.33
2026-05-06 09:41:18;1.32
2026-05-06 09:41:33;0.01
2026-05-06 09:41:48;0.01
2026-05-06 09:42:03;0.01
2026-05-06 09:42:18;0.02
2026-05-06 09:42:33;1.24
2026-05-06 09:42:48;1.27
2026-05-06 09:43:03;1.31
2026-05-06 09:43:18;1.36
2026-05-06 09:43:33;1.39
2026-05-06 09:43:48;1.44
2026-05-06 09:44:03;1.5
2026-05-06 09:44:18;1.57
2026-05-06 09:44:33;0.01
2026-05-06 09:44:48;2.48
2026-05-06 09:45:03;0.02
2026-05-06 09:45:18;0.02
2026-05-06 09:45:33;0.02
2026-05-06 09:45:48;0.02
2026-05-06 09:46:04;0.02
2026-05-06 09:46:19;0.02
2026-05-06 09:46:34;0.02
2026-05-06 09:46:48;0.01
2026-05-06 09:47:04;0.02
2026-05-06 09:47:19;0.01
2026-05-06 09:47:34;0.02
2026-05-06 09:47:49;0.01
2026-05-06 09:48:04;0.02
2026-05-06 09:48:19;0.02
2026-05-06 09:48:34;0.01
2026-05-06 09:48:49;5.06
2026-05-06 09:49:04;0.01
2026-05-06 09:49:19;0.01
2026-05-06 09:49:34;0.02
2026-05-06 09:49:49;3.38
2026-05-06 09:50:04;0.01
2026-05-06 09:50:19;0.02
2026-05-06 09:50:34;0.01
2026-05-06 09:50:49;0.01
2026-05-06 09:51:04;0.01
2026-05-06 09:51:19;2.22
2026-05-06 09:51:34;0.01
2026-05-06 09:51:49;0.01
2026-05-06 09:52:04;1.96
2026-05-06 09:52:19;0.01
2026-05-06 09:52:34;0.01
2026-05-06 09:52:49;0.02
2026-05-06 09:53:04;0.01
2026-05-06 09:53:19;0.01
2026-05-06 09:53:34;0.02
2026-05-06 09:53:49;0.02
2026-05-06 09:54:04;5.04
2026-05-06 09:54:19;0.01
2026-05-06 09:54:34;0.01
2026-05-06 09:54:49;0.01
2026-05-06 09:55:04;0.01
2026-05-06 09:55:19;2.53
2026-05-06 09:55:34;0.02
2026-05-06 09:55:49;0.02
2026-05-06 09:56:07;4.64
2026-05-06 09:56:19;0.01
2026-05-06 09:56:34;0.01
2026-05-06 09:56:49;0.02
2026-05-06 09:57:04;0.02
2026-05-06 09:57:19;0.02
2026-05-06 09:57:34;4.85
2026-05-06 09:57:59;0.01
2026-05-06 09:58:04;0.01
2026-05-06 09:58:19;0.02
2026-05-06 09:58:35;0.02
2026-05-06 09:58:50;2.68
2026-05-06 09:59:05;0.01
2026-05-06 09:59:20;0.01
2026-05-06 09:59:35;0.01
2026-05-06 09:59:50;0.01
2026-05-06 10:00:05;0.01
2026-05-06 10:00:21;0.01
2026-05-06 10:00:36;0.01
2026-05-06 10:00:51;0.02
2026-05-06 10:01:06;5.13
2026-05-06 10:01:21;0.02
2026-05-06 10:01:36;0.02
2026-05-06 10:01:52;0.02
2026-05-06 10:02:07;0.02
2026-05-06 10:02:22;0.01
2026-05-06 10:02:37;0.02
2026-05-06 10:02:53;0.01
2026-05-06 10:03:08;0.01
2026-05-06 10:03:23;4.61
2026-05-06 10:03:39;0.02
2026-05-06 10:03:54;0.01
2026-05-06 10:04:09;0.02
2026-05-06 10:04:25;0.01
2026-05-06 10:04:40;0.02
2026-05-06 10:04:55;4.62
2026-05-06 10:05:11;4.55
2026-05-06 10:05:26;0.01
2026-05-06 10:05:41;0.01
2026-05-06 10:05:57;0.02
2026-05-06 10:06:12;0.02
2026-05-06 10:06:27;0.02
2026-05-06 10:06:42;0.01
2026-05-06 10:06:58;0.01
2026-05-06 10:07:13;0.01
2026-05-06 10:07:29;4.58
2026-05-06 10:07:44;0.01
2026-05-06 10:07:59;0.02
2026-05-06 10:08:14;0.01
2026-05-06 10:08:30;0.01
2026-05-06 10:08:45;0.02
2026-05-06 10:09:00;0.02
2026-05-06 10:09:15;0.01
2026-05-06 10:09:31;0.01
2026-05-06 10:09:46;0.01
2026-05-06 10:10:02;0.01
2026-05-06 10:10:17;0.01
2026-05-06 10:10:32;0.01
2026-05-06 10:10:47;0.02
2026-05-06 10:11:03;5.03
2026-05-06 10:11:18;0.01
2026-05-06 10:11:33;4.93
2026-05-06 10:11:48;0.02
2026-05-06 10:12:04;5.25
2026-05-06 10:12:19;5.21
2026-05-06 10:12:35;0.01
2026-05-06 10:12:50;5.13
2026-05-06 10:13:05;0.02
2026-05-06 10:13:20;0.02
2026-05-06 10:13:36;0.01
2026-05-06 10:13:51;0.02
2026-05-06 10:14:06;0.01
2026-05-06 10:14:21;0.01
2026-05-06 10:14:37;0.01
2026-05-06 10:14:52;4.26
2026-05-06 10:15:08;0.01
2026-05-06 10:15:23;5.26
2026-05-06 10:15:40;0.02
2026-05-06 10:15:53;4.78
2026-05-06 10:16:09;0.01
2026-05-06 10:16:24;0.01
2026-05-06 10:16:39;0.01
2026-05-06 10:16:55;0.01
2026-05-06 10:17:10;0.01
2026-05-06 10:17:25;0.01
2026-05-06 10:17:41;0.01
2026-05-06 10:17:56;0.01
2026-05-06 10:18:11;4.82
2026-05-06 10:18:26;0.02
2026-05-06 10:18:42;0.02
2026-05-06 10:18:57;0.02
2026-05-06 10:19:13;5.16
2026-05-06 10:19:28;1.98
2026-05-06 10:19:43;3.17
2026-05-06 10:19:59;0.01
2026-05-06 10:20:14;0.02
2026-05-06 10:20:29;0.02
2026-05-06 10:20:44;0.01
2026-05-06 10:21:00;0.01
2026-05-06 10:21:15;0.02
2026-05-06 10:21:30;0.01
2026-05-06 10:21:45;0.01
2026-05-06 10:22:01;0.02
2026-05-06 10:22:16;4.05
2026-05-06 10:22:31;0.01
2026-05-06 10:22:47;0.01
2026-05-06 10:23:02;0.01
2026-05-06 10:23:17;0.01
2026-05-06 10:23:33;0.01
2026-05-06 10:23:48;0.01
2026-05-06 10:24:03;0.01
2026-05-06 10:24:18;0.01
2026-05-06 10:24:34;0.02
2026-05-06 10:24:49;0.01
2026-05-06 10:25:04;0.01
2026-05-06 10:25:19;0.01
2026-05-06 10:25:35;0.01
2026-05-06 10:25:50;5.23
2026-05-06 10:26:20;3.82
2026-05-06 10:26:36;0.02
2026-05-06 10:26:52;3.0
2026-05-06 10:27:07;4.69
2026-05-06 10:27:22;0.01
2026-05-06 10:27:38;0.01
2026-05-06 10:27:53;0.02
2026-05-06 10:28:10;5.19
2026-05-06 10:28:23;0.01
2026-05-06 10:28:39;0.01
2026-05-06 10:28:54;0.01
2026-05-06 10:29:09;0.01
2026-05-06 10:29:24;0.01
2026-05-06 10:29:40;0.01
2026-05-06 10:29:55;0.01
2026-05-06 10:30:11;4.67
2026-05-06 10:30:26;0.01
2026-05-06 10:30:41;0.01
2026-05-06 10:30:56;0.01
2026-05-06 10:31:12;0.02
2026-05-06 10:31:27;0.02
2026-05-06 10:31:42;5.17
2026-05-06 10:31:57;0.01
2026-05-06 10:32:13;0.01
2026-05-06 10:32:28;4.21
2026-05-06 10:32:44;0.02
2026-05-06 10:32:59;0.01
2026-05-06 10:33:14;0.02
2026-05-06 10:33:29;0.01
2026-05-06 10:33:45;0.01
2026-05-06 10:34:00;2.31
2026-05-06 10:34:15;3.65
2026-05-06 10:34:30;0.01
2026-05-06 10:34:46;0.01
2026-05-06 10:35:01;0.01
2026-05-06 10:35:17;0.01
2026-05-06 10:35:32;5.21
2026-05-06 10:35:47;0.01
2026-05-06 10:36:02;4.65
2026-05-06 10:36:18;0.01
2026-05-06 10:36:33;0.01
2026-05-06 10:36:48;0.02
2026-05-06 10:37:04;0.01
2026-05-06 10:37:19;4.14
2026-05-06 10:37:34;4.87
2026-05-06 10:37:50;0.01
2026-05-06 10:38:05;0.01
2026-05-06 10:38:20;0.01
2026-05-06 10:38:35;0.02
2026-05-06 10:38:51;0.01
2026-05-06 10:39:06;0.02
2026-05-06 10:39:22;0.01
2026-05-06 10:39:37;4.76
2026-05-06 10:39:52;0.01
2026-05-06 10:40:07;0.01
2026-05-06 10:40:23;0.02
2026-05-06 10:40:38;0.01
2026-05-06 10:40:54;4.16
2026-05-06 10:41:09;0.01
2026-05-06 10:41:24;0.02
2026-05-06 10:41:39;0.02
2026-05-06 10:41:55;2.59
2026-05-06 10:42:10;0.02
2026-05-06 10:42:26;0.01
2026-05-06 10:42:41;0.01
2026-05-06 10:42:56;0.01
2026-05-06 10:43:11;2.48
2026-05-06 10:43:26;2.68
2026-05-06 10:43:41;2.77
2026-05-06 10:43:56;2.33
2026-05-06 10:44:11;0.01
2026-05-06 10:44:26;2.42
2026-05-06 10:44:41;0.01
2026-05-06 10:44:56;0.01
2026-05-06 10:45:11;2.44
2026-05-06 10:45:27;0.01
2026-05-06 10:45:41;0.01
2026-05-06 10:45:56;0.01
2026-05-06 10:46:11;0.02
2026-05-06 10:46:26;2.65
2026-05-06 10:46:41;2.64
2026-05-06 10:46:56;0.01
2026-05-06 10:47:11;2.41
2026-05-06 10:47:26;0.01
2026-05-06 10:47:41;0.02
2026-05-06 10:47:56;2.4
2026-05-06 10:48:11;2.42
2026-05-06 10:48:26;0.01
2026-05-06 10:48:41;0.01
2026-05-06 10:48:56;0.01
2026-05-06 10:49:11;0.01
2026-05-06 10:49:26;2.64
2026-05-06 10:49:41;2.54
2026-05-06 10:49:56;2.59
2026-05-06 10:50:12;2.7
2026-05-06 10:50:26;3.0
2026-05-06 10:50:41;0.01
2026-05-06 12:59:01;0.0
2026-05-06 12:59:16;0.0
2026-05-06 12:59:31;2.08
2026-05-06 12:59:46;0.01
2026-05-06 13:00:01;2.2
2026-05-06 13:00:16;0.01
2026-05-06 13:00:31;0.01
2026-05-06 13:00:46;2.57
2026-05-06 13:01:01;2.46
2026-05-06 13:01:16;0.02
2026-05-06 13:01:31;0.01
2026-05-06 13:01:46;2.75
2026-05-06 13:02:02;0.01
2026-05-06 13:02:30;0.01
2026-05-06 13:02:39;4.33
2026-05-06 13:04:14;0.02
2026-05-06 13:04:46;5.67
2026-05-06 13:05:02;5.4
2026-05-06 13:05:18;0.02
2026-05-06 13:05:32;0.02
2026-05-06 13:05:47;5.83
2026-05-06 13:06:03;5.44
2026-05-06 13:06:18;0.02
2026-05-06 13:06:34;0.02
2026-05-06 13:06:49;0.02
2026-05-06 13:07:04;0.01
2026-05-06 13:07:19;0.01
2026-05-06 13:07:35;0.01
2026-05-06 13:07:50;0.01
2026-05-06 13:08:05;0.02
2026-05-06 13:08:20;0.01
2026-05-06 13:08:36;0.02
2026-05-06 13:08:51;5.15
2026-05-06 13:09:07;5.79
2026-05-06 13:09:22;0.01
2026-05-06 13:09:37;0.02
2026-05-06 13:09:52;0.02
2026-05-06 13:10:08;0.01
2026-05-06 13:10:23;0.02
2026-05-06 13:10:38;0.02
2026-05-06 13:10:54;0.02
2026-05-06 13:11:09;0.02
2026-05-06 13:11:24;0.01
2026-05-06 13:11:40;2.59
2026-05-06 13:11:55;0.02
2026-05-06 13:12:10;0.02
2026-05-06 13:12:25;2.44
2026-05-06 13:12:41;0.01
2026-05-06 13:12:56;2.61
2026-05-06 13:13:11;0.02
2026-05-06 13:13:26;0.02
2026-05-06 13:13:42;0.01
2026-05-06 13:13:57;6.32
2026-05-06 13:14:13;0.01
2026-05-06 13:14:28;5.88
2026-05-06 13:14:43;0.02
2026-05-06 13:15:00;5.65
2026-05-06 13:15:14;0.02
2026-05-06 13:15:29;0.01
2026-05-06 13:15:44;0.02
2026-05-06 13:16:00;0.02
2026-05-06 13:16:15;0.01
2026-05-06 13:16:30;4.82
2026-05-06 13:16:47;0.02
2026-05-06 13:17:01;0.01
2026-05-06 13:17:16;0.02
2026-05-06 13:17:31;0.01
2026-05-06 13:17:47;0.02
2026-05-06 13:18:02;4.85
2026-05-06 13:18:17;0.01
2026-05-06 13:18:33;0.02
2026-05-06 13:18:48;0.02
2026-05-06 13:19:03;0.02
2026-05-06 13:19:19;3.96
2026-05-06 13:19:34;0.01
2026-05-06 13:19:49;1.88
2026-05-06 13:20:05;0.01
2026-05-06 13:20:20;1.79
2026-05-06 13:20:35;1.68
2026-05-06 13:20:51;1.66
2026-05-06 13:21:06;1.65
2026-05-06 13:21:21;1.65
2026-05-06 13:21:36;1.67
2026-05-06 13:21:52;0.01
2026-05-06 13:22:07;2.38
2026-05-06 13:22:22;0.02
2026-05-06 13:23:11;2.55
2026-05-06 13:23:23;0.02
2026-05-06 13:23:38;0.01
2026-05-06 13:23:54;3.03
2026-05-06 13:24:09;0.01
2026-05-06 13:24:25;1.51
2026-05-06 13:24:40;1.45
2026-05-06 13:24:55;1.41
2026-05-06 13:25:10;1.37
2026-05-06 13:25:26;1.34
2026-05-06 13:25:43;1.32
2026-05-06 13:25:57;1.32
2026-05-06 13:26:12;1.34
2026-05-06 13:26:27;1.35
2026-05-06 13:26:42;1.35
2026-05-06 13:26:58;1.37
2026-05-06 13:27:13;1.4
2026-05-06 13:27:32;1.42
2026-05-06 13:27:43;1.44
2026-05-06 13:27:58;1.51
2026-05-06 13:28:14;1.61
2026-05-06 13:28:28;1.81
2026-05-06 13:28:43;1.87
2026-05-06 13:28:58;0.01
2026-05-06 13:29:15;1.98
2026-05-06 13:29:28;0.01
2026-05-06 13:29:45;2.07
2026-05-06 13:29:58;2.29
2026-05-06 13:30:16;2.63
2026-05-06 13:30:28;0.01
2026-05-06 13:30:43;3.96
2026-05-06 13:31:00;2.37
2026-05-06 13:31:13;0.02
2026-05-06 13:31:28;2.03
2026-05-06 13:31:43;0.01
2026-05-06 13:31:58;1.99
2026-05-06 13:32:13;0.01
2026-05-06 13:32:28;2.0
2026-05-06 13:32:43;0.02
2026-05-06 13:33:07;2.05
2026-05-06 13:33:16;2.07
2026-05-06 13:33:31;0.02
2026-05-06 13:33:43;2.03
2026-05-06 13:33:58;0.02
2026-05-06 13:34:14;1.98
2026-05-06 13:34:28;0.01
2026-05-06 13:34:43;2.0
2026-05-06 13:34:58;1.95
2026-05-06 13:35:13;0.01
2026-05-06 13:35:28;1.99
2026-05-06 13:35:45;0.01
2026-05-06 13:35:58;2.07
2026-05-06 13:36:13;2.13
2026-05-06 13:36:28;0.02
2026-05-06 13:36:43;0.01
2026-05-06 13:36:58;2.03
2026-05-06 13:37:13;0.01
2026-05-06 13:37:28;2.01
2026-05-06 13:37:43;2.03
2026-05-06 13:37:58;2.0
2026-05-06 13:38:13;2.04
2026-05-06 13:38:28;0.01
2026-05-06 13:38:43;2.05
2026-05-06 13:38:58;2.05
2026-05-06 13:39:16;2.11
2026-05-06 13:39:28;0.02
2026-05-06 13:39:43;2.16
2026-05-06 13:39:59;0.01
2026-05-06 13:40:14;2.14
2026-05-06 13:40:29;2.21
2026-05-06 13:40:46;0.01
2026-05-06 13:40:59;0.02
2026-05-06 13:41:15;0.02
2026-05-06 13:41:29;2.37
2026-05-06 13:41:44;2.4
2026-05-06 13:41:59;2.87
2026-05-06 13:42:14;0.01
2026-05-06 13:42:29;0.01
2026-05-06 13:42:44;1.99
2026-05-06 13:42:59;1.95
2026-05-06 13:43:14;1.9
2026-05-06 13:43:29;1.86
2026-05-06 13:43:44;1.79
2026-05-06 13:43:59;0.01
2026-05-06 13:44:14;1.75
2026-05-06 13:44:29;1.73
2026-05-06 13:44:44;1.71
2026-05-06 13:44:59;1.7
2026-05-06 13:45:14;1.69
2026-05-06 13:45:29;1.69
2026-05-06 13:45:44;1.7
2026-05-06 13:45:59;1.7
2026-05-06 13:46:14;1.7
2026-05-06 13:46:32;1.73
2026-05-06 13:46:44;0.01
2026-05-06 13:46:59;1.75
2026-05-06 13:47:17;1.74
2026-05-06 13:47:29;1.72
2026-05-06 13:47:46;1.71
2026-05-06 13:47:59;1.69
2026-05-06 13:48:14;1.67
2026-05-06 13:48:30;1.65
2026-05-06 13:48:45;1.63
2026-05-06 13:49:00;1.62
2026-05-06 13:49:25;1.68
2026-05-06 13:49:30;1.64
2026-05-06 13:49:45;1.73
2026-05-06 13:50:01;1.88
2026-05-06 13:50:17;1.69
2026-05-06 13:50:31;1.69
2026-05-06 13:50:46;1.73
2026-05-06 13:51:01;1.85
2026-05-06 13:51:16;2.29
2026-05-06 13:51:31;0.01
2026-05-06 13:51:46;2.34
2026-05-06 13:52:01;3.57
2026-05-06 13:52:16;0.02
2026-05-06 13:52:32;0.02
2026-05-06 13:52:46;0.02
2026-05-06 13:53:01;6.15
2026-05-06 13:53:16;6.26
2026-05-06 13:53:31;0.01
2026-05-06 13:53:46;0.01
2026-05-06 13:54:01;0.02
2026-05-06 13:54:16;0.01
2026-05-06 13:54:31;0.02
2026-05-06 13:54:46;0.01
2026-05-06 13:55:01;0.01
2026-05-06 13:55:16;0.01
2026-05-06 13:55:32;0.01
2026-05-06 13:55:48;0.01
2026-05-06 13:56:02;6.04
2026-05-06 13:56:16;6.0
2026-05-06 13:56:32;0.02
2026-05-06 13:56:47;0.02
2026-05-06 13:57:03;0.01
2026-05-06 13:57:18;5.67
2026-05-06 13:58:04;0.02
2026-05-06 13:58:19;0.02
2026-05-06 13:58:34;0.01
2026-05-06 13:58:49;0.02
2026-05-06 13:59:05;5.47
2026-05-06 13:59:20;0.02
2026-05-06 13:59:36;0.01
2026-05-06 13:59:51;5.37
2026-05-06 14:00:06;0.02
2026-05-06 14:00:21;0.02
2026-05-06 14:00:37;0.02
2026-05-06 14:00:52;5.77
2026-05-06 14:01:07;0.01
2026-05-06 14:01:25;0.02
2026-05-06 14:01:38;0.01
2026-05-06 14:01:53;0.02
2026-05-06 14:02:09;0.02
2026-05-06 14:02:24;0.02
2026-05-06 14:02:39;0.01
2026-05-06 14:02:54;0.02
2026-05-06 14:03:10;0.02
2026-05-06 14:03:25;4.8
2026-05-06 14:03:41;1.68
2026-05-06 14:03:56;1.57
2026-05-06 14:04:11;1.52
2026-05-06 14:04:26;1.48
2026-05-06 14:04:42;1.45
2026-05-06 14:04:57;1.43
2026-05-06 14:05:12;1.41
2026-05-06 14:05:27;1.4
2026-05-06 14:05:43;1.39
2026-05-06 14:05:58;1.4
2026-05-06 14:06:14;1.42
2026-05-06 14:06:29;1.46
2026-05-06 14:06:44;1.54
2026-05-06 14:06:59;1.64
2026-05-06 14:07:15;0.01
2026-05-06 14:07:30;0.02
2026-05-06 14:07:45;0.02
2026-05-06 14:08:00;5.84
2026-05-06 14:08:16;0.02
2026-05-06 14:08:31;0.01
2026-05-06 14:08:47;0.01
2026-05-06 14:09:02;0.02
2026-05-06 14:09:17;0.01
2026-05-06 14:09:32;0.02
2026-05-06 14:09:48;0.01
2026-05-06 14:10:03;0.01
2026-05-06 14:10:19;0.01
2026-05-06 14:10:34;0.02
2026-05-06 14:10:49;0.01
2026-05-06 14:11:04;0.02
2026-05-06 14:11:20;0.02
2026-05-06 14:11:35;0.01
2026-05-06 14:11:51;0.01
2026-05-06 14:12:06;0.02
2026-05-06 14:12:21;0.01
2026-05-06 14:12:36;0.02
2026-05-06 14:12:52;0.02
2026-05-06 14:13:07;5.31
2026-05-06 14:13:22;0.01
2026-05-06 14:13:37;0.02
2026-05-06 14:13:53;5.11
2026-05-06 14:14:08;0.01
2026-05-06 14:14:25;0.01
2026-05-06 14:14:39;2.58
2026-05-06 14:14:54;0.01
2026-05-06 14:15:09;4.35
2026-05-06 14:15:25;4.64
2026-05-06 14:15:40;0.01
2026-05-06 14:15:55;0.01
2026-05-06 14:16:13;0.01
2026-05-06 14:16:26;5.01
2026-05-06 14:16:41;4.72
2026-05-06 14:17:06;0.02
2026-05-06 14:17:12;0.02
2026-05-06 14:17:27;5.28
2026-05-06 14:17:42;0.02
2026-05-06 14:17:58;4.88
2026-05-06 14:18:13;0.01
2026-05-06 14:18:29;0.02
2026-05-06 14:18:44;0.01
2026-05-06 14:18:59;0.02
2026-05-06 14:19:14;0.01
2026-05-06 14:19:30;0.01
2026-05-06 14:19:45;0.01
2026-05-06 14:20:00;0.01
2026-05-06 14:20:15;0.01
2026-05-06 14:20:31;0.02
2026-05-06 14:20:46;5.25
2026-05-06 14:21:02;0.02
2026-05-06 14:21:17;5.25
2026-05-06 14:21:32;0.01
2026-05-06 14:21:47;0.01
2026-05-06 14:22:03;0.02
2026-05-06 14:22:20;0.02
2026-05-06 14:22:33;0.01
2026-05-06 14:22:52;0.01
2026-05-06 14:23:04;0.01
2026-05-06 14:23:19;4.82
2026-05-06 14:23:35;5.21
2026-05-06 14:23:50;0.02
2026-05-06 14:24:05;0.01
2026-05-06 14:24:20;0.02
2026-05-06 14:24:36;4.82
2026-05-06 14:24:57;0.02
2026-05-06 14:25:06;0.01
2026-05-06 14:25:21;5.12
2026-05-06 14:25:37;0.01
2026-05-06 14:25:52;0.02
2026-05-06 14:26:08;0.01
2026-05-06 14:26:22;0.01
2026-05-06 14:26:38;0.02
2026-05-06 14:26:54;0.01
2026-05-06 14:27:09;4.85
2026-05-06 14:27:24;0.01
2026-05-06 14:27:40;0.02
2026-05-06 14:27:55;0.01
2026-05-06 14:28:10;5.39
2026-05-06 14:28:25;0.01
2026-05-06 14:28:41;0.01
2026-05-06 14:28:56;0.02
2026-05-06 14:29:11;0.02
2026-05-06 14:29:28;4.57
2026-05-06 14:29:42;0.02
2026-05-06 14:29:57;0.01
2026-05-06 14:30:13;0.01
2026-05-06 14:30:29;0.01
2026-05-06 14:30:43;0.01
2026-05-06 14:31:00;0.01
2026-05-06 14:31:14;0.01
2026-05-06 14:31:29;0.01
2026-05-06 14:31:44;4.6
2026-05-06 14:31:59;0.02
2026-05-06 14:32:15;0.01
2026-05-06 14:32:30;0.01
2026-05-06 14:32:45;0.01
2026-05-06 14:33:00;4.09
2026-05-06 14:33:16;3.12
2026-05-06 14:33:31;2.48
2026-05-06 14:33:47;1.98
2026-05-06 14:34:01;1.9
2026-05-06 14:34:17;1.86
2026-05-06 14:34:32;1.82
2026-05-06 14:34:48;1.78
2026-05-06 14:35:03;1.74
2026-05-06 14:35:18;1.71
2026-05-06 14:35:33;1.69
2026-05-06 14:35:49;1.68
2026-05-06 14:36:04;1.68
2026-05-06 14:36:19;1.69
2026-05-06 14:36:34;1.68
2026-05-06 14:36:50;1.67
2026-05-06 14:37:05;1.67
2026-05-06 14:40:23;1.34
2026-05-06 14:40:39;1.34
2026-05-06 14:40:54;1.32
2026-05-06 14:41:52;1.17
2026-05-06 14:42:08;1.14
2026-05-06 14:42:23;1.11
2026-05-06 14:42:38;1.09
2026-05-06 14:42:53;1.07
2026-05-06 14:43:08;1.05
2026-05-06 14:43:23;1.03
2026-05-06 14:43:38;1.01
2026-05-06 14:43:53;0.99
2026-05-06 14:44:08;0.96
2026-05-06 14:44:23;0.95
2026-05-06 14:44:38;0.94
2026-05-06 14:44:53;0.94
2026-05-06 14:45:08;0.93
2026-05-06 14:45:23;0.92
2026-05-06 14:45:38;0.92
2026-05-06 14:45:53;0.91
2026-05-06 14:46:08;0.91
2026-05-06 14:46:23;0.9
2026-05-06 14:46:38;0.9
2026-05-06 14:46:53;0.89
2026-05-06 14:47:08;0.89
2026-05-06 14:47:23;0.88
2026-05-06 14:47:38;0.88
2026-05-06 14:47:53;0.88
2026-05-06 14:48:08;0.89
2026-05-06 14:48:23;0.9
2026-05-06 14:48:39;0.9
2026-05-06 14:48:53;0.91
2026-05-06 14:49:08;0.91
2026-05-06 14:49:23;0.93
2026-05-06 14:49:38;0.91
2026-05-06 14:49:53;0.91
2026-05-06 14:50:08;1.01
2026-05-06 14:50:23;1.12
2026-05-06 14:50:38;0.89
2026-05-06 14:50:53;0.88
2026-05-06 14:51:10;0.87
2026-05-06 14:51:24;1.0
2026-05-06 14:51:38;1.0
2026-05-06 14:51:54;0.93
2026-05-06 14:52:09;0.83
2026-05-06 14:52:24;0.8
2026-05-06 14:52:39;1.54
2026-05-06 14:52:54;0.01
2026-05-06 14:53:09;1.24
2026-05-06 14:53:24;0.77
2026-05-06 14:53:39;0.7
2026-05-06 14:53:56;0.67
2026-05-06 14:54:09;0.67
2026-05-06 14:54:24;0.66
2026-05-06 14:54:40;0.65
2026-05-06 14:54:56;0.66
2026-05-06 14:55:39;0.65
2026-05-06 14:55:54;0.64
2026-05-06 14:56:09;0.61
2026-05-06 14:56:24;0.6
2026-05-06 14:56:40;0.59
2026-05-06 14:56:54;0.59
2026-05-06 14:57:09;0.58
2026-05-06 14:57:24;0.58
2026-05-06 14:57:39;0.58
2026-05-06 14:57:54;0.58
2026-05-06 14:58:09;0.58
2026-05-06 14:58:24;0.58
2026-05-06 14:58:39;0.6
2026-05-06 14:58:54;0.6
2026-05-06 14:59:09;0.61
2026-05-06 14:59:24;0.62
2026-05-06 14:59:40;0.64
2026-05-06 14:59:55;0.64
2026-05-06 15:00:10;0.65
2026-05-06 15:00:25;0.65
2026-05-06 15:00:40;0.64
2026-05-06 15:00:55;0.64
2026-05-06 15:01:10;0.65
2026-05-06 15:01:25;0.65
2026-05-06 15:01:40;0.65
2026-05-06 15:01:55;0.65
2026-05-06 15:02:10;0.65
2026-05-06 15:02:27;0.65
2026-05-06 15:02:40;0.65
2026-05-06 15:02:55;0.64
2026-05-06 15:03:10;0.64
2026-05-06 15:03:26;0.65
2026-05-06 15:03:40;0.66
2026-05-06 15:03:55;0.67
2026-05-06 15:04:10;0.67
2026-05-06 15:04:25;0.67
2026-05-06 15:04:41;0.68
2026-05-06 15:04:56;0.7
2026-05-06 15:05:11;0.71
2026-05-06 15:05:26;0.73
2026-05-06 15:05:41;0.76
2026-05-06 15:05:56;0.78
2026-05-06 15:06:11;0.81
2026-05-06 15:06:26;0.83
2026-05-06 15:06:41;0.85
2026-05-06 15:06:56;0.87
2026-05-06 15:07:11;0.88
2026-05-06 15:07:26;0.9
2026-05-06 15:07:42;0.92
2026-05-06 15:07:56;0.93
2026-05-06 15:08:11;0.95
2026-05-06 15:08:27;0.97
2026-05-06 15:08:41;0.98
2026-05-06 15:08:56;1.01
2026-05-06 15:09:12;1.05
2026-05-06 15:09:27;1.08
2026-05-06 15:09:42;1.11
2026-05-06 15:09:57;1.14
2026-05-06 15:10:12;1.16
2026-05-06 15:10:27;1.19
2026-05-06 15:10:42;1.21
2026-05-06 15:10:58;1.22
2026-05-06 15:11:13;1.23
2026-05-06 15:11:28;1.26
2026-05-06 15:11:42;1.29
2026-05-06 15:11:57;1.32
2026-05-06 15:12:12;1.35
2026-05-06 15:12:27;1.39
2026-05-06 15:12:47;1.41
2026-05-06 15:12:57;1.44
2026-05-06 15:13:12;1.47
2026-05-06 15:13:27;1.5
2026-05-06 15:13:43;1.53
2026-05-06 15:13:58;1.57
2026-05-06 15:14:12;1.61
2026-05-06 15:14:27;1.65
2026-05-06 15:14:43;1.7
2026-05-06 15:15:00;1.74
2026-05-06 15:15:13;1.78
2026-05-06 15:15:28;0.01
2026-05-06 15:15:43;1.88
2026-05-06 15:15:58;0.02
2026-05-06 15:16:13;1.93
2026-05-06 15:16:28;1.92
2026-05-06 15:16:43;0.01
2026-05-06 15:16:58;1.98
2026-05-06 15:17:13;2.02
2026-05-06 15:17:28;2.13
2026-05-06 15:17:43;2.44
2026-05-06 15:17:58;0.01
2026-05-06 15:18:13;0.02
2026-05-06 15:18:28;0.01
2026-05-06 15:18:43;0.02
2026-05-06 15:18:59;0.02
2026-05-06 15:19:13;5.32
2026-05-06 15:19:44;0.01
2026-05-06 15:19:44;0.02
2026-05-06 15:19:59;0.02
2026-05-06 15:20:13;5.05
2026-05-06 15:21:24;4.91
2026-05-06 15:21:39;0.01
2026-05-06 15:21:55;5.07
2026-05-06 15:22:09;0.02
2026-05-06 15:22:24;0.01
2026-05-06 15:22:39;0.02
2026-05-06 15:22:54;0.02
2026-05-06 15:23:09;0.02
2026-05-06 15:23:24;0.01
2026-05-06 15:23:39;0.02
2026-05-06 15:23:54;0.02
2026-05-06 15:24:09;0.02
2026-05-06 15:24:24;0.01
2026-05-06 15:24:39;4.74
2026-05-06 15:24:54;0.02
2026-05-06 15:25:09;4.79
2026-05-06 15:25:24;0.02
2026-05-06 15:25:40;0.02
2026-05-06 15:25:54;0.01
2026-05-06 15:26:09;4.79
2026-05-06 15:26:24;4.74
2026-05-06 15:26:39;4.53
2026-05-06 15:26:54;0.02
2026-05-06 15:27:09;0.02
2026-05-06 15:27:24;0.01
2026-05-06 15:27:39;0.01
2026-05-06 15:27:54;0.02
2026-05-06 15:28:10;4.42
2026-05-06 15:28:24;0.02
2026-05-06 15:28:39;0.02
2026-05-06 15:28:55;0.02
2026-05-06 15:29:10;0.02
2026-05-06 15:29:26;0.02
2026-05-06 15:29:41;0.01
2026-05-06 15:29:56;0.01
2026-05-06 15:30:11;0.02
2026-05-06 15:30:27;4.06
2026-05-06 15:30:42;0.02
2026-05-06 15:30:58;3.93
2026-05-06 15:31:13;0.01
2026-05-06 15:31:28;2.4
2026-05-06 15:31:43;2.3
2026-05-06 15:31:59;2.08
2026-05-06 15:32:14;1.94
2026-05-06 15:32:30;1.79
2026-05-06 15:32:45;2.03
2026-05-06 15:33:00;0.02
2026-05-06 15:33:15;3.71
2026-05-06 15:33:31;0.01
2026-05-06 15:33:46;0.02
2026-05-06 15:34:02;3.83
2026-05-06 15:34:17;0.02
2026-05-06 15:34:32;0.02
2026-05-06 15:34:47;0.01
2026-05-06 15:35:03;0.02
2026-05-06 15:35:18;0.02
2026-05-06 15:35:34;0.02
2026-05-06 15:35:49;0.02
2026-05-06 15:36:04;0.02
2026-05-06 15:36:19;3.62
2026-05-06 15:36:35;0.01
2026-05-06 15:36:50;0.01
2026-05-06 15:37:06;0.02
2026-05-06 15:37:21;0.02
2026-05-06 15:37:36;0.02
2026-05-06 15:37:51;3.55
2026-05-06 15:38:07;0.01
2026-05-06 15:38:22;0.01
2026-05-06 15:38:38;0.01
2026-05-06 15:38:53;0.01
2026-05-06 15:39:08;3.57
2026-05-06 15:39:24;0.02
2026-05-06 15:39:38;3.71
2026-05-06 15:39:54;0.02
2026-05-06 15:40:09;0.01
2026-05-06 15:40:24;0.01
2026-05-06 15:40:39;3.41
2026-05-06 15:40:55;0.01
2026-05-06 15:41:10;1.47
2026-05-06 15:41:25;1.0
2026-05-06 15:41:40;0.93
2026-05-06 15:41:55;0.91
2026-05-06 15:42:10;0.89
2026-05-06 15:42:25;0.87
2026-05-06 15:42:40;0.85
2026-05-06 15:42:55;0.83
2026-05-06 15:43:10;0.82
2026-05-06 15:43:25;0.8
2026-05-06 15:43:40;0.79
2026-05-06 15:43:55;0.79
2026-05-06 15:44:10;0.79
2026-05-06 15:44:25;0.79
2026-05-06 15:44:40;0.79
2026-05-06 15:44:55;0.79
2026-05-06 15:45:10;0.79
2026-05-06 15:45:25;0.79
2026-05-06 15:45:40;0.78
2026-05-06 15:45:55;0.79
2026-05-06 15:46:10;0.79
2026-05-06 15:46:25;0.8
2026-05-06 15:46:40;0.81
2026-05-06 15:46:55;0.81
2026-05-06 15:47:10;0.81
2026-05-06 15:47:25;0.8
2026-05-06 15:47:40;0.8
2026-05-06 15:47:55;0.81
2026-05-06 15:48:10;0.81
2026-05-06 15:48:25;0.81
2026-05-06 15:48:40;0.79
2026-05-06 15:48:55;0.78
2026-05-06 15:49:10;0.74
2026-05-06 15:49:25;0.72
2026-05-06 15:49:40;0.7
2026-05-06 15:49:55;0.69
2026-05-06 15:50:10;0.68
2026-05-06 15:50:25;0.66
2026-05-06 15:50:40;0.65
2026-05-06 15:50:55;0.64
2026-05-06 15:51:11;0.62
2026-05-06 15:51:25;0.61
2026-05-06 15:51:40;0.58
2026-05-06 15:51:55;0.55
2026-05-06 15:52:10;0.54
2026-05-06 15:52:25;0.52
2026-05-06 15:52:41;0.51
2026-05-06 15:52:56;0.51
2026-05-06 15:53:11;0.5
2026-05-06 15:53:26;0.5
2026-05-06 15:53:41;0.5
2026-05-06 15:53:56;0.5
2026-05-06 15:54:11;0.5
2026-05-06 15:54:26;0.5
2026-05-06 15:54:41;0.5
2026-05-06 15:54:56;0.51
2026-05-06 15:55:11;0.51
2026-05-06 15:55:26;0.47
2026-05-06 15:55:41;0.46
2026-05-06 15:55:56;0.46
2026-05-06 15:56:11;0.45
2026-05-06 15:56:26;0.46
2026-05-06 15:56:41;0.46
2026-05-06 15:56:57;0.46
2026-05-06 15:57:12;0.44
2026-05-06 15:57:26;0.43
2026-05-06 15:57:41;0.41
2026-05-06 15:57:57;0.41
2026-05-06 15:58:12;0.42
2026-05-06 15:58:27;0.41
2026-05-06 15:58:42;0.41
2026-05-06 15:58:57;0.41
2026-05-06 15:59:12;0.4
2026-05-06 15:59:27;0.39
2026-05-06 15:59:42;0.38
2026-05-06 15:59:57;0.38
2026-05-06 16:00:12;0.36
2026-05-06 16:00:27;0.33
2026-05-07 08:45:40;0.02
2026-05-07 08:45:56;0.01
2026-05-07 08:46:11;0.01
2026-05-07 08:46:26;0.01
2026-05-07 08:46:41;0.01
2026-05-07 08:46:56;1.34
2026-05-07 08:47:11;0.01
2026-05-07 08:47:26;0.01
2026-05-07 08:47:41;0.01
2026-05-07 08:47:57;0.01
2026-05-07 08:48:12;1.38
2026-05-07 08:48:26;1.38
2026-05-07 08:48:42;0.01
2026-05-07 08:48:57;0.01
2026-05-07 08:49:12;0.01
2026-05-07 08:49:27;1.34
2026-05-07 08:49:42;1.33
2026-05-07 08:49:57;0.01
2026-05-07 08:50:12;0.02
2026-05-07 08:50:27;1.33
2026-05-07 08:50:42;0.01
2026-05-07 08:50:57;1.35
2026-05-07 08:51:12;0.01
2026-05-07 08:51:27;1.36
2026-05-07 08:51:43;0.01
2026-05-07 08:51:58;1.38
2026-05-07 08:52:13;0.01
2026-05-07 08:52:28;1.33
2026-05-07 08:52:44;0.02
2026-05-07 08:52:58;0.01
2026-05-07 08:53:14;1.37
2026-05-07 08:53:28;0.01
2026-05-07 08:53:43;1.33
2026-05-07 08:53:58;0.02
2026-05-07 08:54:13;0.02
2026-05-07 08:54:28;1.36
2026-05-07 08:54:43;0.01
2026-05-07 08:54:59;0.01
2026-05-07 08:55:14;1.36
2026-05-07 08:55:29;1.46
2026-05-07 08:55:44;0.01
2026-05-07 08:55:59;0.01
2026-05-07 08:56:14;1.47
2026-05-07 08:56:29;0.01
2026-05-07 08:56:44;0.01
2026-05-07 08:56:59;1.57
2026-05-07 08:57:14;0.01
2026-05-07 08:57:30;0.01
2026-05-07 08:57:47;1.51
2026-05-07 08:58:02;1.61
2026-05-07 08:58:14;0.01
2026-05-07 08:58:30;1.47
2026-05-07 08:58:45;1.52
2026-05-07 08:59:00;0.01
2026-05-07 08:59:15;0.01
2026-05-07 08:59:30;0.01
2026-05-07 08:59:45;1.54
2026-05-07 09:00:00;0.01
2026-05-07 09:00:15;0.01
2026-05-07 09:00:30;0.02
2026-05-07 09:00:45;1.53
2026-05-07 09:01:00;1.57
2026-05-07 09:01:15;0.02
2026-05-07 09:01:31;0.01
2026-05-07 09:01:45;0.01
2026-05-07 09:02:01;1.69
2026-05-07 09:02:16;0.01
2026-05-07 09:02:31;0.01
2026-05-07 09:02:47;1.83
2026-05-07 09:03:01;0.01
2026-05-07 09:03:16;1.91
2026-05-07 09:03:31;0.01
2026-05-07 09:03:47;0.01
2026-05-07 09:04:02;1.99
2026-05-07 09:04:17;1.97
2026-05-07 09:04:31;0.01
2026-05-07 09:04:46;2.0
2026-05-07 09:05:01;0.01
2026-05-07 09:05:16;1.93
2026-05-07 09:05:32;0.02
2026-05-07 09:05:47;2.09
2026-05-07 09:06:02;0.01
2026-05-07 09:06:17;2.03
2026-05-07 09:06:32;0.02
2026-05-07 09:06:47;0.02
2026-05-07 09:07:02;0.02
2026-05-07 09:07:17;0.01
2026-05-07 09:07:32;0.01
2026-05-07 09:07:47;0.01
2026-05-07 09:08:03;0.01
2026-05-07 09:08:22;0.02
2026-05-07 09:08:34;0.01
2026-05-07 09:08:47;2.22
2026-05-07 09:09:03;0.01
2026-05-07 09:09:18;0.01
2026-05-07 09:09:33;2.11
2026-05-07 09:09:48;0.02
2026-05-07 09:10:03;0.01
2026-05-07 09:10:18;0.01
2026-05-07 09:10:33;0.01
2026-05-07 09:10:50;1.45
2026-05-07 09:11:03;1.39
2026-05-07 09:11:18;0.02
2026-05-07 09:11:33;0.01
2026-05-07 09:11:49;1.46
2026-05-07 09:12:03;0.01
2026-05-07 09:12:18;0.01
2026-05-07 09:12:34;0.01
2026-05-07 09:12:49;0.02
2026-05-07 09:13:04;0.01
2026-05-07 09:13:19;2.25
2026-05-07 09:13:34;1.82
2026-05-07 09:13:49;1.7
2026-05-07 09:14:04;1.64
2026-05-07 09:14:19;0.01
2026-05-07 09:14:34;0.01
2026-05-07 09:14:49;1.43
2026-05-07 09:15:04;0.01
2026-05-07 09:15:19;0.01
2026-05-07 09:15:34;1.36
2026-05-07 09:15:49;0.01
2026-05-07 09:16:05;1.39
2026-05-07 09:16:20;0.01
2026-05-07 09:16:36;1.49
2026-05-07 09:16:50;0.01
2026-05-07 09:17:05;2.92
2026-05-07 09:17:20;0.01
2026-05-07 09:17:35;0.01
2026-05-07 09:17:50;3.38
2026-05-07 09:18:06;0.01
2026-05-07 09:18:23;0.01
2026-05-07 09:18:36;3.52
2026-05-07 09:18:50;0.01
2026-05-07 09:19:05;0.01
2026-05-07 09:19:20;3.94
2026-05-07 09:19:35;0.01
2026-05-07 09:19:50;0.01
2026-05-07 09:20:06;0.01
2026-05-07 09:20:21;0.02
2026-05-07 09:20:36;0.01
2026-05-07 09:20:51;0.01
2026-05-07 09:21:06;0.01
2026-05-07 09:21:21;2.9
2026-05-07 09:21:36;0.02
2026-05-07 09:21:51;0.02
2026-05-07 09:22:06;0.01
2026-05-07 09:22:21;0.01
2026-05-07 09:22:36;3.53
2026-05-07 09:22:51;0.02
2026-05-07 09:23:06;0.02
2026-05-07 09:23:21;0.01
2026-05-07 09:23:36;0.01
2026-05-07 09:23:51;0.01
2026-05-07 09:24:06;3.88
2026-05-07 09:24:21;0.02
2026-05-07 09:24:36;3.97
2026-05-07 09:24:51;0.01
2026-05-07 09:25:07;4.2
2026-05-07 09:25:22;0.01
2026-05-07 09:25:37;0.01
2026-05-07 09:26:27;0.01
2026-05-07 09:26:33;1.29
2026-05-07 09:26:48;0.01
2026-05-07 09:27:03;0.02
2026-05-07 09:27:18;0.01
2026-05-07 09:27:33;0.01
2026-05-07 09:27:48;0.01
2026-05-07 09:28:03;0.02
2026-05-07 09:28:18;0.02
2026-05-07 09:28:33;0.01
2026-05-07 09:28:48;0.02
2026-05-07 09:29:03;0.02
2026-05-07 09:29:18;0.01
2026-05-07 09:29:33;0.01
2026-05-07 09:29:48;0.01
2026-05-07 09:30:03;0.02
2026-05-07 09:30:18;0.01
2026-05-07 09:30:33;0.01
2026-05-07 09:30:48;0.01
2026-05-07 09:31:04;0.01
2026-05-07 09:31:19;0.01
2026-05-07 09:31:34;0.01
2026-05-07 09:31:49;0.01
2026-05-07 09:32:04;0.01
2026-05-07 09:32:19;0.01
2026-05-07 09:32:34;5.2
2026-05-07 09:32:49;0.01
2026-05-07 09:33:04;0.01
2026-05-07 09:33:19;0.01
2026-05-07 09:33:34;0.01
2026-05-07 09:33:49;0.01
2026-05-07 09:34:04;2.18
2026-05-07 09:34:19;2.28
2026-05-07 09:34:34;2.22
2026-05-07 09:34:49;0.01
2026-05-07 09:35:04;1.43
2026-05-07 09:35:19;0.01
2026-05-07 09:35:34;0.01
2026-05-07 09:35:49;1.49
2026-05-07 09:36:04;0.01
2026-05-07 09:36:19;0.01
2026-05-07 09:36:35;0.01
2026-05-07 09:36:50;0.01
2026-05-07 09:37:05;0.01
2026-05-07 09:37:20;0.01
2026-05-07 09:37:35;0.01
2026-05-07 09:37:50;0.01
2026-05-07 09:38:05;0.02
2026-05-07 09:38:20;0.02
2026-05-07 09:38:35;0.02
2026-05-07 09:38:50;0.01
2026-05-07 09:39:05;0.01
2026-05-07 09:39:20;0.01
2026-05-07 09:39:35;0.01
2026-05-07 09:39:50;0.01
2026-05-07 09:40:05;5.33
2026-05-07 09:40:20;4.52
2026-05-07 09:40:35;0.01
2026-05-07 09:40:50;0.01
2026-05-07 09:41:05;0.01
2026-05-07 09:41:20;0.02
2026-05-07 09:41:35;4.79
2026-05-07 09:41:50;2.22
2026-05-07 09:42:07;0.01
2026-05-07 09:42:21;0.01
2026-05-07 09:42:35;0.01
2026-05-07 09:42:50;0.01
2026-05-07 09:43:06;0.01
2026-05-07 09:43:20;0.01
2026-05-07 09:43:35;0.02
2026-05-07 09:43:50;0.01
2026-05-07 09:44:06;4.45
2026-05-07 09:44:21;0.01
2026-05-07 09:44:36;0.01
2026-05-07 09:45:25;0.02
2026-05-07 09:45:41;0.01
2026-05-07 09:45:43;0.01
2026-05-07 09:45:58;4.95
2026-05-07 09:46:14;3.87
2026-05-07 09:46:28;0.01
2026-05-07 09:46:44;0.01
2026-05-07 09:46:59;3.65
2026-05-07 09:47:15;4.68
2026-05-07 09:47:30;2.29
2026-05-07 09:47:45;3.25
2026-05-07 09:48:00;0.02
2026-05-07 09:48:16;0.01
2026-05-07 09:48:31;0.01
2026-05-07 09:48:46;0.01
2026-05-07 09:49:01;0.01
2026-05-07 09:49:17;0.02
2026-05-07 09:49:32;0.01
2026-05-07 09:49:48;0.01
2026-05-07 09:50:03;0.01
2026-05-07 09:50:18;1.98
2026-05-07 09:50:33;0.01
2026-05-07 09:50:49;0.01
2026-05-07 09:51:04;1.83
2026-05-07 09:51:20;0.01
2026-05-07 09:51:35;0.01
2026-05-07 09:51:51;0.01
2026-05-07 09:52:06;0.01
2026-05-07 09:52:21;1.76
2026-05-07 09:52:36;0.01
2026-05-07 09:52:52;1.86
2026-05-07 09:53:07;0.01
2026-05-07 09:53:22;0.01
2026-05-07 09:53:37;0.01
2026-05-07 09:53:53;2.14
2026-05-07 09:54:09;0.01
2026-05-07 09:54:24;0.02
2026-05-07 09:54:39;1.93
2026-05-07 09:54:54;0.01
2026-05-07 09:55:10;1.98
2026-05-07 09:55:25;0.02
2026-05-07 09:55:40;0.01
2026-05-07 09:55:55;0.01
2026-05-07 09:56:11;0.01
2026-05-07 09:56:26;0.01
2026-05-07 09:56:41;1.57
2026-05-07 09:56:56;1.41
2026-05-07 09:57:11;1.35
2026-05-07 09:57:27;1.32
2026-05-07 09:57:42;1.26
2026-05-07 09:57:57;0.01
2026-05-07 09:58:12;0.01
2026-05-07 09:58:27;0.01
2026-05-07 09:58:43;0.01
2026-05-07 09:59:00;0.01
2026-05-07 09:59:12;0.01
2026-05-07 09:59:27;0.01
2026-05-07 09:59:42;0.01
2026-05-07 09:59:57;0.01
2026-05-07 10:00:12;0.01
2026-05-07 10:00:27;0.01
2026-05-07 10:00:42;0.01
2026-05-07 10:00:57;0.01
2026-05-07 10:01:12;0.01
2026-05-07 10:01:27;0.01
2026-05-07 10:01:42;0.01
2026-05-07 10:01:57;0.01
2026-05-07 10:02:13;0.01
2026-05-07 10:02:28;0.01
2026-05-07 10:02:43;0.01
2026-05-07 10:02:58;1.5
2026-05-07 10:03:15;0.01
2026-05-07 10:03:30;0.01
2026-05-07 10:03:46;0.01
2026-05-07 10:03:59;0.01
2026-05-07 10:04:15;1.76
2026-05-07 10:04:30;0.01
2026-05-07 10:04:45;1.73
2026-05-07 10:05:01;0.01
2026-05-07 10:05:16;1.97
2026-05-07 10:05:31;0.02
2026-05-07 10:05:46;1.84
2026-05-07 10:06:01;0.01
2026-05-07 10:06:16;0.01
2026-05-07 10:06:31;1.8
2026-05-07 10:06:46;0.01
2026-05-07 10:07:01;0.01
2026-05-07 10:07:16;1.9
2026-05-07 10:07:31;0.02
2026-05-07 10:07:46;0.01
2026-05-07 10:08:01;0.01
2026-05-07 10:08:16;0.01
2026-05-07 10:08:31;0.01
2026-05-07 10:08:46;0.01
2026-05-07 10:09:01;0.01
2026-05-07 10:09:16;4.14
2026-05-07 10:09:31;0.01
2026-05-07 10:09:46;0.02
2026-05-07 10:10:01;5.17
2026-05-07 10:10:16;0.02
2026-05-07 10:10:31;0.01
2026-05-07 10:10:46;0.02
2026-05-07 10:11:01;0.02
2026-05-07 10:11:16;5.25
2026-05-07 10:11:31;5.67
2026-05-07 10:11:46;0.01
2026-05-07 10:12:01;0.01
2026-05-07 10:12:16;0.01
2026-05-07 10:12:32;0.01
2026-05-07 10:12:47;0.01
2026-05-07 10:13:02;0.01
2026-05-07 10:13:17;0.01
2026-05-07 10:13:33;0.01
2026-05-07 10:13:47;5.05
2026-05-07 10:14:03;0.02
2026-05-07 10:14:18;0.02
2026-05-07 10:14:34;0.02
2026-05-07 10:14:49;0.01
2026-05-07 10:15:04;0.01
2026-05-07 10:15:19;0.01
2026-05-07 10:15:35;0.01
2026-05-07 10:15:50;0.01
2026-05-07 10:16:05;0.01
2026-05-07 10:16:22;0.01
2026-05-07 10:16:36;3.7
2026-05-07 10:16:51;0.01
2026-05-07 10:17:07;0.02
2026-05-07 10:17:23;0.01
2026-05-07 10:17:37;0.01
2026-05-07 10:17:53;0.01
2026-05-07 10:18:10;0.01
2026-05-07 10:18:23;0.01
2026-05-07 10:18:38;0.01
2026-05-07 10:18:53;0.01
2026-05-07 10:19:09;0.01
2026-05-07 10:19:24;0.01
2026-05-07 10:19:43;0.01
2026-05-07 10:19:56;0.02
2026-05-07 10:20:10;0.01
2026-05-07 10:20:25;0.01
2026-05-07 10:20:44;0.01
2026-05-07 10:20:56;0.01
2026-05-07 10:21:12;0.01
2026-05-07 10:21:26;0.01
2026-05-07 10:21:42;0.01
2026-05-07 10:21:57;0.02
2026-05-07 10:22:13;0.01
2026-05-07 10:22:28;0.01
2026-05-07 10:22:43;0.01
2026-05-07 10:22:59;0.01
2026-05-07 10:23:15;0.01
2026-05-07 10:23:29;0.01
2026-05-07 10:23:45;0.01
2026-05-07 10:23:59;0.01
2026-05-07 10:24:15;0.02
2026-05-07 10:24:30;0.02
2026-05-07 10:24:46;0.01
2026-05-07 10:25:01;0.02
2026-05-07 10:25:16;0.01
2026-05-07 10:25:31;0.01
2026-05-07 10:25:48;0.01
2026-05-07 10:26:02;5.37
2026-05-07 10:26:18;0.01
2026-05-07 10:26:32;0.01
2026-05-07 10:26:48;0.01
2026-05-07 10:27:03;0.01
2026-05-07 10:27:18;4.66
2026-05-07 10:27:33;0.01
2026-05-07 10:27:49;0.01
2026-05-07 10:28:04;0.01
2026-05-07 10:28:20;0.01
2026-05-07 10:28:35;0.01
2026-05-07 10:28:50;5.58
2026-05-07 10:29:05;0.02
2026-05-07 10:29:21;0.01
2026-05-07 10:29:36;0.02
2026-05-07 10:29:51;0.01
2026-05-07 10:30:06;0.01
2026-05-07 10:30:22;4.27
2026-05-07 10:30:37;0.01
2026-05-07 10:30:52;0.01
2026-05-07 10:31:07;0.01
2026-05-07 10:31:23;0.01
2026-05-07 10:31:39;0.01
2026-05-07 10:31:53;3.0
2026-05-07 10:32:08;3.6
2026-05-07 10:32:24;0.02
2026-05-07 10:32:39;0.01
2026-05-07 10:32:55;0.01
2026-05-07 10:33:09;1.99
2026-05-07 10:33:25;0.01
2026-05-07 10:33:40;0.01
2026-05-07 10:33:56;0.01
2026-05-07 10:34:11;0.01
2026-05-07 10:34:26;2.51
2026-05-07 10:34:41;0.01
2026-05-07 10:34:57;0.01
2026-05-07 10:35:12;0.01
2026-05-07 10:35:27;0.01
2026-05-07 10:35:42;0.01
2026-05-07 10:35:58;0.01
2026-05-07 10:36:13;0.01
2026-05-07 10:36:28;0.01
2026-05-07 10:36:44;2.09
2026-05-07 10:36:59;0.01
2026-05-07 10:37:14;0.01
2026-05-07 10:37:30;0.01
2026-05-07 10:37:45;5.26
2026-05-07 10:38:00;5.53
2026-05-07 10:38:15;0.01
2026-05-07 10:38:31;0.01
2026-05-07 10:38:46;0.01
2026-05-07 10:39:01;0.01
2026-05-07 10:39:17;5.23
2026-05-07 10:39:32;0.01
2026-05-07 10:39:47;0.02
2026-05-07 10:40:03;0.01
2026-05-07 10:40:18;0.01
2026-05-07 10:40:33;0.01
2026-05-07 10:40:48;0.01
2026-05-07 10:41:04;1.83
2026-05-07 10:41:19;1.76
2026-05-07 10:41:34;1.83
2026-05-07 10:41:49;1.85
2026-05-07 10:42:05;0.01
2026-05-07 10:42:20;0.01
2026-05-07 10:42:36;2.22
2026-05-07 10:42:51;0.01
2026-05-07 10:43:06;2.42
2026-05-07 10:43:21;0.01
2026-05-07 10:43:37;0.02
2026-05-07 10:43:52;0.01
2026-05-07 10:44:07;0.01
2026-05-07 10:44:23;0.01
2026-05-07 10:44:38;0.01
2026-05-07 10:44:53;0.01
2026-05-07 10:45:09;0.01
2026-05-07 10:45:24;0.01
2026-05-07 10:45:41;0.01
2026-05-07 10:45:54;3.48
2026-05-07 10:46:10;0.01
2026-05-07 10:46:25;0.01
2026-05-07 10:46:41;0.01
2026-05-07 10:46:56;3.56
2026-05-07 10:47:11;0.01
2026-05-07 10:47:26;0.01
2026-05-07 10:47:42;0.01
2026-05-07 10:47:57;0.01
2026-05-07 10:48:13;0.01
2026-05-07 10:48:28;3.67
2026-05-07 10:48:43;0.01
2026-05-07 10:48:58;0.01
2026-05-07 10:49:14;0.01
2026-05-07 10:49:29;0.01
2026-05-07 10:49:45;0.01
2026-05-07 10:50:00;0.01
2026-05-07 10:50:15;0.01
2026-05-07 10:50:30;0.01
2026-05-07 10:50:46;0.01
2026-05-07 10:51:01;3.49
2026-05-07 10:51:17;2.96
2026-05-07 10:51:32;0.02
2026-05-07 10:51:47;0.01
2026-05-07 10:52:02;0.01
2026-05-07 10:52:17;0.01
2026-05-07 10:52:32;0.01
2026-05-07 10:52:47;0.01
2026-05-07 10:53:02;0.01
2026-05-07 10:53:18;0.01
2026-05-07 10:53:32;1.58
2026-05-07 10:53:47;1.82
2026-05-07 10:54:02;0.01
2026-05-07 10:54:17;0.01
2026-05-07 10:54:32;0.01
2026-05-07 10:54:47;0.01
2026-05-07 10:55:02;0.01
2026-05-07 10:55:17;0.01
2026-05-07 10:55:32;0.01
2026-05-07 10:55:47;0.01
2026-05-07 10:56:02;0.01
2026-05-07 10:56:17;0.01
2026-05-07 10:56:32;0.02
2026-05-07 10:56:48;0.01
2026-05-07 10:57:03;4.69
2026-05-07 10:57:19;0.01
2026-05-07 10:57:34;0.01
2026-05-07 10:57:49;0.01
2026-05-07 10:58:04;0.0
2026-05-07 10:58:20;0.0
2026-05-07 10:58:35;0.0
2026-05-07 10:58:51;0.0
2026-05-07 10:59:06;0.0
2026-05-07 10:59:21;0.01
2026-05-07 10:59:36;0.0
2026-05-07 10:59:52;0.0
2026-05-07 11:00:07;0.0
2026-05-07 11:00:23;0.0
2026-05-07 11:00:38;0.0
2026-05-07 11:00:53;0.01
2026-05-07 11:01:08;0.0
2026-05-07 11:01:24;0.0
2026-05-07 11:01:39;0.0
2026-05-07 11:01:54;0.0
2026-05-07 11:02:10;0.0
2026-05-07 11:02:25;0.0
2026-05-07 11:02:40;0.0
2026-05-07 11:02:56;0.0
2026-05-07 11:03:11;0.0
2026-05-07 11:03:26;0.0
2026-05-07 11:03:41;0.0
2026-05-07 11:03:57;0.0
2026-05-07 11:04:12;0.0
2026-05-07 11:04:28;0.0
2026-05-07 11:04:43;0.0
2026-05-07 11:04:58;0.0
2026-05-07 11:05:13;0.0
2026-05-07 11:05:29;0.0
2026-05-07 11:05:44;0.0
2026-05-07 11:06:00;0.0
2026-05-07 11:06:15;3.98
2026-05-07 11:06:30;0.0
2026-05-07 11:06:45;0.01
2026-05-07 11:07:01;0.01
2026-05-07 11:07:16;0.01
2026-05-07 11:07:32;4.3
2026-05-07 11:07:47;0.01
2026-05-07 11:08:02;0.01
2026-05-07 11:08:18;0.02
2026-05-07 11:08:33;0.01
2026-05-07 11:08:48;0.01
2026-05-07 11:09:04;0.01
2026-05-07 11:09:19;0.01
2026-05-07 11:09:34;0.01
2026-05-07 11:09:49;0.01
2026-05-07 11:10:05;0.01
2026-05-07 11:10:20;0.01
2026-05-07 11:10:35;0.01
2026-05-07 11:10:51;0.01
2026-05-07 11:11:06;0.01
2026-05-07 11:11:21;0.01
2026-05-07 11:11:37;0.01
2026-05-07 11:11:52;0.01
2026-05-07 11:12:07;0.01
2026-05-07 11:12:22;4.28
2026-05-07 11:12:38;0.01
2026-05-07 11:12:53;0.0
2026-05-07 11:13:09;3.92
2026-05-07 11:13:24;0.0
2026-05-07 11:13:39;0.0
2026-05-07 11:13:54;2.96
2026-05-07 11:14:10;0.01
2026-05-07 11:14:25;4.04
2026-05-07 11:14:41;0.01
2026-05-07 11:14:56;0.01
2026-05-07 11:15:11;0.01
2026-05-07 11:15:26;0.01
2026-05-07 11:15:42;0.01
2026-05-07 11:15:57;0.01
2026-05-07 11:16:13;0.01
2026-05-07 11:16:28;4.22
2026-05-07 11:16:43;0.01
2026-05-07 11:16:58;3.93
2026-05-07 11:17:14;0.01
2026-05-07 11:17:29;0.01
2026-05-07 11:17:45;0.02
2026-05-07 11:18:00;0.01
2026-05-07 11:18:16;0.01
2026-05-07 11:18:30;3.99
2026-05-07 11:18:46;0.01
2026-05-07 11:19:01;0.01
2026-05-07 11:19:17;0.02
2026-05-07 11:19:32;0.01
2026-05-07 11:19:47;0.01
2026-05-07 11:20:02;4.07
2026-05-07 11:20:18;0.01
2026-05-07 11:20:33;0.01
2026-05-07 11:20:48;0.01
2026-05-07 11:21:03;0.01
2026-05-07 11:21:22;3.48
2026-05-07 11:21:34;3.84
2026-05-07 11:21:50;0.02
2026-05-07 11:22:05;0.01
2026-05-07 11:22:20;0.01
2026-05-07 11:22:35;2.99
2026-05-07 11:22:51;2.75
2026-05-07 11:23:06;2.44
2026-05-07 11:23:22;0.01
2026-05-07 11:23:37;0.01
2026-05-07 11:23:52;0.02
2026-05-07 11:24:07;0.01
2026-05-07 11:24:22;3.3
2026-05-07 11:24:37;0.01
2026-05-07 11:24:52;0.01
2026-05-07 11:25:07;0.01
2026-05-07 11:25:22;0.01
2026-05-07 11:25:37;0.01
2026-05-07 11:25:52;0.01
2026-05-07 11:30:59;4.74
2026-05-07 11:31:14;5.41
2026-05-07 11:31:29;0.01
2026-05-07 11:32:02;0.02
2026-05-07 11:32:18;0.01
2026-05-07 11:32:34;0.02
2026-05-07 11:32:49;0.01
2026-05-07 11:33:04;0.01
2026-05-07 11:33:19;0.01
2026-05-07 11:33:35;0.01
2026-05-07 11:33:50;0.01
2026-05-07 11:34:05;0.02
2026-05-07 11:34:20;0.01
2026-05-07 11:34:36;0.01
2026-05-07 11:34:51;0.01
2026-05-07 11:35:06;0.01
2026-05-07 11:35:21;0.01
2026-05-07 11:35:37;0.02
2026-05-07 11:35:52;0.01
2026-05-07 11:36:07;5.36
2026-05-07 11:36:22;0.01
2026-05-07 11:36:38;0.02
2026-05-07 11:36:53;0.01
2026-05-07 11:37:08;0.01
2026-05-07 11:37:23;0.02
2026-05-07 11:37:39;0.01
2026-05-07 11:37:54;0.01
2026-05-07 11:38:09;0.01
2026-05-07 11:38:24;0.01
2026-05-07 11:38:42;0.01
2026-05-07 11:38:56;0.01
2026-05-07 11:39:11;0.02
2026-05-07 11:39:27;0.02
2026-05-07 11:39:42;0.01
2026-05-07 11:39:58;0.01
2026-05-07 11:40:13;0.01
2026-05-07 11:40:29;0.01
2026-05-07 11:40:45;0.01
2026-05-07 11:41:01;0.01
2026-05-07 11:41:16;0.01
2026-05-07 11:41:32;0.01
2026-05-07 11:41:47;0.01
2026-05-07 11:42:03;5.62
2026-05-07 11:42:18;0.01
2026-05-07 11:42:34;5.71
2026-05-07 11:42:49;0.01
2026-05-07 11:43:05;0.01
2026-05-07 11:43:21;0.01
2026-05-07 11:43:36;0.01
2026-05-07 11:43:52;0.01
2026-05-07 11:44:08;0.01
2026-05-07 11:44:23;4.82
2026-05-07 11:44:39;0.01
2026-05-07 11:44:54;5.74
2026-05-07 11:45:25;0.01
2026-05-07 11:45:40;0.01
2026-05-07 11:45:56;0.01
2026-05-07 11:46:11;5.65
2026-05-07 11:46:27;0.01
2026-05-07 11:46:42;0.01
2026-05-07 11:46:58;0.01
2026-05-07 11:47:13;0.01
2026-05-07 11:47:29;0.01
2026-05-07 11:47:45;0.01
2026-05-07 11:48:00;0.01
2026-05-07 11:48:16;0.01
2026-05-07 11:48:32;0.01
2026-05-07 11:48:47;0.01
2026-05-07 11:49:03;0.01
2026-05-07 11:49:19;0.01
2026-05-07 11:49:34;0.01
2026-05-07 11:49:50;0.01
2026-05-07 11:50:05;0.01
2026-05-07 11:50:21;0.02
2026-05-07 11:50:36;0.01
2026-05-07 11:59:51;0.01
2026-05-07 12:00:07;0.01
2026-05-07 12:00:22;5.72
2026-05-07 12:00:38;0.01
2026-05-07 12:00:55;0.01
2026-05-07 12:01:09;0.01
2026-05-07 12:01:25;0.01
2026-05-07 12:01:40;0.01
2026-05-07 12:01:57;0.01
2026-05-07 12:02:11;0.01
2026-05-07 12:02:27;0.01
2026-05-07 12:02:43;0.01
2026-05-07 12:02:58;0.01
2026-05-07 12:03:14;0.02
2026-05-07 12:03:29;0.01
2026-05-07 12:03:45;0.01
2026-05-07 12:04:00;0.01
2026-05-07 12:04:16;0.01
2026-05-07 12:04:31;0.01
2026-05-07 12:04:47;0.01
2026-05-07 12:05:03;0.01
2026-05-07 12:05:18;0.01
2026-05-07 12:05:34;0.01
2026-05-07 12:05:49;0.01
2026-05-07 12:06:05;0.01
2026-05-07 12:06:20;0.01
2026-05-07 12:06:36;0.01
2026-05-07 12:06:51;4.55
2026-05-07 12:07:07;0.01
2026-05-07 12:07:22;0.01
2026-05-07 12:07:38;0.01
2026-05-07 12:07:53;0.01
2026-05-07 12:08:09;0.02
2026-05-07 12:08:25;0.01
2026-05-07 12:08:40;0.01
2026-05-07 12:08:56;0.01
2026-05-07 12:09:11;0.01
2026-05-07 12:09:27;0.02
2026-05-07 12:09:42;0.01
2026-05-07 12:09:59;0.02
2026-05-07 12:10:13;5.09
2026-05-07 12:10:29;0.01
2026-05-07 12:10:47;0.01
2026-05-07 12:11:00;0.01
2026-05-07 12:11:16;0.01
2026-05-07 12:11:31;0.01
2026-05-07 12:11:47;0.01
2026-05-07 12:12:02;0.01
2026-05-07 12:12:18;0.02
2026-05-07 12:12:48;0.01
2026-05-07 12:13:10;0.01
2026-05-07 12:13:25;0.01
2026-05-07 12:13:41;5.85
2026-05-07 12:14:07;0.02
2026-05-07 12:14:12;0.01
2026-05-07 12:14:28;0.01
2026-05-07 12:14:44;0.02
2026-05-07 12:14:59;0.01
2026-05-07 12:15:15;0.01
2026-05-07 12:15:30;0.01
2026-05-07 12:15:46;0.01
2026-05-07 12:16:01;0.01
2026-05-07 12:16:17;0.01
2026-05-07 12:16:32;0.01
2026-05-07 12:16:48;0.01
2026-05-07 12:17:05;0.01
2026-05-07 12:17:19;0.01
2026-05-07 12:17:35;0.01
2026-05-07 12:17:50;0.02
2026-05-07 12:18:06;0.02
2026-05-07 12:18:21;4.74
2026-05-07 12:18:37;0.01
2026-05-07 12:18:52;0.01
2026-05-07 12:19:08;0.02
2026-05-07 12:19:23;1.04
2026-05-07 12:19:39;1.01
2026-05-07 12:19:55;0.01
2026-05-07 12:20:10;0.01
2026-05-07 12:20:26;0.01
2026-05-07 12:20:41;0.02
2026-05-07 12:20:57;0.01
2026-05-07 12:21:12;0.01
2026-05-07 12:21:28;0.01
2026-05-07 12:21:43;5.32
2026-05-07 12:21:59;0.01
2026-05-07 12:22:14;0.01
2026-05-07 12:22:30;0.01
2026-05-07 12:22:45;5.89
2026-05-07 12:23:01;0.02
2026-05-07 12:23:17;0.01
2026-05-07 12:23:32;0.01
2026-05-07 12:23:48;5.39
2026-05-07 12:24:04;0.01
2026-05-07 12:24:19;0.01
2026-05-07 12:24:35;0.01
2026-05-07 12:24:50;0.01
2026-05-07 12:25:05;0.01
2026-05-07 12:25:21;0.01
2026-05-07 12:25:37;0.01
2026-05-07 12:25:52;0.01
2026-05-07 12:26:08;0.01
2026-05-07 12:26:23;0.01
2026-05-07 12:26:39;0.01
2026-05-07 12:26:54;0.02
2026-05-07 12:27:10;0.01
2026-05-07 12:27:27;0.01
2026-05-07 12:27:41;0.02
2026-05-07 12:27:56;0.01
2026-05-07 12:28:12;0.02
2026-05-07 12:28:28;0.01
2026-05-07 12:28:43;0.01
2026-05-07 12:28:59;0.01
2026-05-07 12:29:14;0.01
2026-05-07 12:29:30;0.01
2026-05-07 12:29:45;0.01
2026-05-07 12:30:01;0.01
2026-05-07 12:30:16;5.19
2026-05-07 12:30:32;0.01
2026-05-07 12:30:48;0.01
2026-05-07 12:31:03;0.01
2026-05-07 12:31:19;5.84
2026-05-07 12:31:34;0.01
2026-05-07 12:31:50;0.01
2026-05-07 12:32:05;0.01
2026-05-07 12:32:21;0.01
2026-05-07 12:32:36;0.02
2026-05-07 12:32:52;0.01
2026-05-07 12:33:07;0.01
2026-05-07 12:33:23;0.01
2026-05-07 12:33:39;0.01
2026-05-07 12:33:54;0.02
2026-05-07 12:34:12;0.02
2026-05-07 12:34:25;0.01
2026-05-07 12:34:41;0.01
2026-05-07 12:34:56;0.01
2026-05-07 12:35:12;0.01
2026-05-07 12:35:27;0.01
2026-05-07 12:35:43;5.28
2026-05-07 12:35:58;0.01
2026-05-07 12:36:15;0.01
2026-05-07 12:36:30;0.01
2026-05-07 12:36:46;5.56
2026-05-07 12:37:01;4.61
2026-05-07 12:37:16;0.01
2026-05-07 12:37:32;0.01
2026-05-07 12:37:47;0.01
2026-05-07 12:38:03;0.01
2026-05-07 12:38:18;0.01
2026-05-07 12:38:34;0.01
2026-05-07 12:38:50;5.2
2026-05-07 12:39:05;0.01
2026-05-07 12:39:21;0.01
2026-05-07 12:39:36;0.01
2026-05-07 12:39:52;0.01
2026-05-07 12:40:07;0.02
2026-05-07 12:40:23;0.02
2026-05-07 12:40:38;0.02
2026-05-07 12:40:54;0.01
2026-05-07 12:41:09;0.01
2026-05-07 12:41:25;0.01
2026-05-07 12:41:41;5.08
2026-05-07 12:41:57;5.82
2026-05-07 12:42:12;0.01
2026-05-07 12:42:28;0.01
2026-05-07 12:42:43;0.01
2026-05-07 12:42:58;0.01
2026-05-07 12:43:17;0.01
2026-05-07 12:43:30;0.01
2026-05-07 12:43:45;0.01
2026-05-07 12:44:02;0.01
2026-05-07 12:44:16;0.01
2026-05-07 12:44:32;0.02
2026-05-07 12:44:47;0.01
2026-05-07 12:45:03;5.79
2026-05-07 12:45:18;0.01
2026-05-07 12:45:34;0.01
2026-05-07 12:45:49;0.01
2026-05-07 12:46:05;0.02
2026-05-07 12:46:20;0.01
2026-05-07 12:46:36;0.01
2026-05-07 12:46:52;0.01
2026-05-07 12:47:07;0.01
2026-05-07 12:47:23;0.01
2026-05-07 12:47:38;0.01
2026-05-07 12:47:54;0.01
2026-05-07 12:48:09;0.02
2026-05-07 12:48:25;0.02
2026-05-07 12:48:41;4.86
2026-05-07 12:48:56;0.01
2026-05-07 12:49:12;0.01
2026-05-07 12:49:27;0.01
2026-05-07 12:49:43;0.01
2026-05-07 12:49:58;0.01
2026-05-07 12:50:14;0.01
2026-05-07 12:50:30;0.01
2026-05-07 12:50:45;2.26
2026-05-07 12:51:01;0.01
2026-05-07 12:51:17;2.12
2026-05-07 12:51:32;2.22
2026-05-07 12:51:47;0.01
2026-05-07 12:52:02;0.01
2026-05-07 12:52:17;0.01
2026-05-07 12:52:32;2.13
2026-05-07 12:52:48;0.01
2026-05-07 12:53:03;0.02
2026-05-07 12:53:18;2.07
2026-05-07 12:53:33;2.1
2026-05-07 12:53:49;2.17
2026-05-07 12:54:04;0.01
2026-05-07 12:54:20;0.01
2026-05-07 12:54:35;0.01
2026-05-07 12:54:50;2.14
2026-05-07 12:55:05;0.01
2026-05-07 12:55:21;0.01
2026-05-07 12:55:36;0.01
2026-05-07 12:55:51;2.13
2026-05-07 12:56:06;2.14
2026-05-07 12:56:22;2.03
2026-05-07 12:56:37;0.01
2026-05-07 12:56:52;0.01
2026-05-07 12:57:07;0.01
2026-05-07 12:57:23;0.01
2026-05-07 12:57:38;0.02
2026-05-07 12:57:54;0.01
2026-05-07 12:58:09;2.04
2026-05-07 12:58:24;2.03
2026-05-07 12:58:39;2.01
2026-05-07 12:58:55;1.98
2026-05-07 12:59:10;1.92
2026-05-07 12:59:26;1.91
2026-05-07 12:59:41;1.86
2026-05-07 12:59:56;0.01
2026-05-07 13:00:11;0.01
2026-05-07 13:00:27;1.79
2026-05-07 13:00:42;1.81
2026-05-07 13:00:58;1.85
2026-05-07 13:01:13;1.86
2026-05-07 13:01:28;1.87
2026-05-07 13:01:43;1.86
2026-05-07 13:08:45;5.07
2026-05-07 13:09:01;0.01
2026-05-07 13:09:16;1.6
2026-05-07 13:09:32;0.01
2026-05-07 13:09:47;0.01
2026-05-07 13:10:02;0.01
2026-05-07 13:10:17;0.01
2026-05-07 13:10:33;0.01
2026-05-07 13:10:48;0.01
2026-05-07 13:11:03;5.13
2026-05-07 13:11:18;0.01
2026-05-07 13:11:34;5.72
2026-05-07 13:11:49;0.01
2026-05-07 13:12:06;0.01
2026-05-07 13:12:20;0.01
2026-05-07 13:12:35;0.01
2026-05-07 13:12:51;0.01
2026-05-07 13:13:06;0.01
2026-05-07 13:13:21;0.02
2026-05-07 13:13:37;0.01
2026-05-07 13:13:52;0.02
2026-05-07 13:14:07;0.01
2026-05-07 13:14:22;0.01
2026-05-07 13:14:37;0.02
2026-05-07 13:14:53;0.01
2026-05-07 13:15:08;0.01
2026-05-07 13:15:25;0.01
2026-05-07 13:15:39;0.01
2026-05-07 13:15:54;0.02
2026-05-07 13:16:09;5.89
2026-05-07 13:16:25;0.02
2026-05-07 13:16:40;5.74
2026-05-07 13:16:56;0.01
2026-05-07 13:17:10;0.01
2026-05-07 13:17:26;0.01
2026-05-07 13:17:41;0.02
2026-05-07 13:17:56;0.01
2026-05-07 13:18:11;0.01
2026-05-07 13:18:27;0.01
2026-05-07 13:18:42;5.88
2026-05-07 13:18:57;0.01
2026-05-07 13:19:12;0.02
2026-05-07 13:19:28;0.02
2026-05-07 13:19:43;0.02
2026-05-07 13:19:58;0.01
2026-05-07 13:20:13;0.01
2026-05-07 13:20:29;0.01
2026-05-07 13:20:44;0.01
2026-05-07 13:21:00;0.01
2026-05-07 13:21:14;0.01
2026-05-07 13:21:30;0.02
2026-05-07 13:21:45;0.01
2026-05-07 13:22:00;0.01
2026-05-07 13:22:15;0.02
2026-05-07 13:22:31;0.01
2026-05-07 13:22:46;0.01
2026-05-07 13:23:01;0.01
2026-05-07 13:23:16;0.01
2026-05-07 13:23:32;0.01
2026-05-07 13:23:47;0.01
2026-05-07 13:24:03;6.09
2026-05-07 13:24:25;0.01
2026-05-07 13:24:42;6.11
2026-05-07 13:24:56;0.01
2026-05-07 13:25:04;0.01
2026-05-07 13:25:20;0.01
2026-05-07 13:25:35;0.02
2026-05-07 13:25:50;5.93
2026-05-07 13:26:05;0.01
2026-05-07 13:26:39;0.01
2026-05-07 13:26:51;0.01
2026-05-07 13:27:07;0.01
2026-05-07 13:27:22;6.07
2026-05-07 13:27:38;0.01
2026-05-07 13:27:53;0.01
2026-05-07 13:28:08;0.01
2026-05-07 13:28:23;0.01
2026-05-07 13:28:38;0.01
2026-05-07 13:28:54;0.02
2026-05-07 13:29:09;0.01
2026-05-07 13:29:24;0.02
2026-05-07 13:29:39;5.24
2026-05-07 13:29:55;5.07
2026-05-07 13:30:10;5.25
2026-05-07 13:30:25;0.01
2026-05-07 13:30:40;5.87
2026-05-07 13:30:56;5.28
2026-05-07 13:31:11;0.01
2026-05-07 13:31:26;5.38
2026-05-07 13:31:42;0.01
2026-05-07 13:31:57;5.44
2026-05-07 13:32:12;4.61
2026-05-07 13:32:27;0.01
2026-05-07 13:32:42;0.01
2026-05-07 13:32:58;5.62
2026-05-07 13:33:13;0.01
2026-05-07 13:33:28;0.01
2026-05-07 13:33:44;0.01
2026-05-07 13:33:59;0.01
2026-05-07 13:34:15;0.02
2026-05-07 13:34:30;6.08
2026-05-07 13:34:45;4.81
2026-05-07 13:35:00;0.01
2026-05-07 13:35:18;0.02
2026-05-07 13:35:32;0.01
2026-05-07 13:35:48;0.02
2026-05-07 13:36:04;0.01
2026-05-07 13:36:19;0.02
2026-05-07 13:36:34;0.01
2026-05-07 13:36:50;0.01
2026-05-07 13:37:06;0.01
2026-05-07 13:37:21;0.01
2026-05-07 13:37:37;0.01
2026-05-07 13:37:52;0.01
2026-05-07 13:38:08;0.01
2026-05-07 13:38:23;0.01
2026-05-07 13:38:41;0.02
2026-05-07 13:38:55;0.01
2026-05-07 13:39:10;0.01
2026-05-07 13:39:26;0.02
2026-05-07 13:39:41;0.02
2026-05-07 13:39:56;0.01
2026-05-07 13:40:11;0.01
2026-05-07 13:40:27;0.02
2026-05-07 13:40:42;6.02
2026-05-07 13:40:58;0.01
2026-05-07 13:41:14;0.02
2026-05-07 13:41:29;0.01
2026-05-07 13:41:45;5.82
2026-05-07 13:42:00;0.01
2026-05-07 13:42:16;0.01
2026-05-07 13:42:31;5.82
2026-05-07 13:42:47;0.02
2026-05-07 13:43:03;0.01
2026-05-07 13:43:18;0.01
2026-05-07 13:43:34;0.01
2026-05-07 13:43:49;5.68
2026-05-07 13:44:04;0.01
2026-05-07 13:44:19;0.01
2026-05-07 13:44:35;0.01
2026-05-07 13:44:50;0.01
2026-05-07 13:45:05;0.02
2026-05-07 13:45:20;0.01
2026-05-07 13:45:36;0.01
2026-05-07 13:45:51;0.02
2026-05-07 13:46:06;0.01
2026-05-07 13:46:21;4.94
2026-05-07 13:46:37;0.01
2026-05-07 13:46:52;0.01
2026-05-07 13:47:07;0.01
2026-05-07 13:47:22;0.01
2026-05-07 13:47:38;0.01
2026-05-07 13:47:53;0.01
2026-05-07 13:48:09;0.01
2026-05-07 13:48:24;0.01
2026-05-07 13:48:39;5.67
2026-05-07 13:48:54;0.01
2026-05-07 13:49:10;5.66
2026-05-07 13:49:25;0.02
2026-05-07 13:49:40;0.01
2026-05-07 13:49:55;0.01
2026-05-07 13:50:11;0.01
2026-05-07 13:50:26;0.01
2026-05-07 13:50:41;0.02
2026-05-07 13:50:56;0.01
2026-05-07 13:51:13;0.01
2026-05-07 13:51:28;0.01
2026-05-07 13:51:44;0.01
2026-05-07 13:51:59;0.01
2026-05-07 13:52:15;0.02
2026-05-07 13:52:30;0.02
2026-05-07 13:52:45;0.01
2026-05-07 13:53:00;0.01
2026-05-07 13:53:16;0.01
2026-05-07 13:53:33;0.01
2026-05-07 13:54:31;5.72
2026-05-07 13:54:47;0.01
2026-05-07 13:55:02;0.02
2026-05-07 13:55:17;0.02
2026-05-07 13:55:32;0.01
2026-05-07 13:55:48;0.01
2026-05-07 13:56:03;0.01
2026-05-07 13:56:19;0.01
2026-05-07 13:56:33;0.01
2026-05-07 13:56:49;0.01
2026-05-07 13:57:07;0.02
2026-05-07 13:57:20;0.01
2026-05-07 13:57:35;0.01
2026-05-07 13:57:50;0.01
2026-05-07 13:58:05;0.01
2026-05-07 13:58:21;0.02
2026-05-07 13:58:36;0.01
2026-05-07 13:58:51;0.01
2026-05-07 13:59:06;0.01
2026-05-07 13:59:22;0.02
2026-05-07 13:59:37;0.01
2026-05-07 13:59:52;0.01
2026-05-07 14:00:07;0.02
2026-05-07 14:00:23;0.01
2026-05-07 14:00:38;0.01
2026-05-07 14:00:53;0.01
2026-05-07 14:01:08;4.62
2026-05-07 14:01:24;0.02
2026-05-07 14:01:39;0.02
2026-05-07 14:01:54;0.01
2026-05-07 14:02:09;5.23
2026-05-07 14:02:25;0.02
2026-05-07 14:02:40;0.02
2026-05-07 14:02:56;0.01
2026-05-07 14:03:10;0.01
2026-05-07 14:03:26;4.57
2026-05-07 14:03:41;0.01
2026-05-07 14:03:57;0.01
2026-05-07 14:04:11;0.01
2026-05-07 14:04:27;0.01
2026-05-07 14:04:42;0.02
2026-05-07 14:04:58;0.02
2026-05-07 14:05:16;0.01
2026-05-07 14:05:28;0.01
2026-05-07 14:05:43;0.02
2026-05-07 14:05:59;0.01
2026-05-07 14:06:14;0.01
2026-05-07 14:06:29;0.01
2026-05-07 14:06:44;0.02
2026-05-07 14:07:00;0.01
2026-05-07 14:07:15;0.01
2026-05-07 14:07:30;0.01
2026-05-07 14:07:45;0.02
2026-05-07 14:08:01;0.01
2026-05-07 14:08:16;0.02
2026-05-07 14:08:32;0.01
2026-05-07 14:08:46;5.69
2026-05-07 14:09:02;0.01
2026-05-07 14:09:18;0.01
2026-05-07 14:09:32;0.01
2026-05-07 14:09:48;0.01
2026-05-07 14:10:03;5.54
2026-05-07 14:10:18;0.01
2026-05-07 14:10:33;0.01
2026-05-07 14:10:49;0.01
2026-05-07 14:11:04;4.94
2026-05-07 14:11:19;0.01
2026-05-07 14:11:34;0.02
2026-05-07 14:11:50;0.01
2026-05-07 14:12:05;0.01
2026-05-07 14:12:22;0.01
2026-05-07 14:12:36;0.01
2026-05-07 14:12:51;0.01
2026-05-07 14:13:06;0.01
2026-05-07 14:13:22;0.01
2026-05-07 14:13:37;5.82
2026-05-07 14:13:52;0.01
2026-05-07 14:14:08;0.02
2026-05-07 14:14:23;0.01
2026-05-07 14:14:38;0.02
2026-05-07 14:14:53;0.01
2026-05-07 14:15:08;0.01
2026-05-07 14:15:24;0.01
2026-05-07 14:15:39;0.02
2026-05-07 14:15:54;0.02
2026-05-07 14:16:09;0.01
2026-05-07 14:16:25;0.02
2026-05-07 14:16:40;0.01
2026-05-07 14:16:56;5.43
2026-05-07 14:17:23;0.01
2026-05-07 14:17:26;0.02
2026-05-07 14:17:41;0.01
2026-05-07 14:17:58;0.02
2026-05-07 14:18:12;5.62
2026-05-07 14:18:27;0.01
2026-05-07 14:18:42;0.01
2026-05-07 14:18:58;0.02
2026-05-07 14:19:13;5.01
2026-05-07 14:19:28;0.01
2026-05-07 14:19:43;0.01
2026-05-07 14:19:59;0.01
2026-05-07 14:20:14;0.01
2026-05-07 14:20:29;5.59
2026-05-07 14:20:44;0.01
2026-05-07 14:21:00;0.01
2026-05-07 14:21:15;0.02
2026-05-07 14:21:30;0.02
2026-05-07 14:21:45;0.01
2026-05-07 14:22:01;0.01
2026-05-07 14:22:16;0.01
2026-05-07 14:22:32;0.01
2026-05-07 14:22:47;0.01
2026-05-07 14:23:02;5.57
2026-05-07 14:23:17;0.01
2026-05-07 14:23:33;0.01
2026-05-07 14:23:48;0.02
2026-05-07 14:24:03;0.02
2026-05-07 14:24:18;0.01
2026-05-07 14:24:34;0.01
2026-05-07 14:24:49;0.01
2026-05-07 14:25:04;0.01
2026-05-07 14:25:19;0.01
2026-05-07 14:25:35;0.01
2026-05-07 14:25:50;5.6
2026-05-07 14:26:05;0.02
2026-05-07 14:26:20;0.01
2026-05-07 14:26:36;0.02
2026-05-07 14:26:51;0.02
2026-05-07 14:27:06;5.44
2026-05-07 14:27:21;0.01
2026-05-07 14:27:37;0.01
2026-05-07 14:27:52;0.02
2026-05-07 14:28:07;0.02
2026-05-07 14:28:22;4.8
2026-05-07 14:28:38;0.01
2026-05-07 14:28:53;0.01
2026-05-07 14:29:08;0.02
2026-05-07 14:29:23;0.01
2026-05-07 14:29:39;5.58
2026-05-07 14:29:54;0.02
2026-05-07 14:30:09;0.01
2026-05-07 14:30:24;0.02
2026-05-07 14:30:40;0.02
2026-05-07 14:30:55;0.02
2026-05-07 14:31:11;0.01
2026-05-07 14:31:25;0.01
2026-05-07 14:31:41;4.96
2026-05-07 14:31:56;0.01
2026-05-07 14:32:11;0.01
2026-05-07 14:32:26;0.01
2026-05-07 14:32:42;0.01
2026-05-07 14:32:57;5.07
2026-05-07 14:33:13;0.01
2026-05-07 14:33:28;0.01
2026-05-07 14:33:43;0.02
2026-05-07 14:33:58;0.01
2026-05-07 14:34:14;4.8
2026-05-07 14:34:29;0.01
2026-05-07 14:34:44;0.01
2026-05-07 14:34:59;0.01
2026-05-07 14:35:15;0.01
2026-05-07 14:35:30;4.94
2026-05-07 14:35:45;0.02
2026-05-07 14:36:00;0.01
2026-05-07 14:36:16;5.3
2026-05-07 14:36:31;0.02
2026-05-07 14:36:47;0.01
2026-05-07 14:37:02;0.01
2026-05-07 14:37:17;0.01
2026-05-07 14:37:32;5.22
2026-05-07 14:37:48;0.01
2026-05-07 14:38:03;0.01
2026-05-07 14:38:18;0.01
2026-05-07 14:38:33;0.01
2026-05-07 14:38:49;4.99
2026-05-07 14:39:04;0.01
2026-05-07 14:39:19;0.02
2026-05-07 14:39:34;0.01
2026-05-07 14:39:50;0.02
2026-05-07 14:40:05;0.01
2026-05-07 14:40:20;0.01
2026-05-07 14:40:35;0.01
2026-05-07 14:40:51;5.33
2026-05-07 14:41:06;0.01
2026-05-07 14:41:22;0.01
2026-05-07 14:41:37;0.01
2026-05-07 14:41:52;0.01
2026-05-07 14:42:07;0.01
2026-05-07 14:42:23;0.01
2026-05-07 14:42:38;0.01
2026-05-07 14:42:53;5.13
2026-05-07 14:43:08;0.01
2026-05-07 14:43:24;1.53
2026-05-07 14:43:39;1.54
2026-05-07 14:43:55;1.5
2026-05-07 14:44:10;1.52
2026-05-07 14:44:25;1.55
2026-05-07 14:44:40;1.59
2026-05-07 14:44:57;1.64
2026-05-07 14:45:11;1.67
2026-05-07 14:45:26;1.95
2026-05-07 14:45:41;0.01
2026-05-07 14:45:57;0.01
2026-05-07 14:46:12;5.78
2026-05-07 14:46:28;0.02
2026-05-07 14:46:43;0.01
2026-05-07 14:46:58;0.01
2026-05-07 14:47:13;0.01
2026-05-07 14:47:29;0.02
2026-05-07 14:47:44;0.02
2026-05-07 14:48:00;0.01
2026-05-07 14:48:15;0.01
2026-05-07 14:48:30;0.02
2026-05-07 14:48:45;0.02
2026-05-07 14:49:01;0.01
2026-05-07 14:49:16;0.02
2026-05-07 14:49:32;0.01
2026-05-07 14:49:47;0.01
2026-05-07 14:50:02;5.22
2026-05-07 14:50:17;0.01
2026-05-07 14:50:33;0.01
2026-05-07 14:50:48;0.01
2026-05-07 14:51:04;0.01
2026-05-07 14:51:19;5.08
2026-05-07 14:51:34;0.01
2026-05-07 14:51:50;0.01
2026-05-07 14:52:05;0.01
2026-05-07 14:52:20;0.01
2026-05-07 14:52:35;5.14
2026-05-07 14:52:50;0.01
2026-05-07 14:53:06;0.01
2026-05-07 14:53:21;0.01
2026-05-07 14:53:37;0.01
2026-05-07 14:53:52;0.01
2026-05-07 14:54:07;4.85
2026-05-07 14:54:29;0.01
2026-05-07 14:54:41;0.02
2026-05-07 14:54:53;0.01
2026-05-07 14:55:08;0.01
2026-05-07 14:55:23;0.01
2026-05-07 14:55:39;0.01
2026-05-07 14:55:54;0.01
2026-05-07 14:56:10;0.01
2026-05-07 14:56:25;0.02
2026-05-07 14:56:40;3.87
2026-05-07 14:56:55;0.01
2026-05-07 14:57:11;0.02
2026-05-07 14:57:26;2.45
2026-05-07 14:57:41;1.13
2026-05-07 14:57:56;1.13
2026-05-07 14:58:12;1.16
2026-05-07 14:58:27;1.44
2026-05-07 14:58:43;1.12
2026-05-07 14:58:58;1.11
2026-05-07 14:59:13;1.09
2026-05-07 14:59:28;1.1
2026-05-07 14:59:44;1.1
2026-05-07 14:59:59;1.07
2026-05-07 15:00:14;1.03
2026-05-07 15:00:29;0.97
2026-05-07 15:00:45;0.93
2026-05-07 15:01:00;0.9
2026-05-07 15:01:16;0.88
2026-05-07 15:01:31;0.87
2026-05-07 15:01:46;0.84
2026-05-07 15:02:01;0.8
2026-05-07 15:02:17;0.77
2026-05-07 15:02:32;0.75
2026-05-07 15:02:48;0.73
2026-05-07 15:03:03;0.73
2026-05-07 15:03:18;0.72
2026-05-07 15:03:34;0.71
2026-05-07 15:03:48;0.71
2026-05-07 15:04:03;0.7
2026-05-07 15:04:18;0.7
2026-05-07 15:04:34;0.7
2026-05-07 15:04:48;0.69
2026-05-07 15:05:03;0.69
2026-05-07 15:05:18;0.69
2026-05-07 15:05:33;0.68
2026-05-07 15:05:48;0.67
2026-05-07 15:06:03;0.66
2026-05-07 15:06:18;0.64
2026-05-07 15:06:33;0.62
2026-05-07 15:06:49;0.6
2026-05-07 15:07:03;0.59
2026-05-07 15:07:18;0.59
2026-05-07 15:07:34;0.58
2026-05-07 15:07:48;0.58
2026-05-07 15:08:04;0.57
2026-05-07 15:08:19;0.56
2026-05-07 15:08:34;0.55
2026-05-07 15:08:49;0.54
2026-05-07 15:09:04;0.53
2026-05-07 15:09:19;0.51
2026-05-07 15:09:34;0.51
2026-05-07 15:09:49;0.5
2026-05-07 15:10:04;0.49
2026-05-07 15:10:19;0.48
2026-05-07 15:10:34;0.48
2026-05-07 15:10:49;0.47
2026-05-07 15:11:04;0.47
2026-05-07 15:11:19;0.45
2026-05-07 15:11:34;0.44
2026-05-07 15:11:49;0.43
2026-05-07 15:12:04;0.42
2026-05-07 15:12:19;0.41
2026-05-07 15:12:34;0.41
2026-05-07 15:12:49;0.4
2026-05-07 15:13:04;0.39
2026-05-07 15:13:19;0.39
2026-05-07 15:13:34;0.38
2026-05-07 15:13:49;0.37
2026-05-07 15:14:04;0.37
2026-05-07 15:14:19;0.37
2026-05-07 15:14:35;0.36
2026-05-07 15:14:49;0.35
2026-05-07 15:15:04;0.35
2026-05-07 15:15:19;0.34
2026-05-07 15:15:34;0.33
2026-05-07 15:15:49;0.34
2026-05-07 15:16:04;0.34
2026-05-07 15:16:19;0.33
2026-05-07 15:16:34;0.34
2026-05-07 15:16:51;0.35
2026-05-07 15:17:05;0.35
2026-05-07 15:17:20;0.35
2026-05-07 15:17:35;0.35
2026-05-07 15:17:50;0.34
2026-05-07 15:18:05;0.34
2026-05-07 15:18:20;0.34
2026-05-07 15:18:35;0.34
2026-05-07 15:18:50;0.35
2026-05-07 15:19:05;0.34
2026-05-07 15:19:20;0.35
2026-05-07 15:19:35;0.36
2026-05-07 15:19:50;0.36
2026-05-07 15:20:05;0.37
2026-05-07 15:20:20;0.37
2026-05-07 15:20:35;0.38
2026-05-07 15:20:50;0.38
2026-05-07 15:21:05;0.39
2026-05-07 15:21:20;0.4
2026-05-07 15:21:35;0.43
2026-05-07 15:21:50;0.45
2026-05-07 15:22:05;0.48
2026-05-07 15:22:20;0.53
2026-05-07 15:22:35;0.59
2026-05-07 15:22:50;0.88
2026-05-07 15:23:05;0.01
2026-05-07 15:23:21;0.02
2026-05-07 15:23:36;0.02
2026-05-07 15:23:51;0.02
2026-05-07 15:24:06;1.1
2026-05-07 15:24:21;0.87
2026-05-07 15:24:36;0.92
2026-05-07 15:24:51;0.97
2026-05-07 15:25:06;1.01
2026-05-07 15:25:21;1.04
2026-05-07 15:25:36;1.06
2026-05-07 15:25:51;1.09
2026-05-07 15:26:06;1.11
2026-05-07 15:26:21;1.13
2026-05-07 15:26:36;1.13
2026-05-07 15:26:51;1.14
2026-05-07 15:27:06;1.16
2026-05-07 15:27:21;1.19
2026-05-07 15:27:36;1.34
2026-05-07 15:27:51;0.01
2026-05-07 15:28:06;0.01
2026-05-07 15:28:21;0.02
2026-05-07 15:28:36;0.01
2026-05-07 15:28:51;0.01
2026-05-07 15:29:06;0.01
2026-05-07 15:29:21;0.02
2026-05-07 15:29:36;0.01
2026-05-07 15:29:51;1.32
2026-05-07 15:30:08;0.97
2026-05-07 15:30:21;0.92
2026-05-07 15:30:38;0.89
2026-05-07 15:30:51;0.85
2026-05-07 15:31:11;0.82
2026-05-07 15:31:21;0.81
2026-05-07 15:31:38;0.81
2026-05-07 15:31:51;0.81
2026-05-07 15:32:07;0.83
2026-05-07 15:32:22;0.85
2026-05-07 15:32:37;0.88
2026-05-07 15:32:52;0.93
2026-05-07 15:33:07;1.08
2026-05-07 15:33:22;1.29
2026-05-07 15:33:37;1.46
2026-05-07 15:33:52;0.01
2026-05-07 15:34:07;3.81
2026-05-07 15:34:22;0.01
2026-05-07 15:34:39;0.01
2026-05-07 15:35:02;0.01
2026-05-07 15:35:16;3.53
2026-05-07 15:35:31;0.01
2026-05-07 15:35:37;0.01
2026-05-07 15:35:52;3.97
2026-05-07 15:36:07;0.01
2026-05-07 15:36:22;0.01
2026-05-07 15:36:37;0.01
2026-05-07 15:36:52;0.01
2026-05-07 15:37:07;0.02
2026-05-07 15:37:22;0.01
2026-05-07 15:37:37;0.01
2026-05-07 15:37:52;1.67
2026-05-07 15:38:07;0.01
2026-05-07 15:38:22;1.8
2026-05-07 15:38:37;0.02
2026-05-07 15:38:52;0.02
2026-05-07 15:39:09;0.02
2026-05-07 15:39:22;0.01
2026-05-07 15:39:37;0.02
2026-05-07 15:39:52;0.01
2026-05-07 15:40:07;0.02
2026-05-07 15:40:28;0.01
2026-05-07 15:40:37;0.02
2026-05-07 15:40:55;0.02
2026-05-07 15:41:07;0.02
2026-05-07 15:41:22;3.37
2026-05-07 15:41:38;2.05
2026-05-07 15:41:53;0.62
2026-05-07 15:42:07;0.6
2026-05-07 15:42:22;0.59
2026-05-07 15:42:37;0.59
2026-05-07 15:42:53;0.56
2026-05-07 15:43:10;0.54
2026-05-07 15:43:23;0.52
2026-05-07 15:43:38;0.51
2026-05-07 15:43:53;0.51
2026-05-07 15:44:08;0.51
2026-05-07 15:44:23;0.52
2026-05-07 15:44:38;0.54
2026-05-07 15:44:53;0.56
2026-05-07 15:45:08;0.58
2026-05-07 15:45:23;0.6
2026-05-07 15:45:38;0.63
2026-05-07 15:45:53;0.66
2026-05-07 15:46:08;0.69
2026-05-07 15:46:23;0.71
2026-05-07 15:46:38;0.73
2026-05-07 15:46:56;0.75
2026-05-07 15:47:08;0.78
2026-05-07 15:47:23;0.77
2026-05-07 15:47:38;0.73
2026-05-07 15:47:53;0.69
2026-05-07 15:48:08;0.67
2026-05-07 15:48:23;0.66
2026-05-07 15:48:38;0.68
2026-05-07 15:48:54;0.72
2026-05-07 15:49:08;0.75
2026-05-07 15:49:23;0.79
2026-05-07 15:49:38;0.87
2026-05-07 15:49:53;0.01
2026-05-07 15:50:08;0.02
2026-05-07 15:50:23;3.12
2026-05-07 15:50:38;0.02
2026-05-07 15:50:53;0.01
2026-05-07 15:51:10;0.01
2026-05-07 15:51:25;3.17
2026-05-07 15:51:40;0.01
2026-05-07 15:51:55;0.02
2026-05-07 15:52:10;0.01
2026-05-07 15:52:25;2.71
2026-05-07 15:52:40;0.02
2026-05-07 15:52:55;0.01
2026-05-07 15:53:10;1.2
2026-05-07 15:53:25;0.85
2026-05-07 15:53:40;0.69
2026-05-07 15:53:55;0.68
2026-05-07 15:54:10;0.68
2026-05-07 15:54:25;0.74
2026-05-07 15:54:40;0.87
2026-05-07 15:54:55;0.84
2026-05-07 15:55:10;0.89
2026-05-07 15:55:25;1.1
2026-05-07 15:55:40;0.01
2026-05-07 15:55:55;0.01
2026-05-07 15:56:12;0.01
2026-05-07 15:56:25;1.42
2026-05-07 15:56:40;0.82
2026-05-07 15:56:55;0.9
2026-05-07 15:57:10;0.98
2026-05-07 15:57:25;0.73
2026-05-07 15:57:40;0.68
2026-05-07 15:57:55;0.66
2026-05-07 15:58:10;0.65
2026-05-07 15:58:25;0.63
2026-05-07 15:58:40;0.64
2026-05-07 15:58:55;0.65
2026-05-07 15:59:11;0.66
2026-05-07 15:59:26;0.69
2026-05-07 15:59:41;0.69
2026-05-07 15:59:56;0.74
2026-05-07 16:00:11;1.58
2026-05-07 16:00:26;1.86
2026-05-07 16:00:41;0.01
2026-05-07 16:00:56;0.01
2026-05-07 16:01:11;2.78
2026-05-07 16:01:26;0.01
2026-05-07 16:01:41;0.01
2026-05-07 16:01:56;0.02
2026-05-07 16:02:11;0.01
2026-05-07 16:02:26;1.89
2026-05-07 16:02:41;0.86
2026-05-07 16:02:56;0.65
2026-05-07 16:03:11;0.61
2026-05-07 16:03:26;0.98
2026-05-07 16:03:41;0.89
2026-05-07 16:03:56;0.41
2026-05-07 16:04:11;0.39
2026-05-07 16:04:26;0.34
2026-05-07 16:04:41;0.37
2026-05-07 16:04:56;0.36
2026-05-07 16:05:11;0.34
2026-05-08 08:53:29;0.0
2026-05-08 08:53:44;0.0
2026-05-08 08:54:00;0.0
2026-05-08 08:54:15;0.0
2026-05-08 08:54:30;0.0
2026-05-08 08:54:45;0.0
2026-05-08 08:55:00;0.0
2026-05-08 08:55:15;0.0
2026-05-08 08:55:30;0.01
2026-05-08 08:55:46;2.15
2026-05-08 08:56:03;2.61
2026-05-08 08:56:15;0.01
2026-05-08 08:56:31;0.02
2026-05-08 08:56:45;0.02
2026-05-08 08:57:00;0.01
2026-05-08 08:57:15;0.01
2026-05-08 08:57:30;0.02
2026-05-08 08:57:46;0.01
2026-05-08 08:58:01;2.51
2026-05-08 08:58:16;0.01
2026-05-08 08:58:31;0.02
2026-05-08 08:58:46;2.66
2026-05-08 08:59:01;0.02
2026-05-08 08:59:16;0.01
2026-05-08 08:59:31;0.01
2026-05-08 08:59:46;2.34
2026-05-08 09:00:01;2.42
2026-05-08 09:00:16;0.01
2026-05-08 09:00:31;0.02
2026-05-08 09:00:46;0.02
2026-05-08 09:01:02;0.01
2026-05-08 09:01:17;0.02
2026-05-08 09:01:32;0.02
2026-05-08 09:01:47;0.02
2026-05-08 09:02:02;0.02
2026-05-08 09:02:17;0.02
2026-05-08 09:02:32;0.01
2026-05-08 09:02:47;0.02
2026-05-08 09:03:02;0.02
2026-05-08 09:03:17;2.45
2026-05-08 09:03:32;0.02
2026-05-08 09:03:47;0.01
2026-05-08 09:04:02;0.01
2026-05-08 09:04:17;0.01
2026-05-08 09:04:33;0.01
2026-05-08 09:04:48;0.02
2026-05-08 09:05:03;0.02
2026-05-08 09:05:18;0.01
2026-05-08 09:05:33;0.01
2026-05-08 09:05:48;0.02
2026-05-08 09:06:04;0.02
2026-05-08 09:06:19;0.02
2026-05-08 09:06:34;0.02
2026-05-08 09:06:48;0.01
2026-05-08 09:07:03;0.02
2026-05-08 09:07:18;0.02
2026-05-08 09:07:34;0.02
2026-05-08 09:07:49;0.02
2026-05-08 09:08:04;0.02
2026-05-08 09:08:19;0.02
2026-05-08 09:08:34;0.02
2026-05-08 09:08:49;0.02
2026-05-08 09:09:04;0.02
2026-05-08 09:09:19;0.02
2026-05-08 09:09:34;4.17
2026-05-08 09:09:49;0.01
2026-05-08 09:10:04;0.02
2026-05-08 09:10:19;0.02
2026-05-08 09:10:34;0.02
2026-05-08 09:10:49;3.34
2026-05-08 09:11:04;2.7
2026-05-08 09:11:19;0.01
2026-05-08 09:11:34;0.01
2026-05-08 09:11:50;0.02
2026-05-08 09:12:04;2.79
2026-05-08 09:12:20;0.02
2026-05-08 09:12:35;0.01
2026-05-08 09:12:50;0.01
2026-05-08 09:13:05;0.02
2026-05-08 09:13:20;0.02
2026-05-08 09:13:35;0.02
2026-05-08 09:13:50;0.02
2026-05-08 09:14:05;0.02
2026-05-08 09:14:20;4.28
2026-05-08 09:14:35;0.01
2026-05-08 09:14:50;0.02
2026-05-08 09:15:05;0.01
2026-05-08 09:15:20;0.02
2026-05-08 09:15:35;0.01
2026-05-08 09:15:50;0.01
2026-05-08 09:16:05;0.02
2026-05-08 09:16:20;0.02
2026-05-08 09:16:37;4.81
2026-05-08 09:16:50;4.77
2026-05-08 09:17:05;4.95
2026-05-08 09:17:21;5.0
2026-05-08 09:17:35;4.95
2026-05-08 09:17:51;5.04
2026-05-08 09:18:06;0.02
2026-05-08 09:18:21;0.01
2026-05-08 09:18:36;0.01
2026-05-08 09:18:51;0.01
2026-05-08 09:19:06;0.02
2026-05-08 09:19:21;0.01
2026-05-08 09:19:36;0.01
2026-05-08 09:19:51;0.02
2026-05-08 09:20:06;0.02
2026-05-08 09:20:21;0.02
2026-05-08 09:20:36;0.02
2026-05-08 09:20:51;0.02
2026-05-08 09:21:06;0.02
2026-05-08 09:21:21;5.36
2026-05-08 09:21:36;0.01
2026-05-08 09:21:51;0.01
2026-05-08 09:22:06;0.02
2026-05-08 09:22:22;0.02
2026-05-08 09:22:36;0.02
2026-05-08 09:22:51;0.02
2026-05-08 09:23:06;0.02
2026-05-08 09:23:21;0.02
2026-05-08 09:23:36;0.01
2026-05-08 09:23:51;0.01
2026-05-08 09:24:06;0.02
2026-05-08 09:24:21;5.54
2026-05-08 09:24:36;0.01
2026-05-08 09:24:51;0.02
2026-05-08 09:25:06;0.01
2026-05-08 09:25:21;0.01
2026-05-08 09:25:36;0.02
2026-05-08 09:25:51;0.02
2026-05-08 09:26:06;0.01
2026-05-08 09:26:21;0.02
2026-05-08 09:26:36;0.02
2026-05-08 09:26:51;0.02
2026-05-08 09:27:07;5.2
2026-05-08 09:27:21;0.02
2026-05-08 09:27:36;0.02
2026-05-08 09:27:51;0.01
2026-05-08 09:28:06;5.73
2026-05-08 09:28:21;0.02
2026-05-08 09:28:36;0.01
2026-05-08 09:28:51;0.01
2026-05-08 09:29:06;0.02
2026-05-08 09:29:21;0.02
2026-05-08 09:29:36;0.02
2026-05-08 09:29:51;0.02
2026-05-08 09:30:06;6.18
2026-05-08 09:30:21;0.02
2026-05-08 09:30:36;0.02
2026-05-08 09:30:51;5.78
2026-05-08 09:31:07;0.01
2026-05-08 09:31:21;0.01
2026-05-08 09:31:36;0.02
2026-05-08 09:31:51;0.02
2026-05-08 09:32:06;0.01
2026-05-08 09:32:21;0.01
2026-05-08 09:32:36;0.02
2026-05-08 09:32:51;0.01
2026-05-08 09:33:06;0.01
2026-05-08 09:33:21;0.02
2026-05-08 09:33:36;0.01
2026-05-08 09:33:51;0.02
2026-05-08 09:34:06;0.02
2026-05-08 09:34:22;0.02
2026-05-08 09:34:37;0.02
2026-05-08 09:34:53;0.01
2026-05-08 09:35:08;0.01
2026-05-08 09:35:23;0.02
2026-05-08 09:35:38;5.33
2026-05-08 09:35:54;0.01
2026-05-08 09:36:09;0.02
2026-05-08 09:36:25;0.02
2026-05-08 09:36:40;0.01
2026-05-08 09:36:55;0.02
2026-05-08 09:37:10;0.02
2026-05-08 09:37:26;0.02
2026-05-08 09:37:41;0.02
2026-05-08 09:37:56;0.02
2026-05-08 09:38:12;0.01
2026-05-08 09:38:27;0.02
2026-05-08 09:38:42;0.02
2026-05-08 09:38:58;0.02
2026-05-08 09:39:13;5.94
2026-05-08 09:39:28;0.02
2026-05-08 09:39:43;0.02
2026-05-08 09:39:59;0.02
2026-05-08 09:40:14;5.85
2026-05-08 09:40:30;0.01
2026-05-08 09:40:45;0.02
2026-05-08 09:41:00;0.01
2026-05-08 09:41:15;5.62
2026-05-08 09:41:31;5.29
2026-05-08 09:41:46;0.02
2026-05-08 09:42:02;5.69
2026-05-08 09:42:17;5.73
2026-05-08 09:42:32;0.01
2026-05-08 09:42:47;0.01
2026-05-08 09:43:03;0.01
2026-05-08 09:43:18;0.01
2026-05-08 09:43:34;0.02
2026-05-08 09:43:49;0.02
2026-05-08 09:44:04;5.73
2026-05-08 09:44:19;0.01
2026-05-08 09:44:35;0.01
2026-05-08 09:44:50;0.02
2026-05-08 09:45:05;0.02
2026-05-08 09:45:21;0.01
2026-05-08 09:45:36;0.02
2026-05-08 09:45:51;0.02
2026-05-08 09:46:07;0.01
2026-05-08 09:46:22;0.02
2026-05-08 09:46:37;0.01
2026-05-08 09:46:52;6.02
2026-05-08 09:47:08;0.02
2026-05-08 09:47:54;5.63
2026-05-08 09:48:09;0.02
2026-05-08 09:48:24;0.01
2026-05-08 09:48:40;0.01
2026-05-08 09:48:55;0.02
2026-05-08 09:49:10;0.01
2026-05-08 09:49:26;6.03
2026-05-08 09:49:41;0.02
2026-05-08 09:49:56;0.01
2026-05-08 09:50:12;0.01
2026-05-08 09:50:27;5.85
2026-05-08 09:50:42;0.01
2026-05-08 09:50:57;0.02
2026-05-08 09:51:13;0.01
2026-05-08 09:51:28;4.82
2026-05-08 09:51:44;0.01
2026-05-08 09:51:59;0.02
2026-05-08 09:52:14;0.01
2026-05-08 09:52:29;0.02
2026-05-08 09:52:47;0.01
2026-05-08 09:53:00;0.01
2026-05-08 09:53:16;5.58
2026-05-08 09:53:31;0.02
2026-05-08 09:53:46;0.02
2026-05-08 09:54:01;0.01
2026-05-08 09:54:17;0.02
2026-05-08 09:54:32;3.7
2026-05-08 09:54:48;0.01
2026-05-08 09:55:03;0.02
2026-05-08 09:55:18;3.8
2026-05-08 09:55:33;0.01
2026-05-08 09:55:48;0.02
2026-05-08 09:56:03;0.01
2026-05-08 09:56:18;0.02
2026-05-08 09:56:33;0.02
2026-05-08 09:56:48;0.02
2026-05-08 09:57:03;0.01
2026-05-08 09:57:18;0.02
2026-05-08 09:57:33;0.01
2026-05-08 09:57:48;0.02
2026-05-08 09:58:03;0.02
2026-05-08 09:58:18;0.02
2026-05-08 09:58:33;4.4
2026-05-08 09:58:48;0.02
2026-05-08 09:59:03;0.02
2026-05-08 09:59:18;0.01
2026-05-08 09:59:33;0.02
2026-05-08 09:59:48;0.01
2026-05-08 10:00:03;3.85
2026-05-08 10:00:18;0.02
2026-05-08 10:00:33;0.02
2026-05-08 10:00:48;0.02
2026-05-08 10:01:03;0.02
2026-05-08 10:01:18;0.02
2026-05-08 10:01:33;0.02
2026-05-08 10:01:48;0.01
2026-05-08 10:02:03;0.01
2026-05-08 10:02:18;0.01
2026-05-08 10:02:33;0.01
2026-05-08 10:02:48;0.01
2026-05-08 10:03:03;3.77
2026-05-08 10:03:18;0.02
2026-05-08 10:03:33;0.02
2026-05-08 10:03:48;0.02
2026-05-08 10:04:03;0.01
2026-05-08 10:04:18;0.02
2026-05-08 10:04:33;0.02
2026-05-08 10:04:48;3.47
2026-05-08 10:05:03;0.02
2026-05-08 10:05:18;4.2
2026-05-08 10:05:33;0.02
2026-05-08 10:05:48;0.02
2026-05-08 10:06:03;3.54
2026-05-08 10:06:18;0.01
2026-05-08 10:06:33;0.02
2026-05-08 10:06:48;3.71
2026-05-08 10:07:03;0.02
2026-05-08 10:07:18;0.01
2026-05-08 10:07:33;0.02
2026-05-08 10:07:48;0.02
2026-05-08 10:08:03;0.02
2026-05-08 10:08:18;0.02
2026-05-08 10:08:35;0.02
2026-05-08 10:08:48;0.02
2026-05-08 10:09:03;0.01
2026-05-08 10:09:18;0.01
2026-05-08 10:09:33;0.02
2026-05-08 10:09:48;0.01
2026-05-08 10:10:03;0.01
2026-05-08 10:10:18;5.75
2026-05-08 10:10:33;0.02
2026-05-08 10:10:48;0.01
2026-05-08 10:11:03;0.01
2026-05-08 10:11:18;0.01
2026-05-08 10:11:33;0.02
2026-05-08 10:11:48;0.02
2026-05-08 10:12:03;0.01
2026-05-08 10:12:18;0.02
2026-05-08 10:12:33;0.01
2026-05-08 10:12:48;0.01
2026-05-08 10:13:03;0.01
2026-05-08 10:13:18;0.02
2026-05-08 10:13:33;3.68
2026-05-08 10:13:48;0.02
2026-05-08 10:14:03;3.7
2026-05-08 10:14:18;0.02
2026-05-08 10:14:33;0.01
2026-05-08 10:14:48;0.01
2026-05-08 10:15:03;0.01
2026-05-08 10:15:19;0.01
2026-05-08 10:15:33;0.01
2026-05-08 10:15:48;0.02
2026-05-08 10:16:03;0.02
2026-05-08 10:16:18;0.01
2026-05-08 10:16:33;0.02
2026-05-08 10:16:48;4.81
2026-05-08 10:17:03;0.01
2026-05-08 10:17:18;0.01
2026-05-08 10:17:33;0.02
2026-05-08 10:17:48;5.2
2026-05-08 10:18:03;0.01
2026-05-08 10:18:18;5.09
2026-05-08 10:18:33;0.01
2026-05-08 10:18:48;0.02
2026-05-08 10:19:03;0.01
2026-05-08 10:19:19;0.01
2026-05-08 10:19:33;4.8
2026-05-08 10:19:49;0.01
2026-05-08 10:20:03;0.01
2026-05-08 10:20:18;0.01
2026-05-08 10:20:33;3.6
2026-05-08 10:20:48;0.02
2026-05-08 10:21:03;0.01
2026-05-08 10:21:18;0.01
2026-05-08 10:21:33;0.01
2026-05-08 10:21:48;0.02
2026-05-08 10:22:03;3.37
2026-05-08 10:22:18;0.01
2026-05-08 10:22:35;3.08
2026-05-08 10:22:48;0.01
2026-05-08 10:23:03;0.01
2026-05-08 10:23:18;0.02
2026-05-08 10:23:33;0.02
2026-05-08 10:23:48;0.02
2026-05-08 10:24:03;0.02
2026-05-08 10:24:18;3.31
2026-05-08 10:24:33;0.01
2026-05-08 10:24:48;0.02
2026-05-08 10:25:04;0.01
2026-05-08 10:25:19;0.02
2026-05-08 10:25:34;0.01
2026-05-08 10:25:48;3.95
2026-05-08 10:26:04;0.01
2026-05-08 10:26:19;2.03
2026-05-08 10:26:34;0.01
2026-05-08 10:26:48;0.02
2026-05-08 10:27:04;0.02
2026-05-08 10:27:19;0.02
2026-05-08 10:27:34;0.02
2026-05-08 10:27:49;0.01
2026-05-08 10:28:04;0.02
2026-05-08 10:28:19;5.25
2026-05-08 10:28:34;0.01
2026-05-08 10:28:49;0.02
2026-05-08 10:29:04;0.01
2026-05-08 10:29:19;0.01
2026-05-08 10:29:34;0.02
2026-05-08 10:29:49;0.02
2026-05-08 10:30:04;0.01
2026-05-08 10:30:19;0.02
2026-05-08 10:30:34;0.02
2026-05-08 10:30:49;0.01
2026-05-08 10:31:04;0.01
2026-05-08 10:31:19;0.02
2026-05-08 10:31:34;0.01
2026-05-08 10:31:49;0.02
2026-05-08 10:32:05;0.01
2026-05-08 10:32:19;0.01
2026-05-08 10:32:34;0.02
2026-05-08 10:32:49;0.01
2026-05-08 10:33:06;0.01
2026-05-08 10:33:19;0.01
2026-05-08 10:33:34;0.01
2026-05-08 10:33:49;5.07
2026-05-08 10:34:04;0.02
2026-05-08 10:34:19;0.01
2026-05-08 10:34:34;0.01
2026-05-08 10:34:49;0.02
2026-05-08 10:35:04;0.02
2026-05-08 10:35:19;0.01
2026-05-08 10:35:34;0.01
2026-05-08 10:35:50;0.02
2026-05-08 18:22:48;0.0
2026-05-08 18:23:03;0.0
2026-05-08 18:23:19;0.0
2026-05-08 18:23:34;0.0
2026-05-08 18:23:50;0.0
2026-05-08 18:24:05;0.0
2026-05-08 18:24:21;0.0
2026-05-13 08:23:28;0.0
2026-05-13 08:23:44;0.0
2026-05-13 08:23:59;0.0
2026-05-13 08:24:15;0.0
2026-05-13 08:24:30;0.0
2026-05-13 08:24:46;0.0
2026-05-13 08:51:32;0.0
2026-05-13 08:51:47;0.0
2026-05-13 08:52:02;0.0
2026-05-13 08:52:17;0.01
2026-05-13 08:52:32;0.0
2026-05-13 08:52:47;0.0
2026-05-13 08:53:02;0.0
2026-05-13 08:53:17;0.0
2026-05-13 08:53:32;0.0
2026-05-13 08:53:48;0.0
2026-05-13 08:54:02;0.0
2026-05-13 12:20:32;7.3
2026-05-13 12:20:47;7.79
2026-05-13 12:21:02;0.0
2026-05-13 12:21:17;0.01
2026-05-13 12:21:33;8.22
2026-05-13 12:21:47;8.02
2026-05-13 12:22:03;8.31
2026-05-13 12:22:18;0.01
2026-05-13 12:22:33;8.34
2026-05-13 12:22:48;0.0
2026-05-13 12:23:03;0.0
2026-05-13 12:23:18;6.98
2026-05-13 12:23:33;5.78
2026-05-13 12:23:48;8.44
2026-05-13 12:24:03;0.0
2026-05-13 12:24:18;0.0
2026-05-13 12:24:33;0.01
2026-05-13 12:24:48;0.01
2026-05-13 12:25:03;0.0
2026-05-13 12:25:18;0.44
2026-05-13 12:25:33;0.01
2026-05-13 12:25:48;8.12
2026-05-13 12:26:03;0.0
2026-05-13 12:26:18;0.0
2026-05-13 12:26:33;0.01
2026-05-13 12:26:49;8.75
2026-05-13 12:27:03;0.0
2026-05-13 12:27:18;0.0
2026-05-13 12:27:33;0.01
2026-05-13 12:27:48;0.0
2026-05-13 12:28:03;0.0
2026-05-13 12:28:18;0.0
2026-05-13 12:28:33;0.0
2026-05-13 12:28:48;0.0
2026-05-13 12:29:03;20.27
2026-05-13 12:29:18;0.0
2026-05-13 12:29:33;0.01
2026-05-13 12:29:48;19.75
2026-05-13 12:30:03;0.0
2026-05-13 12:30:18;0.01
2026-05-13 12:30:42;0.0
2026-05-13 12:30:48;4.06
2026-05-13 12:31:04;0.01
2026-05-13 12:31:19;14.82
2026-05-13 12:31:34;0.0
2026-05-13 12:31:49;0.0
2026-05-13 12:32:05;0.01
2026-05-13 12:32:20;0.0
2026-05-13 12:32:35;0.0
2026-05-13 12:32:51;19.37
2026-05-13 12:33:06;9.4
2026-05-13 12:33:21;0.0
2026-05-13 12:33:36;0.0
2026-05-13 12:33:52;0.0
2026-05-13 12:34:07;0.0
2026-05-13 12:34:23;0.01
2026-05-13 12:34:38;0.0
2026-05-13 12:34:53;0.0
2026-05-13 12:35:08;0.0
2026-05-13 12:35:24;0.0
2026-05-13 12:35:39;0.01
2026-05-13 12:35:54;17.67
2026-05-13 12:36:09;0.0
2026-05-13 12:36:25;0.0
2026-05-13 12:36:40;0.0
2026-05-13 12:36:56;0.0
2026-05-13 12:37:11;0.0
2026-05-13 12:37:26;2.8
2026-05-13 12:37:41;0.0
2026-05-13 12:37:57;0.0
2026-05-13 12:38:12;15.71
2026-05-13 12:38:27;0.01
2026-05-13 12:38:42;0.01
2026-05-13 12:38:58;0.0
2026-05-13 12:39:13;0.0
2026-05-13 12:39:30;0.01
2026-05-13 12:39:43;0.01
2026-05-13 12:39:59;0.0
2026-05-13 12:40:14;0.01
2026-05-13 12:40:29;0.0
2026-05-13 12:40:44;0.0
2026-05-13 12:41:00;0.0
2026-05-13 12:41:15;17.58
2026-05-13 12:41:31;0.0
2026-05-13 12:41:46;0.01
2026-05-13 12:42:01;17.52
2026-05-13 12:42:16;0.0
2026-05-13 12:42:32;0.01
2026-05-13 12:42:47;18.62
2026-05-13 12:43:02;0.01
2026-05-13 12:43:17;0.0
2026-05-13 12:43:33;0.0
2026-05-13 12:43:48;17.0
2026-05-13 12:44:03;0.0
2026-05-13 12:44:18;0.0
2026-05-13 12:44:34;0.0
2026-05-13 12:44:49;0.01
2026-05-13 12:45:04;15.81
2026-05-13 12:45:19;0.0
2026-05-13 12:45:35;5.18
2026-05-13 12:45:50;0.0
2026-05-13 12:46:05;0.01
2026-05-13 12:46:25;0.01
2026-05-13 12:46:36;0.0
2026-05-13 12:46:54;0.0
2026-05-13 12:47:06;0.0
2026-05-13 12:47:21;11.12
2026-05-13 12:47:37;0.0
2026-05-13 12:47:52;0.0
2026-05-13 12:48:07;0.0
2026-05-13 12:48:22;4.43
2026-05-13 12:48:38;17.16
2026-05-13 12:48:53;0.0
2026-05-13 12:49:08;0.0
2026-05-13 12:49:23;0.0
2026-05-13 12:49:39;0.0
2026-05-13 12:49:54;0.0
2026-05-13 12:50:09;0.0
2026-05-13 12:50:24;0.0
2026-05-13 12:50:40;7.42
2026-05-13 12:50:55;0.01
2026-05-13 12:51:10;0.0
2026-05-13 12:51:25;0.0
2026-05-13 12:51:41;0.0
2026-05-13 12:51:56;0.0
2026-05-13 12:52:11;13.98
2026-05-13 12:52:26;0.01
2026-05-13 12:52:42;4.73
2026-05-13 12:52:57;0.0
2026-05-13 12:53:13;0.0
2026-05-13 12:53:28;0.0
2026-05-13 12:53:43;0.0
2026-05-13 12:53:58;3.18
2026-05-13 12:54:13;0.0
2026-05-13 12:54:28;0.0
2026-05-13 12:54:44;0.0
2026-05-13 12:54:59;0.0
2026-05-13 12:55:15;0.01
2026-05-13 12:55:30;0.61
2026-05-13 12:55:45;4.89
2026-05-13 12:56:00;4.89
2026-05-13 12:56:16;0.0
2026-05-13 12:56:31;0.0
2026-05-13 12:56:46;0.0
2026-05-13 12:57:01;0.0
2026-05-13 12:57:17;0.01
2026-05-13 12:57:32;0.0
2026-05-13 12:57:47;0.0
2026-05-13 12:58:02;0.01
2026-05-13 12:58:18;15.7
2026-05-13 12:58:33;0.0
2026-05-13 12:58:48;0.0
2026-05-13 12:59:03;0.0
2026-05-13 12:59:19;0.01
2026-05-13 12:59:34;0.0
2026-05-13 12:59:49;0.0
2026-05-13 13:00:04;0.01
2026-05-13 13:00:20;0.0
2026-05-13 13:00:35;0.0
2026-05-13 13:00:51;0.0
2026-05-13 13:01:06;5.27
2026-05-13 13:01:21;0.0
2026-05-13 13:01:36;2.7
2026-05-13 13:01:52;0.0
2026-05-13 13:02:07;3.96
2026-05-13 13:02:22;3.91
2026-05-13 13:02:37;3.39
2026-05-13 13:02:53;3.84
2026-05-13 13:03:08;0.0
2026-05-13 13:03:23;1.08
2026-05-13 13:03:38;3.83
2026-05-13 13:03:54;3.85
2026-05-13 13:04:09;0.0
2026-05-13 13:04:25;0.0
2026-05-13 13:04:40;3.77
2026-05-13 13:04:55;0.0
2026-05-13 13:05:10;4.42
2026-05-13 13:05:26;0.01
2026-05-13 13:05:43;1.72
2026-05-13 13:05:57;0.0
2026-05-13 13:06:12;4.31
2026-05-13 13:06:27;0.0
2026-05-13 13:06:42;0.0
2026-05-13 13:06:58;4.23
2026-05-13 13:07:13;3.89
2026-05-13 13:07:28;3.92
2026-05-13 13:07:43;4.26
2026-05-13 13:07:59;4.23
2026-05-13 13:08:14;4.2
2026-05-13 13:08:30;0.0
2026-05-13 13:08:45;4.22
2026-05-13 13:09:00;0.01
2026-05-13 13:09:15;0.0
2026-05-13 13:09:31;3.93
2026-05-13 13:09:46;4.16
2026-05-13 13:10:02;4.04
2026-05-13 13:10:24;0.0
2026-05-13 13:10:32;0.0
2026-05-13 13:10:47;0.54
2026-05-13 13:11:04;3.64
2026-05-13 13:11:17;1.18
2026-05-13 13:11:38;3.56
2026-05-13 13:11:54;2.96
2026-05-13 13:12:04;1.09
2026-05-13 13:12:17;0.01
2026-05-13 13:12:32;3.32
2026-05-13 13:12:47;3.49
2026-05-13 13:13:02;3.47
2026-05-13 13:13:17;0.18
2026-05-13 13:13:32;2.91
2026-05-13 13:13:47;2.06
2026-05-13 13:14:02;3.28
2026-05-13 13:14:17;3.26
2026-05-13 13:14:32;3.23
2026-05-13 13:14:47;0.0
2026-05-13 13:15:02;3.2
2026-05-13 13:15:17;3.23
2026-05-13 13:15:32;0.0
2026-05-13 13:15:47;3.15
2026-05-13 13:16:02;2.34
2026-05-13 13:16:17;3.39
2026-05-13 13:16:32;3.53
2026-05-13 13:16:47;0.0
2026-05-13 13:17:02;4.05
2026-05-13 13:17:17;3.7
2026-05-13 13:17:32;0.0
2026-05-13 13:17:47;3.94
2026-05-13 13:18:02;3.98
2026-05-13 13:18:17;3.92
2026-05-13 13:18:32;0.84
2026-05-13 13:18:53;4.01
2026-05-13 13:19:02;0.0
2026-05-13 13:19:23;0.0
2026-05-13 13:19:45;0.0
2026-05-13 13:20:04;3.51
2026-05-13 13:20:16;0.0
2026-05-13 13:20:30;3.47
2026-05-13 13:20:45;3.37
2026-05-13 13:21:00;3.31
2026-05-13 13:21:15;3.41
2026-05-13 13:21:30;0.01
2026-05-13 13:21:45;0.0
2026-05-13 13:22:00;0.2
2026-05-13 13:22:15;4.28
2026-05-13 13:22:30;0.0
2026-05-13 13:22:45;0.0
2026-05-13 13:23:00;1.13
2026-05-13 13:23:15;0.0
2026-05-13 13:23:33;0.0
2026-05-13 13:23:45;5.45
2026-05-13 13:24:00;0.0
2026-05-13 13:24:15;4.03
2026-05-13 13:24:30;3.64
2026-05-13 13:24:45;3.52
2026-05-13 13:25:00;3.35
2026-05-13 13:25:15;2.99
2026-05-13 13:25:30;2.9
2026-05-13 13:25:45;3.12
2026-05-13 13:26:00;3.06
2026-05-13 13:26:15;0.0
2026-05-13 13:26:30;2.98
2026-05-13 13:26:45;2.93
2026-05-13 13:27:01;0.22
2026-05-13 13:27:16;3.1
2026-05-13 13:27:31;0.0
2026-05-13 13:27:46;3.45
2026-05-13 13:28:01;2.12
2026-05-13 13:28:16;4.44
2026-05-13 13:28:31;4.55
2026-05-13 13:28:46;0.03
2026-05-13 13:29:01;0.01
2026-05-13 13:29:16;0.0
2026-05-13 13:29:31;5.09
2026-05-13 13:29:46;0.0
2026-05-13 13:30:01;4.8
2026-05-13 13:30:16;2.31
2026-05-13 13:30:31;0.0
2026-05-13 13:30:46;0.0
2026-05-13 13:31:01;0.0
2026-05-13 13:31:16;4.12
2026-05-13 13:31:31;0.0
2026-05-13 13:31:46;4.16
2026-05-13 13:32:01;3.89
2026-05-13 13:32:16;4.15
2026-05-13 13:32:31;0.0
2026-05-13 13:32:46;0.0
2026-05-13 13:33:01;0.01
2026-05-13 13:33:16;0.0
2026-05-13 13:33:31;0.0
2026-05-13 13:33:46;4.29
2026-05-13 13:34:01;0.0
2026-05-13 13:34:16;0.0
2026-05-13 13:34:46;4.15
2026-05-13 13:35:01;4.24
2026-05-13 13:35:16;3.9
2026-05-13 13:35:32;0.0
2026-05-13 13:35:46;0.0
2026-05-13 13:36:02;2.26
2026-05-13 13:36:17;5.97
2026-05-13 13:36:32;0.01
2026-05-13 13:36:47;0.0
2026-05-13 13:37:04;0.01
2026-05-13 13:37:17;0.0
2026-05-13 13:37:32;0.0
2026-05-13 13:37:47;0.0
2026-05-13 13:38:02;8.81
2026-05-13 13:38:17;0.6
2026-05-13 13:38:32;7.6
2026-05-13 13:38:47;0.0
2026-05-13 13:39:02;11.77
2026-05-13 13:39:17;3.36
2026-05-13 13:39:32;0.0
2026-05-13 13:39:47;4.78
2026-05-13 13:40:02;0.0
2026-05-13 13:40:17;5.03
2026-05-13 13:40:33;4.73
2026-05-13 13:40:47;4.75
2026-05-13 13:41:02;5.1
2026-05-13 13:41:17;0.0
2026-05-13 13:41:32;1.31
2026-05-13 13:41:47;0.0
2026-05-13 13:42:02;0.01
2026-05-13 13:42:17;5.23
2026-05-13 13:42:32;0.01
2026-05-13 13:42:47;0.0
2026-05-13 13:43:02;0.0
2026-05-13 13:43:17;5.87
2026-05-13 13:43:32;0.01
2026-05-13 13:43:47;0.0
2026-05-13 13:44:02;5.66
2026-05-13 13:44:17;5.42
2026-05-13 13:44:32;0.0
2026-05-13 13:44:47;0.0
2026-05-13 13:45:02;5.77
2026-05-13 13:45:18;6.14
2026-05-13 13:45:32;0.93
2026-05-13 13:45:47;0.0
2026-05-13 13:46:02;0.0
2026-05-13 13:46:17;5.73
2026-05-13 13:46:34;0.0
2026-05-13 13:46:47;4.18
2026-05-13 13:47:02;0.0
2026-05-13 13:47:17;7.82
2026-05-13 13:47:33;7.64
2026-05-13 13:47:48;15.05
2026-05-13 13:48:03;0.01
2026-05-13 13:48:18;0.0
2026-05-13 13:48:33;0.01
2026-05-13 13:48:49;0.0
2026-05-13 13:49:03;16.42
2026-05-13 13:49:18;0.0
2026-05-13 13:49:33;0.0
2026-05-13 13:49:48;0.01
2026-05-13 13:50:03;12.82
2026-05-13 13:50:18;0.0
2026-05-13 13:50:33;0.02
2026-05-13 13:50:48;4.79
2026-05-13 13:51:03;4.28
2026-05-13 13:51:18;0.0
2026-05-13 13:51:33;0.0
2026-05-13 13:51:48;0.39
2026-05-13 13:52:03;4.31
2026-05-13 13:52:18;4.29
2026-05-13 13:52:33;3.85
2026-05-13 13:52:48;4.26
2026-05-13 13:53:03;4.25
2026-05-13 13:53:18;4.3
2026-05-13 13:53:33;4.05
2026-05-13 13:53:48;0.0
2026-05-13 13:54:03;4.42
2026-05-13 13:54:18;4.47
2026-05-13 13:54:33;0.0
2026-05-13 13:54:48;3.02
2026-05-13 13:55:03;0.0
2026-05-13 13:55:18;4.69
2026-05-13 13:55:33;4.81
2026-05-13 13:55:48;0.0
2026-05-13 13:56:03;5.09
2026-05-13 13:56:20;0.0
2026-05-13 13:56:37;5.3
2026-05-13 13:56:48;5.38
2026-05-13 13:57:03;5.48
2026-05-13 13:57:18;0.0
2026-05-13 13:57:33;5.67
2026-05-13 13:57:48;5.63
2026-05-13 13:58:03;0.01
2026-05-13 13:58:18;5.93
2026-05-13 13:58:33;6.02
2026-05-13 13:58:48;0.01
2026-05-13 13:59:03;0.0
2026-05-13 13:59:18;0.0
2026-05-13 13:59:33;1.63
2026-05-13 13:59:48;6.02
2026-05-13 14:00:03;6.57
2026-05-13 14:00:18;0.01
2026-05-13 14:00:33;0.0
2026-05-13 14:00:48;0.03
2026-05-13 14:01:03;0.0
2026-05-13 14:01:18;0.0
2026-05-13 14:01:33;0.0
2026-05-13 14:01:48;0.01
2026-05-13 14:02:03;0.0
2026-05-13 14:02:18;16.39
2026-05-13 14:02:33;0.01
2026-05-13 14:02:48;0.0
2026-05-13 14:03:03;0.0
2026-05-13 14:03:19;0.01
2026-05-13 14:03:34;0.0
2026-05-13 14:03:50;0.0
2026-05-13 14:04:05;0.01
2026-05-13 14:04:20;15.95
2026-05-13 14:04:35;0.0
2026-05-13 14:04:51;0.0
2026-05-13 14:05:06;0.01
2026-05-13 14:05:22;0.0
2026-05-13 14:05:37;0.01
2026-05-13 14:05:52;0.01
2026-05-13 14:06:07;0.0
2026-05-13 14:06:23;0.01
2026-05-13 14:06:38;0.0
2026-05-13 14:06:54;0.0
2026-05-13 14:07:09;0.0
2026-05-13 14:07:24;16.45
2026-05-13 14:07:39;0.0
2026-05-13 14:07:55;0.01
2026-05-13 14:08:10;0.0
2026-05-13 14:09:14;0.01
2026-05-13 14:09:29;0.01
2026-05-13 14:09:45;0.76
2026-05-13 14:10:00;7.29
2026-05-13 14:10:15;0.0
2026-05-13 14:10:30;8.05
2026-05-13 14:10:45;9.59
2026-05-13 14:11:01;5.71
2026-05-13 14:11:16;0.01
2026-05-13 14:11:31;0.0
2026-05-13 14:11:47;0.0
2026-05-13 14:12:02;6.8
2026-05-13 14:12:17;6.67
2026-05-13 14:12:37;0.01
2026-05-13 14:12:48;0.0
2026-05-13 14:13:03;6.43
2026-05-13 14:13:18;6.45
2026-05-13 14:13:33;0.0
2026-05-13 14:13:49;0.0
2026-05-13 14:14:04;0.0
2026-05-13 14:14:20;0.0
2026-05-13 14:14:35;6.64
2026-05-13 14:14:50;0.0
2026-05-13 14:15:05;0.11
2026-05-13 14:15:21;0.0
2026-05-13 14:15:36;6.36
2026-05-13 14:15:52;0.01
2026-05-13 14:16:07;2.67
2026-05-13 14:16:22;0.0
2026-05-13 14:16:37;0.0
2026-05-13 14:16:53;5.64
2026-05-13 14:17:08;5.57
2026-05-13 14:17:24;0.0
2026-05-13 14:17:39;5.49
2026-05-13 14:17:54;5.46
2026-05-13 14:18:09;5.08
2026-05-13 14:18:25;5.45
2026-05-13 14:18:40;5.07
2026-05-13 14:18:55;5.42
2026-05-13 14:19:11;5.38
2026-05-13 14:19:25;5.38
2026-05-13 14:19:41;5.37
2026-05-13 14:19:56;0.0
2026-05-13 14:20:11;0.47
2026-05-13 14:20:26;5.01
2026-05-13 14:20:41;5.07
2026-05-13 14:20:56;5.27
2026-05-13 14:21:11;5.61
2026-05-13 14:21:26;5.77
2026-05-13 14:21:41;5.92
2026-05-13 14:21:56;1.08
2026-05-13 14:22:11;2.37
2026-05-13 14:22:26;6.04
2026-05-13 14:22:41;5.76
2026-05-13 14:23:26;0.19
2026-05-13 14:23:28;6.51
2026-05-13 14:23:46;1.83
2026-05-13 14:24:07;0.34
2026-05-13 14:24:13;0.16
2026-05-13 14:24:28;0.0
2026-05-13 14:24:43;0.0
2026-05-13 14:24:58;0.0
2026-05-13 14:25:13;15.53
2026-05-13 14:25:28;0.0
2026-05-13 14:25:43;16.52
2026-05-13 14:25:58;0.0
2026-05-13 14:26:13;0.01
2026-05-13 14:26:29;0.01
2026-05-13 14:26:44;16.04
2026-05-13 14:26:59;0.0
2026-05-13 14:27:14;0.01
2026-05-13 14:27:30;0.0
2026-05-13 14:27:45;0.0
2026-05-13 14:28:00;0.0
2026-05-13 14:28:15;16.01
2026-05-13 14:28:31;7.42
2026-05-13 14:28:46;0.0
2026-05-13 14:29:02;0.0
2026-05-13 14:29:17;0.0
2026-05-13 14:29:32;0.01
2026-05-13 14:29:47;0.01
2026-05-13 14:30:03;14.78
2026-05-13 14:30:18;0.01
2026-05-13 14:30:34;15.36
2026-05-13 14:30:49;15.28
2026-05-13 14:31:04;13.71
2026-05-13 14:31:19;0.0
2026-05-13 14:31:35;15.36
2026-05-13 14:31:50;0.0
2026-05-13 14:32:06;0.01
2026-05-13 14:32:20;0.01
2026-05-13 14:32:36;0.0
2026-05-13 14:32:51;0.01
2026-05-13 14:33:07;15.18
2026-05-13 14:33:22;0.01
2026-05-13 14:33:39;0.01
2026-05-13 14:33:53;0.01
2026-05-13 14:34:08;0.0
2026-05-13 14:34:23;14.51
2026-05-13 14:34:39;15.15
2026-05-13 14:34:54;0.01
2026-05-13 14:35:09;0.01
2026-05-13 14:35:24;0.01
2026-05-13 14:35:40;5.64
2026-05-13 14:35:55;0.02
2026-05-13 14:36:10;5.21
2026-05-13 14:36:25;5.45
2026-05-13 14:36:41;0.01
2026-05-13 14:36:56;0.0
2026-05-13 14:37:12;7.33
2026-05-13 14:37:27;7.83
2026-05-13 14:37:42;0.01
2026-05-13 14:37:57;10.63
2026-05-13 14:38:13;0.01
2026-05-13 14:38:28;0.01
2026-05-13 14:38:44;0.0
2026-05-13 14:38:59;0.01
2026-05-13 14:39:14;8.35
2026-05-13 14:39:29;10.02
2026-05-13 14:39:45;0.0
2026-05-13 14:40:00;5.41
2026-05-13 14:40:15;5.07
2026-05-13 14:40:30;4.81
2026-05-13 14:40:46;4.59
2026-05-13 14:41:01;4.42
2026-05-13 14:41:17;4.21
2026-05-13 14:41:32;3.97
2026-05-13 14:41:47;3.78
2026-05-13 14:42:02;3.61
2026-05-13 14:42:18;3.52
2026-05-13 14:42:33;3.48
2026-05-13 14:42:49;3.41
2026-05-13 14:43:04;3.32
2026-05-13 14:43:19;3.24
2026-05-13 14:43:34;3.19
2026-05-13 14:43:50;3.19
2026-05-13 14:44:05;3.22
2026-05-13 14:44:20;3.23
2026-05-13 14:44:35;3.27
2026-05-13 14:44:50;3.28
2026-05-13 14:45:05;3.28
2026-05-13 14:45:20;3.27
2026-05-13 14:45:35;3.23
2026-05-13 14:45:50;3.18
2026-05-13 14:46:05;3.13
2026-05-13 14:46:20;3.09
2026-05-13 14:46:35;3.05
2026-05-13 14:46:50;3.02
2026-05-13 14:47:05;2.96
2026-05-13 14:47:20;2.91
2026-05-13 14:47:36;2.88
2026-05-13 14:47:50;2.87
2026-05-13 14:48:05;2.84
2026-05-13 14:48:20;2.79
2026-05-13 14:48:35;2.72
2026-05-13 14:48:50;2.65
2026-05-13 14:49:05;2.57
2026-05-13 14:49:20;2.49
2026-05-13 14:49:35;2.42
2026-05-13 14:49:50;2.37
2026-05-13 14:50:05;2.32
2026-05-13 14:50:20;2.28
2026-05-13 14:50:35;2.24
2026-05-13 14:50:50;2.22
2026-05-13 14:51:05;2.23
2026-05-13 14:51:20;2.24
2026-05-13 14:51:35;2.25
2026-05-13 14:51:51;2.25
2026-05-13 14:52:05;2.24
2026-05-13 14:52:21;2.24
2026-05-13 14:52:36;2.25
2026-05-13 14:52:51;2.25
2026-05-13 14:53:06;2.27
2026-05-13 14:53:21;2.29
2026-05-13 14:53:36;2.35
2026-05-13 14:53:51;2.42
2026-05-13 14:54:06;2.47
2026-05-13 14:54:21;2.53
2026-05-13 14:54:36;2.57
2026-05-13 14:54:51;2.61
2026-05-13 14:55:06;2.67
2026-05-13 14:55:22;2.71
2026-05-13 14:55:36;2.75
2026-05-13 14:55:51;2.77
2026-05-13 14:56:06;2.8
2026-05-13 14:56:21;2.83
2026-05-13 14:56:36;2.86
2026-05-13 14:56:51;2.85
2026-05-13 14:57:06;2.81
2026-05-13 14:57:23;2.79
2026-05-13 14:57:36;2.78
2026-05-13 14:57:51;2.78
2026-05-13 14:58:06;2.81
2026-05-13 14:58:22;2.83
2026-05-13 14:58:37;2.87
2026-05-13 14:58:51;2.89
2026-05-13 14:59:06;2.89
2026-05-13 14:59:22;2.9
2026-05-13 14:59:37;2.91
2026-05-13 14:59:52;2.89
2026-05-13 15:00:07;2.85
2026-05-13 15:00:22;2.82
2026-05-13 15:00:37;2.79
2026-05-13 15:00:52;2.77
2026-05-13 15:01:07;2.75
2026-05-13 15:01:22;2.68
2026-05-13 15:01:37;2.61
2026-05-13 15:01:52;2.55
2026-05-13 15:02:07;2.52
2026-05-13 15:02:22;2.5
2026-05-13 15:02:37;2.48
2026-05-13 15:02:52;2.45
2026-05-13 15:03:07;2.43
2026-05-13 15:03:22;2.4
2026-05-13 15:03:37;2.37
2026-05-13 15:03:52;2.31
2026-05-13 15:04:07;2.25
2026-05-13 15:04:23;2.2
2026-05-13 15:04:38;2.16
2026-05-13 15:04:53;2.13
2026-05-13 15:05:08;2.11
2026-05-13 15:05:23;2.09
2026-05-13 15:05:38;2.08
2026-05-13 15:05:53;2.08
2026-05-13 15:06:08;2.09
2026-05-13 15:06:23;2.1
2026-05-13 15:06:38;2.1
2026-05-13 15:06:53;2.1
2026-05-13 15:07:08;2.11
2026-05-13 15:07:23;2.12
2026-05-13 15:07:38;2.13
2026-05-13 15:07:55;2.13
2026-05-13 15:08:08;2.14
2026-05-13 15:08:23;2.16
2026-05-13 15:08:38;2.18
2026-05-13 15:08:53;2.21
2026-05-13 15:09:09;2.23
2026-05-13 15:09:23;2.26
2026-05-13 15:09:39;2.27
2026-05-13 15:09:54;2.26
2026-05-13 15:10:09;2.22
2026-05-13 15:10:24;2.19
2026-05-13 15:10:39;2.16
2026-05-13 15:10:54;2.11
2026-05-13 15:11:09;2.05
2026-05-13 15:11:24;1.99
2026-05-13 15:11:41;1.93
2026-05-13 15:11:54;1.87
2026-05-13 15:12:09;1.82
2026-05-13 15:12:24;1.76
2026-05-13 15:12:39;1.71
2026-05-13 15:12:54;1.68
2026-05-13 15:13:09;1.67
2026-05-13 15:13:24;1.64
2026-05-13 15:13:39;1.62
2026-05-13 15:13:54;1.59
2026-05-13 15:14:09;1.56
2026-05-13 15:14:25;1.53
2026-05-13 15:14:39;1.52
2026-05-13 15:14:55;1.49
2026-05-13 15:15:10;1.47
2026-05-13 15:15:25;1.46
2026-05-13 15:15:40;1.43
2026-05-13 15:15:55;0.01
2026-05-13 15:16:10;1.42
2026-05-13 15:16:25;1.4
2026-05-13 15:16:40;1.38
2026-05-13 15:16:55;1.37
2026-05-13 15:17:10;1.37
2026-05-13 15:17:25;1.37
2026-05-13 15:17:40;1.37
2026-05-13 15:17:55;1.36
2026-05-13 15:18:10;1.36
2026-05-13 15:18:25;1.35
2026-05-13 15:18:40;1.36
2026-05-13 15:18:55;1.36
2026-05-13 15:19:10;1.36
2026-05-13 15:19:25;1.36
2026-05-13 15:19:41;1.35
2026-05-13 15:19:56;1.34
2026-05-13 15:20:11;1.33
2026-05-13 15:20:26;1.32
2026-05-13 15:20:41;1.31
2026-05-13 15:20:56;1.31
2026-05-13 15:21:11;1.29
2026-05-13 15:21:26;1.28
2026-05-13 15:21:41;1.27
2026-05-13 15:21:56;1.26
2026-05-13 15:22:11;1.26
2026-05-13 15:22:26;1.25
2026-05-13 15:22:42;1.24
2026-05-13 15:22:56;1.25
2026-05-13 15:23:11;1.25
2026-05-13 15:23:26;1.26
2026-05-13 15:23:41;1.27
2026-05-13 15:23:56;1.28
2026-05-13 15:24:11;1.27
2026-05-13 15:24:26;1.26
2026-05-13 15:24:42;1.27
2026-05-13 15:24:57;1.3
2026-05-13 15:25:12;1.33
2026-05-13 15:25:27;1.35
2026-05-13 15:25:42;1.36
2026-05-13 15:25:57;1.39
2026-05-13 15:26:12;1.43
2026-05-13 15:26:27;1.49
2026-05-13 15:26:42;1.6
2026-05-13 15:26:57;1.7
2026-05-13 15:27:12;1.75
2026-05-13 15:27:28;1.76
2026-05-13 15:27:43;1.77
2026-05-13 15:27:58;1.77
2026-05-13 15:28:12;1.77
2026-05-13 15:28:27;1.78
2026-05-13 15:28:42;1.82
2026-05-13 15:28:57;1.87
2026-05-13 15:29:12;1.92
2026-05-13 15:29:28;2.03
2026-05-13 15:29:43;2.23
2026-05-13 15:29:58;2.49
2026-05-13 15:30:13;2.68
2026-05-13 15:30:28;2.86
2026-05-13 15:30:43;2.99
2026-05-13 15:30:58;3.09
2026-05-13 15:31:13;3.5
2026-05-13 15:31:28;3.52
2026-05-13 15:31:43;3.21
2026-05-13 15:31:58;3.09
2026-05-13 15:32:13;3.02
2026-05-13 15:32:28;2.97
2026-05-13 15:32:43;2.93
2026-05-13 15:32:58;2.87
2026-05-13 15:33:13;2.81
2026-05-13 15:33:28;2.77
2026-05-13 15:33:43;2.75
2026-05-13 15:33:58;2.73
2026-05-13 15:34:13;2.73
2026-05-13 15:34:28;2.75
2026-05-13 15:34:44;2.73
2026-05-13 15:34:59;2.63
2026-05-13 15:35:14;2.54
2026-05-13 15:35:29;2.45
2026-05-13 15:35:44;2.35
2026-05-13 15:35:59;2.21
2026-05-13 15:36:14;2.05
2026-05-13 15:36:31;1.91
2026-05-13 15:36:44;1.81
2026-05-13 15:36:59;1.71
2026-05-13 15:37:14;1.64
2026-05-13 15:37:29;1.59
2026-05-13 15:37:44;1.56
2026-05-13 15:37:59;1.53
2026-05-13 15:38:14;1.49
2026-05-13 15:38:29;1.47
2026-05-13 15:38:44;1.45
2026-05-13 15:38:59;1.41
2026-05-13 15:39:14;1.36
2026-05-13 15:39:29;1.29
2026-05-13 15:39:45;1.23
2026-05-13 15:40:00;1.17
2026-05-13 15:40:15;1.11
2026-05-13 15:40:30;1.07
2026-05-13 15:40:45;1.04
2026-05-13 15:41:00;1.01
2026-05-13 15:41:15;0.99
2026-05-13 15:41:30;0.97
2026-05-13 15:41:45;0.95
2026-05-13 15:42:00;0.94
2026-05-13 15:42:15;0.94
2026-05-13 15:42:30;0.94
2026-05-13 15:42:50;0.94
2026-05-13 15:43:01;0.94
2026-05-13 15:43:15;0.94
2026-05-13 15:43:30;0.94
2026-05-13 15:43:45;0.93
2026-05-13 15:44:00;0.93
2026-05-13 15:44:15;0.92
2026-05-13 15:44:31;0.92
2026-05-13 15:44:46;0.93
2026-05-13 15:45:01;0.94
2026-05-13 15:45:16;0.94
2026-05-13 15:45:31;0.94
2026-05-13 15:45:46;0.94
2026-05-13 15:46:01;0.94
2026-05-13 15:46:16;0.94
2026-05-13 15:46:31;0.93
2026-05-13 15:46:46;0.93
2026-05-13 15:47:01;0.93
2026-05-13 15:47:16;0.94
2026-05-13 15:47:31;0.94
2026-05-13 15:47:46;0.94
2026-05-13 15:48:04;0.95
2026-05-13 15:48:16;0.96
2026-05-13 15:48:31;0.97
2026-05-13 15:48:46;0.98
2026-05-13 15:49:02;0.98
2026-05-13 15:49:17;0.97
2026-05-13 15:49:34;0.96
2026-05-13 15:49:47;0.95
2026-05-13 15:50:02;0.96
2026-05-13 15:50:17;0.96
2026-05-13 15:50:32;0.98
2026-05-13 15:50:47;1.01
2026-05-13 15:51:02;1.05
2026-05-13 15:51:17;1.07
2026-05-13 15:51:32;1.06
2026-05-13 15:51:47;1.02
2026-05-13 15:52:03;1.02
2026-05-13 15:52:17;0.98
2026-05-13 15:52:33;0.97
2026-05-13 15:52:48;0.97
2026-05-13 15:53:03;0.96
2026-05-13 15:53:18;0.99
2026-05-13 15:53:33;0.99
2026-05-13 15:53:48;1.01
2026-05-13 15:54:03;1.02
2026-05-13 15:54:18;1.04
2026-05-13 15:54:33;1.04
2026-05-13 15:54:48;1.06
2026-05-13 15:55:03;1.08
2026-05-13 15:55:18;1.09
2026-05-13 15:55:33;1.11
2026-05-13 15:55:48;1.11
2026-05-13 15:56:04;1.1
2026-05-13 15:56:19;1.1
2026-05-13 15:56:34;1.1
2026-05-13 15:56:49;1.13
2026-05-13 15:57:04;1.16
2026-05-13 15:57:19;1.17
2026-05-13 15:57:34;1.17
2026-05-13 15:57:51;1.18
2026-05-13 15:58:05;1.18
2026-05-13 15:58:19;1.18
2026-05-13 15:58:34;0.98
2026-05-13 15:58:49;1.19
2026-05-13 15:59:04;1.17
2026-05-13 15:59:19;1.14
2026-05-13 15:59:35;1.03
2026-05-13 15:59:50;1.08
2026-05-13 16:00:05;1.06
2026-05-13 16:00:20;1.03
2026-05-13 16:00:35;1.0
2026-05-13 16:00:50;0.0
2026-05-14 07:46:37;0.0
2026-05-14 07:46:53;0.0
2026-05-14 07:47:08;0.0
2026-05-14 07:47:24;0.0
2026-05-14 07:47:39;0.0
2026-05-14 07:47:55;0.0
2026-05-14 07:48:10;0.0
2026-05-14 08:18:46;2.54
2026-05-14 08:19:03;2.5
2026-05-14 08:19:16;2.54
2026-05-14 08:19:31;2.54
2026-05-14 08:19:46;2.05
2026-05-14 08:20:01;2.59
2026-05-14 08:20:16;2.62
2026-05-14 08:20:31;2.65
2026-05-14 08:20:46;2.65
2026-05-14 08:21:01;2.67
2026-05-14 08:21:17;2.71
2026-05-14 08:21:32;2.73
2026-05-14 08:21:47;2.74
2026-05-14 08:22:02;2.55
2026-05-14 08:22:17;2.78
2026-05-14 08:22:32;2.8
2026-05-14 08:22:47;2.82
2026-05-14 08:23:02;2.82
2026-05-14 08:23:17;2.84
2026-05-14 08:23:32;2.84
2026-05-14 08:23:47;2.85
2026-05-14 08:24:02;2.85
2026-05-14 08:24:17;2.85
2026-05-14 08:24:32;2.86
2026-05-14 08:24:47;2.87
2026-05-14 08:25:02;2.87
2026-05-14 08:25:18;2.89
2026-05-14 08:25:33;2.89
2026-05-14 08:25:48;2.89
2026-05-14 08:26:03;2.89
2026-05-14 08:26:18;2.88
2026-05-14 08:26:33;2.87
2026-05-14 08:26:48;2.86
2026-05-14 08:27:03;2.86
2026-05-14 08:27:19;2.86
2026-05-14 08:27:33;2.88
2026-05-14 08:27:48;2.89
2026-05-14 08:28:03;2.89
2026-05-14 08:28:18;2.91
2026-05-14 08:28:33;2.91
2026-05-14 08:28:48;2.92
2026-05-14 08:29:03;2.94
2026-05-14 08:29:19;2.96
2026-05-14 08:29:33;2.98
2026-05-14 08:29:49;2.99
2026-05-14 08:30:04;3.01
2026-05-14 08:30:19;3.02
2026-05-14 08:30:34;3.02
2026-05-14 08:30:49;3.02
2026-05-14 08:31:04;3.01
2026-05-14 08:31:19;3.01
2026-05-14 08:31:34;3.01
2026-05-14 08:31:49;3.01
2026-05-14 08:32:04;3.02
2026-05-14 08:32:19;0.0
2026-05-14 08:32:34;3.03
2026-05-14 08:32:49;3.03
2026-05-14 08:33:04;3.04
2026-05-14 08:33:19;3.05
2026-05-14 08:33:34;3.06
2026-05-14 08:33:49;3.06
2026-05-14 08:34:04;3.06
2026-05-14 08:34:20;3.08
2026-05-14 08:34:34;3.08
2026-05-14 08:34:50;3.09
2026-05-14 08:35:05;3.09
2026-05-14 08:35:20;3.09
2026-05-14 08:35:35;3.09
2026-05-14 08:35:50;3.1
2026-05-14 08:36:05;3.1
2026-05-14 08:36:20;3.09
2026-05-14 08:36:35;3.09
2026-05-14 08:36:50;3.08
2026-05-14 08:37:05;3.08
2026-05-14 08:37:20;3.07
2026-05-14 08:37:35;3.06
2026-05-14 08:37:51;3.06
2026-05-14 08:38:07;3.06
2026-05-14 08:38:20;3.05
2026-05-14 08:38:35;3.06
2026-05-14 08:38:50;3.06
2026-05-14 08:39:05;3.06
2026-05-14 08:39:20;3.06
2026-05-14 08:39:36;3.07
2026-05-14 08:39:51;3.08
2026-05-14 08:40:06;3.09
2026-05-14 08:40:21;3.1
2026-05-14 08:40:36;3.1
2026-05-14 08:40:51;3.1
2026-05-14 08:41:06;3.09
2026-05-14 08:41:21;3.1
2026-05-14 08:41:36;3.1
2026-05-14 08:41:51;3.1
2026-05-14 08:42:06;3.1
2026-05-14 08:42:21;3.11
2026-05-14 08:42:37;3.12
2026-05-14 08:42:51;1.29
2026-05-14 08:43:06;3.17
2026-05-14 08:43:21;3.2
2026-05-14 08:43:38;3.23
2026-05-14 08:43:51;3.24
2026-05-14 08:44:06;3.27
2026-05-14 08:44:21;3.29
2026-05-14 08:44:36;3.31
2026-05-14 08:44:52;3.32
2026-05-14 08:45:07;3.33
2026-05-14 08:45:22;3.33
2026-05-14 08:45:37;3.31
2026-05-14 08:45:54;3.29
2026-05-14 08:46:07;3.3
2026-05-14 08:46:22;3.3
2026-05-14 08:46:37;3.3
2026-05-14 08:46:52;3.29
2026-05-14 08:47:07;3.28
2026-05-14 08:47:22;3.28
2026-05-14 08:47:37;3.28
2026-05-14 08:47:53;0.0
2026-05-14 08:48:07;3.27
2026-05-14 08:48:22;3.27
2026-05-14 08:48:37;3.27
2026-05-14 08:48:52;3.27
2026-05-14 08:49:07;3.28
2026-05-14 08:49:22;3.29
2026-05-14 08:49:37;3.29
2026-05-14 08:49:53;3.32
2026-05-14 08:50:08;3.34
2026-05-14 08:50:23;3.35
2026-05-14 08:50:38;3.35
2026-05-14 08:50:53;3.36
2026-05-14 08:51:08;3.36
2026-05-14 08:51:23;3.36
2026-05-14 08:51:38;3.35
2026-05-14 08:51:53;3.35
2026-05-14 08:52:08;3.35
2026-05-14 08:52:23;3.35
2026-05-14 08:52:38;3.34
2026-05-14 08:52:54;3.33
2026-05-14 08:53:09;3.33
2026-05-14 08:53:23;3.32
2026-05-14 08:53:38;3.31
2026-05-14 08:53:53;3.31
2026-05-14 08:54:08;3.31
2026-05-14 08:54:23;3.29
2026-05-14 08:54:38;3.27
2026-05-14 08:54:53;3.28
2026-05-14 08:55:09;3.28
2026-05-14 08:55:24;3.28
2026-05-14 08:55:39;3.29
2026-05-14 08:55:54;3.28
2026-05-14 08:56:09;3.3
2026-05-14 08:56:24;3.31
2026-05-14 08:56:39;3.32
2026-05-14 08:56:54;3.43
2026-05-14 08:57:09;3.4
2026-05-14 08:57:24;3.35
2026-05-14 08:57:39;3.36
2026-05-14 08:57:54;3.35
2026-05-14 08:58:09;3.4
2026-05-14 08:58:24;3.41
2026-05-14 08:58:39;3.43
2026-05-14 08:58:54;3.42
2026-05-14 08:59:09;3.42
2026-05-14 08:59:24;0.0
2026-05-14 08:59:39;3.45
2026-05-14 08:59:55;3.49
2026-05-14 09:00:10;3.51
2026-05-14 09:00:25;3.51
2026-05-14 09:00:40;3.52
2026-05-14 09:00:55;3.53
2026-05-14 09:01:10;3.53
2026-05-14 09:01:25;3.52
2026-05-14 09:01:40;3.51
2026-05-14 09:01:55;3.51
2026-05-14 09:02:10;3.53
2026-05-14 09:02:25;3.54
2026-05-14 09:02:40;3.56
2026-05-14 09:02:55;3.55
2026-05-14 09:03:10;3.54
2026-05-14 09:03:26;3.53
2026-05-14 09:03:41;3.53
2026-05-14 09:03:55;3.52
2026-05-14 09:04:10;3.51
2026-05-14 09:04:25;3.51
2026-05-14 09:04:40;3.52
2026-05-14 09:04:55;3.54
2026-05-14 09:05:11;3.55
2026-05-14 09:05:26;3.56
2026-05-14 09:05:41;3.58
2026-05-14 09:05:56;3.59
2026-05-14 09:06:11;3.6
2026-05-14 09:06:26;3.61
2026-05-14 09:06:41;3.61
2026-05-14 09:06:56;3.63
2026-05-14 09:07:11;3.65
2026-05-14 09:07:26;3.68
2026-05-14 09:07:41;3.72
2026-05-14 09:07:56;3.75
2026-05-14 09:08:11;3.82
2026-05-14 09:08:26;3.92
2026-05-14 09:08:41;4.0
2026-05-14 09:08:56;4.04
2026-05-14 09:09:11;4.07
2026-05-14 09:09:27;4.06
2026-05-14 09:09:42;4.05
2026-05-14 09:09:56;4.01
2026-05-14 09:10:11;3.99
2026-05-14 09:10:27;3.97
2026-05-14 09:10:42;3.97
2026-05-14 09:10:57;3.98
2026-05-14 09:11:12;4.05
2026-05-14 09:11:27;4.16
2026-05-14 09:11:42;3.02
2026-05-14 09:11:57;3.22
2026-05-14 09:12:12;4.21
2026-05-14 09:12:27;4.2
2026-05-14 09:12:42;4.22
2026-05-14 09:12:57;4.26
2026-05-14 09:13:12;4.33
2026-05-14 09:13:27;4.64
2026-05-14 09:13:42;4.5
2026-05-14 09:13:57;4.49
2026-05-14 09:14:12;4.67
2026-05-14 09:14:27;4.6
2026-05-14 09:14:42;4.66
2026-05-14 09:14:57;4.56
2026-05-14 09:15:12;4.47
2026-05-14 09:15:28;4.63
2026-05-14 09:15:43;4.52
2026-05-14 09:15:58;4.32
2026-05-14 09:16:13;4.31
2026-05-14 09:16:28;4.09
2026-05-14 09:16:43;4.01
2026-05-14 09:16:58;3.94
2026-05-14 09:17:13;3.89
2026-05-14 09:17:28;3.88
2026-05-14 09:17:43;4.08
2026-05-14 09:17:58;3.88
2026-05-14 09:18:13;3.87
2026-05-14 09:18:28;3.87
2026-05-14 09:18:43;3.89
2026-05-14 09:18:58;3.89
2026-05-14 09:19:13;3.91
2026-05-14 09:19:28;3.9
2026-05-14 09:19:43;3.94
2026-05-14 09:19:58;4.02
2026-05-14 09:20:14;4.12
2026-05-14 09:20:29;4.12
2026-05-14 09:20:44;4.33
2026-05-14 09:21:00;4.69
2026-05-14 09:21:14;4.76
2026-05-14 09:21:29;4.52
2026-05-14 09:21:44;4.86
2026-05-14 09:21:59;4.69
2026-05-14 09:22:14;3.86
2026-05-14 09:22:29;5.7
2026-05-14 09:22:44;5.23
2026-05-14 09:22:59;5.32
2026-05-14 09:23:14;5.3
2026-05-14 09:23:29;5.31
2026-05-14 09:23:44;5.55
2026-05-14 09:23:59;11.89
2026-05-14 09:24:14;9.53
2026-05-14 09:24:29;8.73
2026-05-14 09:24:44;11.27
2026-05-14 09:24:59;11.51
2026-05-14 09:25:14;11.59
2026-05-14 09:25:30;13.05
2026-05-14 09:25:45;17.29
2026-05-14 09:25:59;19.12
2026-05-14 09:26:15;19.2
2026-05-14 09:26:30;17.32
2026-05-14 09:26:45;18.7
2026-05-14 09:27:00;18.25
2026-05-14 09:27:15;18.76
2026-05-14 09:27:30;19.51
2026-05-14 09:27:45;18.65
2026-05-14 09:28:00;19.42
2026-05-14 09:28:15;19.49
2026-05-14 09:28:30;19.71
2026-05-14 09:28:45;19.83
2026-05-14 09:29:00;19.92
2026-05-14 09:29:15;20.04
2026-05-14 09:29:30;20.12
2026-05-14 09:29:45;20.11
2026-05-14 09:30:00;20.28
2026-05-14 09:30:15;20.19
2026-05-14 09:30:31;20.12
2026-05-14 09:30:46;19.96
2026-05-14 09:31:02;19.82
2026-05-14 09:31:17;19.94
2026-05-14 09:31:32;19.88
2026-05-14 09:31:47;19.95
2026-05-14 09:32:03;19.81
2026-05-14 09:32:18;19.56
2026-05-14 09:32:34;19.83
2026-05-14 09:32:49;20.12
2026-05-14 09:33:04;19.58
2026-05-14 09:33:19;19.91
2026-05-14 09:33:35;20.01
2026-05-14 09:33:50;19.11
2026-05-14 09:34:05;18.98
2026-05-14 09:34:21;18.34
2026-05-14 09:34:36;17.17
2026-05-14 09:34:51;19.93
2026-05-14 09:35:07;19.85
2026-05-14 09:35:22;15.9
2026-05-14 09:35:37;15.22
2026-05-14 09:35:52;14.82
2026-05-14 09:36:08;14.19
2026-05-14 09:36:23;10.91
2026-05-14 09:36:38;12.75
2026-05-14 09:36:53;10.48
2026-05-14 09:37:09;12.33
2026-05-14 09:37:24;11.03
2026-05-14 09:37:40;12.24
2026-05-14 09:37:55;12.73
2026-05-14 09:38:10;11.97
2026-05-14 09:38:25;11.07
2026-05-14 09:38:41;11.84
2026-05-14 09:38:57;11.89
2026-05-14 09:39:11;12.19
2026-05-14 09:39:27;12.23
2026-05-14 09:39:42;12.01
2026-05-14 09:39:57;13.01
2026-05-14 09:40:13;12.34
2026-05-14 09:40:28;9.32
2026-05-14 09:40:43;9.08
2026-05-14 09:40:58;8.34
2026-05-14 09:41:14;8.35
2026-05-14 09:41:29;7.86
2026-05-14 09:41:45;7.5
2026-05-14 09:42:00;6.38
2026-05-14 09:42:15;6.79
2026-05-14 09:42:30;8.36
2026-05-14 09:42:46;6.23
2026-05-14 09:43:01;6.57
2026-05-14 09:43:16;6.14
2026-05-14 09:43:31;6.89
2026-05-14 09:43:47;6.16
2026-05-14 09:44:02;6.48
2026-05-14 09:44:18;11.79
2026-05-14 09:44:32;7.58
2026-05-14 09:44:48;7.35
2026-05-14 09:45:03;7.87
2026-05-14 09:45:19;9.04
2026-05-14 09:45:34;9.13
2026-05-14 09:45:49;9.29
2026-05-14 09:46:04;6.04
2026-05-14 09:46:20;6.88
2026-05-14 09:46:35;7.4
2026-05-14 09:46:50;11.11
2026-05-14 09:47:05;12.38
2026-05-14 09:47:21;11.06
2026-05-14 09:47:36;10.58
2026-05-14 09:47:52;9.83
2026-05-14 09:48:07;9.76
2026-05-14 09:48:22;9.6
2026-05-14 09:48:37;9.12
2026-05-14 09:48:53;8.99
2026-05-14 09:49:08;8.58
2026-05-14 09:49:24;7.34
2026-05-14 09:49:39;8.42
2026-05-14 09:49:54;6.69
2026-05-14 09:50:09;7.49
2026-05-14 09:50:25;7.2
2026-05-14 09:50:40;6.92
2026-05-14 09:50:55;7.08
2026-05-14 09:51:10;7.13
2026-05-14 09:51:26;6.91
2026-05-14 09:51:41;6.92
2026-05-14 09:51:57;6.53
2026-05-14 09:52:12;6.73
2026-05-14 09:52:27;6.77
2026-05-14 09:52:42;6.75
2026-05-14 09:52:58;6.89
2026-05-14 09:53:13;6.83
2026-05-14 09:53:28;7.19
2026-05-14 09:53:43;8.24
2026-05-14 09:54:00;9.45
2026-05-14 09:54:14;6.62
2026-05-14 09:54:30;7.04
2026-05-14 09:54:45;6.6
2026-05-14 09:55:00;6.87
2026-05-14 09:55:15;6.49
2026-05-14 09:55:31;6.59
2026-05-14 09:55:46;6.5
2026-05-14 09:56:01;6.55
2026-05-14 09:56:16;6.53
2026-05-14 09:56:32;6.61
2026-05-14 09:56:47;6.61
2026-05-14 09:57:03;6.69
2026-05-14 09:57:18;6.97
2026-05-14 09:57:33;7.14
2026-05-14 09:57:48;7.74
2026-05-14 09:58:04;7.15
2026-05-14 09:58:20;7.5
2026-05-14 09:58:36;7.62
2026-05-14 09:58:51;8.39
2026-05-14 09:59:06;7.92
2026-05-14 09:59:21;8.43
2026-05-14 09:59:37;10.73
2026-05-14 09:59:52;9.3
2026-05-14 10:00:08;9.34
2026-05-14 10:00:23;8.3
2026-05-14 10:00:38;8.24
2026-05-14 10:00:53;8.6
2026-05-14 10:01:09;9.31
2026-05-14 10:01:24;9.59
2026-05-14 10:01:39;9.38
2026-05-14 10:01:55;9.9
2026-05-14 10:02:10;9.01
2026-05-14 10:02:25;9.1
2026-05-14 10:02:41;9.5
2026-05-14 10:02:56;9.62
2026-05-14 10:03:11;9.45
2026-05-14 10:03:27;10.61
2026-05-14 10:03:42;11.28
2026-05-14 10:03:57;10.85
2026-05-14 10:04:13;5.18
2026-05-14 10:04:28;5.01
2026-05-14 10:04:43;4.89
2026-05-14 10:04:59;4.87
2026-05-14 10:05:14;5.07
2026-05-14 10:05:29;5.82
2026-05-14 10:05:44;7.97
2026-05-14 10:06:00;8.13
2026-05-14 10:06:15;8.05
2026-05-14 10:06:31;8.19
2026-05-14 10:06:46;8.49
2026-05-14 10:07:01;7.28
2026-05-14 10:07:16;8.22
2026-05-14 10:07:32;6.69
2026-05-14 10:07:47;6.07
2026-05-14 10:08:02;5.97
2026-05-14 10:08:17;5.72
2026-05-14 10:08:33;6.41
2026-05-14 10:08:48;5.01
2026-05-14 10:09:03;4.82
2026-05-14 10:09:18;4.92
2026-05-14 10:09:34;5.03
2026-05-14 10:09:49;6.26
2026-05-14 10:10:05;6.89
2026-05-14 10:10:20;6.96
2026-05-14 10:10:35;6.67
2026-05-14 10:10:50;4.63
2026-05-14 10:11:06;5.2
2026-05-14 10:11:21;5.22
2026-05-14 10:11:37;6.74
2026-05-14 10:11:52;7.26
2026-05-14 10:12:07;7.0
2026-05-14 10:12:22;6.77
2026-05-14 10:12:38;6.94
2026-05-14 10:12:53;6.79
2026-05-14 10:13:08;6.35
2026-05-14 10:13:23;5.59
2026-05-14 10:13:39;4.68
2026-05-14 10:13:54;5.35
2026-05-14 10:14:10;7.72
2026-05-14 10:14:25;6.89
2026-05-14 10:14:40;6.81
2026-05-14 10:14:55;7.1
2026-05-14 10:15:11;6.92
2026-05-14 10:15:26;7.75
2026-05-14 10:15:42;6.67
2026-05-14 10:15:57;6.93
2026-05-14 10:16:12;7.41
2026-05-14 10:16:30;6.98
2026-05-14 10:16:56;7.13
2026-05-14 10:17:00;7.13
2026-05-14 10:17:15;7.27
2026-05-14 10:17:31;7.15
2026-05-14 10:17:45;7.16
2026-05-14 10:18:00;6.92
2026-05-14 10:18:15;6.87
2026-05-14 10:18:30;7.08
2026-05-14 10:18:45;7.54
2026-05-14 10:19:01;7.61
2026-05-14 10:19:16;7.12
2026-05-14 10:19:31;7.05
2026-05-14 10:19:47;6.89
2026-05-14 10:20:02;6.92
2026-05-14 10:20:17;6.73
2026-05-14 10:20:32;6.8
2026-05-14 10:20:47;0.0
2026-05-14 10:21:02;7.16
2026-05-14 10:21:17;7.37
2026-05-14 10:21:32;7.31
2026-05-14 10:21:47;5.71
2026-05-14 10:22:02;5.21
2026-05-14 10:22:18;5.49
2026-05-14 10:22:33;3.23
2026-05-14 10:22:48;7.02
2026-05-14 10:23:03;7.03
2026-05-14 10:23:18;7.47
2026-05-14 10:23:33;7.07
2026-05-14 10:23:48;6.93
2026-05-14 10:24:03;7.06
2026-05-14 10:24:18;6.8
2026-05-14 10:24:33;6.9
2026-05-14 10:24:48;7.27
2026-05-14 10:25:03;7.13
2026-05-14 10:25:18;7.09
2026-05-14 10:25:33;7.29
2026-05-14 10:25:48;7.27
2026-05-14 10:26:03;7.18
2026-05-14 10:26:18;7.47
2026-05-14 10:26:33;7.55
2026-05-14 10:26:48;7.27
2026-05-14 10:27:03;7.15
2026-05-14 10:27:18;6.87
2026-05-14 10:27:33;7.15
2026-05-14 10:27:48;7.32
2026-05-14 10:28:03;7.58
2026-05-14 10:28:18;7.29
2026-05-14 10:28:33;5.95
2026-05-14 10:28:48;6.04
2026-05-14 10:29:03;5.95
2026-05-14 10:29:18;5.97
2026-05-14 10:29:33;6.47
2026-05-14 10:29:48;4.6
2026-05-14 10:30:03;7.81
2026-05-14 10:30:19;8.26
2026-05-14 10:30:34;8.14
2026-05-14 10:30:49;7.06
2026-05-14 10:31:04;6.11
2026-05-14 10:31:20;5.88
2026-05-14 10:31:35;5.43
2026-05-14 10:31:51;4.72
2026-05-14 10:32:06;3.06
2026-05-14 10:32:21;3.97
2026-05-14 10:32:36;4.28
2026-05-14 10:32:52;3.08
2026-05-14 10:33:07;3.6
2026-05-14 10:33:23;3.04
2026-05-14 10:33:38;5.42
2026-05-14 10:33:53;23.09
2026-05-14 10:34:08;23.5
2026-05-14 10:34:24;23.74
2026-05-14 10:34:39;23.9
2026-05-14 10:34:55;23.92
2026-05-14 10:35:10;23.94
2026-05-14 10:35:25;23.9
2026-05-14 10:35:40;23.97
2026-05-14 10:35:56;24.01
2026-05-14 10:36:11;24.06
2026-05-14 10:36:26;24.1
2026-05-14 10:36:41;24.0
2026-05-14 10:36:57;23.96
2026-05-14 10:37:12;23.92
2026-05-14 10:37:28;23.96
2026-05-14 10:37:43;23.91
2026-05-14 10:37:58;23.89
2026-05-14 10:38:14;23.88
2026-05-14 10:38:29;23.89
2026-05-14 10:38:44;23.88
2026-05-14 10:38:59;23.92
2026-05-14 10:39:14;23.99
2026-05-14 10:39:30;24.0
2026-05-14 10:39:45;24.0
2026-05-14 10:40:00;24.0
2026-05-14 10:40:15;24.02
2026-05-14 10:40:31;24.05
2026-05-14 10:40:46;24.06
2026-05-14 10:41:02;24.14
2026-05-14 10:41:17;24.1
2026-05-14 10:41:32;24.02
2026-05-14 10:41:47;23.99
2026-05-14 10:42:03;23.97
2026-05-14 10:42:18;23.96
2026-05-14 10:42:33;23.83
2026-05-14 10:42:48;23.82
2026-05-14 10:43:04;23.81
2026-05-14 10:43:19;23.6
2026-05-14 10:43:34;23.68
2026-05-14 10:43:49;23.74
2026-05-14 10:44:05;23.78
2026-05-14 10:44:20;23.86
2026-05-14 10:44:35;23.75
2026-05-14 10:44:50;23.76
2026-05-14 10:45:06;23.85
2026-05-14 10:45:21;23.92
2026-05-14 10:45:36;23.98
2026-05-14 10:45:51;23.92
2026-05-14 10:46:07;23.96
2026-05-14 10:46:22;24.03
2026-05-14 10:46:38;0.0
2026-05-14 10:47:36;22.18
2026-05-14 10:47:59;22.29
2026-05-14 10:48:07;24.17
2026-05-14 10:48:23;18.41
2026-05-14 10:48:38;23.91
2026-05-14 10:48:54;23.99
2026-05-14 10:49:10;23.92
2026-05-14 10:49:25;24.0
2026-05-14 10:49:41;24.09
2026-05-14 10:49:56;22.23
2026-05-14 10:50:12;24.17
2026-05-14 10:50:27;24.19
2026-05-14 10:50:43;24.13
2026-05-14 10:50:58;24.17
2026-05-14 10:51:14;24.21
2026-05-14 10:51:29;24.16
2026-05-14 10:51:45;3.65
2026-05-14 10:52:01;24.11
2026-05-14 10:52:17;24.1
2026-05-14 10:52:32;24.11
2026-05-14 10:52:47;22.12
2026-05-14 10:53:03;24.09
2026-05-14 10:53:19;23.99
2026-05-14 10:53:34;0.02
2026-05-14 10:53:50;23.65
2026-05-14 10:54:05;23.81
2026-05-14 10:54:21;23.75
2026-05-14 10:54:36;23.64
2026-05-14 10:54:52;7.15
2026-05-14 10:55:08;21.47
2026-05-14 10:55:23;23.5
2026-05-14 10:55:39;23.28
2026-05-14 10:55:54;23.53
2026-05-14 10:56:10;5.59
2026-05-14 10:56:25;13.4
2026-05-14 10:56:41;22.73
2026-05-14 10:56:56;23.34
2026-05-14 10:57:12;21.19
2026-05-14 10:57:27;1.95
2026-05-14 10:57:43;16.96
2026-05-14 10:57:59;23.55
2026-05-14 10:58:14;21.42
2026-05-14 10:58:30;21.46
2026-05-14 10:58:45;23.53
2026-05-14 10:59:01;23.4
2026-05-14 10:59:16;23.38
2026-05-14 10:59:32;0.0
2026-05-14 10:59:47;21.4
2026-05-14 11:00:03;21.49
2026-05-14 11:00:19;23.47
2026-05-14 11:00:34;23.28
2026-05-14 11:00:49;23.49
2026-05-14 11:01:05;21.29
2026-05-14 11:01:21;23.49
2026-05-14 11:01:36;0.0
2026-05-14 11:01:52;21.26
2026-05-14 11:02:07;23.39
2026-05-14 11:02:23;23.03
2026-05-14 11:02:38;23.09
2026-05-14 11:02:54;23.28
2026-05-14 11:03:10;23.38
2026-05-14 11:03:25;11.28
2026-05-14 11:03:41;6.82
2026-05-14 11:03:56;23.42
2026-05-14 11:04:12;23.34
2026-05-14 11:04:27;23.34
2026-05-14 11:04:43;23.27
2026-05-14 11:05:04;21.14
2026-05-14 11:05:14;23.33
2026-05-14 11:05:29;23.22
2026-05-14 11:05:45;23.2
2026-05-14 11:06:01;23.16
2026-05-14 11:06:16;23.15
2026-05-14 11:06:32;23.23
2026-05-14 11:06:47;23.17
2026-05-14 11:07:03;23.12
2026-05-14 11:07:18;0.0
2026-05-14 11:07:34;22.99
2026-05-14 11:07:49;20.81
2026-05-14 11:08:05;22.69
2026-05-14 11:08:21;22.78
2026-05-14 11:08:36;0.0
2026-05-14 11:08:52;22.73
2026-05-14 11:09:07;22.93
2026-05-14 11:09:23;22.75
2026-05-14 11:09:38;10.01
2026-05-14 11:09:54;0.0
2026-05-14 11:10:09;22.83
2026-05-14 11:10:25;0.04
2026-05-14 11:10:40;0.0
2026-05-14 11:10:56;21.23
2026-05-14 11:11:11;0.0
2026-05-14 11:11:27;0.0
2026-05-14 11:11:43;23.43
2026-05-14 11:11:59;23.41
2026-05-14 11:12:14;23.5
2026-05-14 11:12:29;23.26
2026-05-14 11:12:45;6.39
2026-05-14 11:13:00;23.29
2026-05-14 11:13:16;21.18
2026-05-14 11:13:31;23.19
2026-05-14 11:13:47;23.46
2026-05-14 11:14:02;20.92
2026-05-14 11:14:18;0.01
2026-05-14 11:14:34;1.94
2026-05-14 11:14:49;12.41
2026-05-14 11:15:05;6.97
2026-05-14 11:15:20;7.01
2026-05-14 11:15:36;7.12
2026-05-14 11:15:51;6.57
2026-05-14 11:16:07;6.22
2026-05-14 11:16:22;5.99
2026-05-14 11:16:38;5.87
2026-05-14 11:16:54;5.86
2026-05-14 11:17:09;5.9
2026-05-14 11:17:25;6.02
2026-05-14 11:17:40;6.16
2026-05-14 11:17:56;0.0
2026-05-14 11:18:11;6.76
2026-05-14 11:18:27;7.3
2026-05-14 11:18:42;9.28
2026-05-14 11:18:57;22.9
2026-05-14 11:19:12;0.01
2026-05-14 11:19:28;0.0
2026-05-14 11:19:43;0.0
2026-05-14 11:19:58;0.0
2026-05-14 11:20:13;12.03
2026-05-14 11:20:29;12.94
2026-05-14 11:20:44;15.25
2026-05-14 11:20:59;11.88
2026-05-14 11:21:14;11.69
2026-05-14 11:21:30;8.93
2026-05-14 11:21:45;10.34
2026-05-14 11:22:00;8.44
2026-05-14 11:22:16;21.26
2026-05-14 11:22:31;16.72
2026-05-14 11:22:46;20.23
2026-05-14 11:23:01;0.0
2026-05-14 11:23:16;24.48
2026-05-14 11:23:32;24.33
2026-05-14 11:23:47;0.01
2026-05-14 11:24:02;0.0
2026-05-14 11:24:17;22.41
2026-05-14 11:24:33;21.81
2026-05-14 11:24:48;0.01
2026-05-14 11:25:03;22.28
2026-05-14 11:25:18;0.0
2026-05-14 11:25:34;0.0
2026-05-14 11:25:50;23.29
2026-05-14 11:26:05;0.0
2026-05-14 11:26:21;19.64
2026-05-14 11:26:36;0.0
2026-05-14 11:26:52;4.15
2026-05-14 11:27:08;11.75
2026-05-14 11:27:23;12.91
2026-05-14 11:27:39;10.32
2026-05-14 11:27:54;7.52
2026-05-14 11:28:10;8.63
2026-05-14 11:28:27;7.49
2026-05-14 11:28:41;12.59
2026-05-14 11:28:56;24.48
2026-05-14 11:29:11;0.0
2026-05-14 11:29:26;0.0
2026-05-14 11:29:42;0.0
2026-05-14 11:29:57;22.43
2026-05-14 11:30:12;0.0
2026-05-14 11:30:27;13.48
2026-05-14 11:30:43;7.72
2026-05-14 11:30:58;0.01
2026-05-14 11:31:13;0.0
2026-05-14 11:31:28;2.45
2026-05-14 11:31:44;20.23
2026-05-14 11:31:59;0.01
2026-05-14 11:32:14;0.0
2026-05-14 11:32:29;0.0
2026-05-14 11:32:45;0.0
2026-05-14 11:33:00;0.0
2026-05-14 11:33:15;0.0
2026-05-14 11:33:30;13.64
2026-05-14 11:33:46;0.0
2026-05-14 11:34:01;21.85
2026-05-14 11:34:16;16.8
2026-05-14 11:34:31;7.69
2026-05-14 11:34:47;2.26
2026-05-14 11:35:02;6.51
2026-05-14 11:35:17;7.03
2026-05-14 11:35:32;11.34
2026-05-14 11:35:48;10.19
2026-05-14 11:36:03;12.53
2026-05-14 11:36:19;5.3
2026-05-14 11:36:33;4.94
2026-05-14 11:36:49;3.99
2026-05-14 11:37:04;3.85
2026-05-14 11:37:20;3.89
2026-05-14 11:37:35;4.65
2026-05-14 11:37:50;4.75
2026-05-14 11:38:05;4.91
2026-05-14 11:38:21;5.09
2026-05-14 11:38:36;5.23
2026-05-14 11:38:51;0.0
2026-05-14 11:39:06;5.63
2026-05-14 11:39:22;5.83
2026-05-14 11:39:37;6.01
2026-05-14 11:39:52;6.12
2026-05-14 11:40:07;6.38
2026-05-14 11:40:23;6.71
2026-05-14 11:40:38;7.06
2026-05-14 11:40:53;7.6
2026-05-14 11:41:08;7.64
2026-05-14 11:41:24;8.33
2026-05-14 11:41:39;9.2
2026-05-14 11:41:55;8.02
2026-05-14 11:42:10;0.0
2026-05-14 11:42:25;0.0
2026-05-14 11:42:40;9.59
2026-05-14 11:42:56;11.02
2026-05-14 11:43:11;9.67
2026-05-14 11:43:26;0.0
2026-05-14 11:43:41;0.0
2026-05-14 11:43:57;0.0
2026-05-14 11:44:12;0.0
2026-05-14 11:44:28;8.35
2026-05-14 11:44:43;0.0
2026-05-14 11:44:58;0.0
2026-05-14 11:45:13;25.72
2026-05-14 11:45:29;0.03
2026-05-14 11:45:44;0.0
2026-05-14 11:45:59;0.01
2026-05-14 11:46:14;16.93
2026-05-14 11:46:30;0.0
2026-05-14 11:46:45;0.0
2026-05-14 11:47:01;0.0
2026-05-14 11:47:15;22.88
2026-05-14 11:47:31;0.0
2026-05-14 11:47:46;0.0
2026-05-14 11:48:02;22.62
2026-05-14 11:48:17;22.74
2026-05-14 11:48:32;22.7
2026-05-14 11:48:47;1.54
2026-05-14 11:49:03;24.33
2026-05-14 11:49:18;7.89
2026-05-14 11:49:33;24.08
2026-05-14 11:49:49;0.0
2026-05-14 11:50:04;22.25
2026-05-14 11:50:19;0.0
2026-05-14 11:50:34;22.52
2026-05-14 11:50:49;0.0
2026-05-14 11:51:05;0.0
2026-05-14 11:51:20;9.79
2026-05-14 11:51:35;13.76
2026-05-14 11:51:50;10.07
2026-05-14 11:52:06;22.28
2026-05-14 11:52:21;21.23
2026-05-14 11:52:36;23.37
2026-05-14 11:52:51;0.0
2026-05-14 11:53:07;0.0
2026-05-14 11:53:22;19.37
2026-05-14 11:53:37;0.0
2026-05-14 11:53:53;0.0
2026-05-14 11:54:08;7.28
2026-05-14 11:54:23;0.0
2026-05-14 11:54:38;15.76
2026-05-14 11:54:54;18.69
2026-05-14 11:55:09;0.0
2026-05-14 11:55:25;21.0
2026-05-14 11:55:41;0.01
2026-05-14 11:55:56;0.0
2026-05-14 11:56:12;0.0
2026-05-14 11:56:27;0.0
2026-05-14 11:56:43;0.0
2026-05-14 11:56:59;20.69
2026-05-14 11:57:14;16.31
2026-05-14 11:57:30;0.0
2026-05-14 11:57:45;0.0
2026-05-14 11:58:01;0.01
2026-05-14 11:58:32;0.0
2026-05-14 11:58:48;0.0
2026-05-14 11:59:03;22.83
2026-05-14 11:59:19;0.01
2026-05-14 11:59:34;0.0
2026-05-14 11:59:50;18.43
2026-05-14 12:00:05;0.0
2026-05-14 12:00:21;20.7
2026-05-14 12:00:36;0.01
2026-05-14 12:00:52;0.01
2026-05-14 12:01:08;0.0
2026-05-14 12:01:23;0.0
2026-05-14 12:01:39;0.0
2026-05-14 12:01:54;16.75
2026-05-14 12:02:10;0.01
2026-05-14 12:02:25;0.0
2026-05-14 12:02:41;16.57
2026-05-14 12:02:57;0.0
2026-05-14 12:03:12;18.31
2026-05-14 12:03:28;0.0
2026-05-14 12:03:43;6.19
2026-05-14 12:03:59;6.04
2026-05-14 12:04:15;5.99
2026-05-14 12:04:30;6.05
2026-05-14 12:04:46;6.31
2026-05-14 12:05:01;6.68
2026-05-14 12:05:17;7.26
2026-05-14 12:05:33;7.71
2026-05-14 12:05:48;8.06
2026-05-14 12:06:04;7.97
2026-05-14 12:06:19;7.78
2026-05-14 12:06:34;7.63
2026-05-14 12:06:49;7.35
2026-05-14 12:07:04;7.42
2026-05-14 12:07:20;15.7
2026-05-14 12:07:35;14.81
2026-05-14 12:07:50;0.0
2026-05-14 12:08:05;19.66
2026-05-14 12:08:21;22.64
2026-05-14 12:08:36;0.0
2026-05-14 12:08:51;0.0
2026-05-14 12:09:06;10.88
2026-05-14 12:09:22;0.01
2026-05-14 12:09:37;6.71
2026-05-14 12:09:52;6.43
2026-05-14 12:10:08;6.34
2026-05-14 12:10:23;6.34
2026-05-14 12:10:38;6.41
2026-05-14 12:10:53;6.56
2026-05-14 12:11:08;6.57
2026-05-14 12:11:24;0.0
2026-05-14 12:11:39;7.78
2026-05-14 12:11:55;7.36
2026-05-14 12:12:10;7.61
2026-05-14 12:12:25;7.26
2026-05-14 12:12:40;7.36
2026-05-14 12:12:56;7.6
2026-05-14 12:13:11;3.91
2026-05-14 12:13:26;7.74
2026-05-14 12:13:42;0.01
2026-05-14 12:13:57;6.71
2026-05-14 12:14:12;7.16
2026-05-14 12:14:27;7.21
2026-05-14 12:14:42;7.32
2026-05-14 12:14:58;7.09
2026-05-14 12:15:13;7.88
2026-05-14 12:15:29;0.0
2026-05-14 12:15:44;18.46
2026-05-14 12:15:59;10.28
2026-05-14 12:16:14;8.87
2026-05-14 12:16:30;0.01
2026-05-14 12:16:45;11.35
2026-05-14 12:17:00;0.01
2026-05-14 12:17:15;0.01
2026-05-14 12:17:31;26.81
2026-05-14 12:17:46;0.0
2026-05-14 12:18:02;0.0
2026-05-14 12:18:17;0.01
2026-05-14 12:18:32;0.01
2026-05-14 12:18:47;22.47
2026-05-14 12:19:03;19.31
2026-05-14 12:19:18;21.43
2026-05-14 12:19:33;21.55
2026-05-14 12:19:48;0.0
2026-05-14 12:20:04;0.0
2026-05-14 12:20:19;0.01
2026-05-14 12:20:35;0.0
2026-05-14 12:20:49;11.28
2026-05-14 12:21:05;0.32
2026-05-14 12:21:20;6.7
2026-05-14 12:21:36;6.37
2026-05-14 12:21:51;6.22
2026-05-14 12:22:06;6.18
2026-05-14 12:22:21;6.21
2026-05-14 12:22:37;6.32
2026-05-14 12:22:52;6.56
2026-05-14 12:23:07;8.23
2026-05-14 12:23:22;9.76
2026-05-14 12:23:38;4.52
2026-05-14 12:23:53;0.0
2026-05-14 12:24:08;0.01
2026-05-14 12:24:24;6.31
2026-05-14 12:24:39;5.76
2026-05-14 12:24:54;9.63
2026-05-14 12:25:09;0.0
2026-05-14 12:25:24;12.12
2026-05-14 12:25:40;5.99
2026-05-14 12:25:55;5.45
2026-05-14 12:26:11;5.03
2026-05-14 12:26:26;4.86
2026-05-14 12:26:41;4.71
2026-05-14 12:26:56;4.66
2026-05-14 12:27:12;4.62
2026-05-14 12:27:27;4.6
2026-05-14 12:27:42;4.63
2026-05-14 12:27:57;4.65
2026-05-14 12:28:13;4.7
2026-05-14 12:28:28;4.74
2026-05-14 12:28:44;4.8
2026-05-14 12:28:59;4.86
2026-05-14 12:29:14;4.93
2026-05-14 12:29:29;5.03
2026-05-14 12:29:45;5.16
2026-05-14 12:30:00;5.32
2026-05-14 12:30:15;5.47
2026-05-14 12:30:30;5.59
2026-05-14 12:30:46;5.6
2026-05-14 12:31:01;5.54
2026-05-14 12:31:17;5.52
2026-05-14 12:31:32;5.54
2026-05-14 12:31:47;5.64
2026-05-14 12:32:02;5.78
2026-05-14 12:32:18;5.91
2026-05-14 12:32:33;5.94
2026-05-14 12:32:49;5.98
2026-05-14 12:33:04;0.36
2026-05-14 12:33:19;6.09
2026-05-14 12:33:34;3.8
2026-05-14 12:33:50;6.15
2026-05-14 12:34:05;6.45
2026-05-14 12:34:20;6.14
2026-05-14 12:34:35;0.01
2026-05-14 12:34:51;6.09
2026-05-14 12:35:06;6.08
2026-05-14 12:35:22;6.15
2026-05-14 12:35:37;6.07
2026-05-14 12:35:52;6.35
2026-05-14 12:36:07;6.47
2026-05-14 12:36:23;6.56
2026-05-14 12:36:38;6.34
2026-05-14 12:36:54;6.51
2026-05-14 12:37:09;6.53
2026-05-14 12:37:24;6.63
2026-05-14 12:37:39;6.54
2026-05-14 12:37:55;6.92
2026-05-14 12:38:10;7.08
2026-05-14 12:38:26;7.0
2026-05-14 12:38:41;6.47
2026-05-14 12:38:56;7.49
2026-05-14 12:39:11;7.67
2026-05-14 12:39:27;7.6
2026-05-14 12:39:42;0.0
2026-05-14 12:39:58;0.0
2026-05-14 12:40:13;10.99
2026-05-14 12:40:28;16.46
2026-05-14 12:40:43;7.99
2026-05-14 12:41:01;11.17
2026-05-14 12:41:14;0.0
2026-05-14 12:41:30;13.16
2026-05-14 12:41:45;8.98
2026-05-14 12:42:00;7.19
2026-05-14 12:42:15;8.5
2026-05-14 12:42:31;7.96
2026-05-14 12:42:46;8.22
2026-05-14 12:43:01;8.08
2026-05-14 12:43:16;7.59
2026-05-14 12:43:32;6.6
2026-05-14 12:43:47;7.41
2026-05-14 12:44:03;6.86
2026-05-14 12:44:18;7.45
2026-05-14 12:44:33;7.34
2026-05-14 12:44:48;0.0
2026-05-14 12:45:04;7.17
2026-05-14 12:45:19;7.03
2026-05-14 12:45:35;6.63
2026-05-14 12:45:50;6.75
2026-05-14 12:46:05;2.15
2026-05-14 12:46:20;6.39
2026-05-14 12:46:36;6.3
2026-05-14 12:46:51;6.4
2026-05-14 12:47:07;6.33
2026-05-14 12:47:22;6.38
2026-05-14 12:47:37;6.28
2026-05-14 12:47:52;6.17
2026-05-14 12:48:08;6.5
2026-05-14 12:48:23;0.0
2026-05-14 12:48:39;6.76
2026-05-14 12:48:54;4.59
2026-05-14 12:49:09;6.64
2026-05-14 12:49:24;6.37
2026-05-14 12:49:40;6.53
2026-05-14 12:49:55;0.0
2026-05-14 12:50:11;6.44
2026-05-14 12:50:26;6.36
2026-05-14 12:50:41;3.83
2026-05-14 12:50:56;6.25
2026-05-14 12:51:12;6.25
2026-05-14 12:51:27;6.29
2026-05-14 12:51:42;6.16
2026-05-14 12:51:57;5.11
2026-05-14 12:52:13;6.34
2026-05-14 12:52:28;6.32
2026-05-14 12:52:44;6.3
2026-05-14 12:52:59;6.26
2026-05-14 12:53:14;6.23
2026-05-14 12:53:29;6.0
2026-05-14 12:53:45;6.05
2026-05-14 12:54:00;5.97
2026-05-14 12:54:16;5.86
2026-05-14 12:54:31;5.77
2026-05-14 12:54:46;5.58
2026-05-14 12:55:01;5.41
2026-05-14 12:55:17;5.31
2026-05-14 12:55:32;5.32
2026-05-14 12:55:47;5.34
2026-05-14 12:56:02;5.36
2026-05-14 12:56:17;5.4
2026-05-14 12:56:32;5.44
2026-05-14 12:56:47;5.41
2026-05-14 12:57:02;5.39
2026-05-14 12:57:17;5.27
2026-05-14 12:57:32;5.41
2026-05-14 12:57:47;5.43
2026-05-14 12:58:02;5.55
2026-05-14 12:58:17;5.66
2026-05-14 12:58:32;5.69
2026-05-14 12:58:47;5.67
2026-05-14 12:59:02;6.11
2026-05-14 12:59:17;3.7
2026-05-14 12:59:32;6.36
2026-05-14 12:59:47;6.73
2026-05-14 13:00:02;7.0
2026-05-14 13:00:17;7.22
2026-05-14 13:00:33;7.53
2026-05-14 13:00:48;7.91
2026-05-14 13:01:03;8.42
2026-05-14 13:01:19;8.65
2026-05-14 13:01:34;9.72
2026-05-14 13:01:49;9.96
2026-05-14 13:02:05;10.01
2026-05-14 13:02:20;0.0
2026-05-14 13:02:35;0.0
2026-05-14 13:02:50;12.48
2026-05-14 13:03:06;0.01
2026-05-14 13:03:21;10.25
2026-05-14 13:03:37;0.0
2026-05-14 13:03:52;0.01
2026-05-14 13:04:07;0.0
2026-05-14 13:04:22;0.01
2026-05-14 13:04:38;16.53
2026-05-14 13:04:53;22.97
2026-05-14 13:05:09;0.01
2026-05-14 13:05:24;0.0
2026-05-14 13:05:39;0.0
2026-05-14 13:05:54;21.57
2026-05-14 13:06:10;0.01
2026-05-14 13:06:25;0.0
2026-05-14 13:06:41;19.7
2026-05-14 13:06:56;0.0
2026-05-14 13:07:11;22.2
2026-05-14 13:07:26;0.0
2026-05-14 13:07:42;22.16
2026-05-14 13:07:57;0.0
2026-05-14 13:08:12;0.01
2026-05-14 13:08:27;0.0
2026-05-14 13:08:43;22.67
2026-05-14 13:08:59;21.17
2026-05-14 13:09:14;0.01
2026-05-14 13:09:29;0.01
2026-05-14 13:09:44;11.3
2026-05-14 13:10:00;0.01
2026-05-14 13:10:15;1.29
2026-05-14 13:10:30;0.0
2026-05-14 13:10:45;20.99
2026-05-14 13:11:01;0.01
2026-05-14 13:11:16;0.0
2026-05-14 13:11:31;1.5
2026-05-14 13:11:46;0.0
2026-05-14 13:12:02;12.58
2026-05-14 13:12:17;0.0
2026-05-14 13:12:32;6.26
2026-05-14 13:12:47;0.0
2026-05-14 13:13:03;7.69
2026-05-14 13:13:18;5.5
2026-05-14 13:13:34;5.23
2026-05-14 13:13:49;4.96
2026-05-14 13:14:04;4.62
2026-05-14 13:14:19;4.34
2026-05-14 13:14:35;4.12
2026-05-14 13:14:50;3.95
2026-05-14 13:15:05;3.82
2026-05-14 13:15:20;3.69
2026-05-14 13:15:36;3.56
2026-05-14 13:15:51;3.46
2026-05-14 13:16:06;3.34
2026-05-14 13:16:21;3.21
2026-05-14 13:16:37;3.12
2026-05-14 13:16:52;3.05
2026-05-14 13:17:08;3.0
2026-05-14 13:17:23;2.95
2026-05-14 13:17:38;2.89
2026-05-14 13:17:53;2.83
2026-05-14 13:18:09;2.79
2026-05-14 13:18:24;2.76
2026-05-14 13:18:55;2.69
2026-05-14 13:19:10;2.66
2026-05-14 13:19:25;2.62
2026-05-14 13:19:41;2.59
2026-05-14 13:19:56;2.6
2026-05-14 13:20:11;2.58
2026-05-14 13:20:26;2.56
2026-05-14 13:20:45;2.58
2026-05-14 13:20:58;2.61
2026-05-14 13:21:13;2.63
2026-05-14 13:21:28;2.62
2026-05-14 13:21:43;2.6
2026-05-14 13:21:58;2.59
2026-05-14 13:22:14;2.6
2026-05-14 13:22:29;2.57
2026-05-14 13:22:45;2.54
2026-05-14 13:23:00;2.5
2026-05-14 13:23:15;2.46
2026-05-14 13:23:30;2.45
2026-05-14 13:23:46;2.4
2026-05-14 13:24:01;2.34
2026-05-14 13:24:16;2.28
2026-05-14 13:24:32;2.21
2026-05-14 13:24:47;2.14
2026-05-14 13:25:02;2.07
2026-05-14 13:25:18;2.04
2026-05-14 13:25:33;2.02
2026-05-14 13:25:48;2.01
2026-05-14 13:26:03;2.0
2026-05-14 13:26:19;1.98
2026-05-14 13:26:34;1.96
2026-05-14 13:26:49;1.94
2026-05-14 13:27:04;1.92
2026-05-14 13:27:19;1.89
2026-05-14 13:27:34;1.87
2026-05-14 13:27:49;1.84
2026-05-14 13:28:04;1.82
2026-05-14 13:28:20;1.79
2026-05-14 13:28:34;1.76
2026-05-14 13:28:49;1.74
2026-05-14 13:29:04;1.71
2026-05-14 13:29:19;1.69
2026-05-14 13:29:35;1.67
2026-05-14 13:29:49;1.65
2026-05-14 13:30:04;1.64
2026-05-14 13:30:19;1.62
2026-05-14 13:30:34;1.6
2026-05-14 13:30:49;1.57
2026-05-14 13:31:04;1.54
2026-05-14 13:31:19;1.53
2026-05-14 13:31:34;1.53
2026-05-14 13:31:50;1.53
2026-05-14 13:32:04;1.54
2026-05-14 13:32:19;1.54
2026-05-14 13:32:34;1.55
2026-05-14 13:32:49;1.56
2026-05-14 13:33:04;1.58
2026-05-14 13:33:19;1.61
2026-05-14 13:33:34;1.65
2026-05-14 13:33:49;1.69
2026-05-14 13:34:04;0.0
2026-05-14 13:34:19;1.75
2026-05-14 13:34:34;1.78
2026-05-14 13:34:49;1.83
2026-05-14 13:35:04;0.0
2026-05-14 13:35:19;1.94
2026-05-14 13:35:34;1.96
2026-05-14 13:35:50;1.99
2026-05-14 13:36:04;2.0
2026-05-14 13:36:20;2.01
2026-05-14 13:36:35;2.02
2026-05-14 13:36:50;2.05
2026-05-14 13:37:05;2.06
2026-05-14 13:37:20;2.07
2026-05-14 13:37:35;2.07
2026-05-14 13:37:50;2.07
2026-05-14 13:38:05;2.07
2026-05-14 13:38:20;2.06
2026-05-14 13:38:35;2.05
2026-05-14 13:38:50;2.04
2026-05-14 13:39:05;2.02
2026-05-14 13:39:20;2.0
2026-05-14 13:39:35;1.95
2026-05-14 13:39:56;1.93
2026-05-14 13:40:07;1.9
2026-05-14 13:40:20;1.87
2026-05-14 13:40:35;1.84
2026-05-14 13:40:50;1.8
2026-05-14 13:41:05;1.75
2026-05-14 13:41:20;1.72
2026-05-14 13:41:35;1.7
2026-05-14 13:41:50;1.67
2026-05-14 13:42:05;1.66
2026-05-14 13:42:20;1.66
2026-05-14 13:42:35;1.67
2026-05-14 13:42:50;1.67
2026-05-14 13:43:05;1.69
2026-05-14 13:43:21;1.72
2026-05-14 13:43:35;1.75
2026-05-14 13:43:50;1.78
2026-05-14 13:44:05;1.82
2026-05-14 13:44:20;1.85
2026-05-14 13:44:35;1.91
2026-05-14 13:44:51;2.01
2026-05-14 13:45:05;2.0
2026-05-14 13:45:21;1.95
2026-05-14 13:45:35;1.95
2026-05-14 13:45:50;1.97
2026-05-14 13:46:05;2.02
2026-05-14 13:46:21;2.05
2026-05-14 13:46:36;2.06
2026-05-14 13:46:51;2.08
2026-05-14 13:47:06;2.11
2026-05-14 13:47:21;2.14
2026-05-14 13:47:36;2.16
2026-05-14 13:47:51;2.17
2026-05-14 13:48:06;2.18
2026-05-14 13:48:21;2.18
2026-05-14 13:48:36;2.15
2026-05-14 13:48:51;2.09
2026-05-14 13:49:06;2.04
2026-05-14 13:49:21;1.99
2026-05-14 13:49:36;1.93
2026-05-14 13:49:51;1.89
2026-05-14 13:50:06;1.85
2026-05-14 13:50:21;1.83
2026-05-14 13:50:36;1.81
2026-05-14 13:50:51;1.79
2026-05-14 13:51:06;1.79
2026-05-14 13:51:21;1.81
2026-05-14 13:51:36;1.84
2026-05-14 13:51:51;1.86
2026-05-14 13:52:06;1.89
2026-05-14 13:52:21;1.94
2026-05-14 13:52:36;1.99
2026-05-14 13:52:51;2.06
2026-05-14 13:53:06;2.11
2026-05-14 13:53:21;0.0
2026-05-14 13:53:36;2.18
2026-05-14 13:53:51;2.21
2026-05-14 13:54:06;2.24
2026-05-14 13:54:21;2.28
2026-05-14 13:54:36;2.34
2026-05-14 13:54:51;2.41
2026-05-14 13:55:06;2.46
2026-05-14 13:55:22;2.46
2026-05-14 13:55:37;2.46
2026-05-14 13:55:52;2.45
2026-05-14 13:56:07;2.47
2026-05-14 13:56:22;2.5
2026-05-14 13:56:37;2.53
2026-05-14 13:56:52;2.57
2026-05-14 13:57:07;0.0
2026-05-14 13:57:22;2.63
2026-05-14 13:57:37;2.66
2026-05-14 13:57:52;2.66
2026-05-14 13:58:07;2.72
2026-05-14 13:58:37;2.92
2026-05-14 13:58:53;0.0
2026-05-14 13:59:08;3.01
2026-05-14 13:59:23;3.03
2026-05-14 13:59:38;2.55
2026-05-14 13:59:53;3.02
2026-05-14 14:00:08;3.05
2026-05-14 14:00:23;3.11
2026-05-14 14:00:38;3.18
2026-05-14 14:00:53;3.33
2026-05-14 14:01:08;3.53
2026-05-14 14:01:23;3.76
2026-05-14 14:01:38;4.11
2026-05-14 14:01:53;4.37
2026-05-14 14:02:08;4.87
2026-05-14 14:02:23;5.37
2026-05-14 14:02:38;5.59
2026-05-14 14:02:53;0.28
2026-05-14 14:03:08;0.15
2026-05-14 14:03:23;5.16
2026-05-14 14:03:38;3.83
2026-05-14 14:03:53;4.81
2026-05-14 14:04:08;4.89
2026-05-14 14:04:23;5.72
2026-05-14 14:04:38;0.0
2026-05-14 14:04:53;0.01
2026-05-14 14:05:08;5.88
2026-05-14 14:05:23;4.59
2026-05-14 14:05:39;4.25
2026-05-14 14:05:53;4.41
2026-05-14 14:06:08;4.9
2026-05-14 14:06:23;4.29
2026-05-14 14:06:38;5.14
2026-05-14 14:06:53;5.41
2026-05-14 14:07:08;6.4
2026-05-14 14:07:23;0.27
2026-05-14 14:07:38;0.0
2026-05-14 14:07:54;0.0
2026-05-14 14:08:08;0.01
2026-05-14 14:08:24;0.0
2026-05-14 14:08:38;0.0
2026-05-14 14:08:53;0.06
2026-05-14 14:09:08;0.0
2026-05-14 14:09:23;0.0
2026-05-14 14:09:38;0.16
2026-05-14 14:09:53;4.78
2026-05-14 14:10:08;4.57
2026-05-14 14:10:23;4.44
2026-05-14 14:10:39;4.45
2026-05-14 14:10:53;4.28
2026-05-14 14:11:08;4.32
2026-05-14 14:11:23;4.28
2026-05-14 14:11:38;4.2
2026-05-14 14:11:54;4.13
2026-05-14 14:12:08;4.13
2026-05-14 14:12:23;4.15
2026-05-14 14:12:41;4.19
2026-05-14 14:12:54;4.22
2026-05-14 14:13:09;4.25
2026-05-14 14:13:23;4.3
2026-05-14 14:13:38;4.34
2026-05-14 14:13:53;4.39
2026-05-14 14:14:09;4.36
2026-05-14 14:14:23;4.34
2026-05-14 14:14:39;4.34
2026-05-14 14:14:56;4.36
2026-05-14 14:15:09;4.43
2026-05-14 14:15:24;4.53
2026-05-14 14:15:54;0.43
2026-05-14 14:16:31;4.83
2026-05-14 14:16:32;0.0
2026-05-14 14:16:39;4.85
2026-05-14 14:16:54;0.08
2026-05-14 14:17:09;5.27
2026-05-14 14:17:24;5.39
2026-05-14 14:17:39;2.19
2026-05-14 14:17:54;5.78
2026-05-14 14:18:09;2.15
2026-05-14 14:18:24;6.08
2026-05-14 14:18:39;0.0
2026-05-14 14:18:54;0.01
2026-05-14 14:19:09;0.0
2026-05-14 14:19:24;0.0
2026-05-14 14:19:39;6.71
2026-05-14 14:19:54;0.01
2026-05-14 14:20:09;6.66
2026-05-14 14:20:24;0.0
2026-05-14 14:20:39;6.37
2026-05-14 14:20:54;6.39
2026-05-14 14:21:09;0.0
2026-05-14 14:21:24;6.24
2026-05-14 14:21:39;6.42
2026-05-14 14:21:54;6.76
2026-05-14 14:22:09;7.65
2026-05-14 14:22:24;6.73
2026-05-14 14:22:39;0.0
2026-05-14 14:22:54;11.77
2026-05-14 14:23:09;0.01
2026-05-14 14:23:24;0.45
2026-05-14 14:23:39;0.0
2026-05-14 14:23:54;0.0
2026-05-14 14:24:09;3.62
2026-05-14 14:24:24;4.81
2026-05-14 14:24:39;7.22
2026-05-14 14:24:54;0.0
2026-05-14 14:25:09;7.46
2026-05-14 14:25:24;0.01
2026-05-14 14:25:39;7.64
2026-05-14 14:25:54;7.7
2026-05-14 14:26:09;5.36
2026-05-14 14:26:24;3.93
2026-05-14 14:26:39;0.0
2026-05-14 14:26:54;0.0
2026-05-14 14:27:09;0.02
2026-05-14 14:27:24;0.0
2026-05-14 14:27:39;0.0
2026-05-14 14:27:57;6.37
2026-05-14 14:28:09;0.0
2026-05-14 14:36:05;5.06
2026-05-14 14:36:06;7.1
2026-05-14 14:36:18;0.0
2026-05-14 14:36:33;6.44
2026-05-14 14:36:48;5.24
2026-05-14 14:37:03;6.0
2026-05-14 14:37:18;4.55
2026-05-14 14:37:33;5.52
2026-05-14 14:37:48;5.28
2026-05-14 14:38:03;1.0
2026-05-14 14:38:18;2.2
2026-05-14 14:38:33;4.06
2026-05-14 14:38:48;5.09
2026-05-14 14:39:03;5.02
2026-05-14 14:39:18;4.72
2026-05-14 14:39:33;4.99
2026-05-14 14:39:48;5.04
2026-05-14 14:40:05;5.11
2026-05-14 14:40:18;0.0
2026-05-14 14:40:33;5.28
2026-05-14 14:40:48;0.01
2026-05-14 14:41:03;5.54
2026-05-14 14:41:18;5.68
2026-05-14 14:41:33;0.0
2026-05-14 14:41:48;6.06
2026-05-14 14:42:03;6.21
2026-05-14 14:42:18;0.0
2026-05-14 14:42:33;6.36
2026-05-14 14:42:48;0.02
2026-05-14 14:43:03;6.51
2026-05-14 14:43:18;0.0
2026-05-14 14:43:33;6.3
2026-05-14 14:43:48;7.38
2026-05-14 14:44:03;0.0
2026-05-14 14:44:18;0.0
2026-05-14 14:44:33;8.39
2026-05-14 14:44:49;0.0
2026-05-14 14:45:03;8.31
2026-05-14 14:45:18;5.66
2026-05-14 14:45:33;10.63
2026-05-14 14:45:48;0.0
2026-05-14 14:46:03;10.13
2026-05-14 14:46:18;6.55
2026-05-14 14:46:33;0.0
2026-05-14 14:46:49;16.63
2026-05-14 14:47:04;0.01
2026-05-14 14:47:19;0.42
2026-05-14 14:47:34;0.0
2026-05-14 14:47:50;0.01
2026-05-14 14:48:05;16.74
2026-05-14 14:48:21;6.62
2026-05-14 14:48:36;0.01
2026-05-14 14:48:51;0.01
2026-05-14 14:49:06;16.23
2026-05-14 14:49:22;16.02
2026-05-14 14:49:37;0.01
2026-05-14 14:49:53;0.0
2026-05-14 14:50:08;15.53
2026-05-14 14:50:23;16.27
2026-05-14 14:50:38;0.94
2026-05-14 14:50:54;0.01
2026-05-14 14:51:09;0.0
2026-05-14 14:51:25;0.0
2026-05-14 14:51:40;15.07
2026-05-14 14:51:55;14.02
2026-05-14 14:52:10;0.01
2026-05-14 14:52:26;0.0
2026-05-14 14:52:41;9.04
2026-05-14 14:52:56;13.63
2026-05-14 14:53:11;4.38
2026-05-14 14:53:27;0.0
2026-05-14 14:53:42;0.05
2026-05-14 14:53:58;0.0
2026-05-14 14:54:13;0.0
2026-05-14 14:54:28;8.37
2026-05-14 14:54:43;9.38
2026-05-14 14:54:59;8.87
2026-05-14 14:55:14;0.01
2026-05-14 14:55:29;8.98
2026-05-14 14:55:44;0.01
2026-05-14 14:56:00;0.01
2026-05-14 14:56:15;0.0
2026-05-14 14:56:31;2.7
2026-05-14 14:56:46;15.13
2026-05-14 14:57:01;0.0
2026-05-14 14:57:16;0.01
2026-05-14 14:57:32;0.58
2026-05-14 14:57:47;14.42
2026-05-14 14:58:02;0.0
2026-05-14 14:58:17;16.34
2026-05-14 14:58:33;0.01
2026-05-14 14:58:48;15.5
2026-05-14 14:59:04;16.16
2026-05-14 14:59:19;0.0
2026-05-14 14:59:34;0.0
2026-05-14 14:59:49;0.0
2026-05-14 15:00:05;0.0
2026-05-14 15:00:20;0.01
2026-05-14 15:00:35;0.0
2026-05-14 15:00:50;0.01
2026-05-14 15:01:06;14.02
2026-05-14 15:01:21;12.87
2026-05-14 15:01:37;0.0
2026-05-14 15:01:52;0.0
2026-05-14 15:02:07;0.0
2026-05-14 15:02:22;0.0
2026-05-14 15:02:38;0.0
2026-05-14 15:02:53;6.76
2026-05-14 15:03:08;0.01
2026-05-14 15:03:23;4.46
2026-05-14 15:03:39;0.0
2026-05-14 15:03:54;0.0
2026-05-14 15:04:10;14.01
2026-05-14 15:04:25;0.01
2026-05-14 15:04:40;13.67
2026-05-14 15:04:55;0.0
2026-05-14 15:05:11;0.01
2026-05-14 15:05:26;0.0
2026-05-14 15:05:41;9.53
2026-05-14 15:05:56;0.0
2026-05-14 15:06:12;0.01
2026-05-14 15:06:27;0.0
2026-05-14 15:06:43;0.0
2026-05-14 15:06:58;0.0
2026-05-14 15:07:13;0.01
2026-05-14 15:07:28;14.61
2026-05-14 15:07:44;14.38
2026-05-14 15:07:59;11.04
2026-05-14 15:08:14;8.69
2026-05-14 15:08:29;0.0
2026-05-14 15:08:45;0.0
2026-05-14 15:09:00;12.03
2026-05-14 15:09:16;0.01
2026-05-14 15:09:31;13.45
2026-05-14 15:09:46;13.44
2026-05-14 15:10:01;0.01
2026-05-14 15:10:17;14.08
2026-05-14 15:10:32;13.3
2026-05-14 15:10:47;13.27
2026-05-14 15:11:02;13.25
2026-05-14 15:11:18;0.0
2026-05-14 15:11:33;0.01
2026-05-14 15:11:49;13.86
2026-05-14 15:12:04;0.0
2026-05-14 15:12:19;0.01
2026-05-14 15:12:34;0.0
2026-05-14 15:12:50;0.0
2026-05-14 15:13:05;0.01
2026-05-14 15:13:20;0.0
2026-05-14 15:13:35;0.0
2026-05-14 15:13:51;0.0
2026-05-14 15:14:06;0.0
2026-05-14 15:14:22;0.0
2026-05-14 15:14:37;14.02
2026-05-14 15:14:52;13.77
2026-05-14 15:15:07;12.36
2026-05-14 15:15:23;7.16
2026-05-14 15:15:38;4.28
2026-05-14 15:15:53;4.09
2026-05-14 15:16:08;3.98
2026-05-14 15:16:24;3.94
2026-05-14 15:16:39;3.96
2026-05-14 15:16:56;4.04
2026-05-14 15:17:10;4.17
2026-05-14 15:17:25;4.74
2026-05-14 15:17:40;6.2
2026-05-14 15:17:56;0.0
2026-05-14 15:18:11;0.0
2026-05-14 15:18:26;0.0
2026-05-14 15:18:41;0.0
2026-05-14 15:18:57;0.0
2026-05-14 15:19:14;0.0
2026-05-14 15:19:28;0.0
2026-05-14 15:19:43;0.0
2026-05-14 15:19:58;0.01
2026-05-14 15:20:13;12.73
2026-05-14 15:20:29;12.7
2026-05-14 15:20:44;12.57
2026-05-14 15:20:59;12.61
2026-05-14 15:21:14;0.26
2026-05-14 15:21:30;13.17
2026-05-14 15:21:45;13.05
2026-05-14 15:22:01;0.0
2026-05-14 15:22:16;0.0
2026-05-14 15:22:31;0.01
2026-05-14 15:22:48;11.16
2026-05-14 15:23:02;0.01
2026-05-14 15:23:17;0.0
2026-05-14 15:23:33;0.0
2026-05-14 15:23:47;0.0
2026-05-14 15:24:03;12.61
2026-05-14 15:24:18;0.0
2026-05-14 15:24:34;0.0
2026-05-14 15:24:49;13.14
2026-05-14 15:25:04;13.21
2026-05-14 15:25:19;0.32
2026-05-14 15:25:35;0.0
2026-05-14 15:25:50;13.22
2026-05-14 15:26:05;0.0
2026-05-14 15:26:20;0.0
2026-05-14 15:26:36;12.76
2026-05-14 15:26:51;2.65
2026-05-14 15:27:07;12.23
2026-05-14 15:27:22;0.13
2026-05-14 15:27:37;0.0
2026-05-14 15:27:52;4.06
2026-05-14 15:28:08;11.1
2026-05-14 15:28:23;0.0
2026-05-14 15:28:38;0.0
2026-05-14 15:28:53;11.48
2026-05-14 15:29:09;11.45
2026-05-14 15:29:24;0.0
2026-05-14 15:29:40;0.0
2026-05-14 15:29:55;0.01
2026-05-14 15:30:10;11.52
2026-05-14 15:30:25;0.01
2026-05-14 15:30:41;0.0
2026-05-14 15:30:56;0.01
2026-05-14 15:31:12;12.34
2026-05-14 15:31:27;12.3
2026-05-14 15:31:42;12.29
2026-05-14 15:31:57;11.65
2026-05-14 15:32:13;0.01
2026-05-14 15:32:28;0.0
2026-05-14 15:32:43;12.13
2026-05-14 15:32:58;1.14
2026-05-14 15:33:14;6.87
2026-05-14 15:33:29;0.01
2026-05-14 15:33:45;0.01
2026-05-14 15:34:00;0.0
2026-05-14 15:34:15;11.79
2026-05-14 15:34:30;0.0
2026-05-14 15:34:46;0.0
2026-05-14 15:35:01;0.0
2026-05-14 15:35:16;0.01
2026-05-14 15:35:31;0.01
2026-05-14 15:35:47;0.0
2026-05-14 15:36:02;10.6
2026-05-14 15:36:18;0.0
2026-05-14 15:36:33;0.0
2026-05-14 15:36:48;9.72
2026-05-14 15:37:03;10.74
2026-05-14 15:37:19;0.01
2026-05-14 15:37:34;0.0
2026-05-14 15:37:49;10.63
2026-05-14 15:38:04;10.99
2026-05-14 15:38:20;10.48
2026-05-14 15:38:36;11.19
2026-05-14 15:38:51;0.0
2026-05-14 15:39:06;0.01
2026-05-14 15:39:27;0.01
2026-05-14 15:39:52;0.88
2026-05-14 15:40:07;0.0
2026-05-14 15:40:22;0.0
2026-05-14 15:40:38;0.0
2026-05-14 15:40:53;0.0
2026-05-14 15:41:09;0.0
2026-05-14 15:41:24;11.51
2026-05-14 15:41:39;9.62
2026-05-14 15:41:54;0.0
2026-05-14 15:42:10;9.83
2026-05-14 15:42:25;10.83
2026-05-14 15:42:40;0.01
2026-05-14 15:42:55;0.0
2026-05-14 15:43:11;0.01
2026-05-14 15:43:26;0.0
2026-05-14 15:43:42;11.17
2026-05-14 15:43:57;11.07
2026-05-14 15:44:12;0.0
2026-05-14 15:44:27;0.0
2026-05-14 15:44:43;0.0
2026-05-14 15:44:58;0.0
2026-05-14 15:45:13;0.06
2026-05-14 15:45:28;10.34
2026-05-14 15:45:44;7.78
2026-05-14 15:45:59;10.26
2026-05-14 15:46:15;0.0
2026-05-14 15:46:30;10.81
2026-05-14 15:46:45;10.74
2026-05-14 15:47:00;3.29
2026-05-14 15:47:16;10.72
2026-05-14 15:47:31;10.52
2026-05-14 15:47:46;0.0
2026-05-14 15:48:01;0.0
2026-05-14 15:48:17;0.0
2026-05-14 15:48:32;10.74
2026-05-14 15:48:48;0.01
2026-05-14 15:49:03;10.26
2026-05-14 15:49:18;0.01
2026-05-14 15:49:33;0.0
2026-05-14 15:49:49;0.0
2026-05-14 15:50:04;10.61
2026-05-14 15:50:20;10.52
2026-05-14 15:50:35;10.4
2026-05-14 15:50:50;0.0
2026-05-14 15:51:05;9.81
2026-05-14 15:51:21;7.13
2026-05-14 15:51:36;0.0
2026-05-14 15:51:52;10.41
2026-05-14 15:52:07;0.0
2026-05-14 15:52:22;0.0
2026-05-14 15:52:37;0.01
2026-05-14 15:52:53;0.0
2026-05-14 15:53:08;9.86
2026-05-14 15:53:24;0.0
2026-05-14 15:53:39;10.54
2026-05-14 15:53:54;0.0
2026-05-14 15:54:09;0.01
2026-05-14 15:54:25;10.6
2026-05-14 15:54:40;0.0
2026-05-14 15:54:55;0.0
2026-05-14 15:55:11;0.0
2026-05-14 15:55:26;10.54
2026-05-14 15:55:41;9.92
2026-05-14 15:55:57;0.0
2026-05-14 15:56:12;9.93
2026-05-14 15:56:27;0.01
2026-05-14 15:56:42;0.0
2026-05-14 15:56:58;10.01
2026-05-14 15:57:13;9.41
2026-05-14 15:57:29;9.31
2026-05-14 15:57:44;0.0
2026-05-14 15:57:59;9.57
2026-05-14 15:58:30;8.85
2026-05-14 15:58:46;9.26
2026-05-14 15:59:01;8.59
2026-05-14 15:59:16;7.03
2026-05-14 15:59:31;6.67
2026-05-14 15:59:46;6.48
2026-05-14 16:00:02;6.04
2026-05-14 16:00:17;5.56
2026-05-14 16:00:32;3.93
2026-05-14 16:00:47;3.12
2026-05-14 16:01:03;2.82
2026-05-14 16:01:18;0.0
2026-05-14 16:01:34;0.0
2026-05-15 07:53:32;4.25
2026-05-15 07:53:47;4.12
2026-05-15 07:54:02;3.54
2026-05-15 07:54:17;4.7
2026-05-15 07:54:32;4.72
2026-05-15 07:54:47;4.78
2026-05-15 07:55:02;4.9
2026-05-15 07:55:17;5.05
2026-05-15 07:55:32;5.21
2026-05-15 07:55:48;5.22
2026-05-15 07:56:02;5.19
2026-05-15 07:56:17;5.1
2026-05-15 07:56:32;0.0
2026-05-15 07:56:47;4.93
2026-05-15 07:57:02;4.91
2026-05-15 07:57:17;4.87
2026-05-15 07:57:33;4.81
2026-05-15 07:57:47;4.74
2026-05-15 07:58:03;4.73
2026-05-15 07:58:18;4.73
2026-05-15 07:58:33;4.81
2026-05-15 07:58:48;4.79
2026-05-15 07:59:03;4.7
2026-05-15 07:59:18;4.63
2026-05-15 07:59:33;4.47
2026-05-15 07:59:48;0.0
2026-05-15 08:00:03;4.15
2026-05-15 08:00:18;4.08
2026-05-15 08:00:33;4.09
2026-05-15 08:00:48;4.24
2026-05-15 08:01:03;4.22
2026-05-15 08:01:18;4.17
2026-05-15 08:01:34;4.1
2026-05-15 08:01:48;3.97
2026-05-15 08:02:05;3.61
2026-05-15 08:02:18;3.4
2026-05-15 08:02:33;3.33
2026-05-15 08:02:48;3.33
2026-05-15 08:03:03;3.38
2026-05-15 08:03:18;3.75
2026-05-15 08:03:33;3.76
2026-05-15 08:03:48;3.74
2026-05-15 08:04:03;3.7
2026-05-15 08:04:19;3.75
2026-05-15 08:04:34;3.77
2026-05-15 08:04:49;3.79
2026-05-15 08:05:04;3.81
2026-05-15 08:05:19;3.78
2026-05-15 08:05:34;3.85
2026-05-15 08:05:49;3.84
2026-05-15 08:06:04;3.82
2026-05-15 08:06:19;3.83
2026-05-15 08:06:34;3.74
2026-05-15 08:06:49;3.83
2026-05-15 08:07:04;3.74
2026-05-15 08:07:19;3.8
2026-05-15 08:07:34;3.55
2026-05-15 08:07:49;3.55
2026-05-15 08:08:04;3.36
2026-05-15 08:08:19;3.31
2026-05-15 08:08:34;3.28
2026-05-15 08:08:49;3.23
2026-05-15 08:09:04;3.2
2026-05-15 08:09:19;3.19
2026-05-15 08:09:35;3.24
2026-05-15 08:09:50;3.55
2026-05-15 08:10:05;3.56
2026-05-15 08:10:20;3.53
2026-05-15 08:10:35;3.48
2026-05-15 08:10:50;3.36
2026-05-15 08:11:05;3.29
2026-05-15 08:11:20;3.25
2026-05-15 08:11:36;3.22
2026-05-15 08:11:50;3.2
2026-05-15 08:12:05;3.18
2026-05-15 08:12:20;3.17
2026-05-15 08:12:35;2.95
2026-05-15 08:12:52;2.66
2026-05-15 08:13:05;2.67
2026-05-15 08:13:20;2.64
2026-05-15 08:13:37;2.69
2026-05-15 08:13:50;2.98
2026-05-15 08:14:05;3.16
2026-05-15 08:14:20;3.21
2026-05-15 08:14:36;3.22
2026-05-15 08:14:51;3.23
2026-05-15 08:15:06;3.26
2026-05-15 08:15:21;3.27
2026-05-15 08:15:36;3.26
2026-05-15 08:15:51;3.26
2026-05-15 08:16:06;3.26
2026-05-15 08:16:21;3.27
2026-05-15 08:16:36;3.29
2026-05-15 08:16:51;3.3
2026-05-15 08:17:06;3.31
2026-05-15 08:17:21;3.32
2026-05-15 08:17:36;3.34
2026-05-15 08:17:52;3.37
2026-05-15 08:18:07;3.39
2026-05-15 08:18:22;3.41
2026-05-15 08:18:37;3.42
2026-05-15 08:18:52;3.44
2026-05-15 08:19:07;3.49
2026-05-15 08:19:22;3.55
2026-05-15 08:19:37;3.65
2026-05-15 08:19:52;3.75
2026-05-15 08:20:07;3.86
2026-05-15 08:20:22;3.98
2026-05-15 08:20:37;4.07
2026-05-15 08:20:52;4.13
2026-05-15 08:21:07;4.19
2026-05-15 08:21:22;4.23
2026-05-15 08:21:38;4.24
2026-05-15 08:21:52;4.24
2026-05-15 08:22:07;4.19
2026-05-15 08:22:22;4.12
2026-05-15 08:22:37;4.06
2026-05-15 08:22:52;4.02
2026-05-15 08:23:08;3.98
2026-05-15 08:23:23;3.94
2026-05-15 08:23:38;3.93
2026-05-15 08:23:53;3.94
2026-05-15 08:24:08;3.95
2026-05-15 08:24:23;3.96
2026-05-15 08:24:38;3.96
2026-05-15 08:24:53;3.98
2026-05-15 08:25:08;3.99
2026-05-15 08:25:23;3.84
2026-05-15 08:25:38;3.99
2026-05-15 08:25:53;4.03
2026-05-15 08:26:08;4.07
2026-05-15 08:26:23;4.18
2026-05-15 08:26:38;4.16
2026-05-15 08:26:53;4.17
2026-05-15 08:27:08;4.06
2026-05-15 08:27:24;3.96
2026-05-15 08:27:39;3.99
2026-05-15 08:27:53;4.02
2026-05-15 08:28:08;4.09
2026-05-15 08:28:24;4.1
2026-05-15 08:28:44;4.15
2026-05-15 08:28:54;4.14
2026-05-15 08:29:09;4.13
2026-05-15 08:29:24;4.09
2026-05-15 08:29:40;4.05
2026-05-15 08:29:54;3.86
2026-05-15 08:30:09;3.91
2026-05-15 08:30:26;4.02
2026-05-15 08:30:39;4.03
2026-05-15 08:30:54;4.04
2026-05-15 08:31:09;4.09
2026-05-15 08:31:26;4.16
2026-05-15 08:31:41;4.29
2026-05-15 08:31:54;4.46
2026-05-15 08:32:09;4.64
2026-05-15 08:32:24;4.85
2026-05-15 08:32:39;5.07
2026-05-15 08:32:54;5.31
2026-05-15 08:33:09;5.56
2026-05-15 08:33:24;5.79
2026-05-15 08:33:39;6.01
2026-05-15 08:33:54;6.22
2026-05-15 08:34:09;6.41
2026-05-15 08:34:24;6.59
2026-05-15 08:34:41;6.74
2026-05-15 08:34:54;6.86
2026-05-15 08:35:10;6.94
2026-05-15 08:35:25;6.97
2026-05-15 08:35:40;6.97
2026-05-15 08:35:55;6.97
2026-05-15 08:36:10;6.9
2026-05-15 08:36:25;6.76
2026-05-15 08:36:40;6.64
2026-05-15 08:36:55;6.45
2026-05-15 08:37:10;6.33
2026-05-15 08:37:25;6.16
2026-05-15 08:37:40;6.02
2026-05-15 08:37:55;5.98
2026-05-15 08:38:10;5.97
2026-05-15 08:38:25;6.02
2026-05-15 08:38:40;6.07
2026-05-15 08:38:55;6.11
2026-05-15 08:39:10;6.14
2026-05-15 08:39:25;6.18
2026-05-15 08:39:40;6.22
2026-05-15 08:39:55;6.01
2026-05-15 08:40:10;5.84
2026-05-15 08:40:25;5.88
2026-05-15 08:40:42;6.05
2026-05-15 08:40:55;5.9
2026-05-15 08:41:10;5.87
2026-05-15 08:41:25;5.93
2026-05-15 08:41:40;5.9
2026-05-15 08:41:55;0.05
2026-05-15 08:42:11;5.82
2026-05-15 08:42:26;5.82
2026-05-15 08:42:41;5.81
2026-05-15 08:42:56;5.88
2026-05-15 08:43:11;6.13
2026-05-15 08:43:26;5.84
2026-05-15 08:43:41;5.79
2026-05-15 08:43:56;5.99
2026-05-15 08:44:11;6.02
2026-05-15 08:44:27;6.22
2026-05-15 08:44:41;6.36
2026-05-15 08:44:56;6.57
2026-05-15 08:45:11;6.68
2026-05-15 08:45:26;6.72
2026-05-15 08:45:41;6.85
2026-05-15 08:45:56;6.86
2026-05-15 08:46:11;6.88
2026-05-15 08:46:26;6.52
2026-05-15 08:46:41;6.51
2026-05-15 08:46:56;6.55
2026-05-15 08:47:12;6.63
2026-05-15 08:47:26;6.7
2026-05-15 08:47:42;6.76
2026-05-15 08:47:57;6.85
2026-05-15 08:48:12;6.95
2026-05-15 08:48:27;7.06
2026-05-15 08:48:42;7.11
2026-05-15 08:48:57;7.12
2026-05-15 08:49:12;7.12
2026-05-15 08:49:27;7.13
2026-05-15 08:49:42;7.16
2026-05-15 08:49:57;7.06
2026-05-15 08:50:12;6.98
2026-05-15 08:50:27;6.92
2026-05-15 08:50:42;6.85
2026-05-15 08:50:57;6.77
2026-05-15 08:51:12;6.71
2026-05-15 08:51:27;6.67
2026-05-15 08:51:42;6.64
2026-05-15 08:51:57;6.63
2026-05-15 08:52:12;6.61
2026-05-15 08:52:27;6.59
2026-05-15 08:52:42;6.58
2026-05-15 08:52:57;6.57
2026-05-15 08:53:12;6.59
2026-05-15 08:53:27;6.61
2026-05-15 08:53:42;6.57
2026-05-15 08:53:57;6.52
2026-05-15 08:54:12;6.49
2026-05-15 08:54:27;6.44
2026-05-15 08:54:43;6.37
2026-05-15 08:54:57;6.28
2026-05-15 08:55:12;6.19
2026-05-15 08:55:27;6.11
2026-05-15 08:55:42;5.97
2026-05-15 08:55:57;5.84
2026-05-15 08:56:12;5.71
2026-05-15 08:56:28;5.58
2026-05-15 08:56:42;5.48
2026-05-15 08:56:58;5.43
2026-05-15 08:57:13;5.42
2026-05-15 08:57:28;5.42
2026-05-15 08:57:43;5.41
2026-05-15 08:57:58;5.45
2026-05-15 08:58:13;5.46
2026-05-15 08:58:29;5.48
2026-05-15 08:58:43;5.49
2026-05-15 08:59:00;5.53
2026-05-15 08:59:13;5.58
2026-05-15 08:59:28;5.63
2026-05-15 08:59:45;5.68
2026-05-15 08:59:58;5.73
2026-05-15 09:00:15;5.76
2026-05-15 09:00:28;5.78
2026-05-15 09:00:43;5.77
2026-05-15 09:00:58;5.79
2026-05-15 09:01:13;5.8
2026-05-15 09:01:35;5.72
2026-05-15 09:01:43;5.8
2026-05-15 09:01:58;5.79
2026-05-15 09:02:13;5.79
2026-05-15 09:02:28;5.79
2026-05-15 09:02:43;5.78
2026-05-15 09:02:58;5.8
2026-05-15 09:03:13;5.8
2026-05-15 09:03:28;5.83
2026-05-15 09:03:43;5.85
2026-05-15 09:03:58;5.89
2026-05-15 09:04:14;5.92
2026-05-15 09:04:28;5.96
2026-05-15 09:04:43;5.99
2026-05-15 09:04:58;6.03
2026-05-15 09:05:13;6.07
2026-05-15 09:05:28;6.11
2026-05-15 09:05:43;6.15
2026-05-15 09:05:59;6.2
2026-05-15 09:06:14;6.23
2026-05-15 09:06:29;6.3
2026-05-15 09:06:44;6.35
2026-05-15 09:06:59;6.44
2026-05-15 09:07:14;6.55
2026-05-15 09:07:29;6.68
2026-05-15 09:07:44;6.81
2026-05-15 09:07:59;6.95
2026-05-15 09:08:14;7.11
2026-05-15 09:08:29;6.36
2026-05-15 09:08:44;7.47
2026-05-15 09:08:59;7.67
2026-05-15 09:09:14;7.76
2026-05-15 09:09:29;7.87
2026-05-15 09:09:44;8.02
2026-05-15 09:09:59;8.16
2026-05-15 09:10:14;8.3
2026-05-15 09:10:29;8.45
2026-05-15 09:10:44;8.62
2026-05-15 09:11:01;8.81
2026-05-15 09:11:14;9.08
2026-05-15 09:11:29;9.34
2026-05-15 09:11:44;9.59
2026-05-15 09:11:59;9.33
2026-05-15 09:12:14;9.46
2026-05-15 09:12:29;9.74
2026-05-15 09:12:44;9.81
2026-05-15 09:12:59;9.87
2026-05-15 09:13:14;10.07
2026-05-15 09:13:29;10.98
2026-05-15 09:13:44;11.1
2026-05-15 09:13:59;10.55
2026-05-15 09:14:14;10.88
2026-05-15 09:14:29;12.69
2026-05-15 09:14:44;12.5
2026-05-15 09:14:59;11.67
2026-05-15 09:15:14;11.39
2026-05-15 09:15:29;10.49
2026-05-15 09:15:44;11.36
2026-05-15 09:15:59;11.29
2026-05-15 09:16:14;10.57
2026-05-15 09:16:29;10.19
2026-05-15 09:16:44;9.91
2026-05-15 09:16:59;9.81
2026-05-15 09:17:14;9.82
2026-05-15 09:17:29;9.46
2026-05-15 09:17:44;9.01
2026-05-15 09:17:59;8.72
2026-05-15 09:18:14;8.6
2026-05-15 09:18:29;8.48
2026-05-15 09:18:44;8.31
2026-05-15 09:18:59;8.13
2026-05-15 09:19:14;8.04
2026-05-15 09:19:29;7.97
2026-05-15 09:19:44;7.94
2026-05-15 09:19:59;7.93
2026-05-15 09:20:14;7.9
2026-05-15 09:20:29;7.9
2026-05-15 09:20:44;7.94
2026-05-15 09:20:59;0.0
2026-05-15 09:21:14;8.02
2026-05-15 09:21:29;8.1
2026-05-15 09:21:44;8.17
2026-05-15 09:22:00;8.27
2026-05-15 09:22:14;8.34
2026-05-15 09:22:29;8.44
2026-05-15 09:22:44;8.83
2026-05-15 09:22:59;9.13
2026-05-15 09:23:14;8.77
2026-05-15 09:23:29;8.57
2026-05-15 09:23:44;8.4
2026-05-15 09:23:59;8.36
2026-05-15 09:24:14;8.34
2026-05-15 09:24:29;8.35
2026-05-15 09:24:44;8.39
2026-05-15 09:24:59;8.45
2026-05-15 09:25:14;8.54
2026-05-15 09:25:29;8.66
2026-05-15 09:25:44;8.88
2026-05-15 09:25:59;9.31
2026-05-15 09:26:14;9.43
2026-05-15 09:26:29;9.76
2026-05-15 09:26:44;10.37
2026-05-15 09:26:59;11.26
2026-05-15 09:27:15;10.49
2026-05-15 09:27:29;10.79
2026-05-15 09:27:44;11.73
2026-05-15 09:27:59;12.54
2026-05-15 09:28:14;16.42
2026-05-15 09:28:29;13.33
2026-05-15 09:28:44;11.42
2026-05-15 09:28:59;11.18
2026-05-15 09:29:14;11.15
2026-05-15 09:29:29;11.07
2026-05-15 09:29:44;11.25
2026-05-15 09:29:59;11.68
2026-05-15 09:30:14;16.97
2026-05-15 09:30:36;16.13
2026-05-15 09:30:45;15.45
2026-05-15 09:31:00;25.01
2026-05-15 09:31:16;28.15
2026-05-15 09:31:31;27.68
2026-05-15 09:31:46;15.45
2026-05-15 09:32:01;12.89
2026-05-15 09:32:17;12.25
2026-05-15 09:32:32;11.65
2026-05-15 09:32:48;11.78
2026-05-15 09:33:03;12.11
2026-05-15 09:33:18;12.09
2026-05-15 09:33:33;12.22
2026-05-15 09:33:50;12.51
2026-05-15 09:34:13;13.05
2026-05-15 09:34:22;13.11
2026-05-15 09:34:35;14.36
2026-05-15 09:35:20;18.78
2026-05-15 09:35:44;18.66
2026-05-15 09:35:51;20.28
2026-05-15 09:36:06;25.1
2026-05-15 09:36:22;16.0
2026-05-15 09:36:37;13.61
2026-05-15 09:36:57;15.56
2026-05-15 09:37:07;11.27
2026-05-15 09:37:22;10.45
2026-05-15 09:37:37;9.81
2026-05-15 09:37:52;9.34
2026-05-15 09:38:08;8.87
2026-05-15 09:38:23;8.51
2026-05-15 09:38:40;8.36
2026-05-15 09:38:53;8.33
2026-05-15 09:39:09;8.42
2026-05-15 09:39:24;8.47
2026-05-15 09:39:40;8.53
2026-05-15 09:40:00;8.63
2026-05-15 09:40:10;8.69
2026-05-15 09:40:25;8.76
2026-05-15 09:40:41;8.86
2026-05-15 09:40:56;8.96
2026-05-15 09:41:12;9.12
2026-05-15 09:41:27;9.4
2026-05-15 09:41:42;11.53
2026-05-15 09:41:57;10.5
2026-05-15 09:42:13;10.19
2026-05-15 09:42:28;10.45
2026-05-15 09:42:44;11.03
2026-05-15 09:42:59;17.69
2026-05-15 09:43:14;12.79
2026-05-15 09:43:29;12.32
2026-05-15 09:43:45;11.59
2026-05-15 09:44:00;16.54
2026-05-15 09:44:15;16.9
2026-05-15 09:44:31;12.94
2026-05-15 09:44:46;18.25
2026-05-15 09:45:01;22.97
2026-05-15 09:45:17;18.95
2026-05-15 09:45:32;27.79
2026-05-15 09:45:47;17.37
2026-05-15 09:46:02;17.94
2026-05-15 09:46:18;17.79
2026-05-15 09:46:33;23.51
2026-05-15 09:46:49;24.17
2026-05-15 09:47:04;27.36
2026-05-15 09:47:19;28.51
2026-05-15 09:47:34;27.09
2026-05-15 09:47:50;25.39
2026-05-15 09:48:05;25.93
2026-05-15 09:48:20;26.59
2026-05-15 09:48:35;27.39
2026-05-15 09:48:51;26.91
2026-05-15 09:49:06;24.62
2026-05-15 09:49:22;26.02
2026-05-15 09:49:37;26.61
2026-05-15 09:49:52;26.93
2026-05-15 09:50:07;26.0
2026-05-15 09:50:23;27.54
2026-05-15 09:50:38;26.94
2026-05-15 09:50:53;26.6
2026-05-15 09:51:08;27.74
2026-05-15 09:51:24;27.64
2026-05-15 09:51:39;25.96
2026-05-15 09:51:54;26.33
2026-05-15 09:52:09;26.09
2026-05-15 09:52:25;11.13
2026-05-15 09:52:40;26.6
2026-05-15 09:52:55;24.8
2026-05-15 09:53:10;27.42
2026-05-15 09:53:26;27.09
2026-05-15 09:53:41;20.79
2026-05-15 09:53:57;27.85
2026-05-15 09:54:11;29.0
2026-05-15 09:54:27;23.84
2026-05-15 09:54:42;16.15
2026-05-15 09:54:58;15.07
2026-05-15 09:55:13;16.14
2026-05-15 09:55:28;18.95
2026-05-15 09:55:43;18.27
2026-05-15 09:55:59;14.03
2026-05-15 09:56:14;17.92
2026-05-15 09:56:29;16.71
2026-05-15 09:56:44;14.41
2026-05-15 09:57:00;15.05
2026-05-15 09:57:15;17.38
2026-05-15 09:57:30;23.84
2026-05-15 09:57:45;22.67
2026-05-15 09:58:01;24.7
2026-05-15 09:58:16;17.79
2026-05-15 09:58:31;17.36
2026-05-15 09:58:46;26.2
2026-05-15 09:59:02;28.18
2026-05-15 09:59:17;24.15
2026-05-15 09:59:33;28.05
2026-05-15 09:59:48;25.09
2026-05-15 10:00:03;26.52
2026-05-15 10:00:18;25.59
2026-05-15 10:00:34;27.38
2026-05-15 10:00:49;27.42
2026-05-15 10:01:04;27.44
2026-05-15 10:01:19;27.34
2026-05-15 10:01:35;27.15
2026-05-15 10:01:50;27.18
2026-05-15 10:02:05;27.25
2026-05-15 10:02:20;27.21
2026-05-15 10:02:37;27.08
2026-05-15 10:02:51;27.02
2026-05-15 10:03:08;26.56
2026-05-15 10:03:21;26.17
2026-05-15 10:03:37;26.32
2026-05-15 10:03:52;26.44
2026-05-15 10:04:07;26.71
2026-05-15 10:04:22;20.19
2026-05-15 10:04:38;15.41
2026-05-15 10:05:12;8.33
2026-05-15 10:05:24;6.61
2026-05-15 10:05:39;5.92
2026-05-15 10:05:57;5.46
2026-05-15 10:06:10;5.5
2026-05-15 10:06:25;5.97
2026-05-15 10:06:40;9.72
2026-05-15 10:06:56;25.33
2026-05-15 10:07:11;25.83
2026-05-15 10:07:26;25.94
2026-05-15 10:07:41;25.99
2026-05-15 10:07:57;26.01
2026-05-15 10:08:12;25.96
2026-05-15 10:08:27;26.04
2026-05-15 10:08:42;26.06
2026-05-15 10:08:58;26.09
2026-05-15 10:09:13;26.16
2026-05-15 10:09:29;26.18
2026-05-15 10:09:43;26.33
2026-05-15 10:09:59;26.18
2026-05-15 10:10:14;25.19
2026-05-15 10:10:30;18.64
2026-05-15 10:10:44;20.16
2026-05-15 10:11:00;16.36
2026-05-15 10:11:15;25.74
2026-05-15 10:11:31;25.99
2026-05-15 10:11:48;25.87
2026-05-15 10:12:01;25.85
2026-05-15 10:12:16;25.54
2026-05-15 10:12:32;25.64
2026-05-15 10:12:47;23.95
2026-05-15 10:13:02;21.83
2026-05-15 10:13:17;23.45
2026-05-15 10:13:33;21.05
2026-05-15 10:13:48;22.08
2026-05-15 10:14:03;23.59
2026-05-15 10:14:18;20.78
2026-05-15 10:14:48;18.3
2026-05-15 10:15:04;20.3
2026-05-15 10:15:19;15.89
2026-05-15 10:15:35;17.98
2026-05-15 10:15:50;21.12
2026-05-15 10:16:05;21.06
2026-05-15 10:16:20;18.47
2026-05-15 10:16:36;14.04
2026-05-15 10:16:51;17.78
2026-05-15 10:17:06;14.34
2026-05-15 10:17:21;17.99
2026-05-15 10:17:37;18.73
2026-05-15 10:17:52;15.81
2026-05-15 10:18:07;19.26
2026-05-15 10:18:22;13.67
2026-05-15 10:18:38;9.5
2026-05-15 10:18:54;21.83
2026-05-15 10:19:09;9.85
2026-05-15 10:19:25;17.53
2026-05-15 10:19:40;14.96
2026-05-15 10:19:56;16.25
2026-05-15 10:20:11;19.09
2026-05-15 10:20:27;20.34
2026-05-15 10:20:43;17.59
2026-05-15 10:20:58;22.26
2026-05-15 10:21:14;22.99
2026-05-15 10:21:29;25.68
2026-05-15 10:21:45;18.45
2026-05-15 10:22:00;25.93
2026-05-15 10:22:16;20.96
2026-05-15 10:22:32;26.02
2026-05-15 10:22:47;26.2
2026-05-15 10:23:03;26.31
2026-05-15 10:23:19;26.04
2026-05-15 10:23:34;25.11
2026-05-15 10:23:50;19.88
2026-05-15 10:24:06;26.35
2026-05-15 10:24:21;26.57
2026-05-15 10:24:37;26.88
2026-05-15 10:24:52;26.85
2026-05-15 10:25:08;25.95
2026-05-15 10:25:23;27.08
2026-05-15 10:25:39;26.28
2026-05-15 10:25:54;26.59
2026-05-15 10:26:10;27.15
2026-05-15 10:26:26;27.16
2026-05-15 10:26:41;26.75
2026-05-15 10:26:57;26.44
2026-05-15 10:27:12;27.03
2026-05-15 10:27:28;26.43
2026-05-15 10:27:43;26.98
2026-05-15 10:27:59;27.1
2026-05-15 10:28:15;27.22
2026-05-15 10:28:30;27.18
2026-05-15 10:28:46;27.31
2026-05-15 10:29:01;27.35
2026-05-15 10:29:17;27.43
2026-05-15 10:29:32;27.5
2026-05-15 10:29:48;27.48
2026-05-15 10:30:03;27.28
2026-05-15 10:30:19;27.07
2026-05-15 10:30:35;26.86
2026-05-15 10:30:50;26.88
2026-05-15 10:31:06;26.7
2026-05-15 10:31:21;26.85
2026-05-15 10:31:37;26.32
2026-05-15 10:31:52;26.58
2026-05-15 10:32:08;26.81
2026-05-15 10:32:24;26.81
2026-05-15 10:32:39;26.0
2026-05-15 10:32:55;26.76
2026-05-15 10:33:10;26.87
2026-05-15 10:33:26;26.93
2026-05-15 10:33:41;26.85
2026-05-15 10:33:57;27.24
2026-05-15 10:34:13;27.26
2026-05-15 10:34:28;27.21
2026-05-15 10:34:44;27.05
2026-05-15 10:34:59;27.43
2026-05-15 10:35:15;7.12
2026-05-15 10:35:30;10.44
2026-05-15 10:35:46;5.49
2026-05-15 10:36:01;4.92
2026-05-15 10:36:17;4.55
2026-05-15 10:36:32;4.34
2026-05-15 10:36:48;4.25
2026-05-15 10:37:05;4.2
2026-05-15 10:37:19;4.13
2026-05-15 10:37:35;4.17
2026-05-15 10:37:50;4.38
2026-05-15 10:38:06;6.1
2026-05-15 10:38:21;26.34
2026-05-15 10:38:36;26.55
2026-05-15 10:38:51;24.85
2026-05-15 10:39:07;26.83
2026-05-15 10:39:22;24.44
2026-05-15 10:39:37;27.29
2026-05-15 10:39:52;27.41
2026-05-15 10:40:08;25.71
2026-05-15 10:40:22;25.44
2026-05-15 10:40:38;27.45
2026-05-15 10:40:53;27.18
2026-05-15 10:41:47;10.24
2026-05-15 10:42:17;27.1
2026-05-15 10:42:33;23.8
2026-05-15 10:42:49;26.5
2026-05-15 10:43:04;26.79
2026-05-15 10:43:20;26.82
2026-05-15 10:43:36;26.75
2026-05-15 10:43:51;26.75
2026-05-15 10:44:07;0.59
2026-05-15 10:44:22;26.85
2026-05-15 10:44:38;24.92
2026-05-15 10:44:54;24.74
2026-05-15 10:45:09;27.11
2026-05-15 10:45:25;26.65
2026-05-15 10:45:40;8.14
2026-05-15 10:45:56;27.05
2026-05-15 10:46:11;27.13
2026-05-15 10:46:27;27.0
2026-05-15 10:46:43;27.04
2026-05-15 10:46:58;6.56
2026-05-15 10:47:14;26.88
2026-05-15 10:47:29;26.45
2026-05-15 10:47:45;25.61
2026-05-15 10:48:00;11.56
2026-05-15 10:48:16;25.09
2026-05-15 10:48:31;0.76
2026-05-15 10:48:47;25.86
2026-05-15 10:49:03;26.12
2026-05-15 10:49:18;26.62
2026-05-15 10:49:34;23.26
2026-05-15 10:49:51;23.21
2026-05-15 10:50:05;23.29
2026-05-15 10:50:21;23.64
2026-05-15 10:50:36;0.0
2026-05-15 10:50:52;23.17
2026-05-15 10:51:07;22.37
2026-05-15 10:51:23;15.95
2026-05-15 10:51:38;18.07
2026-05-15 10:51:54;13.12
2026-05-15 10:52:10;13.53
2026-05-15 10:52:25;9.39
2026-05-15 10:52:41;9.75
2026-05-15 10:52:56;10.97
2026-05-15 10:53:12;16.6
2026-05-15 10:53:27;17.72
2026-05-15 10:53:43;17.28
2026-05-15 10:53:59;15.86
2026-05-15 10:54:14;13.37
2026-05-15 10:54:30;13.38
2026-05-15 10:54:45;12.55
2026-05-15 10:55:01;12.91
2026-05-15 10:55:16;12.39
2026-05-15 10:55:32;14.82
2026-05-15 10:55:48;12.94
2026-05-15 10:56:03;11.75
2026-05-15 10:56:19;12.7
2026-05-15 10:56:34;14.64
2026-05-15 10:56:50;13.39
2026-05-15 10:57:05;14.87
2026-05-15 10:57:21;14.35
2026-05-15 10:57:37;13.91
2026-05-15 10:57:52;10.84
2026-05-15 10:58:07;12.75
2026-05-15 10:58:22;13.83
2026-05-15 10:58:37;13.91
2026-05-15 10:58:53;14.08
2026-05-15 10:59:08;13.87
2026-05-15 10:59:23;13.88
2026-05-15 10:59:40;14.05
2026-05-15 10:59:54;15.33
2026-05-15 11:00:09;15.78
2026-05-15 11:00:24;15.65
2026-05-15 11:00:39;14.9
2026-05-15 11:00:55;16.87
2026-05-15 11:01:10;15.82
2026-05-15 11:01:25;16.54
2026-05-15 11:01:40;16.14
2026-05-15 11:01:56;15.41
2026-05-15 11:02:12;15.23
2026-05-15 11:02:27;14.6
2026-05-15 11:02:43;13.18
2026-05-15 11:02:59;12.62
2026-05-15 11:03:14;12.43
2026-05-15 11:03:30;12.54
2026-05-15 11:03:46;12.89
2026-05-15 11:04:01;13.34
2026-05-15 11:04:18;11.4
2026-05-15 11:04:32;10.18
2026-05-15 11:05:03;13.29
2026-05-15 11:05:18;9.49
2026-05-15 11:05:33;9.99
2026-05-15 11:05:49;9.0
2026-05-15 11:06:05;8.67
2026-05-15 11:06:22;8.47
2026-05-15 11:06:36;8.11
2026-05-15 11:06:51;8.14
2026-05-15 11:07:07;8.11
2026-05-15 11:07:46;8.22
2026-05-15 11:07:48;8.68
2026-05-15 11:08:04;9.54
2026-05-15 11:08:21;8.92
2026-05-15 11:08:35;10.05
2026-05-15 11:08:51;8.57
2026-05-15 11:09:06;9.59
2026-05-15 11:09:22;9.93
2026-05-15 11:09:37;9.14
2026-05-15 11:09:53;9.17
2026-05-15 11:10:08;9.45
2026-05-15 11:10:24;9.75
2026-05-15 11:10:40;5.89
2026-05-15 11:10:55;7.28
2026-05-15 11:11:11;10.53
2026-05-15 11:11:26;10.01
2026-05-15 11:11:42;10.84
2026-05-15 11:11:58;11.35
2026-05-15 11:12:13;0.01
2026-05-15 11:12:29;7.78
2026-05-15 11:12:44;12.37
2026-05-15 11:13:00;12.52
2026-05-15 11:13:15;14.35
2026-05-15 11:13:32;14.91
2026-05-15 11:13:47;15.06
2026-05-15 11:14:02;14.65
2026-05-15 11:14:18;14.32
2026-05-15 11:14:33;15.4
2026-05-15 11:14:49;16.09
2026-05-15 11:15:05;15.87
2026-05-15 11:15:20;15.96
2026-05-15 11:15:36;15.81
2026-05-15 11:15:51;16.07
2026-05-15 11:16:07;14.19
2026-05-15 11:16:25;15.77
2026-05-15 11:16:38;16.22
2026-05-15 11:16:53;0.0
2026-05-15 11:17:09;0.0
2026-05-15 11:17:25;17.24
2026-05-15 11:17:40;18.56
2026-05-15 11:17:56;18.22
2026-05-15 11:18:12;21.35
2026-05-15 11:18:28;21.48
2026-05-15 11:18:43;22.09
2026-05-15 11:18:58;10.91
2026-05-15 11:19:13;0.0
2026-05-15 11:19:33;0.01
2026-05-15 11:19:46;0.0
2026-05-15 11:20:00;22.08
2026-05-15 11:20:19;22.8
2026-05-15 11:20:32;23.79
2026-05-15 11:20:48;0.0
2026-05-15 11:21:06;3.35
2026-05-15 11:21:18;0.01
2026-05-15 11:21:34;23.15
2026-05-15 11:21:49;23.57
2026-05-15 11:22:05;0.0
2026-05-15 11:22:20;0.0
2026-05-15 11:22:36;0.01
2026-05-15 11:22:52;23.06
2026-05-15 11:23:07;22.59
2026-05-15 11:23:24;0.0
2026-05-15 11:23:41;24.75
2026-05-15 11:23:54;0.0
2026-05-15 11:24:11;24.69
2026-05-15 11:24:26;22.46
2026-05-15 11:24:43;20.93
2026-05-15 11:24:56;24.72
2026-05-15 11:25:12;1.17
2026-05-15 11:25:29;24.85
2026-05-15 11:25:43;24.75
2026-05-15 11:26:29;0.01
2026-05-15 11:26:49;0.01
2026-05-15 11:27:11;25.08
2026-05-15 11:27:31;25.0
2026-05-15 11:27:47;24.72
2026-05-15 11:28:02;25.28
2026-05-15 11:28:18;0.0
2026-05-15 11:28:33;0.03
2026-05-15 11:28:49;6.42
2026-05-15 11:29:44;5.37
2026-05-15 11:29:59;5.02
2026-05-15 11:30:15;13.0
2026-05-15 11:30:50;0.0
2026-05-15 11:31:06;0.0
2026-05-15 11:31:21;25.37
2026-05-15 11:31:37;0.0
2026-05-15 11:31:53;0.0
2026-05-15 11:32:11;0.0
2026-05-15 11:32:24;0.0
2026-05-15 11:32:40;22.99
2026-05-15 11:32:55;14.71
2026-05-15 11:33:12;5.1
2026-05-15 11:33:31;4.92
2026-05-15 11:33:48;5.32
2026-05-15 11:33:57;0.0
2026-05-15 11:34:13;19.82
2026-05-15 11:34:29;0.09
2026-05-15 11:34:44;22.91
2026-05-15 11:35:00;0.0
2026-05-15 11:35:16;0.01
2026-05-15 11:35:31;22.94
2026-05-15 11:35:47;0.0
2026-05-15 11:36:02;0.0
2026-05-15 11:36:18;22.98
2026-05-15 11:36:34;0.0
2026-05-15 11:36:49;0.0
2026-05-15 11:37:04;0.01
2026-05-15 11:37:20;25.27
2026-05-15 11:37:36;0.0
2026-05-15 11:37:51;0.0
2026-05-15 11:38:08;0.0
2026-05-15 11:38:22;24.96
2026-05-15 11:38:38;24.76
2026-05-15 11:38:53;23.77
2026-05-15 11:39:09;0.0
2026-05-15 11:39:24;7.65
2026-05-15 11:39:40;6.69
2026-05-15 11:39:56;7.86
2026-05-15 11:40:11;6.7
2026-05-15 11:40:27;6.29
2026-05-15 11:40:42;6.3
2026-05-15 11:40:58;6.88
2026-05-15 11:41:13;11.27
2026-05-15 11:41:29;0.0
2026-05-15 11:41:45;22.73
2026-05-15 11:42:00;2.78
2026-05-15 11:42:16;0.0
2026-05-15 11:42:31;27.39
2026-05-15 11:42:47;0.0
2026-05-15 11:43:02;0.0
2026-05-15 11:43:18;25.45
2026-05-15 11:43:33;0.01
2026-05-15 11:43:49;13.99
2026-05-15 11:44:05;23.11
2026-05-15 11:44:20;0.01
2026-05-15 11:44:36;0.0
2026-05-15 11:44:52;0.0
2026-05-15 11:45:07;6.67
2026-05-15 11:45:23;6.71
2026-05-15 11:45:39;6.46
2026-05-15 11:45:54;6.12
2026-05-15 11:46:10;6.04
2026-05-15 11:46:25;6.42
2026-05-15 11:46:44;7.17
2026-05-15 11:46:57;12.69
2026-05-15 11:47:11;14.92
2026-05-15 11:47:28;8.06
2026-05-15 11:47:43;0.0
2026-05-15 11:47:59;23.74
2026-05-15 11:48:14;0.0
2026-05-15 11:48:29;24.91
2026-05-15 11:48:45;23.96
2026-05-15 11:49:03;13.66
2026-05-15 11:49:17;7.82
2026-05-15 11:49:32;16.38
2026-05-15 11:49:47;5.32
2026-05-15 11:50:02;4.88
2026-05-15 11:50:18;4.81
2026-05-15 11:50:33;5.0
2026-05-15 11:50:48;5.59
2026-05-15 11:51:04;5.98
2026-05-15 11:51:19;6.21
2026-05-15 11:51:34;8.42
2026-05-15 11:51:49;9.46
2026-05-15 11:52:05;5.7
2026-05-15 11:52:20;27.46
2026-05-15 11:52:35;0.0
2026-05-15 11:52:50;4.99
2026-05-15 11:53:06;0.09
2026-05-15 11:53:21;27.69
2026-05-15 11:53:37;25.52
2026-05-15 11:53:51;0.0
2026-05-15 11:54:07;25.17
2026-05-15 11:54:22;0.0
2026-05-15 11:54:37;25.02
2026-05-15 11:54:52;0.0
2026-05-15 11:55:08;26.61
2026-05-15 11:55:23;0.0
2026-05-15 11:55:38;24.31
2026-05-15 11:55:53;0.01
2026-05-15 11:56:09;26.27
2026-05-15 11:56:24;0.0
2026-05-15 11:56:39;23.3
2026-05-15 11:56:55;0.01
2026-05-15 11:57:11;0.0
2026-05-15 11:57:27;0.0
2026-05-15 11:57:42;0.0
2026-05-15 11:57:58;25.19
2026-05-15 11:58:13;23.57
2026-05-15 11:58:29;0.0
2026-05-15 11:58:45;25.75
2026-05-15 11:59:00;0.0
2026-05-15 11:59:15;7.49
2026-05-15 11:59:31;6.45
2026-05-15 11:59:46;23.92
2026-05-15 12:00:02;0.0
2026-05-15 12:00:18;0.01
2026-05-15 12:00:33;0.0
2026-05-15 12:00:49;25.6
2026-05-15 12:01:05;6.67
2026-05-15 12:01:20;6.11
2026-05-15 12:01:36;6.42
2026-05-15 12:01:51;7.82
2026-05-15 12:02:07;0.0
2026-05-15 12:02:22;8.73
2026-05-15 12:02:38;18.82
2026-05-15 12:02:54;0.0
2026-05-15 12:03:09;0.01
2026-05-15 12:03:24;16.07
2026-05-15 12:03:40;0.0
2026-05-15 12:03:56;0.0
2026-05-15 12:04:12;0.0
2026-05-15 12:04:27;22.64
2026-05-15 12:04:42;6.17
2026-05-15 12:04:58;5.16
2026-05-15 12:05:14;4.93
2026-05-15 12:05:29;4.8
2026-05-15 12:05:45;4.73
2026-05-15 12:06:01;4.7
2026-05-15 12:06:16;4.69
2026-05-15 12:06:31;4.73
2026-05-15 12:06:47;4.81
2026-05-15 12:07:02;5.05
2026-05-15 12:07:17;5.13
2026-05-15 12:07:32;5.14
2026-05-15 12:07:48;5.28
2026-05-15 12:08:03;5.33
2026-05-15 12:08:18;5.34
2026-05-15 12:08:33;5.46
2026-05-15 12:08:49;5.64
2026-05-15 12:09:04;6.52
2026-05-15 12:09:19;0.97
2026-05-15 12:09:34;6.17
2026-05-15 12:09:50;5.44
2026-05-15 12:10:05;5.25
2026-05-15 12:10:20;5.09
2026-05-15 12:10:35;4.99
2026-05-15 12:10:51;5.03
2026-05-15 12:11:06;5.25
2026-05-15 12:11:21;7.96
2026-05-15 12:11:36;9.6
2026-05-15 12:11:52;19.99
2026-05-15 12:12:07;5.22
2026-05-15 12:12:23;0.0
2026-05-15 12:12:37;6.53
2026-05-15 12:12:53;5.26
2026-05-15 12:13:08;4.93
2026-05-15 12:13:24;4.76
2026-05-15 12:13:39;4.66
2026-05-15 12:13:54;4.63
2026-05-15 12:14:09;4.6
2026-05-15 12:14:25;4.59
2026-05-15 12:14:40;4.59
2026-05-15 12:14:55;4.64
2026-05-15 12:15:13;4.71
2026-05-15 12:15:26;4.79
2026-05-15 12:15:41;4.89
2026-05-15 12:15:57;5.0
2026-05-15 12:16:12;5.12
2026-05-15 12:16:27;5.27
2026-05-15 12:16:42;0.01
2026-05-15 12:16:58;5.67
2026-05-15 12:17:13;5.94
2026-05-15 12:17:28;6.27
2026-05-15 12:17:43;6.87
2026-05-15 12:17:59;7.53
2026-05-15 12:18:14;12.26
2026-05-15 12:18:30;7.04
2026-05-15 12:18:45;6.88
2026-05-15 12:19:00;6.62
2026-05-15 12:19:15;6.45
2026-05-15 12:19:31;6.16
2026-05-15 12:19:46;6.18
2026-05-15 12:20:01;6.06
2026-05-15 12:20:16;5.96
2026-05-15 12:20:32;5.86
2026-05-15 12:20:47;5.86
2026-05-15 12:21:03;5.93
2026-05-15 12:21:18;6.13
2026-05-15 12:21:33;6.47
2026-05-15 12:21:48;7.12
2026-05-15 12:22:04;18.66
2026-05-15 12:22:19;21.15
2026-05-15 12:22:35;0.0
2026-05-15 12:22:50;0.0
2026-05-15 12:23:05;7.36
2026-05-15 12:23:20;6.52
2026-05-15 12:23:36;6.61
2026-05-15 12:23:51;6.65
2026-05-15 12:24:07;6.78
2026-05-15 12:24:22;6.96
2026-05-15 12:24:37;7.25
2026-05-15 12:24:52;7.61
2026-05-15 12:25:08;6.9
2026-05-15 12:25:23;8.88
2026-05-15 12:25:39;0.0
2026-05-15 12:25:54;14.63
2026-05-15 12:26:09;3.86
2026-05-15 12:26:24;8.0
2026-05-15 12:26:40;7.45
2026-05-15 12:26:55;7.15
2026-05-15 12:27:11;6.93
2026-05-15 12:27:26;6.75
2026-05-15 12:27:41;6.58
2026-05-15 12:27:56;6.42
2026-05-15 12:28:12;6.32
2026-05-15 12:28:27;6.26
2026-05-15 12:28:42;6.12
2026-05-15 12:28:58;6.27
2026-05-15 12:29:13;6.3
2026-05-15 12:29:29;6.37
2026-05-15 12:29:44;6.43
2026-05-15 12:29:59;6.49
2026-05-15 12:30:14;6.61
2026-05-15 12:30:29;6.61
2026-05-15 12:30:45;6.93
2026-05-15 12:31:00;7.22
2026-05-15 12:31:16;7.65
2026-05-15 12:31:31;8.23
2026-05-15 12:31:46;0.01
2026-05-15 12:32:01;0.0
2026-05-15 12:32:17;0.0
2026-05-15 12:32:32;0.0
2026-05-15 12:32:48;0.0
2026-05-15 12:33:03;0.0
2026-05-15 12:33:18;0.0
2026-05-15 12:33:33;12.85
2026-05-15 12:33:49;0.01
2026-05-15 12:34:04;0.0
2026-05-15 12:34:19;0.0
2026-05-15 12:34:34;0.0
2026-05-15 12:34:50;5.17
2026-05-15 12:35:05;0.01
2026-05-15 12:35:21;0.44
2026-05-15 12:35:36;0.01
2026-05-15 12:35:51;25.76
2026-05-15 12:36:06;0.0
2026-05-15 12:36:22;14.38
2026-05-15 12:36:37;1.82
2026-05-15 12:36:52;0.01
2026-05-15 12:37:07;0.0
2026-05-15 12:37:23;8.17
2026-05-15 12:37:38;0.0
2026-05-15 12:37:53;0.01
2026-05-15 12:38:08;0.59
2026-05-15 12:38:24;7.53
2026-05-15 12:38:39;0.0
2026-05-15 12:38:54;23.48
2026-05-15 12:39:09;11.99
2026-05-15 12:39:25;6.28
2026-05-15 12:39:40;0.0
2026-05-15 12:39:55;0.0
2026-05-15 12:40:10;10.16
2026-05-15 12:40:26;0.0
2026-05-15 12:40:41;0.0
2026-05-15 12:40:56;9.92
2026-05-15 12:41:11;0.0
2026-05-15 12:41:27;0.0
2026-05-15 12:41:42;5.29
2026-05-15 12:41:57;24.95
2026-05-15 12:42:12;0.0
2026-05-15 12:42:28;0.0
2026-05-15 12:42:43;0.0
2026-05-15 12:42:59;0.01
2026-05-15 12:43:14;23.75
2026-05-15 12:43:30;0.0
2026-05-15 12:43:45;0.0
2026-05-15 12:44:00;0.01
2026-05-15 12:44:15;4.72
2026-05-15 12:44:31;19.91
2026-05-15 12:44:46;0.0
2026-05-15 12:45:01;0.01
2026-05-15 12:45:16;0.0
2026-05-15 12:45:32;0.01
2026-05-15 12:45:47;0.01
2026-05-15 12:46:02;0.0
2026-05-15 12:46:17;0.0
2026-05-15 12:46:33;0.01
2026-05-15 12:46:48;21.73
2026-05-15 12:47:55;0.01
2026-05-15 12:47:55;0.0
2026-05-15 12:48:08;21.28
2026-05-15 12:48:21;0.0
2026-05-15 12:48:36;2.49
2026-05-15 12:48:52;0.0
2026-05-15 12:49:07;0.0
2026-05-15 12:49:23;0.01
2026-05-15 12:49:39;0.01
2026-05-15 12:49:54;0.0
2026-05-15 12:50:10;0.0
2026-05-15 12:50:25;20.93
2026-05-15 12:50:41;0.0
2026-05-15 12:50:56;20.93
2026-05-15 12:51:12;0.0
2026-05-15 12:51:28;0.0
2026-05-15 12:51:43;0.0
2026-05-15 12:52:00;0.0
2026-05-15 12:52:14;8.89
2026-05-15 12:52:30;0.0
2026-05-15 12:52:45;0.0
2026-05-15 12:53:01;0.01
2026-05-15 12:53:17;23.44
2026-05-15 12:53:32;0.0
2026-05-15 12:53:48;21.36
2026-05-15 12:54:03;0.0
2026-05-15 12:54:19;0.01
2026-05-15 12:54:34;0.0
2026-05-15 12:54:50;0.01
2026-05-15 12:55:05;20.76
2026-05-15 12:55:21;0.0
2026-05-15 12:55:36;0.0
2026-05-15 12:55:52;12.08
2026-05-15 12:57:22;0.0
2026-05-15 12:57:38;22.11
2026-05-15 12:57:57;20.14
2026-05-15 12:59:27;10.3
2026-05-15 12:59:28;0.0
2026-05-15 12:59:31;0.01
2026-05-15 12:59:47;0.0
2026-05-15 13:00:05;6.98
2026-05-15 13:00:18;19.96
2026-05-15 13:00:49;0.0
2026-05-15 13:01:04;0.0
2026-05-15 13:01:20;0.01
2026-05-15 13:01:35;20.39
2026-05-15 13:01:51;0.0
2026-05-15 13:02:06;0.01
2026-05-15 13:02:22;19.52
2026-05-15 13:02:37;19.58
2026-05-15 13:02:53;0.0
2026-05-15 13:03:09;19.5
2026-05-15 13:03:25;21.38
2026-05-15 13:03:40;0.0
2026-05-15 13:03:56;0.0
2026-05-15 13:04:11;0.0
2026-05-15 13:04:28;0.17
2026-05-15 13:04:42;0.0
2026-05-15 13:04:58;0.0
2026-05-15 13:05:13;0.0
2026-05-15 13:05:29;20.08
2026-05-15 13:05:44;22.02
2026-05-15 13:06:00;0.0
2026-05-15 13:06:16;0.0
2026-05-15 13:06:31;0.0
2026-05-15 13:06:47;0.0
2026-05-15 13:07:02;20.53
2026-05-15 13:07:18;0.0
2026-05-15 13:07:33;22.72
2026-05-15 13:07:49;0.0
2026-05-15 13:08:05;0.01
2026-05-15 13:08:20;0.0
2026-05-15 13:08:35;10.22
2026-05-15 13:08:51;0.0
2026-05-15 13:09:06;6.26
2026-05-15 13:09:23;6.58
2026-05-15 13:09:38;6.41
2026-05-15 13:09:53;5.95
2026-05-15 13:10:09;6.49
2026-05-15 13:10:24;5.86
2026-05-15 13:10:40;5.99
2026-05-15 13:10:56;4.43
2026-05-15 13:11:11;6.96
2026-05-15 13:11:27;7.29
2026-05-15 13:11:42;8.91
2026-05-15 13:11:58;13.08
2026-05-15 13:12:13;11.18
2026-05-15 13:12:29;0.0
2026-05-15 13:12:45;0.0
2026-05-15 13:13:00;8.58
2026-05-15 13:13:15;10.29
2026-05-15 13:13:30;10.54
2026-05-15 13:13:46;0.01
2026-05-15 13:14:01;0.0
2026-05-15 13:14:16;17.74
2026-05-15 13:14:31;18.43
2026-05-15 13:14:47;0.0
2026-05-15 13:15:02;1.79
2026-05-15 13:15:17;3.14
2026-05-15 13:15:32;0.0
2026-05-15 13:15:48;6.81
2026-05-15 13:16:03;5.97
2026-05-15 13:16:18;5.82
2026-05-15 13:16:33;6.09
2026-05-15 13:16:50;5.17
2026-05-15 13:17:04;10.8
2026-05-15 13:17:19;0.01
2026-05-15 13:17:34;0.0
2026-05-15 13:17:50;4.77
2026-05-15 13:18:05;4.52
2026-05-15 13:18:20;4.32
2026-05-15 13:18:35;4.15
2026-05-15 13:18:51;4.01
2026-05-15 13:19:06;3.87
2026-05-15 13:19:22;3.74
2026-05-15 13:19:37;3.62
2026-05-15 13:19:52;3.51
2026-05-15 13:20:07;3.41
2026-05-15 13:20:23;3.34
2026-05-15 13:20:38;3.3
2026-05-15 13:20:53;3.29
2026-05-15 13:21:08;3.29
2026-05-15 13:21:24;3.3
2026-05-15 13:21:39;3.4
2026-05-15 13:21:54;3.43
2026-05-15 13:22:09;3.47
2026-05-15 13:22:25;3.51
2026-05-15 13:22:40;3.49
2026-05-15 13:22:56;3.5
2026-05-15 13:23:11;3.51
2026-05-15 13:23:26;3.52
2026-05-15 13:23:41;3.51
2026-05-15 13:23:57;3.5
2026-05-15 13:24:12;3.47
2026-05-15 13:24:28;3.47
2026-05-15 13:24:43;3.46
2026-05-15 13:24:58;3.41
2026-05-15 13:25:13;3.35
2026-05-15 13:25:29;3.28
2026-05-15 13:25:44;3.23
2026-05-15 13:25:59;3.2
2026-05-15 13:26:14;3.14
2026-05-15 13:26:30;3.09
2026-05-15 13:26:45;3.08
2026-05-15 13:27:01;3.07
2026-05-15 13:27:16;3.04
2026-05-15 13:27:31;3.03
2026-05-15 13:27:46;3.04
2026-05-15 13:28:02;3.05
2026-05-15 13:28:17;3.08
2026-05-15 13:28:33;3.1
2026-05-15 13:28:48;3.12
2026-05-15 13:29:03;3.16
2026-05-15 13:29:18;3.21
2026-05-15 13:29:34;3.27
2026-05-15 13:29:49;3.34
2026-05-15 13:30:04;3.4
2026-05-15 13:30:20;3.48
2026-05-15 13:30:35;3.54
2026-05-15 13:30:50;3.65
2026-05-15 13:31:06;3.81
2026-05-15 13:31:21;3.96
2026-05-15 13:31:36;4.08
2026-05-15 13:31:51;4.18
2026-05-15 13:32:07;4.38
2026-05-15 13:32:22;4.61
2026-05-15 13:32:38;4.93
2026-05-15 13:32:53;0.0
2026-05-15 13:33:08;0.0
2026-05-15 13:33:23;0.0
2026-05-15 13:33:39;0.0
2026-05-15 13:33:54;0.01
2026-05-15 13:34:10;0.0
2026-05-15 13:34:25;0.01
2026-05-15 13:34:40;0.0
2026-05-15 13:34:55;0.0
2026-05-15 13:35:11;5.53
2026-05-15 13:35:26;5.12
2026-05-15 13:35:42;5.25
2026-05-15 13:35:57;5.26
2026-05-15 13:36:12;6.7
2026-05-15 13:36:27;3.31
2026-05-15 13:36:43;5.48
2026-05-15 13:36:58;6.23
2026-05-15 13:37:13;6.24
2026-05-15 13:37:28;5.73
2026-05-15 13:37:44;5.2
2026-05-15 13:37:59;5.04
2026-05-15 13:38:15;5.07
2026-05-15 13:38:30;5.24
2026-05-15 13:38:45;5.73
2026-05-15 13:39:00;5.96
2026-05-15 13:39:16;7.29
2026-05-15 13:39:31;0.0
2026-05-15 13:39:47;0.01
2026-05-15 13:40:02;0.01
2026-05-15 13:40:17;16.4
2026-05-15 13:40:32;0.0
2026-05-15 13:40:48;0.0
2026-05-15 13:41:03;0.0
2026-05-15 13:41:18;5.54
2026-05-15 13:41:33;5.26
2026-05-15 13:41:49;5.34
2026-05-15 13:42:04;7.52
2026-05-15 13:42:20;5.49
2026-05-15 13:42:35;5.14
2026-05-15 13:42:50;3.6
2026-05-15 13:43:05;5.0
2026-05-15 13:43:21;5.6
2026-05-15 13:43:36;6.4
2026-05-15 13:43:51;0.0
2026-05-15 13:44:06;0.0
2026-05-15 13:44:22;3.71
2026-05-15 13:44:37;11.93
2026-05-15 13:44:53;0.01
2026-05-15 13:45:08;17.87
2026-05-15 13:45:23;0.0
2026-05-15 13:45:38;0.0
2026-05-15 13:45:54;12.85
2026-05-15 13:46:09;0.0
2026-05-15 13:46:24;0.0
2026-05-15 13:46:39;0.01
2026-05-15 13:46:55;22.19
2026-05-15 13:47:10;0.0
2026-05-15 13:47:26;0.01
2026-05-15 13:47:41;20.99
2026-05-15 13:47:56;21.01
2026-05-15 13:48:11;18.72
2026-05-15 13:48:27;0.0
2026-05-15 13:48:42;14.39
2026-05-15 13:48:57;0.01
2026-05-15 13:49:12;0.0
2026-05-15 13:49:28;9.13
2026-05-15 13:49:43;0.0
2026-05-15 13:49:59;0.0
2026-05-15 13:50:13;0.0
2026-05-15 13:50:29;0.0
2026-05-15 13:50:44;0.0
2026-05-15 13:50:59;20.25
2026-05-15 13:51:14;0.0
2026-05-15 13:51:30;3.82
2026-05-15 13:51:45;0.0
2026-05-15 13:52:00;19.89
2026-05-15 13:52:15;0.01
2026-05-15 13:52:31;0.0
2026-05-15 13:52:46;0.0
2026-05-15 13:53:01;11.2
2026-05-15 13:53:16;19.68
2026-05-15 13:53:32;0.0
2026-05-15 13:53:47;0.01
2026-05-15 13:54:02;0.01
2026-05-15 13:54:18;0.6
2026-05-15 13:54:33;0.0
2026-05-15 13:54:48;0.0
2026-05-15 13:55:04;0.0
2026-05-15 13:55:18;0.0
2026-05-15 13:55:34;19.23
2026-05-15 13:55:49;0.01
2026-05-15 13:56:05;0.0
2026-05-15 13:56:19;0.0
2026-05-15 13:56:35;0.0
2026-05-15 13:56:51;11.71
2026-05-15 13:57:06;0.51
2026-05-15 13:57:22;20.11
2026-05-15 13:57:38;0.0
2026-05-15 13:57:53;0.0
2026-05-15 13:58:09;0.0
2026-05-15 13:58:25;18.64
2026-05-15 13:58:40;18.65
2026-05-15 13:58:56;18.59
2026-05-15 13:59:11;4.35
2026-05-15 13:59:27;0.0
2026-05-15 13:59:42;0.0
2026-05-15 13:59:58;0.0
2026-05-15 14:00:14;19.95
2026-05-15 14:00:29;0.0
2026-05-15 14:00:44;0.0
2026-05-15 14:01:00;0.0
2026-05-15 14:01:16;0.0
2026-05-15 14:01:32;0.01
2026-05-15 14:01:47;0.01
2026-05-15 14:02:03;0.0
2026-05-15 14:02:18;18.2
2026-05-15 14:02:34;0.0
2026-05-15 14:02:49;0.0
2026-05-15 14:03:05;14.04
2026-05-15 14:03:20;18.14
2026-05-15 14:03:36;8.01
2026-05-15 14:03:51;0.01
2026-05-15 14:04:07;0.01
2026-05-15 14:04:23;0.0
2026-05-15 14:04:38;0.0
2026-05-15 14:04:54;0.0
2026-05-15 14:05:10;0.0
2026-05-15 14:05:25;0.0
2026-05-15 14:05:40;0.01
2026-05-15 14:05:56;1.23
2026-05-15 14:06:12;0.0
2026-05-15 14:06:27;0.01
2026-05-15 14:06:43;0.0
2026-05-15 14:06:58;0.01
2026-05-15 14:07:14;19.04
2026-05-15 14:07:29;0.0
2026-05-15 14:07:45;0.01
2026-05-15 14:08:01;0.0
2026-05-15 14:08:16;0.0
2026-05-15 14:08:32;0.0
2026-05-15 14:08:47;17.52
2026-05-15 14:09:03;0.0
2026-05-15 14:09:19;0.0
2026-05-15 14:09:34;0.0
2026-05-15 14:09:50;17.56
2026-05-15 14:10:05;0.0
2026-05-15 14:10:21;17.58
2026-05-15 14:10:36;12.07
2026-05-15 14:10:52;17.44
2026-05-15 14:11:07;0.0
2026-05-15 14:11:23;19.36
2026-05-15 14:11:39;0.0
2026-05-15 14:11:54;0.24
2026-05-15 14:12:10;11.71
2026-05-15 14:12:25;0.01
2026-05-15 14:12:41;0.01
2026-05-15 14:12:56;0.0
2026-05-15 14:13:12;19.48
2026-05-15 14:13:28;0.0
2026-05-15 14:13:43;0.15
2026-05-15 14:13:59;19.17
2026-05-15 14:14:14;0.01
2026-05-15 14:14:30;0.0
2026-05-15 14:14:46;0.0
2026-05-15 14:15:01;0.0
2026-05-15 14:15:17;17.51
2026-05-15 14:15:32;0.01
2026-05-15 14:15:48;0.01
2026-05-15 14:16:04;0.0
2026-05-15 14:16:19;0.0
2026-05-15 14:16:35;17.93
2026-05-15 14:16:50;0.0
2026-05-15 14:17:06;0.0
2026-05-15 14:17:21;0.0
2026-05-15 14:17:37;17.35
2026-05-15 14:17:53;0.0
2026-05-15 14:18:08;0.0
2026-05-15 14:18:24;0.01
2026-05-15 14:18:39;0.0
2026-05-15 14:18:55;15.39
2026-05-15 14:19:10;0.01
2026-05-15 14:19:26;0.0
2026-05-15 14:19:41;17.18
2026-05-15 14:19:57;0.0
2026-05-15 14:20:12;0.0
2026-05-15 14:20:28;17.14
2026-05-15 14:20:44;7.47
2026-05-15 14:20:59;2.78
2026-05-15 14:21:15;0.0
2026-05-15 14:21:30;8.31
2026-05-15 14:21:46;0.0
2026-05-15 14:22:02;0.0
2026-05-15 14:22:17;0.01
2026-05-15 14:22:33;0.0
2026-05-15 14:22:48;0.0
2026-05-15 14:23:04;16.57
2026-05-15 14:23:19;0.0
2026-05-15 14:23:35;2.82
2026-05-15 14:23:51;11.91
2026-05-15 14:24:06;5.27
2026-05-15 14:24:22;4.66
2026-05-15 14:24:37;4.46
2026-05-15 14:24:53;4.24
2026-05-15 14:25:09;4.09
2026-05-15 14:25:24;3.92
2026-05-15 14:25:40;3.87
2026-05-15 14:25:55;3.9
2026-05-15 14:26:11;4.4
2026-05-15 14:26:26;8.76
2026-05-15 14:26:42;0.0
2026-05-15 14:26:57;4.15
2026-05-15 14:27:12;3.66
2026-05-15 14:27:28;3.56
2026-05-15 14:27:42;3.46
2026-05-15 14:27:58;3.38
2026-05-15 14:28:13;3.31
2026-05-15 14:28:28;3.27
2026-05-15 14:28:43;3.23
2026-05-15 14:28:59;3.19
2026-05-15 14:29:14;3.15
2026-05-15 14:29:30;3.12
2026-05-15 14:29:45;3.1
2026-05-15 14:30:00;3.08
2026-05-15 14:30:15;3.08
2026-05-15 14:30:31;3.1
2026-05-15 14:30:46;3.13
2026-05-15 14:31:01;3.13
2026-05-15 14:31:16;3.11
2026-05-15 14:31:32;3.09
2026-05-15 14:31:47;3.07
2026-05-15 14:32:02;3.07
2026-05-15 14:32:17;3.07
2026-05-15 14:32:33;3.09
2026-05-15 14:32:48;3.12
2026-05-15 14:33:04;3.13
2026-05-15 14:33:19;3.14
2026-05-15 14:33:34;3.13
2026-05-15 14:33:49;3.12
2026-05-15 14:34:05;3.13
2026-05-15 14:34:20;3.13
2026-05-15 14:34:35;3.17
2026-05-15 14:34:50;3.23
2026-05-15 14:35:06;3.3
2026-05-15 14:35:21;3.34
2026-05-15 14:35:37;3.13
2026-05-15 14:35:52;3.39
2026-05-15 14:36:08;3.47
2026-05-15 14:36:22;3.7
2026-05-15 14:36:38;5.4
2026-05-15 14:36:53;6.13
2026-05-15 14:37:08;3.47
2026-05-15 14:37:24;3.96
2026-05-15 14:37:39;3.87
2026-05-15 14:37:54;3.88
2026-05-15 14:38:10;3.81
2026-05-15 14:38:25;4.01
2026-05-15 14:38:40;4.0
2026-05-15 14:38:55;4.04
2026-05-15 14:39:11;4.11
2026-05-15 14:39:26;4.16
2026-05-15 14:39:42;4.19
2026-05-15 14:39:57;4.24
2026-05-15 14:40:12;4.32
2026-05-15 14:40:27;4.49
2026-05-15 14:40:43;4.69
2026-05-15 14:40:58;4.93
2026-05-15 14:41:14;6.31
2026-05-15 14:41:29;10.16
2026-05-15 14:41:44;0.0
2026-05-15 14:41:59;10.22
2026-05-15 14:42:15;0.0
2026-05-15 14:42:30;0.01
2026-05-15 14:42:45;0.0
2026-05-15 14:43:01;0.0
2026-05-15 14:43:16;0.01
2026-05-15 14:43:31;0.0
2026-05-15 14:43:47;0.01
2026-05-15 14:44:02;0.0
2026-05-15 14:44:19;0.01
2026-05-15 14:44:32;17.66
2026-05-15 14:45:02;17.65
2026-05-15 14:45:37;0.0
2026-05-15 14:46:12;0.0
2026-05-15 14:46:13;0.0
2026-05-15 14:46:22;14.17
2026-05-15 14:46:37;0.01
2026-05-15 14:46:53;16.92
2026-05-15 14:47:08;0.0
2026-05-15 14:47:24;0.0
2026-05-15 14:47:39;0.0
2026-05-15 14:47:54;0.01
2026-05-15 14:48:09;0.0
2026-05-15 14:48:25;0.0
2026-05-15 14:48:40;0.0
2026-05-15 14:48:55;0.0
2026-05-15 14:49:10;0.0
2026-05-15 14:49:26;8.25
2026-05-15 14:49:41;0.0
2026-05-15 14:49:56;9.94
2026-05-15 14:50:11;0.0
2026-05-15 14:50:27;15.47
2026-05-15 14:50:42;0.87
2026-05-15 14:50:58;0.0
2026-05-15 14:51:13;8.91
2026-05-15 14:51:28;4.01
2026-05-15 14:51:43;3.88
2026-05-15 14:51:59;3.9
2026-05-15 14:52:14;3.81
2026-05-15 14:52:29;3.78
2026-05-15 14:52:44;3.94
2026-05-15 14:53:00;3.78
2026-05-15 14:53:15;0.0
2026-05-15 14:53:30;3.49
2026-05-15 14:53:45;3.31
2026-05-15 14:54:01;3.2
2026-05-15 14:54:16;3.13
2026-05-15 14:54:32;3.07
2026-05-15 14:54:47;3.02
2026-05-15 14:55:02;2.97
2026-05-15 14:55:17;2.94
2026-05-15 14:55:33;2.92
2026-05-15 14:55:48;2.91
2026-05-15 14:56:05;2.91
2026-05-15 14:56:18;2.95
2026-05-15 14:56:49;3.08
2026-05-15 14:57:05;3.17
2026-05-15 14:57:20;3.28
2026-05-15 14:57:35;3.41
2026-05-15 14:57:50;3.62
2026-05-15 14:58:06;3.87
2026-05-15 14:58:21;5.34
2026-05-15 14:58:36;4.29
2026-05-15 14:58:51;4.8
2026-05-15 14:59:07;5.29
2026-05-15 14:59:22;5.15
2026-05-15 14:59:38;0.0
2026-05-15 14:59:53;15.03
2026-05-15 15:00:08;4.7
2026-05-15 15:00:23;5.92
2026-05-15 15:00:39;4.53
2026-05-15 15:00:54;3.91
2026-05-15 15:01:10;3.55
2026-05-15 15:01:25;3.37
2026-05-15 15:01:40;3.2
2026-05-15 15:01:55;3.03
2026-05-15 15:02:11;2.94
2026-05-15 15:02:26;2.87
2026-05-15 15:02:42;2.84
2026-05-15 15:02:57;2.82
2026-05-15 15:03:12;2.8
2026-05-15 15:03:27;2.81
2026-05-15 15:03:43;2.81
2026-05-15 15:04:00;2.78
2026-05-15 15:04:13;2.74
2026-05-15 15:04:29;2.72
2026-05-15 15:04:44;2.67
2026-05-15 15:04:59;2.57
2026-05-15 15:05:15;2.49
2026-05-15 15:05:30;2.43
2026-05-15 15:05:45;2.43
2026-05-15 15:06:01;2.45
2026-05-15 15:06:16;2.46
2026-05-15 15:06:31;2.44
2026-05-15 15:06:47;2.42
2026-05-15 15:07:02;2.38
2026-05-15 15:07:17;2.35
2026-05-15 15:07:32;2.32
2026-05-15 15:07:48;2.29
2026-05-15 15:08:03;2.28
2026-05-15 15:08:19;2.26
2026-05-15 15:08:34;2.23
2026-05-15 15:08:49;2.21
2026-05-15 15:09:04;2.16
2026-05-15 15:09:19;2.11
2026-05-15 15:09:34;2.08
2026-05-15 15:09:49;2.04
2026-05-15 15:10:04;1.99
2026-05-15 15:10:19;1.97
2026-05-15 15:10:34;1.95
2026-05-15 15:10:49;1.94
2026-05-15 15:11:04;1.95
2026-05-15 15:11:21;1.96
2026-05-15 15:11:34;1.96
2026-05-15 15:11:49;1.96
2026-05-15 15:12:04;1.95
2026-05-15 15:12:25;1.95
2026-05-15 15:12:34;1.94
2026-05-15 15:12:49;1.94
2026-05-15 15:13:04;1.94
2026-05-15 15:13:19;1.94
2026-05-15 15:13:34;1.93
2026-05-15 15:13:49;1.92
2026-05-15 15:14:04;1.93
2026-05-15 15:14:19;0.0
2026-05-15 15:14:34;1.93
2026-05-15 15:14:49;1.9
2026-05-15 15:15:04;1.88
2026-05-15 15:15:19;1.85
2026-05-15 15:15:34;1.8
2026-05-15 15:15:49;1.75
2026-05-15 15:16:04;1.67
2026-05-15 15:16:19;1.59
2026-05-15 15:16:34;1.5
2026-05-15 15:16:49;1.4
2026-05-15 15:17:04;1.31
2026-05-15 15:17:19;1.22
2026-05-15 15:17:34;1.15
2026-05-15 15:17:49;1.08
2026-05-15 15:18:04;1.01
2026-05-15 15:18:19;0.95
2026-05-15 15:18:34;0.91
2026-05-15 15:18:49;0.88
2026-05-15 15:19:04;0.84
2026-05-15 15:19:19;0.81
2026-05-15 15:19:34;0.79
2026-05-15 15:19:49;0.76
2026-05-15 15:20:04;0.69
2026-05-15 15:20:19;0.74
2026-05-15 15:20:34;0.73
2026-05-15 15:20:49;0.72
2026-05-15 15:21:04;0.72
2026-05-15 15:21:19;0.72
2026-05-15 15:21:34;0.71
2026-05-15 15:21:49;0.71
2026-05-15 15:22:04;0.72
2026-05-15 15:22:19;0.75
2026-05-15 15:22:48;0.81
2026-05-15 15:22:49;0.9
2026-05-15 15:23:04;1.03
2026-05-15 15:23:19;1.14
2026-05-15 15:23:34;1.26
2026-05-15 15:23:49;1.31
2026-05-15 15:24:04;1.32
2026-05-15 15:24:19;1.32
2026-05-15 15:24:34;1.3
2026-05-15 15:24:49;1.28
2026-05-15 15:25:04;1.27
2026-05-15 15:25:19;1.27
2026-05-15 15:25:34;1.25
2026-05-15 15:25:49;1.21
2026-05-15 15:26:04;1.16
2026-05-15 15:26:19;1.1
2026-05-15 15:26:35;1.1
2026-05-15 15:26:51;1.09
2026-05-15 15:27:05;1.02
2026-05-15 15:27:20;0.95
2026-05-15 15:27:35;0.91
2026-05-15 15:27:50;0.87
2026-05-15 15:28:05;0.87
2026-05-15 15:28:20;0.87
2026-05-15 15:28:35;0.82
2026-05-15 15:28:50;0.8
2026-05-15 15:29:05;0.81
2026-05-15 15:29:20;0.85
2026-05-15 15:29:35;0.91
2026-05-15 15:29:50;0.98
2026-05-15 15:30:05;1.12
2026-05-15 15:30:20;1.24
2026-05-15 15:30:35;1.33
2026-05-15 15:30:50;1.41
2026-05-15 15:31:05;1.44
2026-05-15 15:31:20;1.48
2026-05-15 15:31:50;1.52
2026-05-15 15:32:30;1.51
2026-05-15 15:32:30;1.52
2026-05-15 15:32:36;1.51
2026-05-15 15:33:21;1.41
2026-05-18 09:08:59;3.0
2026-05-18 09:09:16;3.05
2026-05-18 09:09:29;3.25
2026-05-18 09:09:44;3.2
2026-05-18 09:09:59;3.16
2026-05-18 09:10:14;3.15
2026-05-18 09:10:29;3.13
2026-05-18 09:10:44;3.17
2026-05-18 09:10:59;3.23
2026-05-18 09:11:14;3.25
2026-05-18 09:11:29;3.3
2026-05-18 09:11:44;3.36
2026-05-18 09:12:00;3.4
2026-05-18 09:12:15;3.43
2026-05-18 09:12:30;3.39
2026-05-18 09:12:45;3.5
2026-05-18 09:13:00;3.58
2026-05-18 09:13:15;3.67
2026-05-18 09:13:30;1.52
2026-05-18 09:13:45;3.65
2026-05-18 09:14:00;3.81
2026-05-18 09:14:15;0.59
2026-05-18 09:14:30;3.84
2026-05-18 09:14:45;0.01
2026-05-18 09:15:01;0.0
2026-05-18 09:15:15;0.0
2026-05-18 09:15:30;0.0
2026-05-18 09:15:45;4.11
2026-05-18 09:16:00;0.01
2026-05-18 09:16:15;3.99
2026-05-18 09:16:30;0.01
2026-05-18 09:16:45;4.05
2026-05-18 09:17:01;4.07
2026-05-18 09:17:16;4.09
2026-05-18 09:17:31;4.13
2026-05-18 09:17:46;4.14
2026-05-18 09:18:01;4.21
2026-05-18 09:18:16;0.0
2026-05-18 09:18:31;4.93
2026-05-18 09:18:46;5.18
2026-05-18 09:19:01;5.27
2026-05-18 09:19:16;0.0
2026-05-18 09:19:31;0.0
2026-05-18 09:19:47;0.0
2026-05-18 09:20:01;5.68
2026-05-18 09:20:17;0.0
2026-05-18 09:20:31;4.73
2026-05-18 09:20:46;4.74
2026-05-18 09:21:01;0.0
2026-05-18 09:21:16;3.29
2026-05-18 09:21:31;3.25
2026-05-18 09:21:47;4.98
2026-05-18 09:22:01;5.33
2026-05-18 09:22:17;0.12
2026-05-18 09:22:32;6.35
2026-05-18 09:22:47;0.0
2026-05-18 09:23:02;0.0
2026-05-18 09:23:17;0.0
2026-05-18 09:23:32;0.01
2026-05-18 09:23:47;7.13
2026-05-18 09:24:02;0.01
2026-05-18 09:24:17;7.38
2026-05-18 09:24:32;7.47
2026-05-18 09:24:48;0.0
2026-05-18 09:25:02;0.0
2026-05-18 09:25:17;7.11
2026-05-18 09:25:32;7.42
2026-05-18 09:25:47;0.01
2026-05-18 09:26:02;0.0
2026-05-18 09:26:17;0.0
2026-05-18 09:26:32;0.0
2026-05-18 09:27:03;0.0
2026-05-18 09:27:18;2.87
2026-05-18 09:27:33;0.0
2026-05-18 09:27:48;0.0
2026-05-18 09:28:03;0.04
2026-05-18 09:28:18;0.0
2026-05-18 09:28:33;5.5
2026-05-18 09:28:48;0.01
2026-05-18 09:29:03;4.2
2026-05-18 09:29:18;0.0
2026-05-18 09:29:33;0.0
2026-05-18 09:29:48;4.59
2026-05-18 09:30:03;0.01
2026-05-18 09:30:18;4.34
2026-05-18 09:30:33;0.01
2026-05-18 09:30:48;4.28
2026-05-18 09:31:03;5.99
2026-05-18 09:31:18;4.28
2026-05-18 09:31:33;0.0
2026-05-18 09:31:48;0.0
2026-05-18 09:32:03;0.0
2026-05-18 09:32:18;4.07
2026-05-18 09:32:33;0.0
2026-05-18 09:32:48;0.01
2026-05-18 09:33:03;0.0
2026-05-18 09:33:18;0.0
2026-05-18 09:33:33;0.01
2026-05-18 09:33:48;4.48
2026-05-18 09:34:03;0.0
2026-05-18 09:34:18;2.26
2026-05-18 09:34:33;4.77
2026-05-18 09:34:48;4.76
2026-05-18 09:35:03;4.83
2026-05-18 09:35:18;4.84
2026-05-18 09:35:34;4.88
2026-05-18 09:35:50;5.02
2026-05-18 09:36:04;0.21
2026-05-18 09:36:19;1.13
2026-05-18 09:36:34;0.01
2026-05-18 09:36:49;5.17
2026-05-18 09:37:04;0.01
2026-05-18 09:37:19;0.0
2026-05-18 09:37:34;5.33
2026-05-18 09:37:49;0.0
2026-05-18 09:38:04;0.0
2026-05-18 09:38:19;0.0
2026-05-18 09:38:34;0.0
2026-05-18 09:38:49;0.0
2026-05-18 09:39:04;4.17
2026-05-18 09:39:19;5.36
2026-05-18 09:39:34;0.01
2026-05-18 09:39:49;5.58
2026-05-18 09:40:04;5.56
2026-05-18 09:40:19;5.59
2026-05-18 09:40:34;3.49
2026-05-18 09:40:49;4.34
2026-05-18 09:41:04;0.0
2026-05-18 09:41:19;0.0
2026-05-18 09:41:34;1.99
2026-05-18 09:41:49;0.0
2026-05-18 09:42:04;0.0
2026-05-18 09:42:19;0.01
2026-05-18 09:42:34;0.0
2026-05-18 09:42:49;0.0
2026-05-18 09:43:04;0.0
2026-05-18 09:43:19;0.01
2026-05-18 09:43:34;0.01
2026-05-18 09:43:49;0.0
2026-05-18 09:44:04;0.01
2026-05-18 09:44:19;0.0
2026-05-18 09:44:34;0.39
2026-05-18 09:44:49;0.0
2026-05-18 09:45:04;0.0
2026-05-18 09:45:19;6.16
2026-05-18 09:45:34;3.77
2026-05-18 09:45:50;0.0
2026-05-18 09:46:04;0.0
2026-05-18 09:46:19;6.17
2026-05-18 09:46:34;0.0
2026-05-18 09:46:49;5.67
2026-05-18 09:47:04;0.37
2026-05-18 09:47:19;5.62
2026-05-18 09:47:34;5.49
2026-05-18 09:47:49;0.01
2026-05-18 09:48:04;0.0
2026-05-18 09:48:20;2.34
2026-05-18 09:48:34;0.0
2026-05-18 09:48:49;0.0
2026-05-18 09:49:05;5.78
2026-05-18 09:49:19;0.0
2026-05-18 09:49:34;0.0
2026-05-18 09:49:50;6.94
2026-05-18 09:50:04;0.0
2026-05-18 09:50:19;0.0
2026-05-18 09:50:35;0.01
2026-05-18 09:50:49;0.0
2026-05-18 09:51:04;0.0
2026-05-18 09:51:20;0.0
2026-05-18 09:51:34;5.91
2026-05-18 09:51:50;5.74
2026-05-18 09:52:05;0.0
2026-05-18 09:52:20;0.01
2026-05-18 09:52:35;0.0
2026-05-18 09:52:50;0.01
2026-05-18 09:53:05;0.0
2026-05-18 09:53:20;0.16
2026-05-18 09:53:35;6.62
2026-05-18 09:53:50;0.0
2026-05-18 09:54:05;6.43
2026-05-18 09:54:20;0.0
2026-05-18 09:54:35;0.0
2026-05-18 09:54:50;0.01
2026-05-18 09:55:05;0.0
2026-05-18 09:55:20;0.01
2026-05-18 09:55:35;0.0
2026-05-18 09:55:50;0.0
2026-05-18 09:56:05;0.0
2026-05-18 09:56:20;5.72
2026-05-18 09:56:35;5.85
2026-05-18 09:56:50;5.67
2026-05-18 09:57:05;5.36
2026-05-18 09:57:20;0.0
2026-05-18 09:57:35;5.76
2026-05-18 09:57:50;0.0
2026-05-18 09:58:05;0.0
2026-05-18 09:58:20;0.0
2026-05-18 09:58:35;0.0
2026-05-18 09:58:50;4.32
2026-05-18 09:59:05;0.01
2026-05-18 09:59:20;0.0
2026-05-18 09:59:35;0.01
2026-05-18 09:59:50;5.81
2026-05-18 10:00:05;0.0
2026-05-18 10:00:20;0.0
2026-05-18 10:00:35;0.0
2026-05-18 10:00:50;0.0
2026-05-18 10:01:05;6.2
2026-05-18 10:01:20;0.0
2026-05-18 10:01:35;6.65
2026-05-18 10:01:50;6.83
2026-05-18 10:02:05;0.0
2026-05-18 10:02:20;0.0
2026-05-18 10:02:35;0.0
2026-05-18 10:02:50;0.0
2026-05-18 10:03:05;7.74
2026-05-18 10:03:20;0.0
2026-05-18 10:03:35;4.81
2026-05-18 10:03:50;0.0
2026-05-18 10:04:05;0.0
2026-05-18 10:04:20;0.0
2026-05-18 10:04:35;0.0
2026-05-18 10:04:50;0.01
2026-05-18 10:05:05;0.0
2026-05-18 10:05:20;0.0
2026-05-18 10:05:35;6.95
2026-05-18 10:05:50;6.86
2026-05-18 10:06:05;0.01
2026-05-18 10:06:20;0.0
2026-05-18 10:06:35;0.0
2026-05-18 10:06:50;0.0
2026-05-18 10:07:05;0.0
2026-05-18 10:07:20;0.0
2026-05-18 10:07:35;6.44
2026-05-18 10:07:50;1.17
2026-05-18 10:08:05;0.0
2026-05-18 10:08:20;0.01
2026-05-18 10:08:35;0.01
2026-05-18 10:08:50;0.0
2026-05-18 10:09:05;7.14
2026-05-18 10:09:20;0.01
2026-05-18 10:09:35;0.01
2026-05-18 10:09:50;0.0
2026-05-18 10:10:06;0.0
2026-05-18 10:10:20;0.0
2026-05-18 10:10:35;0.0
2026-05-18 10:10:50;0.0
2026-05-18 10:11:05;0.0
2026-05-18 10:11:20;0.0
2026-05-18 10:11:35;0.0
2026-05-18 10:11:50;0.0
2026-05-18 10:12:05;2.32
2026-05-18 10:12:21;0.01
2026-05-18 10:12:36;0.01
2026-05-18 10:12:51;0.0
2026-05-18 10:13:06;0.0
2026-05-18 10:13:22;0.0
2026-05-18 10:13:37;0.0
2026-05-18 10:13:53;0.0
2026-05-18 10:14:08;0.0
2026-05-18 10:14:23;0.01
2026-05-18 10:14:38;0.0
2026-05-18 10:14:54;0.01
2026-05-18 10:15:09;6.78
2026-05-18 10:15:25;0.43
2026-05-18 10:15:40;0.0
2026-05-18 10:15:55;0.0
2026-05-18 10:16:10;0.0
2026-05-18 10:16:26;0.01
2026-05-18 10:16:41;0.0
2026-05-18 10:16:56;9.48
2026-05-18 10:17:11;0.0
2026-05-18 10:17:27;15.64
2026-05-18 10:17:42;0.0
2026-05-18 10:17:58;0.0
2026-05-18 10:18:13;0.0
2026-05-18 10:18:28;0.01
2026-05-18 10:18:57;0.0
2026-05-18 10:18:59;4.83
2026-05-18 12:28:48;4.64
2026-05-18 12:29:03;4.53
2026-05-18 12:29:18;4.71
2026-05-18 12:29:50;4.85
2026-05-18 12:30:27;4.86
2026-05-18 12:30:38;5.07
2026-05-18 12:30:53;5.18
2026-05-18 12:31:08;5.29
2026-05-18 12:31:23;5.37
2026-05-18 12:31:40;5.42
2026-05-18 12:31:53;5.44
2026-05-18 12:32:08;5.48
2026-05-18 12:32:23;5.53
2026-05-18 12:32:38;5.58
2026-05-18 12:32:53;5.58
2026-05-18 12:33:08;5.54
2026-05-18 12:33:23;5.43
2026-05-18 12:33:38;5.32
2026-05-18 12:33:53;5.17
2026-05-18 12:34:08;5.09
2026-05-18 12:34:26;4.99
2026-05-18 12:34:40;4.94
2026-05-18 12:34:53;4.91
2026-05-18 12:35:08;4.88
2026-05-18 12:35:24;4.87
2026-05-18 12:35:39;4.89
2026-05-18 12:35:56;4.92
2026-05-18 12:36:09;4.94
2026-05-18 12:36:24;5.02
2026-05-18 12:36:39;5.11
2026-05-18 12:36:54;5.15
2026-05-18 12:37:22;5.17
2026-05-18 12:37:30;5.24
2026-05-18 12:37:39;5.33
2026-05-18 12:37:54;5.4
2026-05-18 12:38:09;5.44
2026-05-18 12:38:30;5.49
2026-05-18 12:38:45;5.52
2026-05-18 12:38:54;5.55
2026-05-18 12:39:09;5.53
2026-05-18 12:39:26;5.5
2026-05-18 12:39:39;5.48
2026-05-18 12:39:54;5.46
2026-05-18 12:40:38;5.39
2026-05-18 12:40:43;5.38
2026-05-18 12:40:55;5.35
2026-05-18 12:41:10;5.29
2026-05-18 12:41:24;5.23
2026-05-18 12:41:40;0.86
2026-05-18 12:41:55;5.09
2026-05-18 12:42:10;5.01
2026-05-18 12:42:25;4.97
2026-05-18 12:42:40;4.89
2026-05-18 12:42:55;4.81
2026-05-18 12:44:44;4.51
2026-05-18 12:45:14;4.39
2026-05-18 12:45:29;4.35
2026-05-18 12:45:44;4.35
2026-05-18 12:45:59;4.36
2026-05-18 12:46:18;4.41
2026-05-18 12:46:29;4.5
2026-05-18 12:46:44;4.61
2026-05-18 12:47:08;4.71
2026-05-18 12:47:14;4.81
2026-05-18 12:47:29;4.87
2026-05-18 12:47:45;4.9
2026-05-18 12:47:59;4.96
2026-05-18 12:48:14;5.01
2026-05-18 12:48:29;5.08
2026-05-18 12:48:45;5.21
2026-05-18 12:49:00;5.38
2026-05-18 12:49:15;5.55
2026-05-18 12:49:30;5.72
2026-05-18 12:49:45;5.85
2026-05-18 12:50:00;5.99
2026-05-18 12:50:15;6.17
2026-05-18 12:50:30;6.33
2026-05-18 12:50:45;6.41
2026-05-18 12:51:00;6.48
2026-05-18 12:51:15;6.57
2026-05-18 12:51:30;6.65
2026-05-18 12:51:46;6.67
2026-05-18 12:52:00;6.64
2026-05-18 12:52:15;6.64
2026-05-18 12:52:30;6.64
2026-05-18 12:52:45;6.56
2026-05-18 12:53:00;6.56
2026-05-18 12:53:15;6.62
2026-05-18 12:53:30;6.7
2026-05-18 12:53:45;6.66
2026-05-18 12:54:00;6.62
2026-05-18 12:54:15;6.47
2026-05-18 12:54:30;6.32
2026-05-18 12:54:45;6.19
2026-05-18 12:55:00;6.09
2026-05-18 12:55:15;6.03
2026-05-18 12:55:30;5.96
2026-05-18 12:55:45;5.85
2026-05-18 12:56:00;5.7
2026-05-18 12:56:15;5.58
2026-05-18 12:56:30;5.54
2026-05-18 12:56:45;5.55
2026-05-18 12:57:00;5.57
2026-05-18 12:57:15;5.56
2026-05-18 12:57:30;5.52
2026-05-18 12:57:45;5.56
2026-05-18 12:58:00;5.64
2026-05-18 12:58:17;5.74
2026-05-18 12:58:44;5.86
2026-05-18 12:58:45;6.01
2026-05-18 12:59:01;6.25
2026-05-18 12:59:16;6.54
2026-05-18 12:59:30;6.8
2026-05-18 12:59:46;7.16
2026-05-18 13:00:01;7.65
2026-05-18 13:00:18;8.68
2026-05-18 13:00:30;14.05
2026-05-18 13:00:45;8.58
2026-05-18 13:01:00;8.43
2026-05-18 13:01:15;8.4
2026-05-18 13:01:30;8.32
2026-05-18 13:01:45;8.26
2026-05-18 13:02:01;8.3
2026-05-18 13:02:15;8.63
2026-05-18 13:02:30;10.62
2026-05-18 13:02:46;13.2
2026-05-18 13:03:04;18.56
2026-05-18 13:03:15;11.99
2026-05-18 13:03:30;12.63
2026-05-18 13:03:45;23.0
2026-05-18 13:04:00;17.17
2026-05-18 13:04:16;24.08
2026-05-18 13:04:31;28.0
2026-05-18 13:04:46;28.71
2026-05-18 13:05:01;0.01
2026-05-18 13:05:18;1.34
2026-05-18 13:05:32;25.13
2026-05-18 13:05:50;0.01
2026-05-18 13:06:02;0.01
2026-05-18 13:06:18;26.99
2026-05-18 13:06:33;0.01
2026-05-18 13:06:49;26.6
2026-05-18 13:07:05;17.83
2026-05-18 13:07:19;21.2
2026-05-18 13:07:34;9.85
2026-05-18 13:07:57;19.42
2026-05-18 13:08:12;0.0
2026-05-18 13:08:28;16.52
2026-05-18 13:08:39;8.41
2026-05-18 13:08:54;7.54
2026-05-18 13:09:09;7.29
2026-05-18 13:09:24;7.08
2026-05-18 13:09:40;6.79
2026-05-18 13:09:55;6.59
2026-05-18 13:10:10;6.51
2026-05-18 13:10:26;6.5
2026-05-18 13:10:41;6.54
2026-05-18 13:10:56;6.56
2026-05-18 13:11:14;6.58
2026-05-18 13:11:27;6.62
2026-05-18 13:11:42;6.67
2026-05-18 13:11:57;6.81
2026-05-18 13:12:13;7.04
2026-05-18 13:12:28;7.35
2026-05-18 13:12:43;7.74
2026-05-18 13:12:59;8.14
2026-05-18 13:13:14;8.35
2026-05-18 13:13:29;8.53
2026-05-18 13:13:45;8.56
2026-05-18 13:14:00;8.54
2026-05-18 13:14:18;8.45
2026-05-18 13:14:32;8.62
2026-05-18 13:14:46;8.97
2026-05-18 13:15:01;9.74
2026-05-18 13:15:16;11.23
2026-05-18 13:15:31;9.26
2026-05-18 13:15:47;9.42
2026-05-18 13:16:03;9.59
2026-05-18 13:16:18;9.68
2026-05-18 13:16:33;9.97
2026-05-18 13:16:48;9.63
2026-05-18 13:17:03;10.31
2026-05-18 13:17:19;13.07
2026-05-18 13:17:34;9.99
2026-05-18 13:17:49;13.16
2026-05-18 13:18:05;16.65
2026-05-18 13:18:20;26.34
2026-05-18 13:18:35;24.56
2026-05-18 13:18:51;22.2
2026-05-18 13:19:06;0.0
2026-05-18 13:19:21;0.01
2026-05-18 13:19:36;12.86
2026-05-18 13:19:52;10.71
2026-05-18 13:20:07;10.63
2026-05-18 13:20:22;11.4
2026-05-18 13:20:38;19.15
2026-05-18 13:20:53;23.16
2026-05-18 13:21:08;14.36
2026-05-18 13:21:24;19.62
2026-05-18 13:21:39;21.02
2026-05-18 13:21:54;21.62
2026-05-18 13:22:09;0.0
2026-05-18 13:22:25;0.0
2026-05-18 13:22:41;0.0
2026-05-18 13:23:07;23.98
2026-05-18 13:23:11;0.0
2026-05-18 13:23:32;0.0
2026-05-18 13:23:41;0.0
2026-05-18 13:23:57;25.01
2026-05-18 13:24:12;22.04
2026-05-18 13:24:30;0.0
2026-05-18 13:24:42;0.0
2026-05-18 13:24:58;24.06
2026-05-18 13:25:14;22.97
2026-05-18 13:25:30;22.59
2026-05-18 13:25:43;0.0
2026-05-18 13:26:06;0.01
2026-05-18 13:26:15;10.44
2026-05-18 13:26:29;0.0
2026-05-18 13:26:44;19.92
2026-05-18 13:27:00;0.0
2026-05-18 13:27:15;1.67
2026-05-18 13:27:46;0.0
2026-05-18 13:28:04;24.76
2026-05-18 13:28:16;24.87
2026-05-18 13:28:34;0.01
2026-05-18 13:28:47;17.14
2026-05-18 13:29:09;0.0
2026-05-18 13:29:17;7.13
2026-05-18 13:29:32;6.67
2026-05-18 13:29:48;6.69
2026-05-18 13:30:05;6.77
2026-05-18 13:30:18;7.03
2026-05-18 13:30:35;8.49
2026-05-18 13:30:49;11.73
2026-05-18 13:31:04;18.27
2026-05-18 13:31:24;9.38
2026-05-18 13:31:44;12.94
2026-05-18 13:31:55;14.02
2026-05-18 13:32:11;7.81
2026-05-18 13:32:31;7.44
2026-05-18 13:32:41;7.31
2026-05-18 13:32:57;7.18
2026-05-18 13:33:12;7.07
2026-05-18 13:33:28;6.98
2026-05-18 13:33:42;6.92
2026-05-18 13:33:58;6.84
2026-05-18 13:34:13;6.74
2026-05-18 13:34:29;6.7
2026-05-18 13:34:44;6.63
2026-05-18 13:34:59;6.57
2026-05-18 13:35:14;6.56
2026-05-18 13:35:30;6.59
2026-05-18 13:36:00;6.64
2026-05-18 13:36:16;6.26
2026-05-18 13:36:31;6.02
2026-05-18 13:36:46;5.85
2026-05-18 13:37:01;6.4
2026-05-18 13:37:16;9.83
2026-05-18 13:37:35;0.0
2026-05-18 13:37:47;10.08
2026-05-18 13:38:05;9.61
2026-05-18 13:38:18;4.77
2026-05-18 13:38:33;4.42
2026-05-18 13:39:06;4.32
2026-05-18 13:39:22;4.13
2026-05-18 13:39:34;4.02
2026-05-18 13:39:50;3.93
2026-05-18 13:40:05;3.85
2026-05-18 13:40:51;3.91
2026-05-18 13:41:07;3.98
2026-05-18 13:41:25;4.07
2026-05-18 13:41:37;4.21
2026-05-18 13:41:52;4.38
2026-05-18 13:42:10;4.59
2026-05-18 13:42:23;4.89
2026-05-18 13:42:38;5.29
2026-05-18 13:42:53;6.02
2026-05-18 13:43:09;7.15
2026-05-18 13:43:24;9.79
2026-05-18 13:43:40;0.0
2026-05-18 13:43:55;0.01
2026-05-18 13:44:10;0.0
2026-05-18 13:44:25;0.01
2026-05-18 13:44:41;0.01
2026-05-18 13:44:56;0.01
2026-05-18 13:45:12;0.0
2026-05-18 13:45:27;23.53
2026-05-18 13:45:42;0.01
2026-05-18 13:46:00;0.0
2026-05-18 13:46:13;0.0
2026-05-18 13:46:28;0.0
2026-05-18 13:46:43;0.0
2026-05-18 13:46:58;0.02
2026-05-18 13:47:14;0.67
2026-05-18 13:47:31;0.0
2026-05-18 13:47:45;0.0
2026-05-18 13:48:00;0.01
2026-05-18 13:48:15;0.0
2026-05-18 13:48:32;0.0
2026-05-18 13:48:46;22.58
2026-05-18 13:49:01;2.16
2026-05-18 13:49:16;18.02
2026-05-18 13:49:32;20.02
2026-05-18 13:49:47;0.01
2026-05-18 13:50:04;0.0
2026-05-18 13:50:17;0.0
2026-05-18 13:50:32;8.71
2026-05-18 13:50:48;3.9
2026-05-18 13:51:03;0.01
2026-05-18 13:51:20;1.07
2026-05-18 13:51:34;0.01
2026-05-18 13:51:57;8.14
2026-05-18 13:52:04;8.14
2026-05-18 13:52:20;7.46
2026-05-18 13:52:38;7.63
2026-05-18 13:52:50;8.05
2026-05-18 13:53:05;7.59
2026-05-18 13:53:24;7.84
2026-05-18 13:53:52;8.58
2026-05-18 13:54:07;10.8
2026-05-18 13:54:12;0.01
2026-05-18 13:54:28;0.0
2026-05-18 13:54:43;0.0
2026-05-18 13:54:59;5.92
2026-05-18 13:55:14;0.0
2026-05-18 13:55:29;0.01
2026-05-18 13:55:44;0.0
2026-05-18 13:56:00;0.0
2026-05-18 13:56:15;20.39
2026-05-18 13:56:30;0.0
2026-05-18 13:56:45;22.7
2026-05-18 13:57:01;0.0
2026-05-18 13:57:16;0.0
2026-05-18 13:57:32;0.0
2026-05-18 13:57:47;0.0
2026-05-18 13:58:02;19.02
2026-05-18 13:58:18;0.0
2026-05-18 13:58:33;0.0
2026-05-18 13:58:48;0.01
2026-05-18 13:59:03;0.01
2026-05-18 13:59:19;0.01
2026-05-18 13:59:34;0.0
2026-05-18 13:59:49;0.0
2026-05-18 14:00:04;0.0
2026-05-18 14:00:20;0.01
2026-05-18 14:00:35;5.88
2026-05-18 14:00:50;0.0
2026-05-18 14:01:05;20.39
2026-05-18 14:01:21;0.01
2026-05-18 14:01:36;0.86
2026-05-18 14:01:52;0.01
2026-05-18 14:02:07;0.0
2026-05-18 14:02:22;0.0
2026-05-18 14:02:37;0.0
2026-05-18 14:02:53;0.0
2026-05-18 14:03:08;0.01
2026-05-18 14:03:23;0.0
2026-05-18 14:03:39;0.0
2026-05-18 14:03:54;0.0
2026-05-18 14:04:09;0.0
2026-05-18 14:04:24;1.58
2026-05-18 14:04:39;20.31
2026-05-18 14:04:55;0.0
2026-05-18 14:05:10;0.0
2026-05-18 14:05:25;0.01
2026-05-18 14:05:40;0.0
2026-05-18 14:05:56;0.0
2026-05-18 14:06:11;0.0
2026-05-18 14:06:26;8.25
2026-05-18 14:06:41;0.0
2026-05-18 14:06:57;20.04
2026-05-18 14:07:12;0.0
2026-05-18 14:07:27;21.57
2026-05-18 14:07:43;0.01
2026-05-18 14:07:58;19.98
2026-05-18 14:08:13;4.45
2026-05-18 14:08:28;0.0
2026-05-18 14:08:43;0.0
2026-05-18 14:08:59;19.53
2026-05-18 14:09:14;0.0
2026-05-18 14:09:29;19.35
2026-05-18 14:09:44;0.0
2026-05-18 14:10:00;0.0
2026-05-18 14:10:16;0.01
2026-05-18 14:10:31;7.72
2026-05-18 14:10:47;0.0
2026-05-18 14:11:02;0.0
2026-05-18 14:11:18;0.0
2026-05-18 14:11:33;18.73
2026-05-18 14:11:49;0.01
2026-05-18 14:12:04;9.46
2026-05-18 14:12:20;0.0
2026-05-18 14:12:36;12.43
2026-05-18 14:12:51;0.0
2026-05-18 14:13:07;0.0
2026-05-18 14:13:23;17.32
2026-05-18 14:13:38;17.96
2026-05-18 14:13:54;10.0
2026-05-18 14:14:10;0.0
2026-05-18 14:14:25;0.01
2026-05-18 14:14:41;0.0
2026-05-18 14:14:56;18.58
2026-05-18 14:15:12;0.0
2026-05-18 14:15:27;0.0
2026-05-18 14:15:43;0.0
2026-05-18 14:15:58;0.01
2026-05-18 14:16:14;18.49
2026-05-18 14:16:29;0.0
2026-05-18 14:16:44;0.0
2026-05-18 14:17:00;0.0
2026-05-18 14:17:15;0.01
2026-05-18 14:17:33;8.3
2026-05-18 14:17:47;0.0
2026-05-18 14:18:02;0.0
2026-05-18 14:18:18;18.14
2026-05-18 14:18:33;0.0
2026-05-18 14:18:49;18.13
2026-05-18 14:19:04;0.0
2026-05-18 14:19:20;0.01
2026-05-18 14:19:35;0.01
2026-05-18 14:19:51;0.0
2026-05-18 14:20:07;0.0
2026-05-18 14:20:22;18.03
2026-05-18 14:20:38;17.19
2026-05-18 14:20:54;17.97
2026-05-18 14:21:09;0.0
2026-05-18 14:21:25;18.19
2026-05-18 14:21:41;18.13
2026-05-18 14:21:56;0.0
2026-05-18 14:22:12;19.38
2026-05-18 14:22:27;0.0
2026-05-18 14:22:43;0.0
2026-05-18 14:22:58;1.12
2026-05-18 14:23:14;0.0
2026-05-18 14:23:29;0.0
2026-05-18 14:23:45;0.01
2026-05-18 14:24:00;0.0
2026-05-18 14:24:15;19.05
2026-05-18 14:24:31;0.0
2026-05-18 14:24:46;0.0
2026-05-18 14:25:02;5.71
2026-05-18 14:25:17;18.38
2026-05-18 14:25:33;0.0
2026-05-18 14:25:49;0.0
2026-05-18 14:26:03;0.01
2026-05-18 14:26:19;0.01
2026-05-18 14:26:34;0.01
2026-05-18 14:26:50;0.01
2026-05-18 14:27:05;18.8
2026-05-18 14:27:20;0.0
2026-05-18 14:27:35;0.0
2026-05-18 14:27:51;0.0
2026-05-18 14:28:06;0.0
2026-05-18 14:28:21;0.0
2026-05-18 14:28:36;0.0
2026-05-18 14:28:52;0.0
2026-05-18 14:29:07;0.01
2026-05-18 14:29:22;0.0
2026-05-18 14:29:37;0.0
2026-05-18 14:29:53;0.0
2026-05-18 14:30:08;0.0
2026-05-18 14:30:24;0.0
2026-05-18 14:30:39;0.01
2026-05-18 14:30:55;18.52
2026-05-18 14:31:52;19.12
2026-05-18 14:32:20;0.0
2026-05-18 14:32:23;18.54
2026-05-18 14:32:38;2.0
2026-05-18 14:32:54;0.0
2026-05-18 14:33:09;18.35
2026-05-18 14:33:25;19.18
2026-05-18 14:33:39;18.21
2026-05-18 14:33:55;0.0
2026-05-18 14:34:10;18.02
2026-05-18 14:34:26;0.01
2026-05-18 14:34:41;16.52
2026-05-18 14:34:57;0.0
2026-05-18 14:35:12;0.0
2026-05-18 14:35:27;0.0
2026-05-18 14:35:43;17.81
2026-05-18 14:35:58;17.96
2026-05-18 14:36:14;0.0
2026-05-18 14:36:30;17.65
2026-05-18 14:36:45;18.24
2026-05-18 14:37:01;0.0
2026-05-18 14:37:16;0.0
2026-05-18 14:37:32;17.5
2026-05-18 14:37:48;0.0
2026-05-18 14:38:03;0.0
2026-05-18 14:38:19;17.54
2026-05-18 14:38:35;17.47
2026-05-18 14:38:50;0.0
2026-05-18 14:39:06;17.53
2026-05-18 14:39:21;0.0
2026-05-18 14:39:37;17.31
2026-05-18 14:39:52;0.0
2026-05-18 14:40:08;0.01
2026-05-18 14:40:23;17.32
2026-05-18 14:40:39;0.01
2026-05-18 14:40:55;13.87
2026-05-18 14:41:11;0.01
2026-05-18 14:41:26;0.0
2026-05-18 14:41:42;0.0
2026-05-18 14:41:58;13.0
2026-05-18 14:42:13;17.2
2026-05-18 14:42:28;0.0
2026-05-18 14:42:44;0.0
2026-05-18 14:43:01;0.0
2026-05-18 14:43:15;0.0
2026-05-18 14:43:31;0.01
2026-05-18 14:43:46;8.67
2026-05-18 14:44:02;0.0
2026-05-18 14:44:17;0.0
2026-05-18 14:44:34;16.65
2026-05-18 14:44:49;0.01
2026-05-18 14:45:04;0.01
2026-05-18 14:45:19;0.0
2026-05-18 14:45:35;15.7
2026-05-18 14:45:51;0.0
2026-05-18 14:46:06;0.0
2026-05-18 14:46:22;4.72
2026-05-18 14:46:37;4.62
2026-05-18 14:46:52;4.56
2026-05-18 14:47:08;4.51
2026-05-18 14:47:22;0.01
2026-05-18 14:47:38;4.27
2026-05-18 14:47:53;4.07
2026-05-18 14:48:09;3.9
2026-05-18 14:48:24;3.85
2026-05-18 14:48:39;3.84
2026-05-18 14:48:54;3.85
2026-05-18 14:49:09;3.98
2026-05-18 14:49:24;3.74
2026-05-18 14:49:40;0.88
2026-05-18 14:49:55;4.19
2026-05-18 14:50:11;4.44
2026-05-18 14:50:26;3.75
2026-05-18 14:50:41;3.63
2026-05-18 14:50:56;3.92
2026-05-18 14:51:12;3.91
2026-05-18 14:51:27;3.86
2026-05-18 14:51:42;3.85
2026-05-18 14:51:57;3.87
2026-05-18 14:52:13;0.2
2026-05-18 14:52:28;4.04
2026-05-18 14:52:44;4.09
2026-05-18 14:52:59;3.29
2026-05-18 14:53:14;4.03
2026-05-18 14:53:29;3.98
2026-05-18 14:53:45;3.91
2026-05-18 14:54:00;3.83
2026-05-18 14:54:15;3.39
2026-05-18 14:54:30;3.56
2026-05-18 14:54:46;3.41
2026-05-18 14:55:01;3.26
2026-05-18 14:55:17;3.12
2026-05-18 14:55:32;3.03
2026-05-18 14:55:47;2.97
2026-05-18 14:56:02;2.9
2026-05-18 14:56:18;2.83
2026-05-18 14:56:33;2.79
2026-05-18 14:56:49;2.77
2026-05-18 14:57:04;2.75
2026-05-18 14:57:19;2.73
2026-05-18 14:57:34;2.7
2026-05-18 14:57:50;2.67
2026-05-18 14:58:05;2.65
2026-05-18 14:58:20;2.63
2026-05-18 14:58:35;2.62
2026-05-18 14:58:51;2.61
2026-05-18 14:59:06;2.6
2026-05-18 14:59:21;2.59
2026-05-18 14:59:36;2.6
2026-05-18 14:59:51;2.61
2026-05-18 15:00:06;2.58
2026-05-18 15:00:21;2.55
2026-05-18 15:00:36;2.55
2026-05-18 15:00:51;2.52
2026-05-18 15:01:06;2.47
2026-05-18 15:01:21;2.39
2026-05-18 15:01:36;2.33
2026-05-18 15:01:51;2.29
2026-05-18 15:02:06;2.28
2026-05-18 15:02:21;2.29
2026-05-18 15:02:36;2.3
2026-05-18 15:02:51;2.34
2026-05-18 15:03:07;2.41
2026-05-18 15:03:21;2.47
2026-05-18 15:03:36;2.5
2026-05-18 15:03:51;2.47
2026-05-18 15:04:06;2.41
2026-05-18 15:04:21;2.32
2026-05-18 15:04:36;2.27
2026-05-18 15:04:51;2.26
2026-05-18 15:05:06;2.28
2026-05-18 15:05:21;2.31
2026-05-18 15:05:36;2.32
2026-05-18 15:05:51;2.32
2026-05-18 15:06:06;2.3
2026-05-18 15:06:21;2.28
2026-05-18 15:06:36;2.22
2026-05-18 15:06:51;2.16
2026-05-18 15:07:06;2.12
2026-05-18 15:07:21;2.1
2026-05-18 15:07:37;2.1
2026-05-18 15:07:51;2.1
2026-05-18 15:08:06;2.12
2026-05-18 15:08:21;2.16
2026-05-18 15:08:36;2.23
2026-05-18 15:08:51;2.3
2026-05-18 15:09:07;2.34
2026-05-18 15:09:21;2.38
2026-05-18 15:09:36;2.44
2026-05-18 15:09:52;2.51
2026-05-18 15:10:07;2.56
2026-05-18 15:10:22;2.58
2026-05-18 15:10:37;2.57
2026-05-18 15:10:52;2.54
2026-05-18 15:11:07;2.53
2026-05-18 15:11:22;2.55
2026-05-18 15:11:37;2.58
2026-05-18 15:11:52;2.62
2026-05-18 15:12:07;2.65
2026-05-18 15:12:22;2.67
2026-05-18 15:12:37;2.72
2026-05-18 15:12:52;2.8
2026-05-18 15:13:07;2.9
2026-05-18 15:13:22;3.03
2026-05-18 15:13:37;3.18
2026-05-18 15:13:52;3.33
2026-05-18 15:14:07;3.47
2026-05-18 15:14:22;0.16
2026-05-18 15:14:37;3.46
2026-05-18 15:14:52;2.1
2026-05-18 15:15:07;3.76
2026-05-18 15:15:22;3.79
2026-05-18 15:15:37;3.67
2026-05-18 15:15:52;3.71
2026-05-18 15:16:07;3.72
2026-05-18 15:16:22;3.72
2026-05-18 15:16:37;3.66
2026-05-18 15:16:52;2.56
2026-05-18 15:17:07;0.01
2026-05-18 15:17:22;3.47
2026-05-18 15:17:37;3.42
2026-05-18 15:17:52;3.36
2026-05-18 15:18:07;3.31
2026-05-18 15:18:22;3.23
2026-05-18 15:18:37;3.15
2026-05-18 15:18:53;3.07
2026-05-18 15:19:08;2.99
2026-05-18 15:19:23;2.92
2026-05-18 15:19:38;2.83
2026-05-18 15:19:53;2.77
2026-05-18 15:20:08;2.7
2026-05-18 15:20:23;2.64
2026-05-18 15:20:38;2.6
2026-05-18 15:20:53;2.58
2026-05-18 15:21:08;2.58
2026-05-18 15:21:23;2.61
2026-05-18 15:21:38;2.67
2026-05-18 15:21:53;2.73
2026-05-18 15:22:08;2.79
2026-05-18 15:22:23;2.83
2026-05-18 15:22:38;2.83
2026-05-18 15:22:53;2.84
2026-05-18 15:23:08;2.83
2026-05-18 15:23:23;2.8
2026-05-18 15:23:38;2.78
2026-05-18 15:23:53;2.76
2026-05-18 15:24:09;2.73
2026-05-18 15:24:23;2.69
2026-05-18 15:24:38;2.67
2026-05-18 15:24:53;2.64
2026-05-18 15:25:08;2.63
2026-05-18 15:25:23;2.63
2026-05-18 15:25:38;2.67
2026-05-18 15:25:53;2.7
2026-05-18 15:26:08;2.72
2026-05-18 15:26:23;2.73
2026-05-18 15:26:38;2.74
2026-05-18 15:26:53;2.75
2026-05-18 15:27:08;2.79
2026-05-18 15:27:23;2.86
2026-05-18 15:27:38;2.96
2026-05-18 15:27:54;2.98
2026-05-18 15:28:08;2.97
2026-05-18 15:28:24;3.03
2026-05-18 15:28:39;3.06
2026-05-18 15:28:54;3.1
2026-05-18 15:29:09;3.13
2026-05-18 15:29:24;3.19
2026-05-18 15:29:39;3.26
2026-05-18 15:29:54;3.32
2026-05-18 15:30:09;3.38
2026-05-18 15:30:24;3.43
2026-05-18 15:30:39;3.46
2026-05-18 15:30:54;3.5
2026-05-18 15:31:09;3.48
2026-05-18 15:31:24;3.47
2026-05-18 15:31:41;3.39
2026-05-18 15:31:54;3.38
2026-05-18 15:32:09;3.26
2026-05-18 15:32:24;3.29
2026-05-18 15:32:39;3.23
2026-05-18 15:32:54;3.2
2026-05-18 15:33:09;3.14
2026-05-18 15:33:24;3.11
2026-05-18 15:33:39;3.07
2026-05-18 15:33:54;3.02
2026-05-18 15:34:09;3.0
2026-05-18 15:34:24;3.0
2026-05-18 15:34:39;2.99
2026-05-18 15:34:54;3.05
2026-05-18 15:35:09;3.05
2026-05-18 15:35:24;2.96
2026-05-18 15:35:39;2.85
2026-05-18 15:35:54;2.71
2026-05-18 15:36:09;2.71
2026-05-18 15:36:24;2.73
2026-05-18 15:36:39;2.82
2026-05-18 15:36:54;2.94
2026-05-18 15:37:09;3.04
2026-05-18 15:37:25;3.13
2026-05-18 15:37:40;3.2
2026-05-18 15:37:55;3.26
2026-05-18 15:38:10;3.44
2026-05-18 15:38:25;3.98
2026-05-18 15:38:40;0.0
2026-05-18 15:38:55;6.22
2026-05-18 15:39:10;0.0
2026-05-18 15:39:25;11.46
2026-05-18 15:39:40;0.0
2026-05-18 15:39:55;3.5
2026-05-18 15:40:10;9.92
2026-05-18 15:40:25;9.21
2026-05-18 15:40:40;6.21
2026-05-18 15:40:55;0.0
2026-05-18 15:41:10;0.0
2026-05-18 15:41:25;6.07
2026-05-18 15:41:40;0.0
2026-05-18 15:41:55;5.04
2026-05-18 15:42:10;0.0
2026-05-18 15:42:25;0.0
2026-05-18 15:42:40;0.0
2026-05-18 15:42:55;0.0
2026-05-18 15:43:10;0.01
2026-05-18 15:43:25;0.0
2026-05-18 15:43:40;0.01
2026-05-18 15:43:55;0.0
2026-05-18 15:44:10;11.66
2026-05-18 15:44:25;11.52
2026-05-18 15:44:40;0.0
2026-05-18 15:44:56;3.19
2026-05-18 15:45:10;3.19
2026-05-18 15:45:25;3.12
2026-05-18 15:45:40;3.01
2026-05-18 15:45:55;3.12
2026-05-18 15:46:10;3.16
2026-05-18 15:46:25;3.22
2026-05-18 15:46:40;3.19
2026-05-18 15:46:55;3.3
2026-05-18 15:47:10;3.33
2026-05-18 15:47:25;3.38
2026-05-18 15:47:40;1.28
2026-05-18 15:47:55;3.49
2026-05-18 15:48:10;0.01
2026-05-18 15:48:25;0.01
2026-05-18 15:48:40;3.98
2026-05-18 15:48:55;4.2
2026-05-18 15:49:10;4.22
2026-05-18 15:49:25;4.16
2026-05-18 15:49:40;4.18
2026-05-18 15:49:55;3.91
2026-05-18 15:50:10;3.62
2026-05-18 15:50:25;3.74
2026-05-18 15:50:41;4.38
2026-05-18 15:50:55;7.26
2026-05-18 15:51:10;0.0
2026-05-18 15:51:25;5.67
2026-05-18 15:51:40;0.47
2026-05-18 15:51:56;0.01
2026-05-18 15:52:11;4.76
2026-05-18 15:52:26;4.45
2026-05-18 15:52:41;0.0
2026-05-18 15:52:56;4.48
2026-05-18 15:53:11;7.48
2026-05-18 15:53:26;0.0
2026-05-18 15:53:41;0.0
2026-05-18 15:53:56;0.0
2026-05-18 15:54:11;5.05
2026-05-18 15:54:26;3.49
2026-05-18 15:54:41;3.19
2026-05-18 15:54:56;3.05
2026-05-18 15:55:11;2.82
2026-05-18 15:55:26;2.93
2026-05-18 15:55:41;5.2
2026-05-18 15:55:56;0.01
2026-05-18 15:56:11;2.6
2026-05-18 15:56:26;0.0
2026-05-18 15:56:41;2.84
2026-05-18 15:56:56;2.76
2026-05-18 15:57:11;2.82
2026-05-18 15:57:26;2.8
2026-05-18 15:57:41;0.0
2026-05-18 15:57:56;0.0
2026-05-18 15:58:11;3.39
2026-05-18 15:58:26;7.52
2026-05-18 15:58:41;0.0
2026-05-18 15:58:56;8.15
2026-05-18 15:59:11;7.76
2026-05-18 15:59:26;0.0
2026-05-18 15:59:41;0.0
2026-05-18 15:59:56;1.76
2026-05-18 16:00:11;0.0
2026-05-18 16:00:26;6.91
2026-05-18 16:00:41;6.25
2026-05-18 16:00:56;0.0
2026-05-18 16:01:11;0.0
2026-05-18 16:01:26;9.06
2026-05-18 16:01:41;0.0
2026-05-18 16:01:56;0.01
2026-05-18 16:02:12;0.0
2026-05-18 16:02:26;7.8
2026-05-18 16:02:41;0.0
2026-05-18 16:02:56;0.0
2026-05-18 16:03:11;8.39
2026-05-18 16:03:26;0.0
2026-05-18 16:03:41;5.27
2026-05-18 16:03:56;4.45
2026-05-18 16:04:11;4.77
2026-05-18 16:04:26;3.01
2026-05-18 16:04:42;2.46
2026-05-18 16:04:56;2.44
2026-05-18 16:05:11;2.43
2026-05-18 16:05:27;2.41
2026-05-18 16:05:41;2.4
2026-05-18 16:05:56;2.37
2026-05-18 16:06:12;2.36
2026-05-18 16:06:27;2.34
2026-05-18 16:06:42;2.34
2026-05-18 16:06:57;2.37
2026-05-18 16:07:12;3.13
2026-05-18 16:07:27;3.29
2026-05-18 16:07:42;2.75
2026-05-18 16:07:59;5.82
2026-05-18 16:08:12;0.17
2026-05-18 16:08:27;4.19
2026-05-18 16:08:42;2.25
2026-05-18 16:08:57;2.22
2026-05-18 16:09:12;2.63
2026-05-18 16:09:27;3.52
2026-05-18 16:09:42;3.12
2026-05-18 16:09:57;2.42
2026-05-18 16:10:12;2.17
2026-05-18 16:10:27;2.16
2026-05-18 16:10:43;2.19
2026-05-18 16:10:58;2.51
2026-05-18 16:11:13;4.17
2026-05-18 16:11:28;0.0
2026-05-18 16:11:43;5.06
2026-05-18 16:11:58;0.01
2026-05-18 16:12:13;0.0
2026-05-18 16:12:28;4.18
2026-05-18 16:12:43;3.16
2026-05-18 16:12:58;3.04
2026-05-18 16:13:13;2.53
2026-05-18 16:13:28;3.06
2026-05-18 16:13:43;3.46
2026-05-18 16:13:58;3.12
2026-05-18 16:14:13;2.9
2026-05-18 16:14:28;3.69
2026-05-18 16:14:43;3.74
2026-05-18 16:14:58;0.0
2026-05-18 16:15:13;6.71
2026-05-18 16:15:28;5.16
2026-05-18 16:15:44;0.0
2026-05-18 16:15:58;2.65
2026-05-18 16:16:13;2.72
2026-05-18 16:16:28;0.01
2026-05-18 16:16:43;0.0
2026-05-18 16:16:58;0.0
2026-05-18 16:17:13;5.14
2026-05-18 16:17:28;4.18
2026-05-18 16:17:43;2.81
2026-05-18 16:17:58;3.21
2026-05-18 16:18:13;0.01
2026-05-18 16:18:28;5.09
2026-05-18 16:18:43;5.6
2026-05-18 16:18:58;6.67
2026-05-18 16:19:13;0.0
2026-05-18 16:19:28;0.01
2026-05-18 16:19:43;0.0
2026-05-18 16:19:59;6.46
2026-05-18 16:20:13;0.01
2026-05-18 16:20:29;0.01
2026-05-18 16:20:44;6.74
2026-05-18 16:20:59;0.0
2026-05-18 16:21:14;6.81
2026-05-18 16:21:29;1.1
2026-05-18 16:21:44;0.0
2026-05-18 16:21:59;0.0
2026-05-18 16:22:14;6.88
2026-05-18 16:22:29;3.83
2026-05-18 16:22:44;2.87
2026-05-18 16:22:59;2.8
2026-05-18 16:23:14;2.8
2026-05-18 16:23:29;2.83
2026-05-18 16:23:44;3.08
2026-05-18 16:23:59;2.51
2026-05-18 16:24:14;3.13
2026-05-18 16:24:29;0.0
2026-05-18 16:24:44;3.5
2026-05-18 16:24:59;3.2
2026-05-18 16:25:14;3.01
2026-05-18 16:25:29;3.0
2026-05-18 16:25:44;3.03
2026-05-18 16:25:59;2.98
2026-05-18 16:26:14;2.92
2026-05-18 16:26:29;0.44
2026-05-18 16:26:44;2.92
2026-05-18 16:26:59;2.87
2026-05-18 16:27:14;2.92
2026-05-18 16:27:29;2.93
2026-05-18 16:27:44;2.94
2026-05-18 16:27:59;2.97
2026-05-18 16:28:14;0.01
2026-05-18 16:28:29;5.78
2026-05-18 16:28:44;6.25
2026-05-18 16:29:00;6.24
2026-05-18 16:29:14;0.0
2026-05-18 16:29:30;5.94
2026-05-18 16:29:45;5.89
2026-05-18 16:30:00;0.0
2026-05-18 16:30:15;3.68
2026-05-18 16:30:30;4.8
2026-05-18 16:30:45;0.0
2026-05-18 16:31:00;0.0
2026-05-20 07:46:37;2.48
2026-05-20 07:46:52;2.71
2026-05-20 07:47:07;2.1
2026-05-20 07:47:22;2.18
2026-05-20 07:47:37;2.77
2026-05-20 07:47:52;2.79
2026-05-20 07:48:07;2.81
2026-05-20 07:48:22;2.82
2026-05-20 07:48:38;2.84
2026-05-20 07:48:53;2.85
2026-05-20 07:49:08;2.86
2026-05-20 07:49:22;2.86
2026-05-20 07:49:40;2.87
2026-05-20 07:49:53;2.88
2026-05-20 07:50:08;2.88
2026-05-20 07:50:23;2.87
2026-05-20 07:50:38;2.87
2026-05-20 07:50:53;2.87
2026-05-20 07:51:08;2.87
2026-05-20 07:51:23;2.86
2026-05-20 07:51:44;2.84
2026-05-20 07:51:53;2.87
2026-05-20 07:52:08;2.89
2026-05-20 07:52:23;2.92
2026-05-20 07:52:38;2.95
2026-05-20 07:52:53;2.97
2026-05-20 07:53:09;2.99
2026-05-20 07:53:24;3.01
2026-05-20 07:53:43;3.01
2026-05-20 07:53:54;3.02
2026-05-20 07:54:09;3.0
2026-05-20 07:54:24;3.01
2026-05-20 07:54:39;3.02
2026-05-20 07:54:54;3.03
2026-05-20 07:55:09;3.03
2026-05-20 07:55:24;3.04
2026-05-20 07:55:41;3.03
2026-05-20 07:55:54;3.03
2026-05-20 07:56:09;3.02
2026-05-20 07:56:25;3.01
2026-05-20 07:56:40;3.02
2026-05-20 07:56:55;3.01
2026-05-20 07:57:10;3.02
2026-05-20 07:57:31;3.02
2026-05-20 07:57:40;3.04
2026-05-20 07:57:55;3.05
2026-05-20 07:58:10;3.05
2026-05-20 07:58:25;3.06
2026-05-20 07:58:40;3.07
2026-05-20 07:58:55;3.06
2026-05-20 07:59:12;3.07
2026-05-20 07:59:25;3.08
2026-05-20 07:59:40;3.08
2026-05-20 08:00:12;3.12
2026-05-20 08:00:27;3.16
2026-05-20 08:00:43;3.16
2026-05-20 08:00:58;3.17
2026-05-20 08:01:12;3.13
2026-05-20 08:01:27;3.14
2026-05-20 08:01:43;3.19
2026-05-20 08:01:58;3.24
2026-05-20 08:02:13;3.31
2026-05-20 08:02:28;3.38
2026-05-20 08:02:43;3.45
2026-05-20 08:02:58;3.5
2026-05-20 08:03:13;3.53
2026-05-20 08:03:29;3.53
2026-05-20 08:03:44;3.52
2026-05-20 08:03:59;3.51
2026-05-20 08:04:13;3.5
2026-05-20 08:04:28;3.49
2026-05-20 08:04:43;3.48
2026-05-20 08:05:01;3.48
2026-05-20 08:05:13;3.48
2026-05-20 08:05:29;3.46
2026-05-20 08:05:44;3.45
2026-05-20 08:05:59;3.45
2026-05-20 08:06:23;3.45
2026-05-20 08:06:29;3.47
2026-05-20 08:06:49;3.49
2026-05-20 08:07:03;3.52
2026-05-20 08:07:14;3.54
2026-05-20 08:07:30;3.57
2026-05-20 08:07:45;3.58
2026-05-20 08:08:00;3.58
2026-05-20 08:08:15;3.57
2026-05-20 08:08:30;3.56
2026-05-20 08:08:45;0.0
2026-05-20 08:09:02;3.54
2026-05-20 08:09:15;3.54
2026-05-20 08:09:30;3.52
2026-05-20 08:09:45;3.51
2026-05-20 08:10:00;3.52
2026-05-20 08:10:15;3.56
2026-05-20 08:10:30;3.59
2026-05-20 08:10:45;3.63
2026-05-20 08:11:00;3.68
2026-05-20 08:11:15;3.72
2026-05-20 08:11:30;3.71
2026-05-20 08:11:45;3.68
2026-05-20 08:12:01;3.64
2026-05-20 08:12:16;3.63
2026-05-20 08:12:31;3.54
2026-05-20 08:12:46;3.33
2026-05-20 08:13:01;3.32
2026-05-20 08:13:16;3.34
2026-05-20 08:13:33;3.47
2026-05-20 08:13:46;3.53
2026-05-20 08:14:01;3.63
2026-05-20 08:14:16;3.73
2026-05-20 08:14:31;3.81
2026-05-20 08:14:46;3.86
2026-05-20 08:15:01;3.92
2026-05-20 08:15:16;3.97
2026-05-20 08:15:31;3.97
2026-05-20 08:15:47;3.95
2026-05-20 08:16:02;3.9
2026-05-20 08:16:17;3.84
2026-05-20 08:16:34;3.76
2026-05-20 08:16:46;3.71
2026-05-20 08:17:01;3.69
2026-05-20 08:17:17;3.67
2026-05-20 08:17:31;3.63
2026-05-20 08:17:47;3.55
2026-05-20 08:18:02;3.35
2026-05-20 08:18:17;3.28
2026-05-20 08:18:34;3.24
2026-05-20 08:18:47;3.23
2026-05-20 08:19:02;3.22
2026-05-20 08:19:19;3.27
2026-05-20 08:19:35;3.44
2026-05-20 08:19:47;3.62
2026-05-20 08:20:02;3.72
2026-05-20 08:20:17;3.81
2026-05-20 08:20:32;3.86
2026-05-20 08:20:47;3.89
2026-05-20 08:21:08;3.96
2026-05-20 08:21:17;4.04
2026-05-20 08:21:32;4.1
2026-05-20 08:21:49;4.15
2026-05-20 08:22:02;4.22
2026-05-20 08:22:17;4.25
2026-05-20 08:22:34;4.24
2026-05-20 08:22:48;4.13
2026-05-20 08:23:03;4.02
2026-05-20 08:23:18;3.85
2026-05-20 08:23:33;3.77
2026-05-20 08:23:48;3.79
2026-05-20 08:24:03;0.0
2026-05-20 08:24:18;4.06
2026-05-20 08:24:33;3.96
2026-05-20 08:24:52;3.86
2026-05-20 08:25:03;3.95
2026-05-20 08:25:18;3.97
2026-05-20 08:25:33;4.03
2026-05-20 08:25:48;4.07
2026-05-20 08:26:04;4.08
2026-05-20 08:26:18;4.1
2026-05-20 08:26:33;4.12
2026-05-20 08:26:51;4.12
2026-05-20 08:27:03;4.1
2026-05-20 08:27:18;4.09
2026-05-20 08:27:33;4.07
2026-05-20 08:27:49;4.04
2026-05-20 08:28:04;4.02
2026-05-20 08:28:19;3.98
2026-05-20 08:28:34;3.92
2026-05-20 08:28:49;3.84
2026-05-20 08:29:04;3.79
2026-05-20 08:29:19;3.76
2026-05-20 08:29:34;3.75
2026-05-20 08:29:49;3.74
2026-05-20 08:30:04;3.75
2026-05-20 08:30:19;3.79
2026-05-20 08:30:34;3.82
2026-05-20 08:30:49;3.85
2026-05-20 08:31:04;3.87
2026-05-20 08:31:19;3.86
2026-05-20 08:31:34;3.87
2026-05-20 08:31:49;3.88
2026-05-20 08:32:04;0.0
2026-05-20 08:32:19;3.73
2026-05-20 08:32:34;3.68
2026-05-20 08:32:50;3.75
2026-05-20 08:33:05;3.83
2026-05-20 08:33:20;3.88
2026-05-20 08:33:35;3.93
2026-05-20 08:33:50;3.95
2026-05-20 08:34:05;3.96
2026-05-20 08:34:20;3.97
2026-05-20 08:34:35;3.96
2026-05-20 08:34:50;3.94
2026-05-20 08:36:13;3.92
2026-05-20 08:36:21;3.9
2026-05-20 08:36:46;3.94
2026-05-20 08:37:24;3.95
2026-05-20 08:37:28;3.97
2026-05-20 08:37:45;3.97
2026-05-20 08:38:01;3.97
2026-05-20 08:39:32;4.03
2026-05-20 08:39:48;4.05
2026-05-20 08:39:58;4.06
2026-05-20 08:40:12;4.07
2026-05-20 08:40:36;4.08
2026-05-20 08:40:43;4.08
2026-05-20 08:40:52;4.11
2026-05-20 08:41:07;4.12
2026-05-20 08:41:43;4.12
2026-05-20 08:41:53;4.12
2026-05-20 08:43:09;4.21
2026-05-20 08:43:30;4.22
2026-05-20 08:43:39;4.24
2026-05-20 08:43:55;4.26
2026-05-20 08:44:13;4.26
2026-05-20 08:44:26;4.26
2026-05-20 08:44:44;4.25
2026-05-20 08:44:55;4.23
2026-05-20 08:45:10;4.22
2026-05-20 08:45:25;4.21
2026-05-20 08:45:41;4.2
2026-05-20 08:45:56;4.21
2026-05-20 08:46:14;4.22
2026-05-20 08:46:25;4.22
2026-05-20 08:46:40;4.21
2026-05-20 08:46:55;4.21
2026-05-20 08:47:15;4.24
2026-05-20 08:47:29;4.28
2026-05-20 08:47:51;4.34
2026-05-20 08:47:56;4.38
2026-05-20 08:48:12;4.42
2026-05-20 08:48:26;4.44
2026-05-20 08:48:40;4.44
2026-05-20 08:48:56;4.44
2026-05-20 08:49:15;4.42
2026-05-20 08:49:30;4.41
2026-05-20 08:49:47;4.39
2026-05-20 08:49:56;4.38
2026-05-20 08:50:16;4.37
2026-05-20 08:50:39;4.36
2026-05-20 08:50:42;4.34
2026-05-20 08:51:01;4.33
2026-05-20 08:51:13;4.34
2026-05-20 08:51:31;4.34
2026-05-20 08:51:42;4.34
2026-05-20 08:51:58;4.34
2026-05-20 08:52:13;4.34
2026-05-20 08:52:27;4.34
2026-05-20 08:52:50;4.34
2026-05-20 08:52:58;4.36
2026-05-20 08:53:13;4.37
2026-05-20 08:53:32;4.39
2026-05-20 08:53:45;4.4
2026-05-20 08:53:58;4.42
2026-05-20 08:54:17;4.45
2026-05-20 08:54:34;4.48
2026-05-20 08:54:50;4.46
2026-05-20 08:55:00;4.46
2026-05-20 08:55:29;4.46
2026-05-20 08:55:57;4.44
2026-05-20 08:56:13;4.43
2026-05-20 08:56:34;4.44
2026-05-20 08:57:18;4.55
2026-05-20 08:57:28;4.58
2026-05-20 08:57:43;4.6
2026-05-20 08:57:58;4.62
2026-05-20 08:58:29;4.64
2026-05-20 08:58:33;4.69
2026-05-20 08:58:57;4.71
2026-05-20 08:59:37;4.74
2026-05-20 08:59:49;4.76
2026-05-20 09:00:07;4.76
2026-05-20 09:00:19;4.78
2026-05-20 09:00:34;4.77
2026-05-20 09:00:49;4.76
2026-05-20 09:01:12;4.75
2026-05-20 09:01:19;4.72
2026-05-20 09:01:37;4.7
2026-05-20 09:01:49;4.69
2026-05-20 09:02:04;4.68
2026-05-20 09:02:19;4.66
2026-05-20 09:02:47;4.65
2026-05-20 09:03:04;4.65
2026-05-20 09:03:37;4.63
2026-05-20 09:03:58;4.63
2026-05-20 09:04:22;4.65
2026-05-20 09:04:37;4.7
2026-05-20 09:04:52;4.72
2026-05-20 09:05:08;4.75
2026-05-20 09:05:22;4.76
2026-05-20 09:05:37;4.77
2026-05-20 09:05:58;4.82
2026-05-20 09:06:08;4.87
2026-05-20 09:06:23;4.91
2026-05-20 09:06:38;4.96
2026-05-20 09:06:53;5.01
2026-05-20 09:07:08;5.01
2026-05-20 09:07:23;5.04
2026-05-20 09:07:38;5.03
2026-05-20 09:07:53;5.01
2026-05-20 09:08:08;5.0
2026-05-20 09:08:23;4.97
2026-05-20 09:08:38;4.93
2026-05-20 09:08:55;4.92
2026-05-20 09:09:08;4.96
2026-05-20 09:09:23;4.99
2026-05-20 09:09:38;5.05
2026-05-20 09:09:53;5.08
2026-05-20 09:10:08;5.12
2026-05-20 09:10:23;4.98
2026-05-20 09:10:38;4.15
2026-05-20 09:10:57;0.01
2026-05-20 09:11:09;4.2
2026-05-20 09:11:24;3.85
2026-05-20 09:11:39;5.41
2026-05-20 09:11:54;5.43
2026-05-20 09:12:09;5.43
2026-05-20 09:12:24;5.43
2026-05-20 09:12:39;5.43
2026-05-20 09:12:54;5.43
2026-05-20 09:13:09;5.42
2026-05-20 09:13:24;5.39
2026-05-20 09:13:41;5.35
2026-05-20 09:13:54;5.31
2026-05-20 09:14:09;5.3
2026-05-20 09:14:24;5.28
2026-05-20 09:14:39;5.28
2026-05-20 09:14:54;5.27
2026-05-20 09:15:09;5.26
2026-05-20 09:15:24;5.3
2026-05-20 09:15:39;5.32
2026-05-20 09:15:54;5.38
2026-05-20 09:16:09;5.4
2026-05-20 09:16:24;5.43
2026-05-20 09:16:39;5.47
2026-05-20 09:16:54;5.54
2026-05-20 09:17:09;5.63
2026-05-20 09:17:24;5.74
2026-05-20 09:17:40;5.84
2026-05-20 09:17:54;5.88
2026-05-20 09:18:09;5.84
2026-05-20 09:18:25;5.81
2026-05-20 09:18:40;6.05
2026-05-20 09:18:55;5.92
2026-05-20 09:19:10;5.96
2026-05-20 09:19:28;5.75
2026-05-20 09:19:40;5.7
2026-05-20 09:19:55;5.52
2026-05-20 09:20:10;5.43
2026-05-20 09:20:25;0.0
2026-05-20 09:20:40;5.38
2026-05-20 09:20:55;5.39
2026-05-20 09:21:10;5.39
2026-05-20 09:21:25;5.43
2026-05-20 09:21:40;5.41
2026-05-20 09:21:59;5.43
2026-05-20 09:22:10;0.0
2026-05-20 09:22:25;5.52
2026-05-20 09:22:40;5.5
2026-05-20 09:22:55;5.46
2026-05-20 09:23:10;5.43
2026-05-20 09:23:25;5.48
2026-05-20 09:23:40;5.47
2026-05-20 09:23:55;5.52
2026-05-20 09:24:11;5.56
2026-05-20 09:24:25;0.0
2026-05-20 09:24:40;5.59
2026-05-20 09:24:55;5.53
2026-05-20 09:25:10;5.49
2026-05-20 09:25:25;4.92
2026-05-20 09:25:40;5.78
2026-05-20 09:25:56;5.93
2026-05-20 09:26:26;5.9
2026-05-20 09:26:41;5.81
2026-05-20 09:26:56;5.72
2026-05-20 09:27:11;5.79
2026-05-20 09:27:26;5.83
2026-05-20 09:27:41;5.83
2026-05-20 09:27:56;5.89
2026-05-20 09:28:11;5.91
2026-05-20 09:28:26;6.04
2026-05-20 09:28:41;6.18
2026-05-20 09:28:56;6.3
2026-05-20 09:29:11;6.44
2026-05-20 09:29:26;6.55
2026-05-20 09:29:41;6.81
2026-05-20 09:29:56;7.31
2026-05-20 09:30:11;8.06
2026-05-20 09:30:26;8.85
2026-05-20 09:30:41;9.1
2026-05-20 09:30:56;9.93
2026-05-20 09:31:11;10.71
2026-05-20 09:31:26;11.67
2026-05-20 09:31:41;12.76
2026-05-20 09:31:56;14.03
2026-05-20 09:32:11;15.22
2026-05-20 09:32:27;16.42
2026-05-20 09:32:42;16.87
2026-05-20 09:32:56;18.36
2026-05-20 09:33:11;18.53
2026-05-20 09:33:27;18.81
2026-05-20 09:33:41;18.92
2026-05-20 09:33:56;18.98
2026-05-20 09:34:11;19.17
2026-05-20 09:34:26;19.35
2026-05-20 09:34:41;19.44
2026-05-20 09:34:56;19.39
2026-05-20 09:35:11;19.47
2026-05-20 09:35:26;19.6
2026-05-20 09:35:41;19.78
2026-05-20 09:35:57;14.76
2026-05-20 09:36:12;19.81
2026-05-20 09:36:28;19.9
2026-05-20 09:36:43;19.97
2026-05-20 09:36:58;20.16
2026-05-20 09:37:13;20.22
2026-05-20 09:37:29;20.3
2026-05-20 09:37:44;20.36
2026-05-20 09:38:02;7.21
2026-05-20 09:38:15;7.22
2026-05-20 09:38:30;6.18
2026-05-20 09:38:45;20.01
2026-05-20 09:39:01;20.42
2026-05-20 09:39:16;20.63
2026-05-20 09:39:32;20.74
2026-05-20 09:39:47;20.77
2026-05-20 09:40:02;6.4
2026-05-20 09:40:17;19.39
2026-05-20 09:40:33;5.47
2026-05-20 09:40:48;20.31
2026-05-20 09:41:03;20.66
2026-05-20 09:41:18;20.81
2026-05-20 09:41:34;20.69
2026-05-20 09:41:49;20.65
2026-05-20 09:42:05;20.5
2026-05-20 09:42:20;20.0
2026-05-20 09:42:36;6.44
2026-05-20 09:42:50;19.98
2026-05-20 09:43:36;21.23
2026-05-20 09:43:51;21.26
2026-05-20 09:44:06;21.23
2026-05-20 09:44:21;21.41
2026-05-20 09:44:37;21.42
2026-05-20 09:44:52;21.22
2026-05-20 09:45:08;21.58
2026-05-20 09:45:23;21.27
2026-05-20 09:45:38;21.14
2026-05-20 09:45:54;21.28
2026-05-20 09:46:09;21.45
2026-05-20 09:46:24;21.61
2026-05-20 09:46:39;21.71
2026-05-20 09:46:54;21.68
2026-05-20 09:47:10;21.78
2026-05-20 09:47:25;21.85
2026-05-20 09:47:41;21.92
2026-05-20 09:47:56;21.97
2026-05-20 09:48:12;22.05
2026-05-20 09:48:26;22.19
2026-05-20 09:48:42;22.3
2026-05-20 09:48:57;22.38
2026-05-20 09:49:13;22.51
2026-05-20 09:49:29;22.47
2026-05-20 09:49:51;22.36
2026-05-20 09:50:14;22.48
2026-05-20 09:50:29;22.48
2026-05-20 09:50:51;22.35
2026-05-20 09:51:00;22.4
2026-05-20 09:51:21;22.33
2026-05-20 09:51:30;22.37
2026-05-20 09:51:46;22.49
2026-05-20 09:52:06;22.57
2026-05-20 09:52:17;16.79
2026-05-20 09:52:32;22.75
2026-05-20 09:52:47;22.6
2026-05-20 09:53:03;22.69
2026-05-20 09:53:18;22.96
2026-05-20 09:53:33;23.06
2026-05-20 09:53:48;23.0
2026-05-20 09:54:03;21.83
2026-05-20 09:54:19;22.1
2026-05-20 09:54:34;21.5
2026-05-20 09:54:49;21.68
2026-05-20 09:55:04;21.82
2026-05-20 09:55:20;22.06
2026-05-20 09:55:35;21.68
2026-05-20 09:55:51;21.81
2026-05-20 09:56:06;21.83
2026-05-20 09:56:21;22.23
2026-05-20 09:56:36;22.24
2026-05-20 09:56:52;22.38
2026-05-20 09:57:07;22.55
2026-05-20 09:57:22;22.51
2026-05-20 09:57:38;21.92
2026-05-20 09:58:08;21.53
2026-05-20 09:58:23;21.5
2026-05-20 09:58:53;21.42
2026-05-20 09:58:57;21.65
2026-05-20 09:59:17;22.09
2026-05-20 09:59:29;22.17
2026-05-20 09:59:43;22.39
2026-05-20 10:00:17;22.39
2026-05-20 10:00:26;22.38
2026-05-20 10:00:32;22.47
2026-05-20 10:00:49;22.43
2026-05-20 10:01:04;22.54
2026-05-20 10:01:19;22.67
2026-05-20 10:01:34;22.61
2026-05-20 10:02:10;22.37
2026-05-20 10:02:20;22.15
2026-05-20 10:02:37;22.18
2026-05-20 10:02:51;22.26
2026-05-20 10:03:06;22.29
2026-05-20 10:03:46;22.43
2026-05-20 10:03:52;22.6
2026-05-20 10:04:30;22.92
2026-05-20 10:04:46;23.04
2026-05-20 10:05:01;23.18
2026-05-20 10:05:16;23.43
2026-05-20 10:05:31;23.49
2026-05-20 10:05:47;23.68
2026-05-20 10:06:08;23.72
2026-05-20 10:06:19;23.81
2026-05-20 10:06:39;23.79
2026-05-20 10:06:54;23.76
2026-05-20 10:07:10;23.59
2026-05-20 10:07:25;23.33
2026-05-20 10:07:44;22.92
2026-05-20 10:07:56;22.39
2026-05-20 10:08:11;22.29
2026-05-20 10:08:27;22.32
2026-05-20 10:08:42;22.53
2026-05-20 10:08:57;22.53
2026-05-20 10:09:12;22.69
2026-05-20 10:09:27;23.02
2026-05-20 10:09:43;23.35
2026-05-20 10:09:58;23.55
2026-05-20 10:10:13;23.64
2026-05-20 10:10:28;23.64
2026-05-20 10:10:44;23.65
2026-05-20 10:11:00;23.58
2026-05-20 10:11:15;23.45
2026-05-20 10:11:29;23.34
2026-05-20 10:11:45;23.15
2026-05-20 10:12:00;23.11
2026-05-20 10:12:15;23.07
2026-05-20 10:12:30;22.89
2026-05-20 10:12:55;23.11
2026-05-20 10:13:01;23.31
2026-05-20 10:13:16;23.31
2026-05-20 10:13:31;23.29
2026-05-20 10:13:47;23.32
2026-05-20 10:14:05;23.46
2026-05-20 10:14:17;23.61
2026-05-20 10:14:32;23.68
2026-05-20 10:14:48;22.99
2026-05-20 10:15:03;23.15
2026-05-20 10:15:19;22.78
2026-05-20 10:15:36;23.06
2026-05-20 10:15:49;23.03
2026-05-20 10:16:04;23.07
2026-05-20 10:16:19;22.98
2026-05-20 10:16:34;22.91
2026-05-20 10:16:51;22.93
2026-05-20 10:17:09;22.57
2026-05-20 10:17:23;22.87
2026-05-20 10:17:37;20.31
2026-05-20 10:17:53;21.28
2026-05-20 10:18:08;21.89
2026-05-20 10:18:23;22.82
2026-05-20 10:18:38;22.6
2026-05-20 10:18:55;21.2
2026-05-20 10:19:09;21.6
2026-05-20 10:19:24;18.51
2026-05-20 10:19:39;17.84
2026-05-20 10:19:55;17.84
2026-05-20 10:20:30;16.56
2026-05-20 10:20:46;15.72
2026-05-20 10:21:01;16.68
2026-05-20 10:21:28;18.21
2026-05-20 10:21:31;13.91
2026-05-20 10:22:20;16.08
2026-05-20 10:22:20;11.98
2026-05-20 10:22:47;12.24
2026-05-20 10:23:18;14.71
2026-05-20 10:24:24;9.75
2026-05-20 10:24:40;10.25
2026-05-20 10:25:06;13.69
2026-05-20 10:25:10;12.19
2026-05-20 10:25:38;14.18
2026-05-20 10:25:43;15.03
2026-05-20 10:26:01;0.01
2026-05-20 10:26:14;11.18
2026-05-20 10:26:29;13.22
2026-05-20 10:26:44;11.75
2026-05-20 10:26:59;12.67
2026-05-20 10:27:24;13.8
2026-05-20 10:27:30;9.91
2026-05-20 10:27:45;16.68
2026-05-20 10:28:01;13.62
2026-05-20 10:28:19;12.8
2026-05-20 10:28:35;13.87
2026-05-20 10:28:47;10.78
2026-05-20 10:29:02;11.1
2026-05-20 10:29:18;10.03
2026-05-20 10:29:32;9.96
2026-05-20 10:29:48;10.37
2026-05-20 10:30:03;11.62
2026-05-20 10:30:19;9.35
2026-05-20 10:30:33;10.5
2026-05-20 10:30:49;11.38
2026-05-20 10:31:04;10.6
2026-05-20 10:31:20;11.06
2026-05-20 10:31:35;10.71
2026-05-20 10:31:50;11.1
2026-05-20 10:32:05;11.37
2026-05-20 10:32:21;8.65
2026-05-20 10:32:36;11.39
2026-05-20 10:32:51;8.8
2026-05-20 10:33:06;8.92
2026-05-20 10:33:22;8.73
2026-05-20 10:33:37;8.86
2026-05-20 10:33:52;8.7
2026-05-20 10:34:07;9.33
2026-05-20 10:34:23;8.52
2026-05-20 10:34:38;7.61
2026-05-20 10:34:53;7.31
2026-05-20 10:35:08;8.35
2026-05-20 10:35:24;8.3
2026-05-20 10:35:39;9.97
2026-05-20 10:35:54;11.56
2026-05-20 10:36:09;11.56
2026-05-20 10:36:25;10.9
2026-05-20 10:36:40;12.08
2026-05-20 10:36:56;13.43
2026-05-20 10:37:11;14.1
2026-05-20 10:37:26;15.12
2026-05-20 10:37:42;14.96
2026-05-20 10:37:57;14.37
2026-05-20 10:38:12;14.73
2026-05-20 10:38:27;14.17
2026-05-20 10:38:42;14.4
2026-05-20 10:38:58;12.84
2026-05-20 10:39:13;14.64
2026-05-20 10:39:28;14.79
2026-05-20 10:39:43;14.63
2026-05-20 10:39:59;14.43
2026-05-20 10:40:14;14.88
2026-05-20 10:40:29;15.01
2026-05-20 10:40:45;15.43
2026-05-20 10:41:00;14.69
2026-05-20 10:41:15;16.83
2026-05-20 10:41:30;16.18
2026-05-20 10:41:45;15.86
2026-05-20 10:42:01;16.59
2026-05-20 10:42:16;16.42
2026-05-20 10:42:31;17.09
2026-05-20 10:42:46;17.35
2026-05-20 10:43:02;17.77
2026-05-20 10:43:17;16.36
2026-05-20 10:43:33;17.68
2026-05-20 10:43:48;17.07
2026-05-20 10:44:03;17.25
2026-05-20 10:44:18;16.44
2026-05-20 10:44:35;9.56
2026-05-20 10:44:48;17.06
2026-05-20 10:45:04;12.9
2026-05-20 10:45:19;15.68
2026-05-20 10:45:35;16.05
2026-05-20 10:45:50;15.79
2026-05-20 10:46:05;14.67
2026-05-20 10:46:20;13.94
2026-05-20 10:46:36;14.4
2026-05-20 10:46:51;13.9
2026-05-20 10:47:06;15.89
2026-05-20 10:47:21;16.19
2026-05-20 10:47:37;14.09
2026-05-20 10:47:52;13.3
2026-05-20 10:48:07;13.98
2026-05-20 10:48:23;13.15
2026-05-20 10:48:38;12.15
2026-05-20 10:48:53;11.97
2026-05-20 10:49:08;9.7
2026-05-20 10:49:23;16.27
2026-05-20 10:49:39;16.73
2026-05-20 10:49:54;16.62
2026-05-20 10:50:12;17.12
2026-05-20 10:50:24;16.65
2026-05-20 10:50:53;11.94
2026-05-20 10:51:06;8.49
2026-05-20 10:51:21;9.88
2026-05-20 10:51:37;7.92
2026-05-20 10:51:52;7.51
2026-05-20 10:52:07;7.19
2026-05-20 10:52:22;6.99
2026-05-20 10:52:38;6.88
2026-05-20 10:52:53;6.81
2026-05-20 10:53:08;6.78
2026-05-20 10:53:23;6.83
2026-05-20 10:53:39;6.94
2026-05-20 10:53:54;7.1
2026-05-20 10:54:09;7.2
2026-05-20 10:54:24;7.29
2026-05-20 10:54:40;7.37
2026-05-20 10:54:55;7.45
2026-05-20 10:55:10;7.57
2026-05-20 10:55:25;7.76
2026-05-20 10:55:41;7.58
2026-05-20 10:55:56;7.37
2026-05-20 10:56:12;7.14
2026-05-20 10:56:27;6.92
2026-05-20 10:56:42;6.77
2026-05-20 10:56:57;6.64
2026-05-20 10:57:13;6.51
2026-05-20 10:57:28;6.4
2026-05-20 10:57:43;6.26
2026-05-20 10:57:58;6.03
2026-05-20 10:58:14;5.77
2026-05-20 10:58:29;5.58
2026-05-20 10:58:45;5.44
2026-05-20 10:59:00;5.35
2026-05-20 10:59:15;5.3
2026-05-20 10:59:30;5.27
2026-05-20 10:59:46;5.27
2026-05-20 11:00:01;5.27
2026-05-20 11:00:16;5.29
2026-05-20 11:00:31;5.35
2026-05-20 11:00:47;5.46
2026-05-20 11:01:02;5.57
2026-05-20 11:01:18;5.69
2026-05-20 11:01:33;5.83
2026-05-20 11:01:49;6.0
2026-05-20 11:02:03;6.14
2026-05-20 11:02:19;6.23
2026-05-20 11:02:34;6.31
2026-05-20 11:02:50;6.4
2026-05-20 11:03:05;6.54
2026-05-20 11:03:20;6.81
2026-05-20 11:03:35;8.23
2026-05-20 11:03:51;9.55
2026-05-20 11:04:06;14.44
2026-05-20 11:04:22;11.9
2026-05-20 11:04:37;9.42
2026-05-20 11:04:52;11.89
2026-05-20 11:05:07;12.16
2026-05-20 11:05:23;12.54
2026-05-20 11:05:38;12.68
2026-05-20 11:05:54;12.73
2026-05-20 11:06:09;12.59
2026-05-20 11:06:24;12.99
2026-05-20 11:06:39;13.29
2026-05-20 11:06:55;13.46
2026-05-20 11:07:10;12.65
2026-05-20 11:07:25;13.82
2026-05-20 11:07:40;14.27
2026-05-20 11:07:56;14.15
2026-05-20 11:08:11;14.65
2026-05-20 11:08:26;13.92
2026-05-20 11:08:41;13.11
2026-05-20 11:08:57;11.07
2026-05-20 11:09:13;9.82
2026-05-20 11:09:28;9.32
2026-05-20 11:09:43;8.95
2026-05-20 11:09:58;8.67
2026-05-20 11:10:13;8.4
2026-05-20 11:10:29;8.19
2026-05-20 11:10:44;8.04
2026-05-20 11:11:00;8.04
2026-05-20 11:11:15;8.49
2026-05-20 11:11:30;8.43
2026-05-20 11:11:45;8.97
2026-05-20 11:12:01;10.3
2026-05-20 11:12:16;12.52
2026-05-20 11:12:31;14.23
2026-05-20 11:12:46;15.02
2026-05-20 11:13:02;15.48
2026-05-20 11:13:17;14.9
2026-05-20 11:13:33;15.06
2026-05-20 11:13:48;16.07
2026-05-20 11:14:03;15.69
2026-05-20 11:14:18;15.8
2026-05-20 11:14:34;15.98
2026-05-20 11:14:49;15.99
2026-05-20 11:15:04;15.89
2026-05-20 11:15:19;15.99
2026-05-20 11:15:35;16.11
2026-05-20 11:15:50;15.55
2026-05-20 11:16:05;13.53
2026-05-20 11:16:20;12.13
2026-05-20 11:16:36;11.1
2026-05-20 11:16:51;10.28
2026-05-20 11:17:07;9.73
2026-05-20 11:17:22;9.52
2026-05-20 11:17:37;9.55
2026-05-20 11:17:52;10.53
2026-05-20 11:18:08;11.27
2026-05-20 11:18:23;11.79
2026-05-20 11:18:38;14.36
2026-05-20 11:18:53;12.3
2026-05-20 11:19:09;11.19
2026-05-20 11:19:24;8.42
2026-05-20 11:19:39;8.27
2026-05-20 11:19:55;9.16
2026-05-20 11:20:10;9.92
2026-05-20 11:20:25;8.67
2026-05-20 11:20:41;8.71
2026-05-20 11:20:56;11.25
2026-05-20 11:21:11;14.01
2026-05-20 11:21:26;12.27
2026-05-20 11:21:42;12.86
2026-05-20 11:21:57;12.25
2026-05-20 11:22:13;11.88
2026-05-20 11:22:28;11.26
2026-05-20 11:22:43;10.95
2026-05-20 11:22:58;10.0
2026-05-20 11:23:14;11.76
2026-05-20 11:23:29;11.18
2026-05-20 11:23:44;11.78
2026-05-20 11:23:59;12.38
2026-05-20 11:24:15;12.97
2026-05-20 11:24:34;13.98
2026-05-20 11:24:56;13.23
2026-05-20 11:25:16;13.84
2026-05-20 11:25:32;13.35
2026-05-20 11:25:47;13.4
2026-05-20 11:26:04;13.48
2026-05-20 11:26:17;13.3
2026-05-20 11:26:33;13.78
2026-05-20 11:26:48;13.66
2026-05-20 11:27:04;13.52
2026-05-20 11:27:19;13.59
2026-05-20 11:27:34;13.64
2026-05-20 11:27:49;13.75
2026-05-20 11:28:05;13.84
2026-05-20 11:28:20;13.96
2026-05-20 11:28:35;14.66
2026-05-20 11:28:50;14.04
2026-05-20 11:29:06;14.46
2026-05-20 11:29:21;15.12
2026-05-20 11:29:37;15.2
2026-05-20 11:29:52;15.43
2026-05-20 11:30:07;15.52
2026-05-20 11:30:22;15.61
2026-05-20 11:30:38;15.89
2026-05-20 11:30:53;15.92
2026-05-20 11:31:08;16.19
2026-05-20 11:31:23;16.01
2026-05-20 11:31:39;15.94
2026-05-20 11:31:55;15.96
2026-05-20 11:32:10;16.17
2026-05-20 11:32:25;15.98
2026-05-20 11:32:40;15.49
2026-05-20 11:32:55;15.52
2026-05-20 11:33:11;15.4
2026-05-20 11:33:26;15.69
2026-05-20 11:33:41;15.98
2026-05-20 11:33:56;16.43
2026-05-20 11:34:12;16.61
2026-05-20 11:34:27;16.98
2026-05-20 11:34:43;17.59
2026-05-20 11:34:58;17.67
2026-05-20 11:35:13;17.72
2026-05-20 11:35:28;18.64
2026-05-20 11:35:44;18.79
2026-05-20 11:35:59;19.21
2026-05-20 11:36:14;19.42
2026-05-20 11:36:29;19.27
2026-05-20 11:36:45;19.29
2026-05-20 11:37:00;18.57
2026-05-20 11:37:16;18.49
2026-05-20 11:37:31;18.27
2026-05-20 11:37:46;18.39
2026-05-20 11:38:01;17.49
2026-05-20 11:38:17;17.87
2026-05-20 11:38:32;17.85
2026-05-20 11:38:47;16.07
2026-05-20 11:39:02;18.04
2026-05-20 11:39:18;17.89
2026-05-20 11:39:33;17.41
2026-05-20 11:39:49;17.04
2026-05-20 11:40:04;16.4
2026-05-20 11:40:19;16.98
2026-05-20 11:40:34;17.18
2026-05-20 11:40:50;16.82
2026-05-20 11:41:05;15.53
2026-05-20 11:41:20;14.95
2026-05-20 11:41:35;12.12
2026-05-20 11:41:51;13.28
2026-05-20 11:42:06;11.02
2026-05-20 11:42:22;11.92
2026-05-20 11:42:37;12.94
2026-05-20 11:42:52;8.77
2026-05-20 11:43:38;7.62
2026-05-20 11:43:53;7.14
2026-05-20 11:44:08;9.21
2026-05-20 11:44:24;10.55
2026-05-20 11:44:39;8.08
2026-05-20 11:44:54;6.8
2026-05-20 11:45:09;8.37
2026-05-20 11:45:25;0.01
2026-05-20 11:45:40;4.99
2026-05-20 11:45:56;6.29
2026-05-20 11:46:11;6.18
2026-05-20 11:46:56;6.45
2026-05-20 11:46:56;6.97
2026-05-20 11:47:19;10.46
2026-05-20 11:47:46;10.58
2026-05-20 11:47:50;14.42
2026-05-20 11:48:05;14.94
2026-05-20 11:48:20;14.11
2026-05-20 11:48:36;11.7
2026-05-20 11:48:51;16.74
2026-05-20 11:49:06;18.34
2026-05-20 11:49:22;18.63
2026-05-20 11:49:37;18.84
2026-05-20 11:49:52;19.07
2026-05-20 11:50:08;9.57
2026-05-20 11:50:23;9.12
2026-05-20 11:50:38;8.84
2026-05-20 11:50:53;8.44
2026-05-20 11:51:09;8.04
2026-05-20 11:51:24;7.83
2026-05-20 11:51:39;7.79
2026-05-20 11:51:55;7.86
2026-05-20 11:52:10;8.06
2026-05-20 11:52:25;9.63
2026-05-20 11:52:43;13.17
2026-05-20 11:52:56;10.27
2026-05-20 11:53:11;9.86
2026-05-20 11:53:26;8.84
2026-05-20 11:53:42;8.76
2026-05-20 11:53:57;9.84
2026-05-20 11:54:12;9.45
2026-05-20 11:54:28;18.35
2026-05-20 11:54:43;19.13
2026-05-20 11:54:58;20.9
2026-05-20 11:55:14;19.8
2026-05-20 11:55:29;20.56
2026-05-20 11:55:44;20.92
2026-05-20 11:55:59;20.38
2026-05-20 11:56:15;18.01
2026-05-20 11:56:30;11.01
2026-05-20 11:56:46;20.23
2026-05-20 11:57:01;20.74
2026-05-20 11:57:16;20.27
2026-05-20 11:57:31;20.19
2026-05-20 11:57:47;20.59
2026-05-20 11:58:02;20.57
2026-05-20 11:58:17;20.57
2026-05-20 11:58:32;20.46
2026-05-20 11:58:48;20.41
2026-05-20 11:59:03;20.59
2026-05-20 11:59:19;20.8
2026-05-20 11:59:34;21.11
2026-05-20 11:59:49;21.29
2026-05-20 12:00:05;21.88
2026-05-20 12:00:34;22.82
2026-05-20 12:00:36;23.65
2026-05-20 12:00:50;24.12
2026-05-20 12:01:05;24.21
2026-05-20 12:01:21;23.93
2026-05-20 12:01:37;24.09
2026-05-20 12:01:52;24.46
2026-05-20 12:02:07;24.56
2026-05-20 12:02:22;24.32
2026-05-20 12:02:38;24.31
2026-05-20 12:02:53;24.5
2026-05-20 12:03:08;24.08
2026-05-20 12:03:23;23.58
2026-05-20 12:03:39;22.88
2026-05-20 12:03:54;22.64
2026-05-20 12:04:09;22.49
2026-05-20 12:04:24;21.82
2026-05-20 12:04:40;22.06
2026-05-20 12:04:55;21.67
2026-05-20 12:05:13;20.85
2026-05-20 12:05:25;20.2
2026-05-20 12:05:41;20.41
2026-05-20 12:05:56;20.11
2026-05-20 12:06:11;18.49
2026-05-20 12:06:26;13.85
2026-05-20 12:06:42;11.41
2026-05-20 12:06:57;9.84
2026-05-20 12:07:12;9.6
2026-05-20 12:07:27;9.48
2026-05-20 12:07:43;9.37
2026-05-20 12:07:58;9.24
2026-05-20 12:08:13;9.17
2026-05-20 12:08:28;9.08
2026-05-20 12:08:44;9.1
2026-05-20 12:08:59;9.37
2026-05-20 12:09:14;10.12
2026-05-20 12:09:29;16.69
2026-05-20 12:09:45;17.86
2026-05-20 12:10:00;19.26
2026-05-20 12:10:16;17.64
2026-05-20 12:10:31;21.47
2026-05-20 12:10:46;23.46
2026-05-20 12:11:01;23.7
2026-05-20 12:11:17;23.82
2026-05-20 12:11:32;24.01
2026-05-20 12:11:47;24.64
2026-05-20 12:12:02;24.95
2026-05-20 12:12:18;24.71
2026-05-20 12:12:33;24.58
2026-05-20 12:12:49;24.15
2026-05-20 12:13:04;23.99
2026-05-20 12:13:19;23.94
2026-05-20 12:13:34;23.77
2026-05-20 12:13:50;23.75
2026-05-20 12:14:05;23.69
2026-05-20 12:14:20;23.62
2026-05-20 12:14:35;23.5
2026-05-20 12:14:51;23.2
2026-05-20 12:15:06;23.3
2026-05-20 12:15:21;23.44
2026-05-20 12:15:36;23.59
2026-05-20 12:15:52;23.85
2026-05-20 12:16:07;23.92
2026-05-20 12:16:24;24.02
2026-05-20 12:16:37;23.91
2026-05-20 12:16:53;23.59
2026-05-20 12:17:08;22.87
2026-05-20 12:17:24;23.15
2026-05-20 12:17:39;23.47
2026-05-20 12:17:54;24.03
2026-05-20 12:18:09;24.57
2026-05-20 12:18:25;25.28
2026-05-20 12:18:40;25.52
2026-05-20 12:18:55;25.65
2026-05-20 12:19:11;25.54
2026-05-20 12:19:26;25.33
2026-05-20 12:19:42;25.38
2026-05-20 12:19:56;25.31
2026-05-20 12:20:11;25.48
2026-05-20 12:20:27;25.38
2026-05-20 12:20:42;25.12
2026-05-20 12:20:57;23.42
2026-05-20 12:21:12;17.86
2026-05-20 12:21:28;15.91
2026-05-20 12:21:43;15.73
2026-05-20 12:21:58;20.72
2026-05-20 12:22:13;17.88
2026-05-20 12:22:29;11.8
2026-05-20 12:22:44;10.83
2026-05-20 12:22:59;10.99
2026-05-20 12:23:14;10.72
2026-05-20 12:23:31;10.4
2026-05-20 12:23:45;10.06
2026-05-20 12:24:00;9.93
2026-05-20 12:24:15;9.89
2026-05-20 12:24:31;9.92
2026-05-20 12:24:46;9.79
2026-05-20 12:25:01;9.85
2026-05-20 12:25:16;10.28
2026-05-20 12:25:32;9.38
2026-05-20 12:25:48;9.63
2026-05-20 12:26:03;10.56
2026-05-20 12:26:19;8.79
2026-05-20 12:26:33;8.57
2026-05-20 12:26:48;8.48
2026-05-20 12:27:04;8.51
2026-05-20 12:27:19;10.19
2026-05-20 12:27:34;8.7
2026-05-20 12:27:49;8.51
2026-05-20 12:28:05;8.69
2026-05-20 12:28:20;11.7
2026-05-20 12:28:36;17.71
2026-05-20 12:28:50;10.45
2026-05-20 12:29:10;8.74
2026-05-20 12:29:21;8.64
2026-05-20 12:29:37;9.12
2026-05-20 12:29:58;11.39
2026-05-20 12:30:07;18.87
2026-05-20 12:30:23;21.34
2026-05-20 12:30:41;21.42
2026-05-20 12:30:54;23.37
2026-05-20 12:31:08;22.19
2026-05-20 12:31:25;23.6
2026-05-20 12:31:39;16.28
2026-05-20 12:31:54;9.28
2026-05-20 12:32:11;16.41
2026-05-20 12:32:25;23.76
2026-05-20 12:32:40;23.6
2026-05-20 12:32:56;22.54
2026-05-20 12:33:11;23.91
2026-05-20 12:33:26;22.85
2026-05-20 12:33:41;24.82
2026-05-20 12:33:56;22.02
2026-05-20 12:34:11;13.26
2026-05-20 12:34:27;14.19
2026-05-20 12:34:42;22.64
2026-05-20 12:34:58;22.98
2026-05-20 12:35:13;23.77
2026-05-20 12:35:32;25.09
2026-05-20 12:35:50;20.38
2026-05-20 12:36:03;24.65
2026-05-20 12:36:18;24.82
2026-05-20 12:36:34;24.51
2026-05-20 12:36:49;24.51
2026-05-20 12:37:04;23.54
2026-05-20 12:37:24;23.48
2026-05-20 12:37:55;17.75
2026-05-20 12:37:55;15.1
2026-05-20 12:38:14;9.88
2026-05-20 12:38:25;9.24
2026-05-20 12:38:40;8.78
2026-05-20 12:38:59;8.46
2026-05-20 12:39:11;8.19
2026-05-20 12:39:26;7.95
2026-05-20 12:39:42;7.68
2026-05-20 12:39:57;7.44
2026-05-20 12:40:12;7.19
2026-05-20 12:40:27;7.02
2026-05-20 12:40:42;6.86
2026-05-20 12:40:58;6.73
2026-05-20 12:41:13;6.58
2026-05-20 12:41:29;6.47
2026-05-20 12:41:44;6.37
2026-05-20 12:42:02;6.31
2026-05-20 12:42:14;6.29
2026-05-20 12:42:30;6.27
2026-05-20 12:42:45;6.25
2026-05-20 12:43:00;6.2
2026-05-20 12:43:15;6.19
2026-05-20 12:43:31;6.23
2026-05-20 12:43:46;6.31
2026-05-20 12:44:01;6.39
2026-05-20 12:44:16;6.51
2026-05-20 12:44:32;6.72
2026-05-20 12:44:47;7.07
2026-05-20 12:45:03;7.52
2026-05-20 12:45:18;7.89
2026-05-20 12:45:33;9.26
2026-05-20 12:45:48;10.16
2026-05-20 12:46:04;11.51
2026-05-20 12:46:19;19.35
2026-05-20 12:46:34;11.57
2026-05-20 12:46:49;11.97
2026-05-20 12:47:05;12.32
2026-05-20 12:47:20;0.0
2026-05-20 12:47:36;0.0
2026-05-20 12:47:51;24.85
2026-05-20 12:48:06;15.55
2026-05-20 12:48:30;25.55
2026-05-20 12:48:37;25.72
2026-05-20 12:48:52;25.84
2026-05-20 12:49:07;25.89
2026-05-20 12:49:22;25.83
2026-05-20 12:49:38;26.13
2026-05-20 12:49:53;25.74
2026-05-20 12:50:09;25.78
2026-05-20 12:50:24;0.0
2026-05-20 12:50:39;25.31
2026-05-20 12:50:54;25.0
2026-05-20 12:51:10;24.53
2026-05-20 12:51:25;23.98
2026-05-20 12:51:40;23.23
2026-05-20 12:52:01;4.24
2026-05-20 12:52:11;20.32
2026-05-20 12:52:26;17.46
2026-05-20 12:52:42;16.45
2026-05-20 12:52:56;19.64
2026-05-20 12:53:12;21.65
2026-05-20 12:53:27;21.39
2026-05-20 12:53:43;7.86
2026-05-20 12:54:00;19.49
2026-05-20 12:54:16;18.41
2026-05-20 12:54:30;14.93
2026-05-20 12:54:44;13.76
2026-05-20 12:54:59;17.4
2026-05-20 12:55:14;22.4
2026-05-20 12:55:29;21.06
2026-05-20 12:55:45;22.27
2026-05-20 12:56:00;23.12
2026-05-20 12:56:15;23.34
2026-05-20 12:56:30;23.47
2026-05-20 12:56:46;21.96
2026-05-20 12:57:01;23.68
2026-05-20 12:57:16;0.0
2026-05-20 12:57:31;0.0
2026-05-20 12:57:47;23.63
2026-05-20 12:58:02;23.38
2026-05-20 12:58:18;22.26
2026-05-20 12:58:33;22.18
2026-05-20 12:58:48;22.04
2026-05-20 12:59:03;0.0
2026-05-20 12:59:19;23.12
2026-05-20 12:59:34;23.31
2026-05-20 12:59:49;23.21
2026-05-20 13:00:04;0.0
2026-05-20 13:00:20;23.1
2026-05-20 13:00:35;22.65
2026-05-20 13:00:50;0.01
2026-05-20 13:01:05;22.85
2026-05-20 13:01:21;23.28
2026-05-20 13:01:36;23.75
2026-05-20 13:01:51;6.28
2026-05-20 13:02:06;22.4
2026-05-20 13:02:22;24.16
2026-05-20 13:02:37;24.16
2026-05-20 13:02:52;24.13
2026-05-20 13:03:07;23.32
2026-05-20 13:03:23;0.0
2026-05-20 13:03:38;23.3
2026-05-20 13:03:55;24.22
2026-05-20 13:04:08;24.28
2026-05-20 13:04:24;24.63
2026-05-20 13:04:39;0.01
2026-05-20 13:04:54;24.72
2026-05-20 13:05:09;22.87
2026-05-20 13:05:27;22.52
2026-05-20 13:05:40;24.12
2026-05-20 13:05:55;0.0
2026-05-20 13:06:10;0.27
2026-05-20 13:06:26;24.28
2026-05-20 13:06:41;16.61
2026-05-20 13:06:56;24.97
2026-05-20 13:07:11;25.12
2026-05-20 13:07:27;25.1
2026-05-20 13:07:42;23.31
2026-05-20 13:07:57;25.24
2026-05-20 13:08:12;25.2
2026-05-20 13:08:28;0.01
2026-05-20 13:08:43;0.0
2026-05-20 13:08:58;23.99
2026-05-20 13:09:13;0.01
2026-05-20 13:09:29;0.0
2026-05-20 13:09:44;23.01
2026-05-20 13:10:00;17.66
2026-05-20 13:10:14;23.09
2026-05-20 13:10:30;21.67
2026-05-20 13:10:45;21.64
2026-05-20 13:11:00;17.45
2026-05-20 13:11:15;11.49
2026-05-20 13:11:32;9.46
2026-05-20 13:11:46;9.22
2026-05-20 13:12:02;9.26
2026-05-20 13:12:16;9.53
2026-05-20 13:12:32;15.18
2026-05-20 13:12:47;20.79
2026-05-20 13:13:02;20.87
2026-05-20 13:13:18;19.87
2026-05-20 13:13:33;19.03
2026-05-20 13:13:48;17.99
2026-05-20 13:14:03;6.31
2026-05-20 13:14:18;5.5
2026-05-20 13:14:34;5.11
2026-05-20 13:14:49;4.8
2026-05-20 13:15:05;4.54
2026-05-20 13:15:19;4.33
2026-05-20 13:15:35;4.15
2026-05-20 13:15:50;3.98
2026-05-20 13:16:06;3.88
2026-05-20 13:16:21;3.82
2026-05-20 13:16:36;3.79
2026-05-20 13:16:51;3.76
2026-05-20 13:17:07;3.7
2026-05-20 13:17:22;3.6
2026-05-20 13:17:37;3.49
2026-05-20 13:17:52;3.38
2026-05-20 13:18:08;3.28
2026-05-20 13:18:23;3.24
2026-05-20 13:18:39;3.18
2026-05-20 13:18:54;3.14
2026-05-20 13:19:09;3.13
2026-05-20 13:19:24;3.15
2026-05-20 13:19:40;3.15
2026-05-20 13:19:55;3.18
2026-05-20 13:20:10;3.25
2026-05-20 13:20:25;3.23
2026-05-20 13:20:41;3.19
2026-05-20 13:20:56;3.13
2026-05-20 13:21:12;3.08
2026-05-20 13:21:27;3.09
2026-05-20 13:21:42;3.12
2026-05-20 13:21:57;3.11
2026-05-20 13:22:13;3.08
2026-05-20 13:22:28;3.01
2026-05-20 13:22:43;2.92
2026-05-20 13:22:58;2.81
2026-05-20 13:23:14;2.81
2026-05-20 13:23:29;2.3
2026-05-20 13:23:45;2.79
2026-05-20 13:24:00;2.78
2026-05-20 13:24:15;2.74
2026-05-20 13:24:30;2.66
2026-05-20 13:24:46;2.58
2026-05-20 13:25:01;2.58
2026-05-20 13:25:17;2.5
2026-05-20 13:25:32;2.39
2026-05-20 13:25:47;2.28
2026-05-20 13:26:02;2.15
2026-05-20 13:26:18;2.03
2026-05-20 13:26:33;1.93
2026-05-20 13:26:48;1.84
2026-05-20 13:27:03;1.78
2026-05-20 13:27:18;1.72
2026-05-20 13:27:33;1.66
2026-05-20 13:27:48;1.61
2026-05-20 13:28:03;1.55
2026-05-20 13:28:18;1.49
2026-05-20 13:28:33;1.44
2026-05-20 13:28:48;1.38
2026-05-20 13:29:03;1.04
2026-05-20 13:29:18;1.23
2026-05-20 13:29:33;0.0
2026-05-21 08:07:38;4.71
2026-05-21 08:07:53;5.49
2026-05-21 08:08:08;4.56
2026-05-21 08:08:23;4.45
2026-05-21 08:08:38;5.68
2026-05-21 08:08:54;5.7
2026-05-21 08:09:08;5.7
2026-05-21 08:09:23;5.71
2026-05-21 08:09:38;5.71
2026-05-21 08:09:53;5.71
2026-05-21 08:10:08;5.72
2026-05-21 08:10:23;5.72
2026-05-21 08:10:39;5.71
2026-05-21 08:10:55;5.7
2026-05-21 08:11:09;5.68
2026-05-21 08:11:24;5.66
2026-05-21 08:11:39;5.63
2026-05-21 08:11:54;5.64
2026-05-21 08:12:09;5.63
2026-05-21 08:12:26;5.6
2026-05-21 08:12:39;5.56
2026-05-21 08:12:54;5.53
2026-05-21 08:13:09;5.49
2026-05-21 08:13:24;5.48
2026-05-21 08:13:39;5.5
2026-05-21 08:13:54;5.5
2026-05-21 08:14:09;5.47
2026-05-21 08:14:24;5.47
2026-05-21 08:14:39;5.47
2026-05-21 08:14:54;5.45
2026-05-21 08:15:09;5.43
2026-05-21 08:15:24;5.39
2026-05-21 08:15:39;5.38
2026-05-21 08:15:55;5.39
2026-05-21 08:16:37;5.41
2026-05-21 08:16:51;5.43
2026-05-21 08:17:10;5.43
2026-05-21 08:17:25;5.42
2026-05-21 08:17:41;5.41
2026-05-21 08:17:52;5.38
2026-05-21 08:18:43;5.24
2026-05-21 08:19:23;5.2
2026-05-21 08:19:27;5.15
2026-05-21 08:19:44;5.04
2026-05-21 08:20:09;4.97
2026-05-21 08:20:45;4.89
2026-05-21 08:20:45;4.77
2026-05-21 08:20:51;4.64
2026-05-21 08:21:03;4.49
2026-05-21 08:21:18;4.31
2026-05-21 08:21:33;4.16
2026-05-21 08:21:48;4.09
2026-05-21 08:22:03;4.05
2026-05-21 08:22:18;4.05
2026-05-21 08:22:33;4.05
2026-05-21 08:22:48;4.06
2026-05-21 08:23:03;4.06
2026-05-21 08:23:33;4.07
2026-05-21 08:23:37;4.1
2026-05-21 08:23:53;4.11
2026-05-21 08:24:08;4.14
2026-05-21 08:24:23;4.16
2026-05-21 08:25:31;4.27
2026-05-21 08:25:46;4.31
2026-05-21 08:26:01;4.33
2026-05-21 08:27:10;4.22
2026-05-21 08:27:25;4.15
2026-05-21 08:27:40;4.07
2026-05-21 08:27:56;3.98
2026-05-21 08:28:10;3.92
2026-05-21 08:28:25;3.87
2026-05-21 08:28:58;3.83
2026-05-21 08:28:58;3.78
2026-05-21 08:29:11;3.73
2026-05-21 08:29:26;3.7
2026-05-21 08:29:41;3.67
2026-05-21 08:29:56;3.65
2026-05-21 08:30:11;3.63
2026-05-21 08:30:26;3.62
2026-05-21 08:30:41;3.62
2026-05-21 08:30:56;3.62
2026-05-21 08:31:11;3.63
2026-05-21 08:31:27;3.64
2026-05-21 08:31:42;3.66
2026-05-21 08:31:56;3.68
2026-05-21 08:32:12;3.7
2026-05-21 08:32:27;3.74
2026-05-21 08:32:42;3.77
2026-05-21 08:32:59;3.81
2026-05-21 08:33:12;3.83
2026-05-21 08:33:27;3.86
2026-05-21 08:33:42;3.85
2026-05-21 08:33:57;3.82
2026-05-21 08:34:12;3.77
2026-05-21 08:34:27;3.72
2026-05-21 08:34:42;3.63
2026-05-21 08:34:57;3.59
2026-05-21 08:35:13;3.55
2026-05-21 08:35:28;3.53
2026-05-21 08:35:42;3.52
2026-05-21 08:35:57;3.5
2026-05-21 08:36:12;3.5
2026-05-21 08:36:27;3.49
2026-05-21 08:36:42;3.48
2026-05-21 08:36:57;3.45
2026-05-21 08:37:12;3.43
2026-05-21 08:37:28;3.42
2026-05-21 08:37:43;3.41
2026-05-21 08:37:58;3.4
2026-05-21 08:38:13;3.39
2026-05-21 08:38:28;3.38
2026-05-21 08:38:44;3.38
2026-05-21 08:38:58;3.37
2026-05-21 08:39:14;3.36
2026-05-21 08:39:28;3.38
2026-05-21 08:39:43;3.37
2026-05-21 08:39:58;3.37
2026-05-21 08:40:13;3.37
2026-05-21 08:40:28;3.36
2026-05-21 08:40:46;3.36
2026-05-21 08:40:58;3.36
2026-05-21 08:41:13;3.34
2026-05-21 08:41:28;3.34
2026-05-21 08:41:43;3.33
2026-05-21 08:41:58;3.32
2026-05-21 08:42:14;3.31
2026-05-21 08:42:29;3.3
2026-05-21 08:42:44;3.29
2026-05-21 08:42:59;3.29
2026-05-21 08:43:14;3.28
2026-05-21 08:43:29;3.28
2026-05-21 08:43:44;3.27
2026-05-21 08:43:59;3.26
2026-05-21 08:44:20;3.25
2026-05-21 08:44:32;3.24
2026-05-21 08:44:44;3.23
2026-05-21 08:44:59;3.22
2026-05-21 08:45:16;3.22
2026-05-21 08:45:29;3.22
2026-05-21 08:45:44;3.22
2026-05-21 08:45:59;3.22
2026-05-21 08:46:15;3.22
2026-05-21 08:46:30;3.22
2026-05-21 08:46:45;3.23
2026-05-21 08:46:59;3.23
2026-05-21 08:47:14;3.25
2026-05-21 08:47:30;3.26
2026-05-21 08:47:45;3.27
2026-05-21 08:48:00;3.28
2026-05-21 08:48:15;3.29
2026-05-21 08:48:30;3.3
2026-05-21 08:48:45;3.31
2026-05-21 08:49:00;3.32
2026-05-21 08:49:15;3.34
2026-05-21 08:49:30;3.35
2026-05-21 08:49:45;3.36
2026-05-21 08:50:00;3.39
2026-05-21 08:50:15;3.41
2026-05-21 08:50:30;3.43
2026-05-21 08:50:45;3.45
2026-05-21 08:51:01;3.48
2026-05-21 08:51:16;3.51
2026-05-21 08:51:30;3.53
2026-05-21 08:51:45;3.57
2026-05-21 08:52:00;3.58
2026-05-21 08:52:15;3.59
2026-05-21 08:52:30;3.59
2026-05-21 08:52:46;3.62
2026-05-21 08:53:01;3.63
2026-05-21 08:53:16;3.66
2026-05-21 08:53:31;3.68
2026-05-21 08:53:46;3.71
2026-05-21 08:54:01;3.75
2026-05-21 08:54:16;3.79
2026-05-21 08:54:32;3.84
2026-05-21 08:54:46;3.89
2026-05-21 08:55:02;3.94
2026-05-21 08:55:16;4.02
2026-05-21 08:55:31;4.1
2026-05-21 08:55:46;4.19
2026-05-21 08:56:01;4.3
2026-05-21 08:56:16;4.43
2026-05-21 08:56:31;4.58
2026-05-21 08:56:46;4.75
2026-05-21 08:57:05;4.93
2026-05-21 08:57:19;5.1
2026-05-21 08:57:32;5.3
2026-05-21 08:57:46;5.54
2026-05-21 08:58:06;5.77
2026-05-21 08:58:17;5.93
2026-05-21 08:58:32;6.01
2026-05-21 08:58:47;6.05
2026-05-21 08:59:02;6.04
2026-05-21 08:59:17;6.03
2026-05-21 08:59:33;6.07
2026-05-21 08:59:47;6.05
2026-05-21 09:00:02;6.06
2026-05-21 09:00:17;6.11
2026-05-21 09:00:32;6.19
2026-05-21 09:00:47;6.38
2026-05-21 09:01:02;6.62
2026-05-21 09:01:17;6.85
2026-05-21 09:01:32;7.03
2026-05-21 09:01:47;7.17
2026-05-21 09:02:02;7.3
2026-05-21 09:02:19;7.4
2026-05-21 09:02:33;7.46
2026-05-21 09:02:47;7.52
2026-05-21 09:03:03;7.56
2026-05-21 09:03:18;7.6
2026-05-21 09:03:33;7.65
2026-05-21 09:03:48;7.71
2026-05-21 09:04:03;7.77
2026-05-21 09:04:18;7.79
2026-05-21 09:04:33;7.84
2026-05-21 09:04:48;7.9
2026-05-21 09:05:03;7.93
2026-05-21 09:05:18;7.97
2026-05-21 09:05:33;8.03
2026-05-21 09:05:48;8.08
2026-05-21 09:06:03;8.14
2026-05-21 09:06:19;8.22
2026-05-21 09:06:33;8.28
2026-05-21 09:06:50;8.31
2026-05-21 09:07:03;8.37
2026-05-21 09:07:18;8.42
2026-05-21 09:07:33;8.47
2026-05-21 09:07:48;8.5
2026-05-21 09:08:03;8.52
2026-05-21 09:08:18;8.53
2026-05-21 09:08:33;8.52
2026-05-21 09:08:48;8.47
2026-05-21 09:09:03;8.46
2026-05-21 09:09:18;8.42
2026-05-21 09:09:33;8.38
2026-05-21 09:09:48;8.33
2026-05-21 09:10:04;8.27
2026-05-21 09:10:18;8.21
2026-05-21 09:10:33;8.23
2026-05-21 09:10:49;8.27
2026-05-21 09:11:04;8.3
2026-05-21 09:11:19;8.32
2026-05-21 09:11:34;8.31
2026-05-21 09:11:49;8.27
2026-05-21 09:12:04;8.2
2026-05-21 09:12:19;8.13
2026-05-21 09:12:34;8.04
2026-05-21 09:12:49;7.97
2026-05-21 09:13:04;7.9
2026-05-21 09:13:19;7.81
2026-05-21 09:13:34;7.73
2026-05-21 09:13:49;7.63
2026-05-21 09:14:04;7.65
2026-05-21 09:14:19;7.66
2026-05-21 09:14:34;7.73
2026-05-21 09:14:49;7.72
2026-05-21 09:15:04;7.62
2026-05-21 09:15:19;7.51
2026-05-21 09:15:34;7.44
2026-05-21 09:15:49;7.46
2026-05-21 09:16:04;7.58
2026-05-21 09:16:19;7.83
2026-05-21 09:16:34;8.13
2026-05-21 09:16:49;8.47
2026-05-21 09:17:06;8.7
2026-05-21 09:17:19;8.95
2026-05-21 09:17:34;9.27
2026-05-21 09:17:49;9.45
2026-05-21 09:18:04;9.45
2026-05-21 09:18:19;9.74
2026-05-21 09:18:34;9.69
2026-05-21 09:18:49;9.38
2026-05-21 09:19:04;9.47
2026-05-21 09:19:19;9.54
2026-05-21 09:19:34;9.17
2026-05-21 09:19:49;8.73
2026-05-21 09:20:04;8.4
2026-05-21 09:20:20;8.15
2026-05-21 09:20:35;8.01
2026-05-21 09:20:50;7.79
2026-05-21 09:21:04;7.71
2026-05-21 09:21:20;7.68
2026-05-21 09:21:35;7.62
2026-05-21 09:21:50;7.6
2026-05-21 09:22:05;7.63
2026-05-21 09:22:20;7.7
2026-05-21 09:22:35;7.4
2026-05-21 09:22:50;7.97
2026-05-21 09:23:05;8.07
2026-05-21 09:23:20;8.15
2026-05-21 09:23:35;8.18
2026-05-21 09:23:50;8.24
2026-05-21 09:24:05;8.39
2026-05-21 09:24:20;8.11
2026-05-21 09:24:35;8.47
2026-05-21 09:24:50;8.51
2026-05-21 09:25:05;8.69
2026-05-21 09:25:20;8.87
2026-05-21 09:25:35;9.03
2026-05-21 09:25:50;9.19
2026-05-21 09:26:05;9.33
2026-05-21 09:26:20;9.43
2026-05-21 09:26:35;9.46
2026-05-21 09:26:50;9.53
2026-05-21 09:27:05;9.63
2026-05-21 09:27:20;9.72
2026-05-21 09:27:35;9.83
2026-05-21 09:27:50;9.96
2026-05-21 09:28:05;10.1
2026-05-21 09:28:20;10.18
2026-05-21 09:28:35;10.27
2026-05-21 09:28:50;10.4
2026-05-21 09:29:05;10.67
2026-05-21 09:29:20;10.85
2026-05-21 09:29:35;11.09
2026-05-21 09:29:50;11.36
2026-05-21 09:30:05;11.59
2026-05-21 09:30:20;12.05
2026-05-21 09:30:35;12.88
2026-05-21 09:30:50;13.99
2026-05-21 09:31:05;15.68
2026-05-21 09:31:20;17.27
2026-05-21 09:31:37;18.97
2026-05-21 09:31:50;20.98
2026-05-21 09:32:05;22.08
2026-05-21 09:32:20;22.29
2026-05-21 09:32:36;21.81
2026-05-21 09:32:51;19.96
2026-05-21 09:33:06;13.92
2026-05-21 09:33:21;12.24
2026-05-21 09:33:37;12.24
2026-05-21 09:33:52;11.67
2026-05-21 09:34:07;11.29
2026-05-21 09:34:22;10.98
2026-05-21 09:34:38;11.01
2026-05-21 09:34:53;10.79
2026-05-21 09:35:09;10.2
2026-05-21 09:35:24;9.95
2026-05-21 09:35:40;10.14
2026-05-21 09:35:55;9.66
2026-05-21 09:36:10;8.89
2026-05-21 09:36:25;8.19
2026-05-21 09:36:41;7.55
2026-05-21 09:36:56;6.85
2026-05-21 09:37:12;6.6
2026-05-21 09:37:26;6.38
2026-05-21 09:37:42;6.1
2026-05-21 09:37:57;5.97
2026-05-21 09:38:13;5.88
2026-05-21 09:38:28;5.81
2026-05-21 09:38:43;5.76
2026-05-21 09:38:58;5.74
2026-05-21 09:39:13;5.74
2026-05-21 09:39:28;5.74
2026-05-21 09:39:43;5.78
2026-05-21 09:39:58;5.82
2026-05-21 09:40:14;5.88
2026-05-21 09:40:29;5.9
2026-05-21 09:40:44;5.91
2026-05-21 09:40:58;5.98
2026-05-21 09:41:13;6.07
2026-05-21 09:41:28;6.13
2026-05-21 09:41:44;6.23
2026-05-21 09:41:58;6.35
2026-05-21 09:42:13;6.44
2026-05-21 09:42:28;6.42
2026-05-21 09:42:43;6.39
2026-05-21 09:42:58;6.42
2026-05-21 09:43:13;6.47
2026-05-21 09:43:30;6.62
2026-05-21 09:43:43;6.55
2026-05-21 09:43:59;6.47
2026-05-21 09:44:14;6.43
2026-05-21 09:44:28;6.38
2026-05-21 09:44:43;6.41
2026-05-21 09:44:58;6.53
2026-05-21 09:45:15;6.66
2026-05-21 09:45:46;6.8
2026-05-21 09:45:58;6.81
2026-05-21 09:46:13;6.71
2026-05-21 09:46:28;6.58
2026-05-21 09:46:43;6.46
2026-05-21 09:46:58;6.41
2026-05-21 09:47:13;6.48
2026-05-21 09:47:28;6.58
2026-05-21 09:47:43;6.82
2026-05-21 09:47:58;6.97
2026-05-21 09:48:13;6.87
2026-05-21 09:48:29;6.76
2026-05-21 09:48:43;6.67
2026-05-21 09:48:58;6.54
2026-05-21 09:49:14;6.45
2026-05-21 09:49:45;6.55
2026-05-21 09:50:15;6.64
2026-05-21 09:50:23;0.0
2026-05-21 09:50:35;6.66
2026-05-21 09:50:48;6.61
2026-05-21 09:51:03;6.54
2026-05-21 09:51:18;6.5
2026-05-21 09:51:33;6.39
2026-05-21 09:51:49;6.24
2026-05-21 09:52:08;6.12
2026-05-21 09:52:18;6.07
2026-05-21 09:52:34;6.03
2026-05-21 09:52:49;6.0
2026-05-21 09:53:03;6.04
2026-05-21 09:53:18;6.12
2026-05-21 09:53:33;6.2
2026-05-21 09:53:48;6.28
2026-05-21 09:54:03;6.29
2026-05-21 09:54:18;6.29
2026-05-21 09:54:42;6.37
2026-05-21 09:54:48;6.57
2026-05-21 09:55:03;6.81
2026-05-21 09:55:18;6.93
2026-05-21 09:55:33;7.11
2026-05-21 09:55:52;7.52
2026-05-21 09:56:03;8.18
2026-05-21 09:56:19;8.61
2026-05-21 09:56:33;8.79
2026-05-21 09:56:48;9.08
2026-05-21 09:57:03;9.62
2026-05-21 09:57:18;10.08
2026-05-21 09:57:36;10.26
2026-05-21 09:57:48;10.65
2026-05-21 09:58:03;11.52
2026-05-21 09:58:18;12.26
2026-05-21 09:58:33;12.43
2026-05-21 09:58:48;12.46
2026-05-21 09:59:03;13.66
2026-05-21 09:59:19;13.92
2026-05-21 09:59:35;14.6
2026-05-21 09:59:49;15.14
2026-05-21 10:00:04;15.41
2026-05-21 10:00:19;15.94
2026-05-21 10:00:33;15.44
2026-05-21 10:00:49;16.21
2026-05-21 10:01:03;17.78
2026-05-21 10:01:19;19.02
2026-05-21 10:01:34;19.23
2026-05-21 10:01:51;19.15
2026-05-21 10:02:04;18.89
2026-05-21 10:02:19;18.41
2026-05-21 10:02:34;19.47
2026-05-21 10:02:50;19.65
2026-05-21 10:03:05;20.44
2026-05-21 10:03:21;21.21
2026-05-21 10:03:35;21.58
2026-05-21 10:03:51;20.97
2026-05-21 10:04:06;20.26
2026-05-21 10:04:22;17.65
2026-05-21 10:04:37;15.43
2026-05-21 10:04:53;16.63
2026-05-21 10:05:07;17.95
2026-05-21 10:05:23;20.89
2026-05-21 10:05:38;21.36
2026-05-21 10:05:53;21.78
2026-05-21 10:06:09;22.63
2026-05-21 10:06:24;23.0
2026-05-21 10:06:39;23.98
2026-05-21 10:07:01;24.26
2026-05-21 10:07:10;24.4
2026-05-21 10:07:25;24.71
2026-05-21 10:07:55;25.61
2026-05-21 10:08:11;25.86
2026-05-21 10:08:26;25.8
2026-05-21 10:08:41;26.56
2026-05-21 10:08:57;26.8
2026-05-21 10:09:12;27.13
2026-05-21 10:09:27;27.04
2026-05-21 10:09:45;27.05
2026-05-21 10:09:57;26.75
2026-05-21 10:10:13;26.62
2026-05-21 10:10:28;26.83
2026-05-21 10:10:44;27.17
2026-05-21 10:10:59;27.14
2026-05-21 10:11:15;27.07
2026-05-21 10:11:32;0.0
2026-05-21 10:12:00;20.95
2026-05-21 10:12:16;24.1
2026-05-21 10:12:30;24.13
2026-05-21 10:12:46;24.27
2026-05-21 10:13:01;20.6
2026-05-21 10:13:16;24.57
2026-05-21 10:13:31;23.29
2026-05-21 10:13:47;23.94
2026-05-21 10:14:02;23.04
2026-05-21 10:14:18;21.86
2026-05-21 10:14:33;24.62
2026-05-21 10:14:48;25.3
2026-05-21 10:15:04;23.87
2026-05-21 10:15:19;24.04
2026-05-21 10:15:34;24.04
2026-05-21 10:15:49;25.03
2026-05-21 10:16:04;27.58
2026-05-21 10:16:20;28.52
2026-05-21 10:16:35;10.56
2026-05-21 10:16:50;28.51
2026-05-21 10:17:06;28.7
2026-05-21 10:17:21;28.82
2026-05-21 10:17:36;28.77
2026-05-21 10:17:51;28.76
2026-05-21 10:18:06;28.72
2026-05-21 10:18:22;28.25
2026-05-21 10:18:37;27.65
2026-05-21 10:18:52;27.13
2026-05-21 10:19:07;27.63
2026-05-21 10:19:23;28.58
2026-05-21 10:19:38;27.89
2026-05-21 10:19:54;27.62
2026-05-21 10:20:09;27.18
2026-05-21 10:20:24;27.71
2026-05-21 10:20:39;28.29
2026-05-21 10:20:55;27.97
2026-05-21 10:21:10;26.87
2026-05-21 10:21:25;26.97
2026-05-21 10:21:40;28.05
2026-05-21 10:21:56;27.15
2026-05-21 10:22:13;26.51
2026-05-21 10:22:26;27.72
2026-05-21 10:22:41;28.15
2026-05-21 10:22:57;28.07
2026-05-21 10:23:12;27.99
2026-05-21 10:23:27;27.95
2026-05-21 10:23:42;27.7
2026-05-21 10:23:58;27.77
2026-05-21 10:24:13;27.52
2026-05-21 10:24:28;27.22
2026-05-21 10:24:43;26.64
2026-05-21 10:24:59;26.04
2026-05-21 10:25:14;25.35
2026-05-21 10:25:29;25.4
2026-05-21 10:25:44;24.97
2026-05-21 10:26:00;17.88
2026-05-21 10:26:15;22.83
2026-05-21 10:26:30;22.72
2026-05-21 10:26:45;22.49
2026-05-21 10:27:01;22.07
2026-05-21 10:27:16;21.86
2026-05-21 10:27:31;21.47
2026-05-21 10:27:46;20.26
2026-05-21 10:28:02;20.26
2026-05-21 10:28:17;21.07
2026-05-21 10:28:32;21.03
2026-05-21 10:28:47;21.49
2026-05-21 10:29:03;21.86
2026-05-21 10:29:18;21.77
2026-05-21 10:29:33;17.42
2026-05-21 10:29:49;17.96
2026-05-21 10:30:04;6.04
2026-05-21 10:30:19;20.38
2026-05-21 10:30:35;20.06
2026-05-21 10:30:50;20.11
2026-05-21 10:31:05;17.45
2026-05-21 10:31:20;10.88
2026-05-21 10:31:35;12.57
2026-05-21 10:31:50;16.19
2026-05-21 10:32:06;15.97
2026-05-21 10:32:21;14.97
2026-05-21 10:32:37;13.06
2026-05-21 10:32:51;9.21
2026-05-21 10:33:07;8.27
2026-05-21 10:33:22;7.74
2026-05-21 10:33:38;7.45
2026-05-21 10:33:53;7.27
2026-05-21 10:34:08;7.2
2026-05-21 10:34:23;7.41
2026-05-21 10:34:39;9.0
2026-05-21 10:34:54;10.33
2026-05-21 10:35:09;11.33
2026-05-21 10:35:24;11.8
2026-05-21 10:35:40;11.66
2026-05-21 10:35:55;11.39
2026-05-21 10:36:11;11.1
2026-05-21 10:36:26;10.47
2026-05-21 10:36:41;9.22
2026-05-21 10:36:56;9.21
2026-05-21 10:37:12;9.32
2026-05-21 10:37:27;8.48
2026-05-21 10:37:42;8.38
2026-05-21 10:37:57;8.48
2026-05-21 10:38:13;8.49
2026-05-21 10:38:28;8.32
2026-05-21 10:38:43;8.35
2026-05-21 10:38:58;7.9
2026-05-21 10:39:19;7.96
2026-05-21 10:39:29;8.0
2026-05-21 10:39:45;7.81
2026-05-21 10:40:12;7.25
2026-05-21 10:40:15;5.88
2026-05-21 10:40:30;5.05
2026-05-21 10:40:47;4.86
2026-05-21 10:41:01;4.69
2026-05-21 10:41:28;4.43
2026-05-21 10:41:56;3.93
2026-05-21 10:42:21;3.77
2026-05-21 10:42:29;3.65
2026-05-21 10:42:42;3.62
2026-05-21 10:43:00;3.55
2026-05-21 10:43:10;3.54
2026-05-21 10:43:26;3.54
2026-05-21 10:43:41;3.56
2026-05-21 10:43:56;3.6
2026-05-21 10:44:12;3.65
2026-05-21 10:44:26;3.7
2026-05-21 10:44:42;3.75
2026-05-21 10:44:57;3.81
2026-05-21 10:45:13;3.88
2026-05-21 10:45:28;3.92
2026-05-21 10:45:43;3.97
2026-05-21 10:45:59;4.03
2026-05-21 10:46:14;4.09
2026-05-21 10:46:29;4.16
2026-05-21 10:46:44;4.2
2026-05-21 10:46:59;4.23
2026-05-21 10:47:13;4.25
2026-05-21 10:47:28;4.28
2026-05-21 10:47:43;4.32
2026-05-21 10:48:00;4.35
2026-05-21 10:48:14;4.4
2026-05-21 10:48:29;4.49
2026-05-21 10:48:43;4.58
2026-05-21 10:48:59;4.72
2026-05-21 10:49:22;4.92
2026-05-21 10:49:36;5.18
2026-05-21 10:49:47;5.5
2026-05-21 10:50:07;0.0
2026-05-21 10:50:27;5.8
2026-05-21 10:50:38;5.66
2026-05-21 10:50:53;5.28
2026-05-21 10:51:07;4.86
2026-05-21 10:51:22;4.55
2026-05-21 10:51:39;4.45
2026-05-21 10:51:52;4.43
2026-05-21 10:52:08;4.36
2026-05-21 10:52:22;4.33
2026-05-21 10:52:37;4.41
2026-05-21 10:52:56;4.56
2026-05-21 10:53:08;4.49
2026-05-21 10:53:23;3.98
2026-05-21 10:53:38;3.83
2026-05-21 10:53:53;3.85
2026-05-21 10:54:07;3.78
2026-05-21 10:54:22;3.74
2026-05-21 10:54:38;3.7
2026-05-21 10:54:53;3.69
2026-05-21 10:55:08;3.68
2026-05-21 10:55:23;3.66
2026-05-21 10:55:37;3.65
2026-05-21 10:55:53;3.64
2026-05-21 10:56:08;3.63
2026-05-21 10:56:23;3.62
2026-05-21 10:56:38;3.64
2026-05-21 10:56:53;3.65
2026-05-21 10:57:08;3.69
2026-05-21 10:57:23;3.76
2026-05-21 10:57:40;3.87
2026-05-21 10:57:53;3.97
2026-05-21 10:58:08;4.09
2026-05-21 10:58:23;4.25
2026-05-21 10:58:38;4.58
2026-05-21 10:58:55;4.98
2026-05-21 10:59:08;5.1
2026-05-21 10:59:23;5.09
2026-05-21 10:59:42;5.26
2026-05-21 10:59:53;5.3
2026-05-21 11:00:30;6.47
2026-05-21 11:00:44;6.12
2026-05-21 11:01:00;5.22
2026-05-21 11:01:15;5.31
2026-05-21 11:01:30;5.59
2026-05-21 11:01:45;6.1
2026-05-21 11:02:00;6.38
2026-05-21 11:02:15;8.35
2026-05-21 11:02:30;7.43
2026-05-21 11:02:45;8.55
2026-05-21 11:03:01;7.92
2026-05-21 11:03:15;7.9
2026-05-21 11:03:30;8.07
2026-05-21 11:04:01;8.49
2026-05-21 11:04:16;8.94
2026-05-21 11:04:31;9.51
2026-05-21 11:04:46;10.45
2026-05-21 11:05:01;11.91
2026-05-21 11:05:16;13.79
2026-05-21 11:05:31;15.5
2026-05-21 11:05:47;16.76
2026-05-21 11:06:01;17.92
2026-05-21 11:06:16;19.27
2026-05-21 11:06:31;20.3
2026-05-21 11:06:46;19.89
2026-05-21 11:07:01;18.97
2026-05-21 11:07:16;18.67
2026-05-21 11:07:31;18.3
2026-05-21 11:07:46;17.98
2026-05-21 11:08:01;17.32
2026-05-21 11:08:16;16.68
2026-05-21 11:08:31;17.2
2026-05-21 11:08:47;17.92
2026-05-21 11:09:02;18.68
2026-05-21 11:09:18;20.52
2026-05-21 11:09:32;21.5
2026-05-21 11:09:48;21.84
2026-05-21 11:10:03;21.61
2026-05-21 11:10:18;19.28
2026-05-21 11:10:33;18.34
2026-05-21 11:10:49;17.94
2026-05-21 11:11:04;18.44
2026-05-21 11:11:20;18.37
2026-05-21 11:11:35;17.45
2026-05-21 11:11:50;17.15
2026-05-21 11:12:05;16.93
2026-05-21 11:12:21;16.74
2026-05-21 11:12:43;17.14
2026-05-21 11:12:51;17.98
2026-05-21 11:13:10;17.58
2026-05-21 11:13:25;0.01
2026-05-21 11:13:57;18.43
2026-05-21 11:14:08;18.79
2026-05-21 11:14:23;19.05
2026-05-21 11:14:41;18.81
2026-05-21 11:14:54;18.91
2026-05-21 11:15:09;19.19
2026-05-21 11:15:24;18.44
2026-05-21 11:15:40;19.03
2026-05-21 11:15:55;19.14
2026-05-21 11:16:11;19.2
2026-05-21 11:16:26;19.36
2026-05-21 11:16:41;19.21
2026-05-21 11:16:56;18.01
2026-05-21 11:17:12;19.47
2026-05-21 11:17:27;19.82
2026-05-21 11:17:42;19.39
2026-05-21 11:17:57;19.89
2026-05-21 11:18:13;19.91
2026-05-21 11:18:28;20.04
2026-05-21 11:18:43;22.03
2026-05-21 11:18:58;22.28
2026-05-21 11:19:14;20.04
2026-05-21 11:19:29;21.5
2026-05-21 11:19:44;23.98
2026-05-21 11:19:59;21.46
2026-05-21 11:20:15;17.93
2026-05-21 11:20:30;21.54
2026-05-21 11:20:45;22.13
2026-05-21 11:21:00;6.61
2026-05-21 11:21:16;11.61
2026-05-21 11:21:31;22.7
2026-05-21 11:21:46;23.57
2026-05-21 11:22:01;22.69
2026-05-21 11:22:17;23.02
2026-05-21 11:22:33;23.55
2026-05-21 11:22:48;23.67
2026-05-21 11:23:04;18.36
2026-05-21 11:23:19;25.36
2026-05-21 11:23:35;18.24
2026-05-21 11:23:51;6.03
2026-05-21 11:24:06;22.28
2026-05-21 11:24:22;25.09
2026-05-21 11:24:37;23.99
2026-05-21 11:24:53;25.27
2026-05-21 11:25:08;0.0
2026-05-21 11:25:25;8.47
2026-05-21 11:25:40;7.91
2026-05-21 11:25:56;7.04
2026-05-21 11:26:11;0.0
2026-05-21 11:26:29;12.48
2026-05-21 11:27:31;12.31
2026-05-21 11:27:46;22.93
2026-05-21 11:28:03;5.53
2026-05-21 11:28:20;9.21
2026-05-21 11:28:33;22.78
2026-05-21 11:28:49;26.44
2026-05-21 11:29:05;26.68
2026-05-21 11:29:20;26.48
2026-05-21 11:29:36;26.61
2026-05-21 11:29:51;26.7
2026-05-21 11:30:08;26.71
2026-05-21 11:30:23;26.87
2026-05-21 11:30:38;26.91
2026-05-21 11:30:54;26.95
2026-05-21 11:31:11;26.8
2026-05-21 11:31:25;26.82
2026-05-21 11:31:40;26.74
2026-05-21 11:31:56;26.57
2026-05-21 11:32:12;26.56
2026-05-21 11:32:27;25.82
2026-05-21 11:32:43;26.19
2026-05-21 11:33:13;26.49
2026-05-21 11:33:29;25.88
2026-05-21 11:33:45;23.83
2026-05-21 11:34:00;15.27
2026-05-21 11:34:16;13.73
2026-05-21 11:34:31;14.69
2026-05-21 11:34:47;9.97
2026-05-21 11:35:02;11.89
2026-05-21 11:35:18;21.23
2026-05-21 11:35:33;21.33
2026-05-21 11:35:49;26.59
2026-05-21 11:36:04;26.81
2026-05-21 11:36:20;27.45
2026-05-21 11:36:36;27.77
2026-05-21 11:36:51;27.62
2026-05-21 11:37:07;27.61
2026-05-21 11:37:22;27.06
2026-05-21 11:37:38;27.22
2026-05-21 11:37:54;25.57
2026-05-21 11:38:09;25.38
2026-05-21 11:38:25;25.37
2026-05-21 11:38:40;25.47
2026-05-21 11:38:56;23.91
2026-05-21 11:39:11;8.99
2026-05-21 11:39:27;9.07
2026-05-21 11:39:43;10.77
2026-05-21 11:39:58;20.28
2026-05-21 11:40:13;25.99
2026-05-21 11:40:28;24.56
2026-05-21 11:40:44;21.68
2026-05-21 11:40:59;8.06
2026-05-21 11:41:14;7.47
2026-05-21 11:41:29;7.3
2026-05-21 11:41:45;7.28
2026-05-21 11:42:00;7.33
2026-05-21 11:42:15;7.58
2026-05-21 11:42:31;8.22
2026-05-21 11:42:46;16.53
2026-05-21 11:43:01;12.26
2026-05-21 11:43:16;9.58
2026-05-21 11:43:31;11.78
2026-05-21 11:43:47;9.93
2026-05-21 11:44:02;10.07
2026-05-21 11:44:17;9.9
2026-05-21 11:44:32;9.79
2026-05-21 11:44:48;10.0
2026-05-21 11:45:03;10.18
2026-05-21 11:45:18;10.66
2026-05-21 11:45:33;10.23
2026-05-21 11:45:49;10.3
2026-05-21 11:46:04;10.31
2026-05-21 11:46:20;10.29
2026-05-21 11:46:35;10.23
2026-05-21 11:46:50;10.23
2026-05-21 11:47:05;10.48
2026-05-21 11:47:21;10.56
2026-05-21 11:47:36;10.43
2026-05-21 11:47:52;10.59
2026-05-21 11:48:06;14.66
2026-05-21 11:48:22;14.91
2026-05-21 11:48:37;11.25
2026-05-21 11:48:53;10.46
2026-05-21 11:49:08;10.22
2026-05-21 11:49:23;10.1
2026-05-21 11:49:38;9.99
2026-05-21 11:49:54;10.05
2026-05-21 11:50:09;10.54
2026-05-21 11:50:24;10.28
2026-05-21 11:50:39;14.83
2026-05-21 11:50:55;13.05
2026-05-21 11:51:10;11.42
2026-05-21 11:51:26;13.49
2026-05-21 11:51:41;17.91
2026-05-21 11:51:56;9.63
2026-05-21 11:52:11;9.28
2026-05-21 11:52:27;8.95
2026-05-21 11:52:42;8.69
2026-05-21 11:52:58;8.53
2026-05-21 11:53:12;8.31
2026-05-21 11:53:28;8.21
2026-05-21 11:53:43;8.11
2026-05-21 11:53:59;8.01
2026-05-21 11:54:14;7.99
2026-05-21 11:54:29;7.96
2026-05-21 11:54:44;7.95
2026-05-21 11:55:00;8.17
2026-05-21 11:55:15;8.53
2026-05-21 11:55:30;8.58
2026-05-21 11:55:45;8.57
2026-05-21 11:56:01;8.61
2026-05-21 11:56:16;8.8
2026-05-21 11:56:32;9.14
2026-05-21 11:56:47;9.83
2026-05-21 11:57:02;14.2
2026-05-21 11:57:17;14.07
2026-05-21 11:57:33;10.91
2026-05-21 11:57:48;10.17
2026-05-21 11:58:04;9.63
2026-05-21 11:58:19;9.34
2026-05-21 11:58:34;9.14
2026-05-21 11:58:49;9.06
2026-05-21 11:59:05;9.3
2026-05-21 11:59:20;9.0
2026-05-21 11:59:36;8.83
2026-05-21 11:59:51;8.52
2026-05-21 12:00:06;8.36
2026-05-21 12:00:21;8.23
2026-05-21 12:00:37;8.17
2026-05-21 12:00:52;8.17
2026-05-21 12:01:08;8.14
2026-05-21 12:01:23;8.4
2026-05-21 12:01:38;8.37
2026-05-21 12:01:53;8.58
2026-05-21 12:02:09;8.88
2026-05-21 12:02:24;9.36
2026-05-21 12:02:40;11.69
2026-05-21 12:02:55;14.02
2026-05-21 12:03:10;15.21
2026-05-21 12:03:25;18.3
2026-05-21 12:03:41;21.52
2026-05-21 12:03:56;20.36
2026-05-21 12:04:12;17.81
2026-05-21 12:04:26;15.15
2026-05-21 12:04:42;17.45
2026-05-21 12:04:57;20.63
2026-05-21 12:05:13;18.28
2026-05-21 12:05:28;21.75
2026-05-21 12:05:43;26.65
2026-05-21 12:05:58;0.0
2026-05-21 12:06:14;0.01
2026-05-21 12:06:29;21.18
2026-05-21 12:06:45;12.98
2026-05-21 12:07:00;12.56
2026-05-21 12:07:15;15.26
2026-05-21 12:07:30;15.09
2026-05-21 12:07:46;12.71
2026-05-21 12:08:01;11.31
2026-05-21 12:08:16;10.79
2026-05-21 12:08:31;10.72
2026-05-21 12:08:47;10.61
2026-05-21 12:09:02;10.15
2026-05-21 12:09:18;9.74
2026-05-21 12:09:33;9.36
2026-05-21 12:09:48;9.07
2026-05-21 12:10:03;8.72
2026-05-21 12:10:19;8.34
2026-05-21 12:10:36;8.05
2026-05-21 12:10:49;7.79
2026-05-21 12:11:04;7.5
2026-05-21 12:11:20;7.21
2026-05-21 12:11:35;6.95
2026-05-21 12:12:06;6.6
2026-05-21 12:12:21;6.49
2026-05-21 12:12:38;6.41
2026-05-21 12:12:52;6.4
2026-05-21 12:13:07;6.43
2026-05-21 12:13:23;6.47
2026-05-21 12:13:38;6.61
2026-05-21 12:13:53;6.74
2026-05-21 12:14:09;7.31
2026-05-21 12:14:24;7.25
2026-05-21 12:14:39;10.33
2026-05-21 12:14:54;14.13
2026-05-21 12:15:10;16.06
2026-05-21 12:15:31;8.48
2026-05-21 12:15:41;6.8
2026-05-21 12:15:56;6.7
2026-05-21 12:16:11;6.61
2026-05-21 12:16:26;6.41
2026-05-21 12:16:42;6.19
2026-05-21 12:16:57;6.03
2026-05-21 12:17:26;5.96
2026-05-21 12:17:28;5.98
2026-05-21 12:18:25;6.48
2026-05-21 12:18:41;6.59
2026-05-21 12:18:56;6.73
2026-05-21 12:19:11;6.81
2026-05-21 12:19:27;6.88
2026-05-21 12:19:42;7.04
2026-05-21 12:19:57;7.3
2026-05-21 12:20:13;7.55
2026-05-21 12:20:28;7.8
2026-05-21 12:20:43;7.94
2026-05-21 12:20:58;8.1
2026-05-21 12:21:14;8.26
2026-05-21 12:21:29;8.0
2026-05-21 12:21:45;7.88
2026-05-21 12:22:00;7.78
2026-05-21 12:22:15;7.67
2026-05-21 12:22:30;7.56
2026-05-21 12:22:46;7.46
2026-05-21 12:23:01;7.36
2026-05-21 12:23:17;7.26
2026-05-21 12:23:32;7.15
2026-05-21 12:23:47;7.07
2026-05-21 12:24:02;7.03
2026-05-21 12:24:18;7.02
2026-05-21 12:24:33;7.04
2026-05-21 12:24:49;7.08
2026-05-21 12:25:04;7.11
2026-05-21 12:25:19;7.08
2026-05-21 12:25:34;6.69
2026-05-21 12:25:49;6.5
2026-05-21 12:26:04;6.37
2026-05-21 12:26:19;6.24
2026-05-21 12:26:34;6.08
2026-05-21 12:26:50;5.95
2026-05-21 12:27:04;5.86
2026-05-21 12:27:19;5.78
2026-05-21 12:27:34;5.71
2026-05-21 12:27:49;5.66
2026-05-21 12:28:04;5.66
2026-05-21 12:28:19;5.72
2026-05-21 12:28:35;5.92
2026-05-21 12:28:49;6.25
2026-05-21 12:29:04;6.58
2026-05-21 12:29:19;7.11
2026-05-21 12:29:34;7.31
2026-05-21 12:29:49;7.52
2026-05-21 12:30:04;8.4
2026-05-21 12:30:19;9.13
2026-05-21 12:30:34;7.84
2026-05-21 12:30:49;7.93
2026-05-21 12:31:04;8.04
2026-05-21 12:31:19;9.52
2026-05-21 12:31:34;8.34
2026-05-21 12:31:49;7.51
2026-05-21 12:32:04;7.29
2026-05-21 12:32:19;7.18
2026-05-21 12:32:34;7.1
2026-05-21 12:32:49;7.01
2026-05-21 12:33:04;7.0
2026-05-21 12:33:19;7.06
2026-05-21 12:33:35;7.13
2026-05-21 12:33:49;7.18
2026-05-21 12:34:04;7.16
2026-05-21 12:34:20;7.14
2026-05-21 12:34:35;7.09
2026-05-21 12:34:49;7.05
2026-05-21 12:35:05;7.01
2026-05-21 12:35:20;7.01
2026-05-21 12:35:34;7.05
2026-05-21 12:35:50;7.11
2026-05-21 12:36:10;7.2
2026-05-21 12:37:06;7.93
2026-05-21 12:37:24;8.23
2026-05-21 12:37:36;8.46
2026-05-21 12:37:51;8.53
2026-05-21 12:38:06;9.0
2026-05-21 12:38:21;8.79
2026-05-21 12:38:36;8.85
2026-05-21 12:38:51;9.05
2026-05-21 12:39:06;9.05
2026-05-21 12:39:21;9.09
2026-05-21 12:39:36;8.89
2026-05-21 12:39:51;8.7
2026-05-21 12:40:06;8.54
2026-05-21 12:40:21;8.43
2026-05-21 12:40:36;8.28
2026-05-21 12:40:51;8.11
2026-05-21 12:41:06;7.92
2026-05-21 12:41:21;7.7
2026-05-21 12:41:36;7.48
2026-05-21 12:41:51;7.31
2026-05-21 12:42:06;7.18
2026-05-21 12:42:21;7.09
2026-05-21 12:42:36;7.04
2026-05-21 12:42:51;7.01
2026-05-21 12:43:06;7.01
2026-05-21 12:43:21;7.0
2026-05-21 12:43:36;7.0
2026-05-21 12:43:51;6.99
2026-05-21 12:44:06;6.96
2026-05-21 12:44:21;6.94
2026-05-21 12:44:36;6.95
2026-05-21 12:44:51;6.97
2026-05-21 12:45:06;6.99
2026-05-21 12:45:21;7.03
2026-05-21 12:45:36;7.08
2026-05-21 12:45:51;7.12
2026-05-21 12:46:06;7.18
2026-05-21 12:46:21;7.34
2026-05-21 12:46:36;7.56
2026-05-21 12:46:51;7.79
2026-05-21 12:47:06;8.18
2026-05-21 12:47:21;8.74
2026-05-21 12:47:36;11.29
2026-05-21 12:47:51;11.27
2026-05-21 12:48:06;20.06
2026-05-21 12:48:21;20.61
2026-05-21 12:48:36;16.54
2026-05-21 12:48:51;0.97
2026-05-21 12:49:06;22.11
2026-05-21 12:49:22;24.22
2026-05-21 12:49:37;24.88
2026-05-21 12:49:52;24.61
2026-05-21 12:50:08;24.47
2026-05-21 12:50:23;23.25
2026-05-21 12:50:38;21.98
2026-05-21 12:50:54;11.66
2026-05-21 12:51:09;0.0
2026-05-21 12:51:24;23.2
2026-05-21 12:51:39;0.0
2026-05-21 12:51:55;19.76
2026-05-21 12:52:10;22.64
2026-05-21 12:52:26;21.06
2026-05-21 12:52:41;0.94
2026-05-21 12:52:56;13.87
2026-05-21 12:53:11;19.78
2026-05-21 12:53:27;0.0
2026-05-21 12:53:42;20.18
2026-05-21 12:53:57;20.12
2026-05-21 12:54:12;20.2
2026-05-21 12:54:28;20.22
2026-05-21 12:54:57;20.02
2026-05-21 12:54:59;19.86
2026-05-21 12:55:15;19.98
2026-05-21 12:55:31;19.76
2026-05-21 12:55:44;18.98
2026-05-21 12:56:00;18.21
2026-05-21 12:56:15;18.11
2026-05-21 12:56:30;18.04
2026-05-21 12:56:45;17.75
2026-05-21 12:57:01;16.79
2026-05-21 12:57:16;16.68
2026-05-21 12:57:32;16.88
2026-05-21 12:57:47;16.49
2026-05-21 12:58:02;16.55
2026-05-21 12:58:17;16.11
2026-05-21 12:58:33;15.69
2026-05-21 12:58:48;15.95
2026-05-21 12:59:03;16.22
2026-05-21 12:59:18;16.37
2026-05-21 12:59:34;16.52
2026-05-21 12:59:49;16.88
2026-05-21 13:00:05;17.08
2026-05-21 13:00:20;17.33
2026-05-21 13:00:35;17.32
2026-05-21 13:00:50;17.62
2026-05-21 13:01:06;17.5
2026-05-21 13:01:21;17.46
2026-05-21 13:01:36;17.29
2026-05-21 13:01:51;17.22
2026-05-21 13:02:07;17.38
2026-05-21 13:02:22;17.51
2026-05-21 13:02:38;17.37
2026-05-21 13:02:53;17.11
2026-05-21 13:03:08;17.12
2026-05-21 13:03:23;17.25
2026-05-21 13:03:39;17.19
2026-05-21 13:03:54;17.1
2026-05-21 13:04:09;16.85
2026-05-21 13:04:24;16.7
2026-05-21 13:04:40;16.81
2026-05-21 13:04:55;17.36
2026-05-21 13:05:11;17.66
2026-05-21 13:05:26;17.81
2026-05-21 13:05:41;17.45
2026-05-21 13:05:56;16.9
2026-05-21 13:06:12;16.37
2026-05-21 13:06:27;16.37
2026-05-21 13:06:42;16.6
2026-05-21 13:06:58;16.86
2026-05-21 13:07:13;17.0
2026-05-21 13:07:29;17.08
2026-05-21 13:07:44;17.12
2026-05-21 13:07:59;16.87
2026-05-21 13:08:15;16.58
2026-05-21 13:08:30;16.2
2026-05-21 13:08:45;16.09
2026-05-21 13:09:00;16.06
2026-05-21 13:09:15;12.26
2026-05-21 13:09:31;8.21
2026-05-21 13:09:46;7.96
2026-05-21 13:10:02;7.87
2026-05-21 13:10:17;7.84
2026-05-21 13:10:32;7.87
2026-05-21 13:10:47;7.96
2026-05-21 13:11:03;8.11
2026-05-21 13:11:18;9.4
2026-05-21 13:11:33;12.11
2026-05-21 13:11:48;13.7
2026-05-21 13:12:04;13.79
2026-05-21 13:12:19;14.91
2026-05-21 13:12:35;15.59
2026-05-21 13:12:50;15.9
2026-05-21 13:13:05;16.22
2026-05-21 13:13:20;16.31
2026-05-21 13:13:36;16.28
2026-05-21 13:13:51;16.12
2026-05-21 13:14:06;16.05
2026-05-21 13:14:21;15.98
2026-05-21 13:14:37;16.08
2026-05-21 13:14:52;16.17
2026-05-21 13:15:08;15.89
2026-05-21 13:15:23;15.59
2026-05-21 13:15:38;15.48
2026-05-21 13:15:53;15.34
2026-05-21 13:16:09;15.13
2026-05-21 13:16:24;15.37
2026-05-21 13:16:39;15.53
2026-05-21 13:16:54;14.85
2026-05-21 13:17:10;14.73
2026-05-21 13:17:25;14.52
2026-05-21 13:17:41;14.27
2026-05-21 13:17:56;14.0
2026-05-21 13:18:11;13.69
2026-05-21 13:18:26;13.26
2026-05-21 13:18:42;12.77
2026-05-21 13:18:57;12.36
2026-05-21 13:19:12;12.23
2026-05-21 13:19:27;11.93
2026-05-21 13:19:43;12.07
2026-05-21 13:19:58;11.87
2026-05-21 13:20:14;11.58
2026-05-21 13:20:29;10.93
2026-05-21 13:20:44;10.86
2026-05-21 13:20:59;11.11
2026-05-21 13:21:15;11.04
2026-05-21 13:21:30;10.69
2026-05-21 13:21:45;10.57
2026-05-21 13:22:01;10.44
2026-05-21 13:22:16;10.2
2026-05-21 13:22:31;9.98
2026-05-21 13:22:47;9.53
2026-05-21 13:23:02;9.3
2026-05-21 13:23:17;8.54
2026-05-21 13:23:32;8.16
2026-05-21 13:23:48;8.25
2026-05-21 13:24:03;8.95
2026-05-21 13:24:26;10.33
2026-05-21 13:24:34;11.24
2026-05-21 13:24:49;11.76
2026-05-21 13:25:04;12.12
2026-05-21 13:25:20;12.44
2026-05-21 13:25:37;12.66
2026-05-21 13:25:50;12.51
2026-05-21 13:26:05;11.66
2026-05-21 13:26:21;12.16
2026-05-21 13:26:36;13.24
2026-05-21 13:26:52;13.74
2026-05-21 13:27:12;13.98
2026-05-21 13:27:22;14.13
2026-05-21 13:27:37;14.05
2026-05-21 13:27:53;14.03
2026-05-21 13:28:08;13.96
2026-05-21 13:28:23;14.05
2026-05-21 13:28:38;14.02
2026-05-21 13:28:54;13.75
2026-05-21 13:29:09;13.32
2026-05-21 13:29:25;10.87
2026-05-21 13:29:40;8.28
2026-05-21 13:29:55;8.1
2026-05-21 13:30:10;8.09
2026-05-21 13:30:26;8.29
2026-05-21 13:30:41;8.79
2026-05-21 13:30:56;8.45
2026-05-21 13:31:11;10.14
2026-05-21 13:31:27;11.59
2026-05-21 13:31:42;13.75
2026-05-21 13:31:58;14.77
2026-05-21 13:32:13;15.25
2026-05-21 13:32:28;15.14
2026-05-21 13:32:43;11.65
2026-05-21 13:32:59;14.08
2026-05-21 13:33:14;14.19
2026-05-21 13:33:29;2.38
2026-05-21 13:33:44;16.68
2026-05-21 13:34:00;0.0
2026-05-21 13:34:15;16.57
2026-05-21 13:34:31;15.33
2026-05-21 13:34:46;12.52
2026-05-21 13:35:01;11.57
2026-05-21 13:35:17;7.84
2026-05-21 13:35:32;7.3
2026-05-21 13:35:47;5.69
2026-05-21 13:36:03;5.15
2026-05-21 13:36:17;4.82
2026-05-21 13:36:33;4.62
2026-05-21 13:36:48;4.6
2026-05-21 13:37:04;4.41
2026-05-21 13:37:19;4.28
2026-05-21 13:37:34;4.21
2026-05-21 13:37:49;4.08
2026-05-21 13:38:05;4.0
2026-05-21 13:38:20;3.96
2026-05-21 13:38:36;3.94
2026-05-21 13:38:51;3.91
2026-05-21 13:39:06;3.88
2026-05-21 13:39:22;3.86
2026-05-21 13:39:37;3.85
2026-05-21 13:39:52;3.83
2026-05-21 13:40:08;3.8
2026-05-21 13:40:23;3.77
2026-05-21 13:40:38;3.74
2026-05-21 13:40:53;3.71
2026-05-21 13:41:09;3.68
2026-05-21 13:41:24;3.65
2026-05-21 13:41:40;3.62
2026-05-21 13:41:55;3.59
2026-05-21 13:42:10;3.57
2026-05-21 13:42:26;3.54
2026-05-21 13:42:41;3.53
2026-05-21 13:42:56;3.5
2026-05-21 13:43:11;3.49
2026-05-21 13:43:26;3.47
2026-05-21 13:43:41;3.46
2026-05-21 13:43:56;3.44
2026-05-21 13:44:11;3.43
2026-05-21 13:44:26;3.43
2026-05-21 13:44:41;3.41
2026-05-21 13:44:56;3.41
2026-05-21 13:45:11;3.4
2026-05-21 13:45:26;3.4
2026-05-21 13:45:42;3.4
2026-05-21 13:45:56;3.4
2026-05-21 13:46:11;3.4
2026-05-21 13:46:26;3.41
2026-05-21 13:46:41;3.41
2026-05-21 13:46:56;3.41
2026-05-21 13:47:11;3.42
2026-05-21 13:47:26;3.43
2026-05-21 13:47:41;3.43
2026-05-21 13:47:56;3.44
2026-05-21 13:48:11;3.45
2026-05-21 13:48:26;3.46
2026-05-21 13:48:41;3.47
2026-05-21 13:48:56;3.48
2026-05-21 13:49:11;3.5
2026-05-21 13:49:26;3.51
2026-05-21 13:49:41;3.53
2026-05-21 13:49:56;3.55
2026-05-21 13:50:11;3.57
2026-05-21 13:50:28;3.58
2026-05-21 13:50:41;3.6
2026-05-21 13:50:56;3.62
2026-05-21 13:51:11;3.64
2026-05-21 13:51:26;3.66
2026-05-21 13:51:41;3.67
2026-05-21 13:51:56;3.69
2026-05-21 13:52:11;3.71
2026-05-21 13:52:26;3.73
2026-05-21 13:52:41;3.75
2026-05-21 13:52:56;3.77
2026-05-21 13:53:11;3.79
2026-05-21 13:53:26;3.81
2026-05-21 13:53:41;3.83
2026-05-21 13:53:56;3.85
2026-05-21 13:54:11;3.87
2026-05-21 13:54:26;3.88
2026-05-21 13:54:42;3.9
2026-05-21 13:54:56;3.92
2026-05-21 13:55:11;3.94
2026-05-21 13:55:27;3.96
2026-05-21 13:55:41;3.97
2026-05-21 13:55:56;3.99
2026-05-21 13:56:12;4.0
2026-05-21 13:56:26;4.02
2026-05-21 13:56:41;4.02
2026-05-21 13:56:56;4.03
2026-05-21 13:57:11;4.04
2026-05-21 13:57:27;4.05
2026-05-21 13:57:42;4.07
2026-05-21 13:57:57;4.08
2026-05-21 13:58:12;4.08
2026-05-21 13:58:27;4.09
2026-05-21 13:58:42;4.1
2026-05-21 13:58:57;4.1
2026-05-21 13:59:12;4.11
2026-05-21 13:59:27;4.12
2026-05-21 13:59:42;4.12
2026-05-21 13:59:57;4.13
2026-05-21 14:00:12;4.13
2026-05-21 14:00:27;4.14
2026-05-21 14:00:42;4.15
2026-05-21 14:00:57;4.15
2026-05-21 14:01:19;4.14
2026-05-21 14:01:27;4.16
2026-05-21 14:01:42;4.16
2026-05-21 14:01:57;4.16
2026-05-21 14:02:12;4.16
2026-05-21 14:02:31;0.0
2026-05-21 14:02:53;4.17
2026-05-21 14:02:57;4.17
2026-05-21 14:03:12;4.18
2026-05-21 14:03:27;4.18
2026-05-21 14:03:42;4.18
2026-05-21 14:03:58;4.18
2026-05-21 14:04:12;4.18
2026-05-21 14:04:27;4.19
2026-05-21 14:04:42;4.19
2026-05-21 14:04:57;4.19
2026-05-21 14:05:12;4.2
2026-05-21 14:05:27;4.2
2026-05-21 14:05:42;4.2
2026-05-21 14:06:03;4.19
2026-05-21 14:06:13;4.19
2026-05-21 14:07:48;4.18
2026-05-21 14:08:33;4.16
2026-05-21 14:08:48;4.15
2026-05-21 14:09:03;4.14
2026-05-21 14:09:18;4.12
2026-05-21 14:09:33;4.11
2026-05-21 14:09:48;4.1
2026-05-21 14:10:03;4.09
2026-05-21 14:10:19;4.07
2026-05-21 14:10:34;4.07
2026-05-21 14:10:49;4.06
2026-05-21 14:11:04;4.04
2026-05-21 14:11:19;4.03
2026-05-21 14:11:34;4.02
2026-05-21 14:12:04;4.0
2026-05-21 14:12:19;3.99
2026-05-21 14:12:34;3.98
2026-05-21 14:12:49;3.98
2026-05-21 14:13:04;3.97
2026-05-21 14:13:19;3.96
2026-05-21 14:13:34;3.95
2026-05-21 14:13:49;3.94
2026-05-21 14:14:04;3.94
2026-05-21 14:14:19;3.94
2026-05-21 14:14:34;3.93
2026-05-21 14:14:49;3.92
2026-05-21 14:15:04;3.92
2026-05-21 14:15:23;3.92
2026-05-21 14:15:34;3.92
2026-05-21 14:15:50;3.91
2026-05-21 14:16:04;3.91
2026-05-21 14:16:19;3.91
2026-05-21 14:16:35;3.92
2026-05-21 14:16:49;3.92
2026-05-21 14:17:05;3.92
2026-05-21 14:17:20;3.92
2026-05-21 14:17:35;3.92
2026-05-21 14:17:50;3.91
2026-05-21 14:18:05;3.92
2026-05-21 14:18:20;3.91
2026-05-21 14:18:36;3.92
2026-05-21 14:18:50;3.92
2026-05-21 14:19:05;3.92
2026-05-21 14:19:20;3.91
2026-05-21 14:19:35;3.91
2026-05-21 14:19:50;3.9
2026-05-21 14:20:05;3.89
2026-05-21 14:20:20;3.89
2026-05-21 14:20:35;3.88
2026-05-21 14:20:50;3.87
2026-05-21 14:21:05;3.86
2026-05-21 14:21:20;3.85
2026-05-21 14:21:35;3.84
2026-05-21 14:21:50;3.83
2026-05-21 14:22:05;3.81
2026-05-21 14:22:20;3.8
2026-05-21 14:22:35;3.79
2026-05-21 14:22:50;3.77
2026-05-21 14:23:05;3.76
2026-05-21 14:23:20;3.74
2026-05-21 14:23:36;3.73
2026-05-21 14:23:50;3.72
2026-05-21 14:24:05;3.71
2026-05-21 14:24:20;3.71
2026-05-21 14:24:35;3.71
2026-05-21 14:24:50;3.72
2026-05-21 14:25:05;3.73
2026-05-21 14:25:20;3.73
2026-05-21 14:25:35;3.74
2026-05-21 14:25:50;3.75
2026-05-21 14:26:05;3.76
2026-05-21 14:26:21;3.77
2026-05-21 14:26:36;3.77
2026-05-21 14:26:51;3.78
2026-05-21 14:27:06;3.79
2026-05-21 14:27:21;3.79
2026-05-21 14:27:36;3.79
2026-05-21 14:27:51;3.79
2026-05-21 14:28:06;3.78
2026-05-21 14:28:21;3.78
2026-05-21 14:28:38;3.78
2026-05-21 14:28:51;3.77
2026-05-21 14:29:06;3.78
2026-05-21 14:29:21;3.78
2026-05-21 14:29:36;3.78
2026-05-21 14:29:51;3.78
2026-05-21 14:30:06;3.77
2026-05-21 14:30:21;3.78
2026-05-21 14:30:36;3.78
2026-05-21 14:30:51;3.78
2026-05-21 14:31:06;3.78
2026-05-21 14:31:22;3.79
2026-05-21 14:31:36;3.79
2026-05-21 14:31:51;3.79
2026-05-21 14:32:06;3.79
2026-05-21 14:32:21;3.81
2026-05-21 14:32:36;3.8
2026-05-21 14:32:51;3.81
2026-05-21 14:33:06;3.81
2026-05-21 14:33:21;3.81
2026-05-21 14:33:36;3.81
2026-05-21 14:33:51;3.81
2026-05-21 14:34:07;3.81
2026-05-21 14:34:21;3.82
2026-05-21 14:34:37;3.81
2026-05-21 14:34:51;3.81
2026-05-21 14:35:06;3.81
2026-05-21 14:35:22;3.81
2026-05-21 14:35:37;3.81
2026-05-21 14:35:52;3.81
2026-05-21 14:36:07;3.81
2026-05-21 14:36:22;3.81
2026-05-21 14:36:37;3.8
2026-05-21 14:36:52;3.8
2026-05-21 14:37:08;3.81
2026-05-21 14:37:22;3.8
2026-05-21 14:37:37;3.81
2026-05-21 14:37:52;3.8
2026-05-21 14:38:07;3.81
2026-05-21 14:38:22;3.8
2026-05-21 14:38:37;3.8
2026-05-21 14:38:52;3.8
2026-05-21 14:39:07;3.8
2026-05-21 14:39:22;3.8
2026-05-21 14:39:37;3.8
2026-05-21 14:39:52;3.8
2026-05-21 14:40:07;3.8
2026-05-21 14:40:23;3.8
2026-05-21 14:40:37;3.8
2026-05-21 14:40:52;3.79
2026-05-21 14:41:07;3.79
2026-05-21 14:41:22;3.79
2026-05-21 14:41:37;3.79
2026-05-21 14:41:52;3.79
2026-05-21 14:42:07;3.79
2026-05-21 14:42:22;3.79
2026-05-21 14:42:37;3.79
2026-05-21 14:42:52;3.79
2026-05-21 14:43:07;3.79
2026-05-21 14:43:22;3.79
2026-05-21 14:43:37;3.8
2026-05-21 14:43:53;3.79
2026-05-21 14:44:07;3.79
2026-05-21 14:44:23;3.8
2026-05-21 14:44:37;3.79
2026-05-21 14:44:53;3.79
2026-05-21 14:45:08;3.79
2026-05-21 14:45:23;3.78
2026-05-21 14:45:38;3.8
2026-05-21 14:45:53;3.79
2026-05-21 14:46:08;3.79
2026-05-21 14:46:23;3.79
2026-05-21 14:46:38;3.78
2026-05-21 14:46:53;3.78
2026-05-21 14:47:08;3.78
2026-05-21 14:47:23;3.77
2026-05-21 14:47:38;3.78
2026-05-21 14:47:53;3.77
2026-05-21 14:48:08;3.78
2026-05-21 14:48:23;3.77
2026-05-21 14:48:38;3.76
2026-05-21 14:48:53;3.76
2026-05-21 14:49:08;3.76
2026-05-21 14:49:23;3.75
2026-05-21 14:49:38;3.76
2026-05-21 14:49:53;3.75
2026-05-21 14:50:08;3.75
2026-05-21 14:50:23;3.75
2026-05-21 14:50:38;3.75
2026-05-21 14:50:54;3.76
2026-05-21 14:51:08;3.76
2026-05-21 14:51:23;3.77
2026-05-21 14:51:38;3.77
2026-05-21 14:51:53;3.77
2026-05-21 14:52:08;3.78
2026-05-21 14:52:23;3.78
2026-05-21 14:52:39;3.79
2026-05-21 14:52:53;3.79
2026-05-21 14:53:22;3.8
2026-05-21 14:53:37;3.8
2026-05-21 14:53:52;3.82
2026-05-21 14:53:59;3.82
2026-05-21 14:54:10;3.83
2026-05-21 14:54:25;3.83
2026-05-21 14:54:40;3.84
2026-05-21 14:54:55;3.85
2026-05-21 14:55:13;3.85
2026-05-21 14:55:25;3.86
2026-05-21 14:55:40;3.86
2026-05-21 14:55:55;3.87
2026-05-21 14:56:10;3.88
2026-05-21 14:56:33;3.88
2026-05-21 14:56:54;3.9
2026-05-21 14:57:11;0.01
2026-05-21 14:57:26;3.93
2026-05-21 14:57:43;3.94
2026-05-21 14:58:26;3.96
2026-05-21 14:58:42;3.96
2026-05-21 14:58:56;3.98
2026-05-21 14:59:21;3.98
2026-05-21 14:59:28;3.99
2026-05-21 14:59:57;4.0
2026-05-21 14:59:58;4.0
2026-05-21 15:00:11;4.01
2026-05-21 15:00:29;4.01
2026-05-21 15:00:46;3.99
2026-05-21 15:00:56;4.03
2026-05-21 15:01:11;4.04
2026-05-21 15:01:26;4.04
2026-05-21 15:01:41;4.06
2026-05-21 15:01:56;4.06
2026-05-21 15:02:11;4.06
2026-05-21 15:02:26;4.07
2026-05-21 15:02:41;4.08
2026-05-21 15:02:57;4.09
2026-05-21 15:03:11;4.1
2026-05-21 15:03:26;4.11
2026-05-21 15:03:42;4.12
2026-05-21 15:03:57;4.12
2026-05-21 15:04:12;4.13
2026-05-21 15:04:27;4.14
2026-05-21 15:04:41;4.16
2026-05-21 15:04:56;4.16
2026-05-21 15:05:12;4.18
2026-05-21 15:05:27;4.19
2026-05-21 15:05:42;4.21
2026-05-21 15:05:57;4.22
2026-05-21 15:06:12;4.23
2026-05-21 15:06:27;4.25
2026-05-21 15:06:42;4.26
2026-05-21 15:06:57;4.27
2026-05-21 15:08:22;4.34
2026-05-21 15:08:37;4.36
2026-05-21 15:08:53;4.37
2026-05-21 15:09:07;4.4
2026-05-21 15:09:22;4.41
2026-05-21 15:09:37;4.43
2026-05-21 15:09:52;4.46
2026-05-21 15:10:07;4.49
2026-05-21 15:10:22;4.52
2026-05-21 15:10:45;4.57
2026-05-21 15:10:56;4.66
2026-05-21 15:11:13;4.83
2026-05-21 15:11:28;4.98
2026-05-21 15:11:43;5.18
2026-05-21 15:11:58;5.38
2026-05-21 15:12:13;5.57
2026-05-21 15:12:28;5.74
2026-05-21 15:12:43;5.87
2026-05-21 15:12:58;5.92
2026-05-21 15:13:13;5.99
2026-05-21 15:13:28;6.11
2026-05-21 15:13:43;6.28
2026-05-21 15:13:58;6.52
2026-05-21 15:14:13;6.75
2026-05-21 15:14:28;0.0
2026-05-21 15:15:16;7.79
2026-05-21 15:15:59;8.2
2026-05-21 15:16:14;8.59
2026-05-21 15:16:29;8.64
2026-05-21 15:16:44;9.0
2026-05-21 15:16:59;9.31
2026-05-21 15:17:14;9.53
2026-05-21 15:17:29;9.67
2026-05-21 15:17:44;9.84
2026-05-21 15:17:59;9.2
2026-05-21 15:18:14;1.69
2026-05-21 15:18:29;10.23
2026-05-21 15:18:44;10.32
2026-05-21 15:18:59;10.46
2026-05-21 15:19:14;10.75
2026-05-21 15:19:29;0.0
2026-05-21 15:19:45;11.19
2026-05-21 15:19:59;9.67
2026-05-21 15:20:15;10.48
2026-05-21 15:20:30;11.69
2026-05-21 15:20:45;0.0
2026-05-21 15:21:00;11.89
2026-05-21 15:21:15;11.94
2026-05-21 15:21:30;11.7
2026-05-21 15:21:45;12.26
2026-05-21 15:22:00;12.34
2026-05-21 15:22:15;12.43
2026-05-21 15:22:30;12.29
2026-05-21 15:22:45;12.6
2026-05-21 15:23:00;12.62
2026-05-21 15:23:15;12.6
2026-05-21 15:23:30;12.75
2026-05-21 15:23:45;12.8
2026-05-21 15:24:00;12.85
2026-05-21 15:24:15;12.83
2026-05-21 15:24:30;0.01
2026-05-21 15:24:45;0.01
2026-05-21 15:25:00;0.01
2026-05-21 15:25:15;12.89
2026-05-21 15:25:30;12.88
2026-05-21 15:25:45;12.81
2026-05-21 15:26:00;12.93
2026-05-21 15:26:15;12.4
2026-05-21 15:26:30;11.84
2026-05-21 15:26:45;12.79
2026-05-21 15:27:00;12.86
2026-05-21 15:27:15;0.01
2026-05-21 15:27:30;0.0
2026-05-21 15:27:46;12.71
2026-05-21 15:28:01;0.0
2026-05-21 15:28:17;12.52
2026-05-21 15:28:32;12.35
2026-05-21 15:28:47;12.2
2026-05-21 15:29:02;0.0
2026-05-21 15:29:18;12.02
2026-05-21 15:29:33;11.96
2026-05-21 15:29:49;8.85
2026-05-21 15:30:04;0.99
2026-05-21 15:30:19;11.86
2026-05-21 15:30:34;8.52
2026-05-21 15:30:50;11.78
2026-05-21 15:31:05;0.0
2026-05-21 15:31:21;0.0
2026-05-21 15:31:38;11.64
2026-05-21 15:31:54;10.92
2026-05-21 15:32:09;4.61
2026-05-21 15:32:25;11.39
2026-05-21 15:32:40;11.49
2026-05-21 15:32:55;8.19
2026-05-21 15:33:13;11.34
2026-05-21 15:33:26;0.0
2026-05-21 15:33:41;11.17
2026-05-21 15:33:57;11.15
2026-05-21 15:34:12;10.98
2026-05-21 15:34:27;1.71
2026-05-21 15:34:42;10.99
2026-05-21 15:34:58;8.63
2026-05-21 15:35:13;10.65
2026-05-21 15:35:29;10.76
2026-05-21 15:35:44;10.73
2026-05-21 15:35:59;10.65
2026-05-21 15:36:14;10.49
2026-05-21 15:36:30;6.71
2026-05-21 15:36:45;10.19
2026-05-21 15:37:00;10.08
2026-05-21 15:37:16;9.98
2026-05-21 15:37:31;9.95
2026-05-21 15:37:46;9.82
2026-05-21 15:38:02;9.59
2026-05-21 15:38:17;9.66
2026-05-21 15:38:32;0.38
2026-05-21 15:38:47;9.39
2026-05-21 15:39:03;9.02
2026-05-21 15:39:19;8.82
2026-05-21 15:39:34;8.46
2026-05-21 15:39:49;8.19
2026-05-21 15:40:04;8.13
2026-05-21 15:40:19;8.06
2026-05-21 15:40:35;7.55
2026-05-21 15:40:50;6.51
2026-05-21 15:41:06;5.58
2026-05-21 15:41:21;5.12
2026-05-21 15:41:36;4.9
2026-05-21 15:41:51;4.69
2026-05-21 15:42:07;4.51
2026-05-21 15:42:22;4.34
2026-05-21 15:42:38;4.2
2026-05-21 15:42:53;4.09
2026-05-21 15:43:08;3.98
2026-05-21 15:43:23;3.89
2026-05-21 15:43:39;3.8
2026-05-21 15:43:54;3.71
2026-05-21 15:44:09;3.63
2026-05-21 15:44:24;3.56
2026-05-21 15:44:39;3.5
2026-05-21 15:44:54;3.44
2026-05-21 15:45:09;3.37
2026-05-21 15:45:24;3.32
2026-05-21 15:45:39;3.26
2026-05-21 15:45:54;3.21
2026-05-21 15:46:09;3.16
2026-05-21 15:46:24;3.11
2026-05-21 15:46:39;3.07
2026-05-21 15:46:54;3.02
2026-05-21 15:47:09;2.98
2026-05-21 15:47:24;2.94
2026-05-21 15:47:39;2.9
2026-05-21 15:47:54;2.85
2026-05-21 15:48:09;2.81
2026-05-21 15:48:24;2.77
2026-05-21 15:48:39;2.74
2026-05-21 15:48:54;2.7
2026-05-21 15:49:09;2.67
2026-05-21 15:49:24;2.63
2026-05-21 15:49:39;2.6
2026-05-21 15:49:54;2.58
2026-05-21 15:50:09;2.55
2026-05-21 15:50:24;2.52
2026-05-21 15:50:39;0.0
2026-05-21 15:51:08;2.48
2026-05-21 15:51:09;2.45
2026-05-21 15:51:24;2.43
2026-05-21 15:51:39;2.41
2026-05-21 15:51:55;2.4
2026-05-21 15:52:09;2.38
2026-05-21 15:52:24;2.35
2026-05-21 15:52:42;2.33
2026-05-21 15:53:00;2.31
2026-05-21 15:53:09;2.29
2026-05-21 15:53:24;2.27
2026-05-21 15:53:39;2.24
2026-05-21 15:53:54;2.22
2026-05-21 15:54:09;2.2
2026-05-21 15:54:24;2.18
2026-05-21 15:54:39;2.15
2026-05-21 15:54:54;2.14
2026-05-21 15:55:09;2.12
2026-05-21 15:55:25;2.09
2026-05-21 15:55:47;2.07
2026-05-21 15:56:05;2.04
2026-05-21 15:56:10;2.02
2026-05-21 15:56:25;2.01
2026-05-21 15:56:40;1.99
2026-05-21 15:56:55;1.97
2026-05-21 15:57:10;1.95
2026-05-21 15:57:25;1.94
2026-05-21 15:57:40;1.92
2026-05-21 15:57:55;1.91
2026-05-21 15:58:10;1.89
2026-05-21 15:58:25;1.87
2026-05-21 15:58:40;1.85
2026-05-21 15:58:55;1.83
2026-05-21 15:59:10;1.82
2026-05-21 15:59:25;1.81
2026-05-21 15:59:40;1.79
2026-05-21 15:59:55;1.77
2026-05-21 16:00:10;1.75
2026-05-21 16:00:25;1.73
2026-05-21 16:00:40;1.71
2026-05-21 16:00:55;1.69
2026-05-21 16:01:10;1.67
2026-05-21 16:01:25;1.65
2026-05-21 16:01:40;1.63
2026-05-21 16:01:55;1.61
2026-05-21 16:02:10;1.58
2026-05-21 16:02:25;1.57
2026-05-21 16:02:40;1.55
2026-05-21 16:02:55;1.53
2026-05-21 16:03:10;1.5
2026-05-21 16:03:26;1.49
2026-05-21 16:03:40;1.47
2026-05-21 16:03:55;1.45
2026-05-21 16:04:10;1.42
2026-05-21 16:04:25;1.41
2026-05-21 16:04:40;1.39
2026-05-21 16:04:56;1.37
2026-05-21 16:05:11;1.36
2026-05-21 16:05:26;1.34
2026-05-21 16:05:41;1.33
2026-05-21 16:05:56;1.32
2026-05-21 16:06:11;1.32
2026-05-21 16:06:26;1.31
2026-05-21 16:06:41;1.31
2026-05-21 16:06:56;1.31
2026-05-21 16:07:11;1.3
2026-05-21 16:07:26;1.3
2026-05-21 16:07:41;1.29
2026-05-21 16:07:56;1.28
2026-05-21 16:08:11;1.27
2026-05-21 16:08:26;1.27
2026-05-21 16:08:41;1.26
2026-05-21 16:09:00;1.22
2026-05-21 16:09:13;0.0
2026-05-22 10:32:14;10.46
2026-05-22 10:32:29;10.5
2026-05-22 10:32:44;10.13
2026-05-22 10:32:59;10.1
2026-05-22 10:33:14;10.18
2026-05-22 10:33:31;18.74
2026-05-22 10:33:44;11.41
2026-05-22 10:33:59;11.35
2026-05-22 10:34:14;4.31
2026-05-22 10:34:29;3.25
2026-05-22 10:34:44;3.84
2026-05-22 10:34:59;2.78
2026-05-22 10:35:15;2.44
2026-05-22 10:35:30;2.48
2026-05-22 10:35:45;3.23
2026-05-22 10:36:00;10.38
2026-05-22 10:36:16;11.1
2026-05-22 10:36:33;10.59
2026-05-22 10:36:47;10.19
2026-05-22 10:37:02;9.93
2026-05-22 10:37:17;9.77
2026-05-22 10:37:32;9.59
2026-05-22 10:37:48;9.37
2026-05-22 10:38:03;9.17
2026-05-22 10:38:19;8.99
2026-05-22 10:38:33;8.93
2026-05-22 10:38:49;8.86
2026-05-22 10:39:04;8.83
2026-05-22 10:39:20;8.81
2026-05-22 10:39:37;8.78
2026-05-22 10:39:50;8.73
2026-05-22 10:40:05;8.69
2026-05-22 10:41:07;8.46
2026-05-22 10:41:24;8.36
2026-05-22 10:41:37;8.27
2026-05-22 10:41:53;8.13
2026-05-22 10:42:08;7.92
2026-05-22 10:42:24;7.65
2026-05-22 10:42:39;7.43
2026-05-22 10:42:54;7.23
2026-05-22 10:43:15;7.0
2026-05-22 10:43:25;6.8
2026-05-22 10:43:40;6.6
2026-05-22 10:44:06;6.45
2026-05-22 10:44:35;6.36
2026-05-22 10:44:53;5.99
2026-05-22 10:45:13;5.8
2026-05-22 10:45:24;5.57
2026-05-22 10:45:54;5.12
2026-05-22 10:46:09;4.9
2026-05-22 10:46:25;4.69
2026-05-22 10:46:40;4.49
2026-05-22 10:46:55;4.29
2026-05-22 10:47:12;4.09
2026-05-22 10:47:25;3.91
2026-05-22 10:47:40;3.75
2026-05-22 10:47:55;3.61
2026-05-22 10:48:10;3.48
2026-05-22 10:48:28;3.36
2026-05-22 10:48:40;3.24
2026-05-22 10:48:55;3.13
2026-05-22 10:49:12;0.0
2026-05-22 10:49:27;2.93
2026-05-22 10:49:40;2.83
2026-05-22 10:49:55;2.72
2026-05-22 10:50:10;2.63
2026-05-22 10:50:25;2.53
2026-05-22 10:50:40;2.44
2026-05-22 10:50:55;2.34
2026-05-22 10:52:05;1.99
2026-05-22 10:52:16;1.91
2026-05-22 10:52:26;1.85
2026-05-22 10:52:41;1.79
2026-05-22 10:52:56;1.74
2026-05-22 10:53:11;1.7
2026-05-22 10:53:26;1.66
2026-05-22 10:53:41;1.64
2026-05-22 10:53:56;1.64
2026-05-22 10:54:11;1.63
2026-05-22 10:54:43;1.63
2026-05-22 10:54:44;1.63
2026-05-22 10:54:56;1.64
2026-05-22 10:55:11;1.65
2026-05-22 10:55:26;1.67
2026-05-22 10:55:41;1.69
2026-05-22 10:55:56;0.0
2026-05-22 10:56:11;1.71
2026-05-22 10:56:26;1.73
2026-05-22 10:56:41;1.75
2026-05-22 10:56:56;1.77
2026-05-22 10:57:12;1.8
2026-05-22 10:57:26;1.82
2026-05-22 10:57:41;1.85
2026-05-22 10:57:56;1.88
2026-05-22 10:58:11;1.91
2026-05-22 10:58:26;1.95
2026-05-22 10:58:41;1.98
2026-05-22 10:58:56;2.0
2026-05-22 10:59:11;2.01
2026-05-22 10:59:26;2.02
2026-05-22 10:59:41;2.03
2026-05-22 10:59:56;2.04
2026-05-22 11:00:11;2.06
2026-05-22 11:00:26;2.07
2026-05-22 11:00:41;2.07
2026-05-22 11:00:58;2.08
2026-05-22 11:01:11;2.08
2026-05-22 11:01:27;2.09
2026-05-22 11:01:42;2.09
2026-05-22 11:01:57;2.1
2026-05-22 11:02:12;2.09
2026-05-22 11:02:27;2.08
2026-05-22 11:02:42;2.07
2026-05-22 11:02:57;2.06
2026-05-22 11:03:12;2.06
2026-05-22 11:03:27;2.06
2026-05-22 11:03:42;2.06
2026-05-22 11:03:57;2.07
2026-05-22 11:04:12;2.09
2026-05-22 11:04:27;2.11
2026-05-22 11:04:42;2.13
2026-05-22 11:05:01;2.14
2026-05-22 11:05:12;2.16
2026-05-22 11:05:27;2.18
2026-05-22 11:05:42;2.19
2026-05-22 11:05:57;2.21
2026-05-22 11:06:12;2.23
2026-05-22 11:06:27;2.24
2026-05-22 11:06:42;2.26
2026-05-22 11:06:58;2.28
2026-05-22 11:07:12;2.29
2026-05-22 11:07:27;2.31
2026-05-22 11:07:42;2.32
2026-05-22 11:07:57;2.34
2026-05-22 11:08:12;2.35
2026-05-22 11:08:27;2.37
2026-05-22 11:08:58;2.42
2026-05-22 11:09:13;2.46
2026-05-22 11:09:28;2.49
2026-05-22 11:09:43;2.54
2026-05-22 11:09:58;2.59
2026-05-22 11:10:13;2.63
2026-05-22 11:10:29;2.66
2026-05-22 11:10:43;2.7
2026-05-22 11:10:58;2.73
2026-05-22 11:11:14;2.75
2026-05-22 11:11:28;2.76
2026-05-22 11:11:44;2.77
2026-05-22 11:11:58;2.79
2026-05-22 11:12:13;2.8
2026-05-22 11:12:30;2.81
2026-05-22 11:12:43;2.72
2026-05-22 11:12:58;2.83
2026-05-22 11:13:13;2.84
2026-05-22 11:13:29;2.86
2026-05-22 11:13:44;2.89
2026-05-22 11:13:59;2.91
2026-05-22 11:14:14;2.95
2026-05-22 11:14:29;3.0
2026-05-22 11:14:44;3.05
2026-05-22 11:14:59;3.1
2026-05-22 11:15:14;3.14
2026-05-22 11:15:29;3.17
2026-05-22 11:15:44;3.19
2026-05-22 11:15:59;3.2
2026-05-22 11:16:14;3.21
2026-05-22 11:16:29;3.21
2026-05-22 11:16:44;3.24
2026-05-22 11:16:59;3.27
2026-05-22 11:17:15;3.31
2026-05-22 11:17:29;3.35
2026-05-22 11:17:44;3.3
2026-05-22 11:17:59;3.47
2026-05-22 11:18:14;3.54
2026-05-22 11:18:29;3.61
2026-05-22 11:18:44;3.68
2026-05-22 11:18:59;3.75
2026-05-22 11:19:14;3.81
2026-05-22 11:19:29;3.85
2026-05-22 11:19:44;3.89
2026-05-22 11:19:59;3.96
2026-05-22 11:20:15;4.02
2026-05-25 08:24:33;3.5
2026-05-25 08:24:48;3.36
2026-05-25 08:25:03;2.49
2026-05-25 08:25:18;2.82
2026-05-25 08:25:33;3.06
2026-05-25 08:25:48;3.02
2026-05-25 08:26:03;2.64
2026-05-25 08:26:18;3.06
2026-05-25 08:26:33;3.49
2026-05-25 08:26:49;3.64
2026-05-25 08:27:03;3.74
2026-05-25 08:27:18;3.81
2026-05-25 08:27:33;3.79
2026-05-25 08:27:48;3.33
2026-05-25 08:28:03;3.34
2026-05-25 08:28:18;3.6
2026-05-25 08:28:33;3.45
2026-05-25 08:28:48;2.87
2026-05-25 08:29:03;2.74
2026-05-25 08:29:18;2.51
2026-05-25 08:29:34;2.53
2026-05-25 08:29:49;2.3
2026-05-25 08:30:04;2.22
2026-05-25 08:30:19;2.07
2026-05-25 08:30:34;2.12
2026-05-25 08:30:49;2.8
2026-05-25 08:31:04;2.87
2026-05-25 08:31:19;2.95
2026-05-25 08:31:34;3.06
2026-05-25 08:31:49;3.23
2026-05-25 08:32:04;3.37
2026-05-25 08:32:19;3.62
2026-05-25 08:32:34;3.78
2026-05-25 08:32:49;3.26
2026-05-25 08:33:04;3.43
2026-05-25 08:33:19;3.62
2026-05-25 08:33:34;3.74
2026-05-25 08:33:49;3.78
2026-05-25 08:34:05;3.8
2026-05-25 08:34:19;3.79
2026-05-25 08:34:35;3.77
2026-05-25 08:34:50;3.83
2026-05-25 08:35:05;3.92
2026-05-25 08:35:20;4.43
2026-05-25 08:35:35;4.41
2026-05-25 08:35:50;4.76
2026-05-25 08:36:05;4.86
2026-05-25 08:36:20;4.9
2026-05-25 08:36:36;4.93
2026-05-25 08:36:51;4.93
2026-05-25 08:37:05;4.91
2026-05-25 08:37:20;4.85
2026-05-25 08:37:35;4.74
2026-05-25 08:37:50;4.59
2026-05-25 08:38:05;4.47
2026-05-25 08:38:20;4.4
2026-05-25 08:38:35;4.35
2026-05-25 08:38:50;4.28
2026-05-25 08:39:05;4.19
2026-05-25 08:39:21;4.14
2026-05-25 08:39:35;4.18
2026-05-25 08:39:51;4.19
2026-05-25 08:40:06;4.21
2026-05-25 08:40:21;4.2
2026-05-25 08:40:36;4.17
2026-05-25 08:40:51;4.06
2026-05-25 08:41:06;3.98
2026-05-25 08:41:21;3.96
2026-05-25 08:41:36;4.0
2026-05-25 08:41:51;4.13
2026-05-25 08:42:06;4.23
2026-05-25 08:42:21;4.31
2026-05-25 08:42:36;4.29
2026-05-25 08:42:51;4.21
2026-05-25 08:43:06;4.15
2026-05-25 08:43:21;3.95
2026-05-25 08:43:36;4.02
2026-05-25 08:43:51;4.0
2026-05-25 08:44:06;4.03
2026-05-25 08:44:22;4.05
2026-05-25 08:44:38;3.52
2026-05-25 08:44:52;3.42
2026-05-25 08:45:08;3.74
2026-05-25 08:45:22;4.05
2026-05-25 08:45:37;4.08
2026-05-25 08:45:52;4.08
2026-05-25 08:46:07;4.09
2026-05-25 08:46:27;4.1
2026-05-25 08:46:37;4.0
2026-05-25 08:46:52;4.04
2026-05-25 08:47:07;3.95
2026-05-25 08:47:22;4.12
2026-05-25 08:47:37;4.01
2026-05-25 08:47:52;3.89
2026-05-25 08:48:07;3.85
2026-05-25 08:48:23;3.88
2026-05-25 08:48:38;3.96
2026-05-25 08:48:54;3.98
2026-05-25 08:49:07;3.96
2026-05-25 08:49:23;3.96
2026-05-25 08:49:38;3.96
2026-05-25 08:49:53;4.0
2026-05-25 08:50:08;3.77
2026-05-25 08:50:23;3.21
2026-05-25 08:50:38;3.22
2026-05-25 08:50:53;3.26
2026-05-25 08:51:08;3.35
2026-05-25 08:51:23;3.32
2026-05-25 08:51:38;3.3
2026-05-25 08:51:53;3.21
2026-05-25 08:52:08;3.3
2026-05-25 08:52:23;3.28
2026-05-25 08:52:38;3.22
2026-05-25 08:52:53;3.18
2026-05-25 08:53:10;3.2
2026-05-25 08:53:24;3.29
2026-05-25 08:53:38;3.11
2026-05-25 08:53:53;3.45
2026-05-25 08:54:09;0.01
2026-05-25 08:54:23;3.24
2026-05-25 08:54:39;3.12
2026-05-25 08:54:54;2.84
2026-05-25 08:55:09;2.73
2026-05-25 08:55:24;2.88
2026-05-25 08:55:39;3.57
2026-05-25 08:55:54;3.55
2026-05-25 08:56:09;3.6
2026-05-25 08:56:24;3.72
2026-05-25 08:56:39;3.83
2026-05-25 08:56:54;3.91
2026-05-25 08:57:09;3.98
2026-05-25 08:57:24;4.01
2026-05-25 08:57:39;4.08
2026-05-25 08:57:55;4.18
2026-05-25 08:58:09;4.31
2026-05-25 08:58:24;4.41
2026-05-25 08:58:39;4.52
2026-05-25 08:58:54;4.67
2026-05-25 08:59:09;4.76
2026-05-25 08:59:25;4.83
2026-05-25 08:59:39;4.88
2026-05-25 08:59:54;4.93
2026-05-25 09:00:10;4.99
2026-05-25 09:00:25;5.08
2026-05-25 09:00:40;5.17
2026-05-25 09:00:55;5.1
2026-05-25 09:01:10;5.19
2026-05-25 09:01:25;5.32
2026-05-25 09:01:40;5.29
2026-05-25 09:01:55;5.26
2026-05-25 09:02:11;5.35
2026-05-25 09:02:26;5.44
2026-05-25 09:02:40;5.22
2026-05-25 09:02:55;5.47
2026-05-25 09:03:10;5.63
2026-05-25 09:03:25;5.1
2026-05-25 09:03:40;4.91
2026-05-25 09:03:55;5.37
2026-05-25 09:04:10;5.4
2026-05-25 09:04:25;5.4
2026-05-25 09:04:41;5.42
2026-05-25 09:04:55;5.43
2026-05-25 09:05:10;5.42
2026-05-25 09:05:26;5.41
2026-05-25 09:05:41;0.0
2026-05-25 09:05:56;5.37
2026-05-25 09:06:11;5.34
2026-05-25 09:06:26;5.33
2026-05-25 09:06:41;5.32
2026-05-25 09:06:56;4.7
2026-05-25 09:07:11;5.21
2026-05-25 09:07:26;5.27
2026-05-25 09:07:41;5.34
2026-05-25 09:07:56;5.16
2026-05-25 09:08:11;5.34
2026-05-25 09:08:26;5.33
2026-05-25 09:08:41;5.28
2026-05-25 09:08:56;5.33
2026-05-25 09:09:12;5.48
2026-05-25 09:09:26;5.61
2026-05-25 09:09:41;5.81
2026-05-25 09:09:56;6.15
2026-05-25 09:10:11;6.39
2026-05-25 09:10:27;6.48
2026-05-25 09:10:42;6.2
2026-05-25 09:10:57;6.77
2026-05-25 09:11:12;6.08
2026-05-25 09:11:27;5.38
2026-05-25 09:11:42;5.15
2026-05-25 09:11:57;4.88
2026-05-25 09:12:12;4.6
2026-05-25 09:12:27;4.38
2026-05-25 09:12:42;4.21
2026-05-25 09:12:57;4.12
2026-05-25 09:13:12;4.01
2026-05-25 09:13:27;3.86
2026-05-25 09:13:42;3.7
2026-05-25 09:13:57;3.56
2026-05-25 09:14:12;3.51
2026-05-25 09:14:27;3.5
2026-05-25 09:14:42;3.54
2026-05-25 09:14:57;3.61
2026-05-25 09:15:12;3.63
2026-05-25 09:15:27;3.6
2026-05-25 09:15:43;3.53
2026-05-25 09:15:58;3.44
2026-05-25 09:16:12;3.35
2026-05-25 09:16:28;3.29
2026-05-25 09:16:43;3.26
2026-05-25 09:16:58;3.26
2026-05-25 09:17:13;3.22
2026-05-25 09:17:28;3.19
2026-05-25 09:17:43;3.19
2026-05-25 09:17:58;3.23
2026-05-25 09:18:13;3.24
2026-05-25 09:18:28;3.33
2026-05-25 09:18:43;3.47
2026-05-25 09:18:58;3.67
2026-05-25 09:19:14;3.95
2026-05-25 09:19:28;4.96
2026-05-25 09:19:44;5.44
2026-05-25 09:19:58;4.17
2026-05-25 09:20:13;4.02
2026-05-25 09:20:28;3.94
2026-05-25 09:20:43;3.87
2026-05-25 09:20:58;3.81
2026-05-25 09:21:13;3.8
2026-05-25 09:21:29;3.82
2026-05-25 09:21:43;3.9
2026-05-25 09:21:59;4.04
2026-05-25 09:22:14;4.25
2026-05-25 09:22:29;4.56
2026-05-25 09:22:44;4.93
2026-05-25 09:22:59;5.35
2026-05-25 09:23:14;5.57
2026-05-25 09:23:30;5.72
2026-05-25 09:23:44;5.1
2026-05-25 09:23:59;5.63
2026-05-25 09:24:14;5.5
2026-05-25 09:24:29;4.48
2026-05-25 09:24:44;4.39
2026-05-25 09:24:59;4.4
2026-05-25 09:25:14;4.51
2026-05-25 09:25:29;4.66
2026-05-25 09:25:45;4.99
2026-05-25 09:25:59;6.0
2026-05-25 09:26:14;6.39
2026-05-25 09:26:29;6.13
2026-05-25 09:26:44;6.5
2026-05-25 09:27:01;6.59
2026-05-25 09:27:15;6.19
2026-05-25 09:27:30;6.04
2026-05-25 09:27:45;6.6
2026-05-25 09:28:00;6.78
2026-05-25 09:28:15;6.83
2026-05-25 09:28:30;6.9
2026-05-25 09:28:45;5.67
2026-05-25 09:29:00;5.42
2026-05-25 09:29:15;5.36
2026-05-25 09:29:30;5.03
2026-05-25 09:29:45;4.9
2026-05-25 09:30:00;4.89
2026-05-25 09:30:15;5.03
2026-05-25 09:30:30;5.32
2026-05-25 09:30:45;5.97
2026-05-25 09:31:00;7.92
2026-05-25 09:31:15;8.55
2026-05-25 09:31:30;6.92
2026-05-25 09:31:45;6.91
2026-05-25 09:32:00;8.67
2026-05-25 09:32:15;9.12
2026-05-25 09:32:30;8.66
2026-05-25 09:32:45;7.16
2026-05-25 09:33:00;8.39
2026-05-25 09:33:15;9.16
2026-05-25 09:33:30;10.79
2026-05-25 09:33:45;13.88
2026-05-25 09:34:00;14.02
2026-05-25 09:34:15;14.19
2026-05-25 09:34:30;15.25
2026-05-25 09:34:46;16.55
2026-05-25 09:35:01;17.98
2026-05-25 09:35:16;18.96
2026-05-25 09:35:31;19.52
2026-05-25 09:35:46;20.43
2026-05-25 09:36:01;21.37
2026-05-25 09:36:16;22.15
2026-05-25 09:36:31;22.66
2026-05-25 09:36:46;22.91
2026-05-25 09:37:01;22.91
2026-05-25 09:37:16;23.07
2026-05-25 09:37:31;17.03
2026-05-25 09:37:46;10.21
2026-05-25 09:38:01;7.98
2026-05-25 09:38:16;15.07
2026-05-25 09:38:31;9.43
2026-05-25 09:38:46;7.68
2026-05-25 09:39:01;7.44
2026-05-25 09:39:16;7.43
2026-05-25 09:39:31;7.64
2026-05-25 09:39:46;18.31
2026-05-25 09:40:01;21.02
2026-05-25 09:40:16;22.08
2026-05-25 09:40:31;14.18
2026-05-25 09:40:46;7.75
2026-05-25 09:41:01;7.07
2026-05-25 09:41:17;7.62
2026-05-25 09:41:32;23.09
2026-05-25 09:41:48;22.95
2026-05-25 09:42:03;22.59
2026-05-25 09:42:18;22.28
2026-05-25 09:42:33;22.12
2026-05-25 09:42:49;22.46
2026-05-25 09:43:04;0.01
2026-05-25 09:43:20;10.97
2026-05-25 09:43:35;22.55
2026-05-25 09:43:50;23.24
2026-05-25 09:44:05;23.35
2026-05-25 09:44:21;23.5
2026-05-25 09:44:36;23.93
2026-05-25 09:44:52;24.35
2026-05-25 09:45:06;24.7
2026-05-25 09:45:22;23.36
2026-05-25 09:45:38;23.93
2026-05-25 09:45:53;23.8
2026-05-25 09:46:08;21.39
2026-05-25 09:46:23;9.33
2026-05-25 09:46:38;7.78
2026-05-25 09:46:54;7.32
2026-05-25 09:47:11;7.15
2026-05-25 09:47:24;7.34
2026-05-25 09:47:40;17.09
2026-05-25 09:47:55;7.85
2026-05-25 09:48:10;6.73
2026-05-25 09:48:26;7.28
2026-05-25 09:48:41;6.51
2026-05-25 09:48:57;6.34
2026-05-25 09:49:11;6.3
2026-05-25 09:49:27;6.29
2026-05-25 09:49:42;6.22
2026-05-25 09:49:58;6.16
2026-05-25 09:50:13;6.25
2026-05-25 09:50:28;6.15
2026-05-25 09:50:43;6.16
2026-05-25 09:50:59;6.2
2026-05-25 09:51:14;6.44
2026-05-25 09:51:30;6.93
2026-05-25 09:51:45;12.02
2026-05-25 09:52:00;6.25
2026-05-25 09:52:15;5.44
2026-05-25 09:52:31;5.03
2026-05-25 09:52:46;4.74
2026-05-25 09:53:02;4.51
2026-05-25 09:53:17;4.32
2026-05-25 09:53:32;4.19
2026-05-25 09:53:47;4.11
2026-05-25 09:54:02;4.06
2026-05-25 09:54:17;4.02
2026-05-25 09:54:32;3.99
2026-05-25 09:54:47;3.98
2026-05-25 09:55:02;3.99
2026-05-25 09:55:17;4.03
2026-05-25 09:55:32;4.07
2026-05-25 09:55:47;4.1
2026-05-25 09:56:02;4.12
2026-05-25 09:56:17;4.13
2026-05-25 09:56:32;4.21
2026-05-25 09:56:47;4.29
2026-05-25 09:57:02;4.36
2026-05-25 09:57:17;4.39
2026-05-25 09:57:32;4.36
2026-05-25 09:57:47;4.3
2026-05-25 09:58:02;4.32
2026-05-25 09:58:17;4.62
2026-05-25 09:58:32;5.24
2026-05-25 09:58:47;6.23
2026-05-25 09:59:02;17.07
2026-05-25 09:59:17;14.9
2026-05-25 09:59:32;22.13
2026-05-25 09:59:47;26.57
2026-05-25 10:00:02;26.23
2026-05-25 10:00:18;26.15
2026-05-25 10:00:32;26.1
2026-05-25 10:00:47;26.08
2026-05-25 10:01:02;26.26
2026-05-25 10:01:17;26.21
2026-05-25 10:01:32;26.19
2026-05-25 10:01:47;26.06
2026-05-25 10:02:02;26.05
2026-05-25 10:02:18;26.09
2026-05-25 10:02:33;26.08
2026-05-25 10:02:49;26.03
2026-05-25 10:03:03;25.9
2026-05-25 10:03:19;25.93
2026-05-25 10:03:34;25.89
2026-05-25 10:03:49;25.73
2026-05-25 10:04:05;25.72
2026-05-25 10:04:20;25.56
2026-05-25 10:04:35;25.48
2026-05-25 10:04:50;25.29
2026-05-25 10:05:06;24.92
2026-05-25 10:05:21;24.58
2026-05-25 10:05:36;23.71
2026-05-25 10:05:52;23.95
2026-05-25 10:06:07;24.71
2026-05-25 10:06:22;24.76
2026-05-25 10:06:38;24.77
2026-05-25 10:06:53;0.0
2026-05-25 10:07:08;25.0
2026-05-25 10:07:23;25.45
2026-05-25 10:07:39;25.7
2026-05-25 10:07:54;25.67
2026-05-25 10:08:09;25.85
2026-05-25 10:08:25;26.15
2026-05-25 10:08:40;26.22
2026-05-25 10:08:55;26.31
2026-05-25 10:09:11;25.68
2026-05-25 10:09:26;25.13
2026-05-25 10:09:41;24.63
2026-05-25 10:09:56;24.46
2026-05-25 10:10:12;23.98
2026-05-25 10:10:27;24.33
2026-05-25 10:10:42;24.0
2026-05-25 10:10:57;23.88
2026-05-25 10:11:13;24.42
2026-05-25 10:11:28;24.62
2026-05-25 10:11:46;24.23
2026-05-25 10:11:58;24.16
2026-05-25 10:12:14;24.21
2026-05-25 10:12:29;24.37
2026-05-25 10:12:45;24.34
2026-05-25 10:12:59;24.31
2026-05-25 10:13:15;25.17
2026-05-25 10:13:31;21.91
2026-05-25 10:13:46;18.68
2026-05-25 10:14:01;7.07
2026-05-25 10:14:16;9.68
2026-05-25 10:14:32;25.21
2026-05-25 10:14:47;24.78
2026-05-25 10:15:02;24.77
2026-05-25 10:15:17;23.83
2026-05-25 10:15:32;24.02
2026-05-25 10:15:48;24.2
2026-05-25 10:16:03;24.17
2026-05-25 10:16:18;23.65
2026-05-25 10:16:34;23.73
2026-05-25 10:16:49;23.11
2026-05-25 10:17:04;23.03
2026-05-25 10:17:20;23.51
2026-05-25 10:17:35;22.98
2026-05-25 10:17:50;22.36
2026-05-25 10:18:05;22.84
2026-05-25 10:18:21;23.86
2026-05-25 10:18:36;23.99
2026-05-25 10:18:52;23.97
2026-05-25 10:19:06;24.06
2026-05-25 10:19:22;24.28
2026-05-25 10:19:37;24.52
2026-05-25 10:19:52;24.11
2026-05-25 10:20:08;24.01
2026-05-25 10:20:23;24.07
2026-05-25 10:20:38;24.32
2026-05-25 10:20:54;23.59
2026-05-25 10:21:08;22.89
2026-05-25 10:21:24;23.44
2026-05-25 10:21:39;23.49
2026-05-25 10:21:55;23.37
2026-05-25 10:22:10;24.11
2026-05-25 10:22:25;24.13
2026-05-25 10:22:40;21.78
2026-05-25 10:22:56;24.33
2026-05-25 10:23:11;25.81
2026-05-25 10:23:26;26.26
2026-05-25 10:23:41;26.13
2026-05-25 10:23:57;26.14
2026-05-25 10:24:12;26.1
2026-05-25 10:24:27;26.43
2026-05-25 10:24:42;26.36
2026-05-25 10:24:58;26.05
2026-05-25 10:25:13;14.36
2026-05-25 10:25:28;9.35
2026-05-25 10:25:43;8.81
2026-05-25 10:25:59;8.41
2026-05-25 10:26:14;7.91
2026-05-25 10:26:29;7.58
2026-05-25 10:26:44;7.23
2026-05-25 10:27:00;6.96
2026-05-25 10:27:15;6.64
2026-05-25 10:27:31;6.38
2026-05-25 10:27:46;6.18
2026-05-25 10:28:01;6.0
2026-05-25 10:28:16;5.78
2026-05-25 10:28:32;5.55
2026-05-25 10:28:47;5.28
2026-05-25 10:29:02;5.04
2026-05-25 10:29:18;4.81
2026-05-25 10:29:35;4.59
2026-05-25 10:29:48;4.35
2026-05-25 10:30:04;4.13
2026-05-25 10:30:19;3.94
2026-05-25 10:30:35;3.75
2026-05-25 10:31:06;3.39
2026-05-25 10:31:20;3.23
2026-05-25 10:31:38;3.12
2026-05-25 10:31:50;3.05
2026-05-25 10:32:06;3.01
2026-05-25 10:32:21;3.01
2026-05-25 10:32:36;3.01
2026-05-25 10:32:51;2.98
2026-05-25 10:33:07;2.94
2026-05-25 10:33:22;2.9
2026-05-25 10:33:37;2.88
2026-05-25 10:33:52;2.86
2026-05-25 10:34:08;2.89
2026-05-25 10:34:23;2.93
2026-05-25 10:34:39;3.0
2026-05-25 10:34:54;3.09
2026-05-25 10:35:09;3.16
2026-05-25 10:35:24;3.23
2026-05-25 10:35:39;3.24
2026-05-25 10:35:54;3.42
2026-05-25 10:36:09;3.6
2026-05-25 10:36:25;3.86
2026-05-25 10:36:39;0.0
2026-05-25 10:36:54;4.45
2026-05-25 10:37:10;4.84
2026-05-25 10:37:24;5.22
2026-05-25 10:37:49;5.62
2026-05-25 10:37:59;6.07
2026-05-25 10:38:18;6.29
2026-05-25 10:38:30;6.4
2026-05-25 10:39:17;7.32
2026-05-25 10:40:31;12.43
2026-05-25 10:40:46;14.65
2026-05-25 10:41:01;11.37
2026-05-25 10:41:17;14.09
2026-05-25 10:41:31;18.09
2026-05-25 10:41:46;16.96
2026-05-25 10:42:01;18.69
2026-05-25 10:42:20;15.11
2026-05-25 10:42:43;9.85
2026-05-25 10:42:58;9.67
2026-05-25 10:43:13;6.97
2026-05-25 10:43:28;8.1
2026-05-25 10:43:43;13.92
2026-05-25 10:43:58;11.27
2026-05-25 10:44:13;12.57
2026-05-25 10:44:28;7.98
2026-05-25 10:44:43;9.96
2026-05-25 10:44:58;13.21
2026-05-25 10:45:17;22.56
2026-05-25 10:45:28;22.34
2026-05-25 10:45:47;22.32
2026-05-25 10:45:58;22.4
2026-05-25 10:46:14;22.03
2026-05-25 10:46:29;21.2
2026-05-25 10:46:44;19.16
2026-05-25 10:46:59;14.55
2026-05-25 10:47:16;7.95
2026-05-25 10:47:35;7.03
2026-05-25 10:49:21;6.19
2026-05-25 10:49:37;6.15
2026-05-25 10:49:52;5.79
2026-05-25 10:50:06;5.83
2026-05-25 10:50:22;5.43
2026-05-25 10:50:37;5.23
2026-05-25 10:50:53;5.17
2026-05-25 10:51:08;5.19
2026-05-25 10:51:23;5.45
2026-05-25 10:51:38;6.38
2026-05-25 10:51:53;16.02
2026-05-25 10:52:08;22.67
2026-05-25 10:52:23;23.12
2026-05-25 10:52:39;23.6
2026-05-25 10:52:54;23.39
2026-05-25 10:53:09;22.54
2026-05-25 10:53:25;21.63
2026-05-25 10:53:40;21.32
2026-05-25 10:53:55;21.26
2026-05-25 10:54:13;21.39
2026-05-25 10:54:26;22.04
2026-05-25 10:54:41;22.61
2026-05-25 10:54:57;22.81
2026-05-25 10:55:12;23.54
2026-05-25 10:55:27;24.16
2026-05-25 10:55:42;24.27
2026-05-25 10:55:58;24.51
2026-05-25 10:56:13;25.06
2026-05-25 10:56:29;25.77
2026-05-25 10:57:47;27.9
2026-05-25 10:58:03;28.2
2026-05-25 10:58:18;28.55
2026-05-25 10:58:34;28.92
2026-05-25 10:58:49;29.15
2026-05-25 10:59:04;29.18
2026-05-25 10:59:19;29.01
2026-05-25 10:59:35;28.97
2026-05-25 10:59:50;28.8
2026-05-25 11:00:05;29.27
2026-05-25 11:00:20;29.37
2026-05-25 11:00:36;29.43
2026-05-25 11:00:52;29.65
2026-05-25 11:01:06;29.72
2026-05-25 11:01:22;29.23
2026-05-25 11:01:37;24.56
2026-05-25 11:01:53;28.07
2026-05-25 11:02:08;11.45
2026-05-25 11:02:23;13.6
2026-05-25 11:02:38;16.87
2026-05-25 11:02:54;13.66
2026-05-25 11:03:09;18.19
2026-05-25 11:03:24;29.86
2026-05-25 11:03:39;29.64
2026-05-25 11:03:55;29.92
2026-05-25 11:04:10;29.83
2026-05-25 11:04:25;27.7
2026-05-25 11:04:40;30.12
2026-05-25 11:04:56;30.28
2026-05-25 11:05:11;27.87
2026-05-25 11:05:27;30.04
2026-05-25 11:05:42;29.74
2026-05-25 11:05:57;29.36
2026-05-25 11:06:12;29.43
2026-05-25 11:07:02;29.6
2026-05-25 11:07:14;11.14
2026-05-25 11:07:29;29.09
2026-05-25 11:07:45;28.86
2026-05-25 11:08:03;26.89
2026-05-25 11:08:15;10.73
2026-05-25 11:08:30;27.69
2026-05-25 11:08:46;26.16
2026-05-25 11:09:01;11.29
2026-05-25 11:09:16;10.84
2026-05-25 11:09:31;10.36
2026-05-25 11:09:47;10.43
2026-05-25 11:10:02;29.69
2026-05-25 11:10:17;30.04
2026-05-25 11:10:32;29.65
2026-05-25 11:10:48;29.65
2026-05-25 11:11:03;29.45
2026-05-25 11:11:19;24.05
2026-05-25 11:11:33;12.44
2026-05-25 11:11:49;14.03
2026-05-25 11:12:04;11.56
2026-05-25 11:12:19;10.05
2026-05-25 11:12:34;9.5
2026-05-25 11:16:12;6.83
2026-05-25 11:16:36;5.67
2026-05-25 11:17:41;4.26
2026-05-25 11:17:56;4.16
2026-05-25 11:18:11;4.09
2026-05-25 11:18:27;4.05
2026-05-25 11:18:42;4.02
2026-05-25 11:18:58;4.01
2026-05-25 11:19:13;3.96
2026-05-25 11:19:28;3.92
2026-05-25 11:19:43;3.89
2026-05-25 11:19:59;3.86
2026-05-25 11:20:14;3.88
2026-05-25 11:20:29;3.87
2026-05-25 11:20:44;3.88
2026-05-25 11:21:00;3.9
2026-05-25 11:21:15;3.97
2026-05-25 11:21:31;4.07
2026-05-25 11:21:46;4.21
2026-05-25 11:22:01;4.34
2026-05-25 11:22:16;4.5
2026-05-25 11:22:32;4.72
2026-05-25 11:22:47;5.11
2026-05-25 11:23:03;6.57
2026-05-25 11:23:18;5.67
2026-05-25 11:23:33;5.34
2026-05-25 11:23:49;5.23
2026-05-25 11:24:04;5.29
2026-05-25 11:24:19;5.56
2026-05-25 11:24:35;6.05
2026-05-25 11:24:50;7.23
2026-05-25 11:25:05;27.69
2026-05-25 11:25:20;0.0
2026-05-25 11:25:36;17.15
2026-05-25 11:25:51;8.79
2026-05-25 11:26:07;9.19
2026-05-25 11:26:22;7.56
2026-05-25 11:26:37;7.99
2026-05-25 11:26:52;9.44
2026-05-25 11:27:08;19.01
2026-05-25 11:27:23;26.43
2026-05-25 11:27:38;30.65
2026-05-25 11:27:54;19.13
2026-05-25 11:28:09;16.75
2026-05-25 11:28:24;19.35
2026-05-25 11:28:40;15.75
2026-05-25 11:28:55;13.53
2026-05-25 11:29:10;9.6
2026-05-25 11:29:26;9.44
2026-05-25 11:29:41;9.57
2026-05-25 11:29:56;14.92
2026-05-25 11:30:12;30.79
2026-05-25 11:30:27;30.48
2026-05-25 11:30:42;30.44
2026-05-25 11:30:58;30.01
2026-05-25 11:31:13;0.0
2026-05-25 11:31:28;30.66
2026-05-25 11:31:44;30.55
2026-05-25 11:31:59;30.26
2026-05-25 11:32:14;29.59
2026-05-25 11:32:29;5.02
2026-05-25 11:32:45;29.12
2026-05-25 11:33:00;0.0
2026-05-25 11:33:16;29.42
2026-05-25 11:33:31;27.31
2026-05-25 11:33:46;28.54
2026-05-25 11:34:02;28.67
2026-05-25 11:34:17;27.05
2026-05-25 11:34:32;16.94
2026-05-25 11:34:47;24.71
2026-05-25 11:35:03;28.57
2026-05-25 11:35:18;26.5
2026-05-25 11:35:33;28.23
2026-05-25 11:35:48;27.96
2026-05-25 11:36:04;0.85
2026-05-25 11:36:19;28.35
2026-05-25 11:36:34;26.57
2026-05-25 11:36:49;28.5
2026-05-25 11:37:05;28.36
2026-05-25 11:37:20;28.51
2026-05-25 11:37:42;28.53
2026-05-25 11:37:50;26.57
2026-05-25 11:38:06;28.42
2026-05-25 11:38:21;28.42
2026-05-25 11:38:36;28.73
2026-05-25 11:38:51;29.07
2026-05-25 11:39:07;28.92
2026-05-25 11:39:22;11.26
2026-05-25 11:39:38;24.39
2026-05-25 11:39:52;29.55
2026-05-25 11:40:08;29.12
2026-05-25 11:40:23;29.0
2026-05-25 11:40:38;28.33
2026-05-25 11:40:53;28.06
2026-05-25 11:41:09;21.11
2026-05-25 11:41:24;27.58
2026-05-25 11:41:39;25.56
2026-05-25 11:41:55;28.18
2026-05-25 11:42:10;28.42
2026-05-25 11:42:25;28.66
2026-05-25 11:42:40;28.46
2026-05-25 11:42:56;24.95
2026-05-25 11:43:12;28.53
2026-05-25 11:43:27;21.91
2026-05-25 11:43:43;15.12
2026-05-25 11:43:58;26.32
2026-05-25 11:44:14;15.34
2026-05-25 11:44:29;9.78
2026-05-25 11:44:45;10.67
2026-05-25 11:45:01;24.92
2026-05-25 11:45:16;14.45
2026-05-25 11:45:31;27.79
2026-05-25 11:45:46;11.98
2026-05-25 11:46:02;7.62
2026-05-25 11:46:17;6.91
2026-05-25 11:46:32;6.56
2026-05-25 11:46:53;6.51
2026-05-25 11:47:03;6.18
2026-05-25 11:47:18;6.16
2026-05-25 11:47:33;6.26
2026-05-25 11:47:48;6.35
2026-05-25 11:48:04;6.34
2026-05-25 11:48:19;6.24
2026-05-25 11:48:34;6.07
2026-05-25 11:48:49;6.12
2026-05-25 11:49:05;6.14
2026-05-25 11:49:20;6.36
2026-05-25 11:49:35;6.56
2026-05-25 11:49:50;6.55
2026-05-25 11:50:06;6.47
2026-05-25 11:50:21;6.19
2026-05-25 11:50:36;6.08
2026-05-25 11:50:51;6.31
2026-05-25 11:51:07;6.23
2026-05-25 11:51:22;6.29
2026-05-25 11:51:38;7.09
2026-05-25 11:51:53;7.52
2026-05-25 11:52:08;9.14
2026-05-25 11:52:23;16.8
2026-05-25 11:52:39;9.12
2026-05-25 11:52:54;5.16
2026-05-25 11:53:09;5.42
2026-05-25 11:53:28;4.66
2026-05-25 11:53:48;4.66
2026-05-25 11:53:55;4.68
2026-05-25 11:54:11;4.73
2026-05-25 11:54:46;4.98
2026-05-25 11:55:07;5.09
2026-05-25 11:55:17;5.17
2026-05-25 11:55:33;5.26
2026-05-25 11:55:48;5.29
2026-05-25 11:56:03;5.28
2026-05-25 11:56:18;5.19
2026-05-25 11:56:34;5.04
2026-05-25 11:56:49;4.92
2026-05-25 11:57:05;4.85
2026-05-25 11:57:20;4.83
2026-05-25 11:57:35;4.85
2026-05-25 11:57:50;4.88
2026-05-25 11:58:06;4.89
2026-05-25 11:58:21;4.92
2026-05-25 11:58:37;4.94
2026-05-25 11:58:52;0.0
2026-05-25 11:59:07;4.94
2026-05-25 11:59:22;4.96
2026-05-25 11:59:38;5.01
2026-05-25 11:59:53;5.02
2026-05-25 12:00:08;5.0
2026-05-25 12:00:24;4.97
2026-05-25 12:00:39;4.99
2026-05-25 12:00:54;5.06
2026-05-25 12:01:09;5.19
2026-05-25 12:01:24;5.39
2026-05-25 12:01:39;5.62
2026-05-25 12:01:54;5.81
2026-05-25 12:02:09;6.06
2026-05-25 12:02:26;6.51
2026-05-25 12:02:39;7.16
2026-05-25 12:02:54;6.97
2026-05-25 12:03:09;7.11
2026-05-25 12:03:24;7.18
2026-05-25 12:03:39;7.63
2026-05-25 12:03:57;7.92
2026-05-25 12:04:39;14.83
2026-05-25 12:05:22;13.43
2026-05-25 12:05:38;21.6
2026-05-25 12:05:52;0.0
2026-05-25 12:06:08;20.89
2026-05-25 12:06:23;20.16
2026-05-25 12:06:39;24.09
2026-05-25 12:06:54;24.06
2026-05-25 12:07:09;23.76
2026-05-25 12:07:24;0.01
2026-05-25 12:07:40;23.0
2026-05-25 12:07:55;13.78
2026-05-25 12:08:11;23.14
2026-05-25 12:08:26;24.88
2026-05-25 12:08:41;24.95
2026-05-25 12:08:56;20.56
2026-05-25 12:09:12;11.85
2026-05-25 12:09:27;9.81
2026-05-25 12:09:42;11.62
2026-05-25 12:09:58;9.25
2026-05-25 12:10:13;19.99
2026-05-25 12:10:28;24.77
2026-05-25 12:10:47;22.61
2026-05-25 12:10:59;0.0
2026-05-25 12:11:14;25.21
2026-05-25 12:11:29;26.96
2026-05-25 12:11:45;27.64
2026-05-25 12:12:00;26.14
2026-05-25 12:12:15;26.07
2026-05-25 12:12:31;27.34
2026-05-25 12:12:52;27.86
2026-05-25 12:13:01;0.01
2026-05-25 12:13:17;25.65
2026-05-25 12:13:32;0.0
2026-05-25 12:13:47;24.95
2026-05-25 12:14:02;23.39
2026-05-25 12:14:18;24.81
2026-05-25 12:14:33;14.81
2026-05-25 12:14:48;0.01
2026-05-25 12:15:04;12.49
2026-05-25 12:15:19;15.52
2026-05-25 12:15:34;9.77
2026-05-25 12:15:50;7.62
2026-05-25 12:16:05;6.29
2026-05-25 12:16:20;5.65
2026-05-25 12:16:35;5.27
2026-05-25 12:16:51;5.1
2026-05-25 12:17:06;5.09
2026-05-25 12:17:22;5.12
2026-05-25 12:17:37;5.14
2026-05-25 12:17:52;5.15
2026-05-25 12:18:07;5.19
2026-05-25 12:18:23;5.24
2026-05-25 12:18:38;5.31
2026-05-25 12:18:53;5.41
2026-05-25 12:19:08;5.49
2026-05-25 12:19:24;5.6
2026-05-25 12:19:39;5.68
2026-05-25 12:19:55;5.72
2026-05-25 12:20:10;5.75
2026-05-25 12:20:25;5.81
2026-05-25 12:20:40;5.86
2026-05-25 12:20:56;5.94
2026-05-25 12:21:11;5.98
2026-05-25 12:21:26;6.05
2026-05-25 12:21:41;6.21
2026-05-25 12:21:57;6.3
2026-05-25 12:22:12;6.49
2026-05-25 12:22:28;6.55
2026-05-25 12:22:43;6.7
2026-05-25 12:22:58;6.96
2026-05-25 12:23:14;7.25
2026-05-25 12:23:29;7.42
2026-05-25 12:23:44;7.48
2026-05-25 12:24:00;7.58
2026-05-25 12:24:15;7.77
2026-05-25 12:24:30;7.9
2026-05-25 12:24:45;8.25
2026-05-25 12:25:01;8.82
2026-05-25 12:25:16;9.49
2026-05-25 12:25:32;10.37
2026-05-25 12:25:47;13.65
2026-05-25 12:26:02;9.96
2026-05-25 12:26:17;10.28
2026-05-25 12:26:33;8.81
2026-05-25 12:26:48;8.35
2026-05-25 12:27:06;7.52
2026-05-25 12:27:19;6.6
2026-05-25 12:27:34;5.53
2026-05-25 12:27:49;5.32
2026-05-25 12:28:04;5.39
2026-05-25 12:28:19;5.47
2026-05-25 12:28:34;5.49
2026-05-25 12:28:49;5.33
2026-05-25 12:29:05;0.0
2026-05-25 12:29:20;4.68
2026-05-25 12:29:35;4.47
2026-05-25 12:29:50;4.36
2026-05-25 12:30:05;4.32
2026-05-25 12:30:20;4.38
2026-05-25 12:30:35;4.54
2026-05-25 12:30:50;4.76
2026-05-25 12:31:05;5.0
2026-05-25 12:31:20;5.07
2026-05-25 12:31:35;5.11
2026-05-25 12:31:50;5.15
2026-05-25 12:32:05;5.18
2026-05-25 12:32:20;5.2
2026-05-25 12:32:35;5.22
2026-05-25 12:32:50;5.18
2026-05-25 12:33:05;5.13
2026-05-25 12:33:20;5.0
2026-05-25 12:33:35;4.8
2026-05-25 12:33:50;4.67
2026-05-25 12:34:05;4.61
2026-05-25 12:34:20;4.49
2026-05-25 12:34:35;4.37
2026-05-25 12:34:50;4.25
2026-05-25 12:35:05;4.17
2026-05-25 12:35:20;4.2
2026-05-25 12:35:35;4.26
2026-05-25 12:35:50;4.34
2026-05-25 12:36:05;4.41
2026-05-25 12:36:20;4.46
2026-05-25 12:36:35;4.52
2026-05-25 12:36:50;0.01
2026-05-25 12:37:05;4.69
2026-05-25 12:37:20;4.79
2026-05-25 12:37:35;4.84
2026-05-25 12:37:50;4.85
2026-05-25 12:38:05;4.94
2026-05-25 12:38:20;5.13
2026-05-25 12:38:35;5.32
2026-05-25 12:38:50;5.61
2026-05-25 12:39:06;5.99
2026-05-25 12:39:20;6.36
2026-05-25 12:39:36;6.88
2026-05-25 12:39:50;7.3
2026-05-25 12:40:05;8.73
2026-05-25 12:40:20;11.63
2026-05-25 12:40:35;26.09
2026-05-25 12:40:50;0.01
2026-05-25 12:41:05;11.74
2026-05-25 12:41:20;9.47
2026-05-25 12:41:35;8.18
2026-05-25 12:41:50;8.35
2026-05-25 12:42:05;8.06
2026-05-25 12:42:20;7.72
2026-05-25 12:42:35;7.41
2026-05-25 12:42:50;7.51
2026-05-25 12:43:05;15.46
2026-05-25 12:43:20;9.73
2026-05-25 12:43:37;5.86
2026-05-25 12:43:50;5.02
2026-05-25 12:44:05;4.42
2026-05-25 12:44:21;4.09
2026-05-25 12:44:35;3.95
2026-05-25 12:44:50;3.93
2026-05-25 12:45:05;3.94
2026-05-25 12:45:20;3.96
2026-05-25 12:45:35;4.02
2026-05-25 12:45:50;4.13
2026-05-25 12:46:05;4.3
2026-05-25 12:46:20;4.38
2026-05-25 12:46:36;4.44
2026-05-25 12:46:50;4.52
2026-05-25 12:48:35;5.1
2026-05-25 12:48:50;4.98
2026-05-25 12:49:20;4.84
2026-05-25 12:50:52;4.69
2026-05-25 12:51:07;4.59
2026-05-25 12:51:22;4.49
2026-05-25 12:51:37;4.38
2026-05-25 12:51:52;4.28
2026-05-25 12:52:08;4.18
2026-05-25 12:52:24;4.14
2026-05-25 12:52:37;4.19
2026-05-25 12:52:52;4.27
2026-05-25 12:53:07;0.0
2026-05-25 12:53:22;4.42
2026-05-25 12:53:37;4.56
2026-05-25 12:53:52;4.7
2026-05-25 12:54:15;4.86
2026-05-25 12:54:23;5.0
2026-05-25 12:54:42;5.18
2026-05-25 12:54:52;5.35
2026-05-25 12:55:12;5.45
2026-05-25 12:55:22;5.52
2026-05-25 12:55:37;5.58
2026-05-25 12:55:52;5.63
2026-05-25 12:56:10;5.67
2026-05-25 12:56:22;5.71
2026-05-25 12:56:37;5.71
2026-05-25 12:56:52;5.67
2026-05-25 12:57:07;5.66
2026-05-25 12:57:31;5.69
2026-05-25 12:57:38;5.79
2026-05-25 12:58:12;6.12
2026-05-25 12:58:30;6.41
2026-05-25 12:58:42;6.76
2026-05-25 12:58:58;7.34
2026-05-25 12:59:13;8.79
2026-05-25 12:59:27;9.84
2026-05-25 12:59:43;10.34
2026-05-25 12:59:58;11.44
2026-05-25 13:00:13;0.01
2026-05-25 13:00:28;9.15
2026-05-25 13:00:43;10.92
2026-05-25 13:00:58;32.64
2026-05-25 13:01:13;0.0
2026-05-25 13:01:28;30.77
2026-05-25 13:01:43;32.04
2026-05-25 13:01:58;0.0
2026-05-25 13:02:13;24.55
2026-05-25 13:02:28;29.85
2026-05-25 13:02:43;31.46
2026-05-25 13:02:58;0.01
2026-05-25 13:03:14;6.99
2026-05-25 13:03:29;0.0
2026-05-25 13:03:44;30.16
2026-05-25 13:04:02;0.0
2026-05-25 13:04:15;20.14
2026-05-25 13:04:30;30.64
2026-05-25 13:04:46;0.01
2026-05-25 13:05:01;29.24
2026-05-25 13:05:16;0.01
2026-05-25 13:05:49;27.19
2026-05-25 13:06:41;0.0
2026-05-25 13:06:57;27.74
2026-05-25 13:07:12;17.91
2026-05-25 13:07:27;25.92
2026-05-25 13:07:43;28.2
2026-05-25 13:07:57;0.0
2026-05-25 13:08:13;16.98
2026-05-25 13:08:28;28.11
2026-05-25 13:08:44;0.01
2026-05-25 13:08:59;25.78
2026-05-25 13:09:15;0.01
2026-05-25 13:09:29;0.0
2026-05-25 13:09:45;0.01
2026-05-25 13:09:59;0.0
2026-05-25 13:10:15;0.01
2026-05-25 13:10:30;25.11
2026-05-25 13:10:45;22.13
2026-05-25 13:11:00;27.27
2026-05-25 13:11:16;27.52
2026-05-25 13:11:31;27.45
2026-05-25 13:11:46;0.01
2026-05-25 13:12:01;25.12
2026-05-25 13:12:17;26.73
2026-05-25 13:12:32;0.0
2026-05-25 13:12:47;0.0
2026-05-25 13:13:02;21.67
2026-05-25 13:13:18;26.63
2026-05-25 13:13:34;26.31
2026-05-25 13:13:48;26.29
2026-05-25 13:14:03;0.0
2026-05-25 13:14:19;0.01
2026-05-25 13:14:34;0.01
2026-05-25 13:14:49;26.11
2026-05-25 13:15:12;26.01
2026-05-25 13:15:20;0.0
2026-05-25 13:15:35;23.36
2026-05-25 13:15:54;9.0
2026-05-25 13:16:07;25.39
2026-05-25 13:16:21;0.0
2026-05-25 13:16:36;0.0
2026-05-25 13:16:51;0.0
2026-05-25 13:17:13;0.0
2026-05-25 13:17:22;23.79
2026-05-25 13:17:37;25.65
2026-05-25 13:17:52;0.0
2026-05-25 13:18:07;23.87
2026-05-25 13:18:26;26.0
2026-05-25 13:18:41;0.01
2026-05-25 13:18:56;26.06
2026-05-25 13:19:12;26.0
2026-05-25 13:19:27;0.0
2026-05-25 13:19:39;23.89
2026-05-25 13:19:55;26.19
2026-05-25 13:20:10;24.11
2026-05-25 13:20:26;0.0
2026-05-25 13:20:40;26.47
2026-05-25 13:20:56;11.52
2026-05-25 13:21:23;23.84
2026-05-25 13:21:27;26.1
2026-05-25 13:21:46;0.0
2026-05-25 13:22:00;0.0
2026-05-25 13:22:14;0.0
2026-05-25 13:22:53;0.0
2026-05-25 13:22:53;23.66
2026-05-25 13:23:00;25.79
2026-05-25 13:23:18;25.47
2026-05-25 13:23:34;25.74
2026-05-25 13:23:50;23.46
2026-05-25 13:24:02;25.39
2026-05-25 13:24:18;25.84
2026-05-25 13:24:33;23.58
2026-05-25 13:24:51;25.79
2026-05-25 13:25:05;7.19
2026-05-25 13:25:20;25.56
2026-05-25 13:25:36;25.09
2026-05-25 13:25:51;0.0
2026-05-25 13:26:07;25.48
2026-05-25 13:26:22;23.28
2026-05-25 13:26:38;25.53
2026-05-25 13:26:54;25.38
2026-05-25 13:27:10;0.0
2026-05-25 13:27:25;23.55
2026-05-25 13:27:40;0.01
2026-05-25 13:27:56;25.69
2026-05-25 13:28:12;23.58
2026-05-25 13:28:27;25.96
2026-05-25 13:28:43;23.41
2026-05-25 13:28:58;25.62
2026-05-25 13:29:14;25.52
2026-05-25 13:29:29;25.44
2026-05-25 13:29:45;0.01
2026-05-25 13:30:00;0.01
2026-05-25 13:30:16;25.08
2026-05-25 13:30:32;0.0
2026-05-25 13:30:47;22.59
2026-05-25 13:31:03;24.8
2026-05-25 13:31:18;22.48
2026-05-25 13:31:34;0.0
2026-05-25 13:31:49;22.89
2026-05-25 13:32:05;24.55
2026-05-25 13:32:20;0.0
2026-05-25 13:32:36;24.55
2026-05-25 13:32:52;24.6
2026-05-25 13:33:07;24.89
2026-05-25 13:33:23;22.82
2026-05-25 13:33:38;23.56
2026-05-25 13:33:54;24.8
2026-05-25 13:34:10;0.0
2026-05-25 13:34:25;24.78
2026-05-25 13:34:41;2.83
2026-05-25 13:34:56;24.81
2026-05-25 13:35:12;0.0
2026-05-25 13:35:28;0.0
2026-05-25 13:35:43;0.0
2026-05-25 13:35:59;24.78
2026-05-25 13:36:14;0.01
2026-05-25 13:36:30;25.12
2026-05-25 13:36:45;0.18
2026-05-25 13:37:01;24.4
2026-05-25 13:37:17;0.0
2026-05-25 13:37:32;11.94
2026-05-25 13:37:48;23.32
2026-05-25 13:38:03;21.18
2026-05-25 13:38:19;6.95
2026-05-25 13:38:34;7.66
2026-05-25 13:38:50;7.14
2026-05-25 13:39:06;8.41
2026-05-25 13:39:20;7.94
2026-05-25 13:39:35;5.96
2026-05-25 13:39:51;25.84
2026-05-25 13:40:06;23.79
2026-05-25 13:40:21;0.0
2026-05-25 13:40:36;25.49
2026-05-25 13:40:52;0.05
2026-05-25 13:41:07;23.52
2026-05-25 13:41:23;25.35
2026-05-25 13:41:37;24.98
2026-05-25 13:41:53;5.69
2026-05-25 13:42:08;25.32
2026-05-25 13:42:24;25.3
2026-05-25 13:42:39;23.38
2026-05-25 13:42:54;15.85
2026-05-25 13:43:15;25.36
2026-05-25 13:43:25;21.77
2026-05-25 13:44:10;25.13
2026-05-25 13:44:25;25.0
2026-05-25 13:44:41;0.0
2026-05-25 13:44:58;22.5
2026-05-25 13:45:13;24.18
2026-05-25 13:45:28;4.45
2026-05-25 13:45:47;24.33
2026-05-25 13:45:59;24.32
2026-05-25 13:46:15;4.92
2026-05-25 13:46:31;24.31
2026-05-25 13:46:46;24.3
2026-05-25 13:47:02;22.97
2026-05-25 13:47:17;22.68
2026-05-25 13:47:33;6.62
2026-05-25 13:47:48;6.78
2026-05-25 13:48:04;8.45
2026-05-25 13:48:20;12.05
2026-05-25 13:48:35;0.0
2026-05-25 13:48:50;15.81
2026-05-25 13:49:05;0.01
2026-05-25 13:49:20;11.79
2026-05-25 13:49:36;7.46
2026-05-25 13:49:51;6.31
2026-05-25 13:50:06;5.86
2026-05-25 13:50:21;5.57
2026-05-25 13:50:37;5.4
2026-05-25 13:50:52;5.31
2026-05-25 13:51:07;5.14
2026-05-25 13:51:22;4.95
2026-05-25 13:51:38;4.86
2026-05-25 13:51:53;4.99
2026-05-25 13:52:08;6.03
2026-05-25 13:52:23;18.95
2026-05-25 13:52:39;5.19
2026-05-25 13:52:54;4.21
2026-05-25 13:53:09;3.78
2026-05-25 13:53:24;3.47
2026-05-25 13:53:40;3.31
2026-05-25 13:53:55;3.13
2026-05-25 13:54:13;3.09
2026-05-25 13:54:26;3.11
2026-05-25 13:54:43;3.12
2026-05-25 13:54:57;3.1
2026-05-25 13:55:12;3.16
2026-05-25 13:55:27;3.22
2026-05-25 13:55:42;3.26
2026-05-25 13:55:57;3.36
2026-05-25 13:56:13;3.45
2026-05-25 13:56:28;3.58
2026-05-25 13:56:44;3.71
2026-05-25 13:56:59;4.14
2026-05-25 13:57:14;4.84
2026-05-25 13:57:29;5.33
2026-05-25 13:57:45;7.96
2026-05-25 13:58:00;0.0
2026-05-25 13:58:16;24.63
2026-05-25 13:58:31;26.0
2026-05-25 13:58:46;20.12
2026-05-25 13:59:01;0.0
2026-05-25 13:59:18;22.95
2026-05-25 13:59:32;25.6
2026-05-25 13:59:47;0.0
2026-05-25 14:00:02;25.46
2026-05-25 14:00:18;0.0
2026-05-25 14:00:33;0.0
2026-05-25 14:00:49;0.0
2026-05-25 14:01:04;0.0
2026-05-25 14:01:19;23.88
2026-05-25 14:01:34;25.23
2026-05-25 14:01:50;24.46
2026-05-25 14:02:05;0.01
2026-05-25 14:02:20;0.0
2026-05-25 14:02:35;0.0
2026-05-25 14:02:51;0.0
2026-05-25 14:03:06;12.36
2026-05-25 14:03:22;4.84
2026-05-25 14:03:37;5.23
2026-05-25 14:03:52;0.0
2026-05-25 14:04:07;17.83
2026-05-25 14:04:23;4.75
2026-05-25 14:04:38;4.68
2026-05-25 14:04:53;5.64
2026-05-25 14:05:08;9.74
2026-05-25 14:05:24;24.93
2026-05-25 14:05:39;25.53
2026-05-25 14:05:54;23.89
2026-05-25 14:06:09;0.01
2026-05-25 14:06:25;23.64
2026-05-25 14:06:40;25.08
2026-05-25 14:06:55;24.92
2026-05-25 14:07:11;23.2
2026-05-25 14:07:26;0.01
2026-05-25 14:07:41;0.0
2026-05-25 14:07:57;14.71
2026-05-25 14:08:12;24.45
2026-05-25 14:08:27;11.44
2026-05-25 14:08:42;12.21
2026-05-25 14:08:58;8.12
2026-05-25 14:09:13;23.76
2026-05-25 14:09:28;25.22
2026-05-25 14:09:43;9.34
2026-05-25 14:09:59;16.44
2026-05-25 14:10:14;16.98
2026-05-25 14:10:29;0.01
2026-05-25 14:10:44;11.49
2026-05-25 14:11:00;6.2
2026-05-25 14:11:15;6.92
2026-05-25 14:11:30;7.17
2026-05-25 14:11:45;6.62
2026-05-25 14:12:01;6.62
2026-05-25 14:12:16;23.96
2026-05-25 14:12:32;0.0
2026-05-25 14:12:50;18.67
2026-05-25 14:13:02;8.18
2026-05-25 14:13:17;5.0
2026-05-25 14:13:33;5.13
2026-05-25 14:13:48;4.25
2026-05-25 14:14:03;4.68
2026-05-25 14:14:18;21.81
2026-05-25 14:14:34;24.25
2026-05-25 14:14:49;0.0
2026-05-25 14:15:04;0.0
2026-05-25 14:15:19;22.95
2026-05-25 14:15:35;23.17
2026-05-25 14:15:50;0.0
2026-05-25 14:16:06;0.0
2026-05-25 14:16:21;0.01
2026-05-25 14:16:36;0.0
2026-05-25 14:16:51;22.4
2026-05-25 14:17:07;21.15
2026-05-25 14:17:22;22.47
2026-05-25 14:17:37;0.0
2026-05-25 14:17:53;20.87
2026-05-25 14:18:08;0.0
2026-05-25 14:18:23;22.14
2026-05-25 14:18:38;0.0
2026-05-25 14:18:53;0.0
2026-05-25 14:19:09;0.0
2026-05-25 14:19:24;0.01
2026-05-25 14:19:39;22.19
2026-05-25 14:19:54;2.81
2026-05-25 14:20:10;12.48
2026-05-25 14:20:25;21.93
2026-05-25 14:20:41;0.0
2026-05-25 14:20:56;20.2
2026-05-25 14:21:11;0.01
2026-05-25 14:21:27;0.0
2026-05-25 14:21:42;21.51
2026-05-25 14:21:57;19.63
2026-05-25 14:22:12;20.11
2026-05-25 14:22:27;21.64
2026-05-25 14:22:43;0.01
2026-05-25 14:22:58;0.01
2026-05-25 14:23:13;0.0
2026-05-25 14:23:28;19.68
2026-05-25 14:23:44;0.01
2026-05-25 14:23:59;21.4
2026-05-25 14:24:14;0.01
2026-05-25 14:24:30;0.0
2026-05-25 14:24:45;17.87
2026-05-25 14:25:00;0.0
2026-05-25 14:25:15;10.51
2026-05-25 14:25:30;0.0
2026-05-25 14:25:46;18.27
2026-05-25 14:26:01;19.65
2026-05-25 14:26:16;11.64
2026-05-25 14:26:31;19.66
2026-05-25 14:26:47;0.0
2026-05-25 14:27:02;21.29
2026-05-25 14:27:17;0.01
2026-05-25 14:27:37;0.01
2026-05-25 14:27:48;21.45
2026-05-25 14:28:03;0.0
2026-05-25 14:28:24;21.36
2026-05-25 14:28:34;19.8
2026-05-25 14:28:49;0.0
2026-05-25 14:29:06;0.0
2026-05-25 14:29:20;0.0
2026-05-25 14:29:35;0.0
2026-05-25 14:29:50;19.81
2026-05-25 14:30:05;21.19
2026-05-25 14:30:21;0.0
2026-05-25 14:30:36;0.01
2026-05-25 14:30:51;21.11
2026-05-25 14:31:06;21.11
2026-05-25 14:31:22;11.75
2026-05-25 14:31:37;11.68
2026-05-25 14:31:52;18.15
2026-05-25 14:32:07;0.0
2026-05-25 14:32:23;0.0
2026-05-25 14:32:38;0.0
2026-05-25 14:32:54;21.19
2026-05-25 14:33:08;0.0
2026-05-25 14:33:24;21.28
2026-05-25 14:33:39;19.71
2026-05-25 14:33:55;0.01
2026-05-25 14:34:10;21.44
2026-05-25 14:34:25;0.0
2026-05-25 14:34:40;0.0
2026-05-25 14:34:56;0.01
2026-05-25 14:35:11;21.42
2026-05-25 14:35:26;21.48
2026-05-25 14:35:41;20.26
2026-05-25 14:35:57;0.01
2026-05-25 14:36:12;0.0
2026-05-25 14:36:29;0.01
2026-05-25 14:36:42;0.0
2026-05-25 14:36:58;19.69
2026-05-25 14:37:13;21.47
2026-05-25 14:37:28;21.44
2026-05-25 14:37:43;0.0
2026-05-25 14:37:59;21.0
2026-05-25 14:38:14;5.49
2026-05-25 14:38:29;20.59
2026-05-25 14:38:44;0.0
2026-05-25 14:39:00;19.59
2026-05-25 14:39:15;19.97
2026-05-25 14:39:30;12.44
2026-05-25 14:39:45;6.85
2026-05-25 14:40:01;3.06
2026-05-25 14:40:16;2.86
2026-05-25 14:40:31;2.95
2026-05-25 14:40:46;3.38
2026-05-25 14:41:02;8.29
2026-05-25 14:41:17;16.82
2026-05-25 14:41:33;9.07
2026-05-25 14:41:48;2.2
2026-05-25 14:42:03;1.97
2026-05-25 14:42:18;1.88
2026-05-25 14:42:34;1.9
2026-05-25 14:42:49;2.0
2026-05-25 14:43:04;2.08
2026-05-25 14:43:19;2.19
2026-05-25 14:43:35;2.42
2026-05-25 14:43:50;2.69
2026-05-25 14:44:06;2.95
2026-05-25 14:44:21;3.39
2026-05-25 14:44:36;3.99
2026-05-25 14:44:51;0.0
2026-05-25 14:45:07;16.2
2026-05-25 14:45:22;0.0
2026-05-25 14:45:38;0.01
2026-05-25 14:45:52;0.0
2026-05-25 14:46:10;12.35
2026-05-25 14:46:23;21.51
2026-05-25 14:46:39;20.42
2026-05-25 14:46:54;0.0
2026-05-25 14:47:09;20.2
2026-05-25 14:47:24;20.99
2026-05-25 14:47:40;0.68
2026-05-25 14:48:10;0.0
2026-05-25 14:48:26;0.29
2026-05-25 14:48:41;20.72
2026-05-25 14:48:57;0.01
2026-05-25 14:49:12;20.86
2026-05-25 14:49:27;0.0
2026-05-25 14:49:42;0.0
2026-05-25 14:49:58;20.81
2026-05-25 14:50:13;20.26
2026-05-25 14:50:28;0.01
2026-05-25 14:50:43;0.01
2026-05-25 14:50:59;19.1
2026-05-25 14:51:14;12.59
2026-05-25 14:51:30;0.0
2026-05-25 14:51:45;20.14
2026-05-25 14:52:00;20.0
2026-05-25 14:52:15;19.87
2026-05-25 14:52:31;0.0
2026-05-25 14:52:46;18.46
2026-05-25 14:53:01;19.6
2026-05-25 14:53:16;0.01
2026-05-25 14:53:32;0.0
2026-05-25 14:53:47;0.01
2026-05-25 14:54:03;18.01
2026-05-25 14:54:17;0.0
2026-05-25 14:54:33;17.89
2026-05-25 14:54:48;19.12
2026-05-25 14:55:03;19.18
2026-05-25 14:55:18;8.84
2026-05-25 14:55:34;19.23
2026-05-25 14:55:49;0.0
2026-05-25 14:56:05;0.0
2026-05-25 14:56:20;19.25
2026-05-25 14:56:36;0.0
2026-05-25 14:56:50;19.29
2026-05-25 14:57:06;0.0
2026-05-25 14:57:21;19.4
2026-05-25 14:57:36;0.0
2026-05-25 14:57:51;19.55
2026-05-25 14:58:07;0.01
2026-05-25 14:58:22;0.0
2026-05-25 14:58:37;0.0
2026-05-25 14:58:52;0.0
2026-05-25 14:59:08;0.08
2026-05-25 14:59:23;0.0
2026-05-25 14:59:39;0.0
2026-05-25 14:59:54;0.01
2026-05-25 15:00:09;0.0
2026-05-25 15:00:24;0.0
2026-05-25 15:00:40;20.36
2026-05-25 15:00:55;0.0
2026-05-25 15:01:10;15.52
2026-05-25 15:01:25;0.0
2026-05-25 15:01:41;0.01
2026-05-25 15:01:56;18.69
2026-05-25 15:02:11;0.0
2026-05-25 15:02:27;20.06
2026-05-25 15:02:42;19.99
2026-05-25 15:02:57;0.0
2026-05-25 15:03:13;0.0
2026-05-25 15:03:27;0.0
2026-05-25 15:03:43;18.44
2026-05-25 15:03:58;0.01
2026-05-25 15:04:14;0.0
2026-05-25 15:04:29;0.01
2026-05-25 15:04:44;0.0
2026-05-25 15:04:59;20.0
2026-05-25 15:05:15;0.0
2026-05-25 15:05:30;0.0
2026-05-25 15:05:45;14.95
2026-05-25 15:06:00;20.18
2026-05-25 15:06:16;0.0
2026-05-25 15:06:31;20.14
2026-05-25 15:06:46;18.59
2026-05-25 15:07:01;0.0
2026-05-25 15:07:17;0.0
2026-05-25 15:07:32;5.72
2026-05-25 15:07:47;0.0
2026-05-25 15:08:03;0.08
2026-05-25 15:08:18;17.74
2026-05-25 15:08:33;0.01
2026-05-25 15:08:48;16.8
2026-05-25 15:09:03;18.99
2026-05-25 15:09:19;0.01
2026-05-25 15:09:34;0.0
2026-05-25 15:09:49;18.88
2026-05-25 15:10:04;0.0
2026-05-25 15:10:20;11.63
2026-05-25 15:10:35;17.62
2026-05-25 15:10:50;19.04
2026-05-25 15:11:05;7.45
2026-05-25 15:11:21;18.96
2026-05-25 15:11:36;0.0
2026-05-25 15:11:51;19.01
2026-05-25 15:12:06;18.99
2026-05-25 15:12:22;0.01
2026-05-25 15:12:37;18.92
2026-05-25 15:12:52;17.43
2026-05-25 15:13:07;0.0
2026-05-25 15:13:23;18.11
2026-05-25 15:13:38;18.5
2026-05-25 15:13:53;18.51
2026-05-25 15:14:08;0.0
2026-05-25 15:14:24;0.0
2026-05-25 15:14:39;0.0
2026-05-25 15:14:54;18.03
2026-05-25 15:15:09;17.78
2026-05-25 15:15:25;0.01
2026-05-25 15:15:40;0.01
2026-05-25 15:15:55;0.0
2026-05-25 15:16:10;16.56
2026-05-25 15:16:26;10.61
2026-05-25 15:16:41;17.78
2026-05-25 15:16:57;0.01
2026-05-25 15:17:12;0.01
2026-05-25 15:17:27;17.64
2026-05-25 15:17:42;11.83
2026-05-25 15:17:58;17.32
2026-05-25 15:18:13;17.17
2026-05-25 15:18:28;0.0
2026-05-25 15:18:43;14.69
2026-05-25 15:18:59;15.64
2026-05-25 15:19:14;0.0
2026-05-25 15:19:29;15.53
2026-05-25 15:19:45;15.14
2026-05-25 15:20:00;0.01
2026-05-25 15:20:15;15.22
2026-05-25 15:20:31;0.0
2026-05-25 15:20:46;4.44
2026-05-25 15:21:01;16.55
2026-05-25 15:21:16;0.0
2026-05-25 15:21:32;0.0
2026-05-25 15:21:47;0.01
2026-05-25 15:22:02;15.51
2026-05-25 15:22:17;16.47
2026-05-25 15:22:33;0.0
2026-05-25 15:22:48;16.32
2026-05-25 15:23:03;0.11
2026-05-25 15:23:18;16.45
2026-05-25 15:23:34;0.0
2026-05-25 15:23:49;0.01
2026-05-25 15:24:04;16.64
2026-05-25 15:24:19;15.58
2026-05-25 15:24:35;4.6
2026-05-25 15:24:50;3.6
2026-05-25 15:25:06;3.71
2026-05-25 15:25:21;4.9
2026-05-25 15:25:36;0.0
2026-05-25 15:25:51;0.01
2026-05-25 15:26:07;0.0
2026-05-25 15:26:22;11.87
2026-05-25 15:26:38;10.25
2026-05-25 15:26:53;0.01
2026-05-25 15:27:08;9.21
2026-05-25 15:27:23;0.0
2026-05-25 15:27:39;0.0
2026-05-25 15:27:54;14.96
2026-05-25 15:28:09;15.02
2026-05-25 15:28:24;0.0
2026-05-25 15:28:40;16.05
2026-05-25 15:28:55;16.13
2026-05-25 15:29:11;0.04
2026-05-25 15:29:25;7.91
2026-05-25 15:29:41;0.01
2026-05-25 15:29:56;16.11
2026-05-25 15:30:12;0.0
2026-05-25 15:30:27;0.0
2026-05-25 15:30:42;14.99
2026-05-25 15:30:57;12.42
2026-05-25 15:31:13;16.24
2026-05-25 15:31:28;0.0
2026-05-25 15:31:44;0.01
2026-05-25 15:31:58;0.0
2026-05-25 15:32:14;15.11
2026-05-25 15:32:29;15.61
2026-05-25 15:32:45;15.8
2026-05-25 15:33:00;0.0
2026-05-25 15:33:15;0.0
2026-05-25 15:33:30;0.01
2026-05-25 15:33:46;15.93
2026-05-25 15:34:01;15.93
2026-05-25 15:34:17;15.76
2026-05-25 15:34:32;0.0
2026-05-25 15:34:49;14.62
2026-05-25 15:35:02;0.01
2026-05-25 15:35:18;14.45
2026-05-25 15:35:33;0.0
2026-05-25 15:35:48;6.31
2026-05-25 15:36:03;12.11
2026-05-25 15:36:19;9.33
2026-05-25 15:36:34;0.0
2026-05-25 15:36:50;0.01
2026-05-25 15:37:05;14.94
2026-05-25 15:37:20;3.91
2026-05-25 15:37:35;2.67
2026-05-25 15:37:51;2.7
2026-05-25 15:38:06;2.44
2026-05-25 15:38:21;3.41
2026-05-25 15:38:37;9.24
2026-05-25 15:38:52;14.36
2026-05-25 15:39:07;14.06
2026-05-25 15:39:23;13.95
2026-05-25 15:39:38;13.87
2026-05-25 15:39:53;13.09
2026-05-25 15:40:08;13.74
2026-05-25 15:40:24;2.92
2026-05-25 15:40:39;2.08
2026-05-25 15:40:55;1.72
2026-05-25 15:41:09;1.7
2026-05-25 15:41:25;1.79
2026-05-25 15:41:40;1.84
2026-05-25 15:41:56;1.68
2026-05-25 15:42:11;1.61
2026-05-25 15:42:26;1.48
2026-05-25 15:42:42;1.37
2026-05-25 15:42:57;1.32
2026-05-25 15:43:12;1.31
2026-05-25 15:43:28;1.32
2026-05-25 15:43:43;1.36
2026-05-25 15:43:58;1.4
2026-05-25 15:44:14;1.46
2026-05-25 15:44:29;1.54
2026-05-25 15:44:43;1.65
2026-05-25 15:44:58;1.77
2026-05-25 15:45:13;1.92
2026-05-25 15:45:28;2.11
2026-05-25 15:45:43;2.55
2026-05-25 15:45:58;3.43
2026-05-25 15:46:13;3.42
2026-05-25 15:46:28;12.64
2026-05-25 15:46:43;11.88
2026-05-25 15:46:59;2.48
2026-05-25 15:47:14;2.03
2026-05-25 15:47:29;1.96
2026-05-25 15:47:43;1.97
2026-05-25 15:47:59;3.87
2026-05-25 15:48:13;12.48
2026-05-25 15:48:28;12.52
2026-05-25 15:48:43;12.41
2026-05-25 15:48:59;0.0
2026-05-25 15:49:14;12.33
2026-05-25 15:49:29;0.0
2026-05-25 15:49:43;12.25
2026-05-25 15:49:58;11.85
2026-05-25 15:50:13;0.0
2026-05-25 15:50:29;0.0
2026-05-25 15:50:43;7.38
2026-05-25 15:50:58;12.2
2026-05-25 15:51:13;12.32
2026-05-25 15:51:29;0.0
2026-05-25 15:51:44;5.03
2026-05-25 15:51:59;9.99
2026-05-25 15:52:14;3.01
2026-05-25 15:52:28;2.26
2026-05-25 15:52:44;6.82
2026-05-25 15:52:58;0.0
2026-05-25 15:53:14;11.66
2026-05-25 15:53:29;11.52
2026-05-25 15:53:44;0.01
2026-05-25 15:53:58;11.69
2026-05-25 15:54:14;11.56
2026-05-25 15:54:29;11.32
2026-05-25 15:54:44;0.01
2026-05-25 15:54:59;11.58
2026-05-25 15:55:14;11.51
2026-05-25 15:55:30;0.0
2026-05-25 15:55:45;1.98
2026-05-25 15:56:00;1.97
2026-05-25 15:56:15;2.07
2026-05-25 15:56:31;2.35
2026-05-25 15:56:47;3.59
2026-05-25 15:57:01;2.49
2026-05-25 15:57:17;6.29
2026-05-25 15:57:31;10.95
2026-05-25 15:57:46;11.08
2026-05-25 15:58:01;7.81
2026-05-25 15:58:16;11.06
2026-05-25 15:58:31;10.99
2026-05-25 15:58:46;10.81
2026-05-25 15:59:01;10.6
2026-05-25 15:59:16;10.7
2026-05-25 15:59:32;0.0
2026-05-25 15:59:47;10.33
2026-05-25 16:00:03;0.0
2026-05-25 16:00:18;0.01
2026-05-25 16:00:33;10.41
2026-05-25 16:00:48;0.0
2026-05-25 16:01:04;10.25
2026-05-25 16:01:19;1.89
2026-05-25 16:01:34;1.81
2026-05-25 16:01:49;1.96
2026-05-25 16:02:05;8.92
2026-05-25 16:02:19;0.01
2026-05-25 16:02:35;10.69
2026-05-25 16:02:49;0.0
2026-05-25 16:03:05;1.19
2026-05-25 16:03:20;10.52
2026-05-25 16:03:35;7.0
2026-05-25 16:03:50;4.34
2026-05-25 16:04:05;3.43
2026-05-25 16:04:20;7.64
2026-05-25 16:04:35;9.53
2026-05-25 16:04:50;10.11
2026-05-25 16:05:05;10.19
2026-05-25 16:05:20;3.28
2026-05-25 16:05:35;2.98
2026-05-25 16:05:50;3.02
2026-05-25 16:06:05;9.25
2026-05-25 16:06:20;0.0
2026-05-25 16:06:35;10.08
2026-05-25 16:06:50;0.0
2026-05-25 16:07:05;10.05
2026-05-25 16:07:20;10.06
2026-05-25 16:07:35;7.93
2026-05-25 16:07:50;9.43
2026-05-25 16:08:05;0.0
2026-05-25 16:08:21;10.27
2026-05-25 16:08:36;0.01
2026-05-25 16:08:52;0.26
2026-05-25 16:09:07;0.0
2026-05-25 16:09:22;0.0
2026-05-25 16:09:37;9.97
2026-05-25 16:09:53;9.97
2026-05-25 16:10:08;9.94
2026-05-25 16:10:24;0.0
2026-05-25 16:10:39;9.72
2026-05-25 16:10:54;9.24
2026-05-25 16:11:09;9.34
2026-05-25 16:11:25;9.74
2026-05-25 16:11:40;3.67
2026-05-25 16:11:56;9.86
2026-05-25 16:12:11;9.87
2026-05-25 16:12:26;9.82
2026-05-25 16:12:41;9.66
2026-05-25 16:12:57;0.01
2026-05-25 16:13:12;9.37
2026-05-25 16:13:28;3.45
2026-05-25 16:13:42;1.82
2026-05-25 16:13:58;9.04
2026-05-25 16:14:13;2.51
2026-05-25 16:14:29;9.02
2026-05-25 16:14:54;8.93
2026-05-25 16:14:59;6.26
2026-05-25 16:15:14;7.14
2026-05-25 16:15:29;4.94
2026-05-25 16:15:45;2.52
2026-05-25 16:16:00;6.89
2026-05-25 16:16:16;5.89
2026-05-25 16:16:30;0.0
2026-05-25 16:16:45;5.08
2026-05-25 16:17:00;3.7
2026-05-25 16:17:15;4.79
2026-05-25 16:17:30;7.18
2026-05-25 16:17:45;8.32
2026-05-25 16:18:00;0.0
2026-05-25 16:18:15;8.4
2026-05-25 16:18:30;8.33
2026-05-25 16:18:45;0.0
2026-05-25 16:19:00;7.7
2026-05-25 16:19:15;3.55
2026-05-25 16:19:30;8.01
2026-05-25 16:19:45;1.4
2026-05-25 16:20:02;8.0
2026-05-25 16:20:15;0.0
2026-05-25 16:20:30;4.61
2026-05-25 16:20:45;7.78
2026-05-25 16:21:00;0.0
2026-05-25 16:21:16;7.62
2026-05-25 16:21:30;7.61
2026-05-25 16:21:45;7.52
2026-05-25 16:22:00;0.0
2026-05-25 16:22:15;7.6
2026-05-25 16:22:30;7.58
2026-05-25 16:22:45;5.68
2026-05-25 16:23:00;3.0
2026-05-25 16:23:15;5.42
2026-05-25 16:23:30;7.09
2026-05-25 16:23:45;7.21
2026-05-25 16:24:00;0.01
2026-05-25 16:24:15;7.34
2026-05-25 16:24:30;7.15
2026-05-25 16:24:45;6.42