Timestamp;Temperature
2026-05-06 08:56:17;33.1
2026-05-06 08:56:32;33.1
2026-05-06 08:56:47;33.1
2026-05-06 08:57:02;33.2
2026-05-06 08:57:17;33.2
2026-05-06 08:57:32;33.4
2026-05-06 08:57:47;33.4
2026-05-06 08:58:02;33.5
2026-05-06 08:58:18;33.6
2026-05-06 08:58:33;33.6
2026-05-06 08:58:48;33.6
2026-05-06 08:59:03;33.6
2026-05-06 08:59:18;33.6
2026-05-06 08:59:33;33.7
2026-05-06 08:59:48;33.7
2026-05-06 09:00:03;33.9
2026-05-06 09:10:43;34.3
2026-05-06 09:10:58;34.3
2026-05-06 09:11:13;34.3
2026-05-06 09:11:28;34.3
2026-05-06 09:11:43;34.3
2026-05-06 09:11:58;34.3
2026-05-06 09:12:13;34.2
2026-05-06 09:12:28;34.3
2026-05-06 09:12:44;34.2
2026-05-06 09:12:58;34.2
2026-05-06 09:13:13;34.3
2026-05-06 09:13:28;34.4
2026-05-06 09:13:43;34.4
2026-05-06 09:13:58;34.3
2026-05-06 09:14:14;34.4
2026-05-06 09:14:29;34.4
2026-05-06 09:14:44;34.4
2026-05-06 09:14:59;34.5
2026-05-06 09:15:14;34.5
2026-05-06 09:15:29;34.4
2026-05-06 09:15:44;34.4
2026-05-06 09:15:59;34.4
2026-05-06 09:16:14;34.4
2026-05-06 09:16:29;34.4
2026-05-06 09:16:44;34.4
2026-05-06 09:16:59;34.2
2026-05-06 09:17:14;34.2
2026-05-06 09:17:29;34.4
2026-05-06 09:17:44;34.4
2026-05-06 09:18:00;34.3
2026-05-06 09:18:14;34.5
2026-05-06 09:18:29;34.8
2026-05-06 09:18:44;35.1
2026-05-06 09:18:59;35.3
2026-05-06 09:19:14;35.6
2026-05-06 09:19:30;35.6
2026-05-06 09:19:45;35.6
2026-05-06 09:20:00;35.7
2026-05-06 09:20:15;35.8
2026-05-06 09:20:30;35.9
2026-05-06 09:20:45;35.9
2026-05-06 09:21:00;36.1
2026-05-06 09:21:15;36.2
2026-05-06 09:21:30;36.3
2026-05-06 09:21:45;36.4
2026-05-06 09:22:00;36.5
2026-05-06 09:22:15;36.6
2026-05-06 09:22:30;36.7
2026-05-06 09:22:45;36.9
2026-05-06 09:23:00;37.0
2026-05-06 09:23:16;37.1
2026-05-06 09:23:30;37.1
2026-05-06 09:23:45;37.3
2026-05-06 09:24:00;37.1
2026-05-06 09:24:15;36.7
2026-05-06 09:24:31;36.8
2026-05-06 09:24:46;36.9
2026-05-06 09:25:01;36.9
2026-05-06 09:25:16;36.9
2026-05-06 09:25:31;36.9
2026-05-06 09:25:46;36.8
2026-05-06 09:26:01;36.7
2026-05-06 09:26:16;36.7
2026-05-06 09:26:31;36.7
2026-05-06 09:26:46;36.7
2026-05-06 09:27:01;36.7
2026-05-06 09:27:16;36.9
2026-05-06 09:27:31;37.0
2026-05-06 09:27:46;37.2
2026-05-06 09:28:02;37.3
2026-05-06 09:28:16;37.5
2026-05-06 09:28:31;37.7
2026-05-06 09:28:46;37.9
2026-05-06 09:29:01;38.3
2026-05-06 09:29:16;38.6
2026-05-06 09:29:31;39.0
2026-05-06 09:29:46;39.2
2026-05-06 09:30:01;39.6
2026-05-06 09:30:16;39.9
2026-05-06 09:30:31;40.2
2026-05-06 09:30:47;40.5
2026-05-06 09:31:02;40.7
2026-05-06 09:31:17;40.9
2026-05-06 09:31:32;41.1
2026-05-06 09:31:47;41.2
2026-05-06 09:32:02;41.4
2026-05-06 09:32:17;41.4
2026-05-06 09:32:33;41.5
2026-05-06 09:32:47;41.6
2026-05-06 09:33:02;41.6
2026-05-06 09:33:17;41.5
2026-05-06 09:33:32;41.4
2026-05-06 09:33:47;41.1
2026-05-06 09:34:02;40.8
2026-05-06 09:34:17;40.7
2026-05-06 09:34:32;40.8
2026-05-06 09:34:47;40.8
2026-05-06 09:35:02;40.6
2026-05-06 09:35:17;40.6
2026-05-06 09:35:32;40.3
2026-05-06 09:35:47;40.1
2026-05-06 09:36:02;40.0
2026-05-06 09:36:17;39.9
2026-05-06 09:36:32;39.5
2026-05-06 09:36:48;39.2
2026-05-06 09:37:02;39.1
2026-05-06 09:37:17;39.2
2026-05-06 09:37:32;39.3
2026-05-06 09:37:47;39.4
2026-05-06 09:38:02;39.4
2026-05-06 09:38:17;39.2
2026-05-06 09:38:32;39.1
2026-05-06 09:38:47;38.9
2026-05-06 09:39:02;38.9
2026-05-06 09:39:17;38.7
2026-05-06 09:39:32;38.6
2026-05-06 09:39:47;38.4
2026-05-06 09:40:02;38.2
2026-05-06 09:40:17;38.1
2026-05-06 09:40:32;38.1
2026-05-06 09:40:48;37.9
2026-05-06 09:41:02;37.9
2026-05-06 09:41:18;37.7
2026-05-06 09:41:33;37.7
2026-05-06 09:41:48;37.6
2026-05-06 09:42:03;37.5
2026-05-06 09:42:18;37.2
2026-05-06 09:42:33;37.1
2026-05-06 09:42:48;37.1
2026-05-06 09:43:03;36.9
2026-05-06 09:43:18;36.6
2026-05-06 09:43:33;36.3
2026-05-06 09:43:48;36.1
2026-05-06 09:44:03;36.1
2026-05-06 09:44:18;35.9
2026-05-06 09:44:33;35.7
2026-05-06 09:44:48;35.6
2026-05-06 09:45:03;35.7
2026-05-06 09:45:18;36.0
2026-05-06 09:45:33;36.2
2026-05-06 09:45:48;36.5
2026-05-06 09:46:04;36.9
2026-05-06 09:46:19;37.2
2026-05-06 09:46:34;37.6
2026-05-06 09:46:48;38.0
2026-05-06 09:47:04;38.3
2026-05-06 09:47:19;38.6
2026-05-06 09:47:34;38.9
2026-05-06 09:47:49;39.3
2026-05-06 09:48:04;39.6
2026-05-06 09:48:19;40.1
2026-05-06 09:48:34;40.6
2026-05-06 09:48:49;40.9
2026-05-06 09:49:04;41.1
2026-05-06 09:49:19;41.2
2026-05-06 09:49:34;41.5
2026-05-06 09:49:49;41.4
2026-05-06 09:50:04;41.4
2026-05-06 09:50:19;41.4
2026-05-06 09:50:34;41.9
2026-05-06 09:50:49;42.2
2026-05-06 09:51:04;42.6
2026-05-06 09:51:19;42.9
2026-05-06 09:51:34;43.0
2026-05-06 09:51:49;43.0
2026-05-06 09:52:04;43.0
2026-05-06 09:52:19;42.9
2026-05-06 09:52:34;42.9
2026-05-06 09:52:49;42.7
2026-05-06 09:53:04;42.7
2026-05-06 09:53:19;42.6
2026-05-06 09:53:34;42.4
2026-05-06 09:53:49;42.6
2026-05-06 09:54:04;42.7
2026-05-06 09:54:19;42.9
2026-05-06 09:54:34;43.1
2026-05-06 09:54:49;42.9
2026-05-06 09:55:04;42.9
2026-05-06 09:55:19;42.9
2026-05-06 09:55:34;42.7
2026-05-06 09:55:49;42.5
2026-05-06 09:56:07;42.7
2026-05-06 09:56:19;43.0
2026-05-06 09:56:34;43.2
2026-05-06 09:56:49;43.3
2026-05-06 09:57:04;43.4
2026-05-06 09:57:19;43.7
2026-05-06 09:57:34;44.0
2026-05-06 09:57:59;44.3
2026-05-06 09:58:04;44.6
2026-05-06 09:58:19;44.7
2026-05-06 09:58:35;44.8
2026-05-06 09:58:50;44.8
2026-05-06 09:59:05;44.4
2026-05-06 09:59:20;44.6
2026-05-06 09:59:35;44.7
2026-05-06 09:59:50;45.1
2026-05-06 10:00:05;45.0
2026-05-06 10:00:21;44.7
2026-05-06 10:00:36;44.1
2026-05-06 10:00:51;43.9
2026-05-06 10:01:06;43.9
2026-05-06 10:01:21;44.3
2026-05-06 10:01:36;44.6
2026-05-06 10:01:52;44.9
2026-05-06 10:02:07;45.2
2026-05-06 10:02:22;45.4
2026-05-06 10:02:37;45.7
2026-05-06 10:02:53;46.1
2026-05-06 10:03:08;46.5
2026-05-06 10:03:23;46.7
2026-05-06 10:03:39;46.9
2026-05-06 10:03:54;47.1
2026-05-06 10:04:09;47.4
2026-05-06 10:04:25;47.5
2026-05-06 10:04:40;47.7
2026-05-06 10:04:55;47.8
2026-05-06 10:05:11;48.0
2026-05-06 10:05:26;48.2
2026-05-06 10:05:41;48.3
2026-05-06 10:05:57;48.5
2026-05-06 10:06:12;48.8
2026-05-06 10:06:27;49.2
2026-05-06 10:06:42;49.1
2026-05-06 10:06:58;48.9
2026-05-06 10:07:13;49.1
2026-05-06 10:07:29;49.3
2026-05-06 10:07:44;49.2
2026-05-06 10:07:59;49.2
2026-05-06 10:08:14;49.3
2026-05-06 10:08:30;49.4
2026-05-06 10:08:45;49.4
2026-05-06 10:09:00;49.5
2026-05-06 10:09:15;49.6
2026-05-06 10:09:31;50.0
2026-05-06 10:09:46;50.0
2026-05-06 10:10:02;49.7
2026-05-06 10:10:17;49.8
2026-05-06 10:10:32;50.1
2026-05-06 10:10:47;50.4
2026-05-06 10:11:03;50.6
2026-05-06 10:11:18;50.6
2026-05-06 10:11:33;50.8
2026-05-06 10:11:48;50.7
2026-05-06 10:12:04;50.7
2026-05-06 10:12:19;50.7
2026-05-06 10:12:35;50.9
2026-05-06 10:12:50;51.3
2026-05-06 10:13:05;51.5
2026-05-06 10:13:20;51.6
2026-05-06 10:13:36;51.6
2026-05-06 10:13:51;51.4
2026-05-06 10:14:06;51.6
2026-05-06 10:14:21;51.7
2026-05-06 10:14:37;51.9
2026-05-06 10:14:52;51.6
2026-05-06 10:15:08;51.6
2026-05-06 10:15:23;51.9
2026-05-06 10:15:40;52.0
2026-05-06 10:15:53;51.9
2026-05-06 10:16:09;51.7
2026-05-06 10:16:24;51.9
2026-05-06 10:16:39;51.7
2026-05-06 10:16:55;51.2
2026-05-06 10:17:10;51.3
2026-05-06 10:17:25;51.6
2026-05-06 10:17:41;51.9
2026-05-06 10:17:56;52.1
2026-05-06 10:18:11;51.9
2026-05-06 10:18:26;52.2
2026-05-06 10:18:42;52.4
2026-05-06 10:18:57;52.5
2026-05-06 10:19:13;52.7
2026-05-06 10:19:28;52.9
2026-05-06 10:19:43;52.7
2026-05-06 10:19:59;52.5
2026-05-06 10:20:14;52.4
2026-05-06 10:20:29;52.4
2026-05-06 10:20:44;52.5
2026-05-06 10:21:00;52.6
2026-05-06 10:21:15;52.6
2026-05-06 10:21:30;52.5
2026-05-06 10:21:45;52.6
2026-05-06 10:22:01;52.6
2026-05-06 10:22:16;52.1
2026-05-06 10:22:31;51.7
2026-05-06 10:22:47;51.3
2026-05-06 10:23:02;51.5
2026-05-06 10:23:17;51.6
2026-05-06 10:23:33;51.7
2026-05-06 10:23:48;51.9
2026-05-06 10:24:03;52.1
2026-05-06 10:24:18;52.4
2026-05-06 10:24:34;52.3
2026-05-06 10:24:49;52.4
2026-05-06 10:25:04;52.6
2026-05-06 10:25:19;52.9
2026-05-06 10:25:35;53.1
2026-05-06 10:25:50;53.3
2026-05-06 10:26:20;53.2
2026-05-06 10:26:36;52.9
2026-05-06 10:26:52;52.8
2026-05-06 10:27:07;52.4
2026-05-06 10:27:22;52.7
2026-05-06 10:27:38;53.0
2026-05-06 10:27:53;53.3
2026-05-06 10:28:10;53.4
2026-05-06 10:28:23;53.6
2026-05-06 10:28:39;53.7
2026-05-06 10:28:54;53.8
2026-05-06 10:29:09;53.6
2026-05-06 10:29:24;53.3
2026-05-06 10:29:40;53.2
2026-05-06 10:29:55;53.0
2026-05-06 10:30:11;52.7
2026-05-06 10:30:26;52.7
2026-05-06 10:30:41;52.7
2026-05-06 10:30:56;52.4
2026-05-06 10:31:12;52.1
2026-05-06 10:31:27;51.9
2026-05-06 10:31:42;51.7
2026-05-06 10:31:57;51.4
2026-05-06 10:32:13;51.1
2026-05-06 10:32:28;50.9
2026-05-06 10:32:44;50.0
2026-05-06 10:32:59;49.5
2026-05-06 10:33:14;49.2
2026-05-06 10:33:29;49.0
2026-05-06 10:33:45;49.0
2026-05-06 10:34:00;49.0
2026-05-06 10:34:15;48.9
2026-05-06 10:34:30;48.6
2026-05-06 10:34:46;48.3
2026-05-06 10:35:01;48.3
2026-05-06 10:35:17;48.1
2026-05-06 10:35:32;48.0
2026-05-06 10:35:47;47.9
2026-05-06 10:36:02;47.8
2026-05-06 10:36:18;47.5
2026-05-06 10:36:33;47.6
2026-05-06 10:36:48;47.6
2026-05-06 10:37:04;47.6
2026-05-06 10:37:19;47.6
2026-05-06 10:37:34;47.6
2026-05-06 10:37:50;47.6
2026-05-06 10:38:05;47.6
2026-05-06 10:38:20;47.7
2026-05-06 10:38:35;47.7
2026-05-06 10:38:51;47.8
2026-05-06 10:39:06;47.6
2026-05-06 10:39:22;47.6
2026-05-06 10:39:37;47.6
2026-05-06 10:39:52;47.7
2026-05-06 10:40:07;47.7
2026-05-06 10:40:23;47.5
2026-05-06 10:40:38;47.3
2026-05-06 10:40:54;46.6
2026-05-06 10:41:09;46.2
2026-05-06 10:41:24;46.1
2026-05-06 10:41:39;45.9
2026-05-06 10:41:55;45.7
2026-05-06 10:42:10;45.6
2026-05-06 10:42:26;45.4
2026-05-06 10:42:41;45.0
2026-05-06 10:42:56;44.6
2026-05-06 10:43:11;44.2
2026-05-06 10:43:26;44.2
2026-05-06 10:43:41;43.9
2026-05-06 10:43:56;43.7
2026-05-06 10:44:11;43.7
2026-05-06 10:44:26;43.9
2026-05-06 10:44:41;43.9
2026-05-06 10:44:56;44.0
2026-05-06 10:45:11;43.9
2026-05-06 10:45:27;43.8
2026-05-06 10:45:41;43.7
2026-05-06 10:45:56;43.6
2026-05-06 10:46:11;43.5
2026-05-06 10:46:26;43.2
2026-05-06 10:46:41;42.8
2026-05-06 10:46:56;42.4
2026-05-06 10:47:11;42.2
2026-05-06 10:47:26;42.1
2026-05-06 10:47:41;42.0
2026-05-06 10:47:56;42.0
2026-05-06 10:48:11;41.9
2026-05-06 10:48:26;41.8
2026-05-06 10:48:41;41.8
2026-05-06 10:48:56;41.9
2026-05-06 10:49:11;41.8
2026-05-06 10:49:26;41.9
2026-05-06 10:49:41;41.8
2026-05-06 10:49:56;41.8
2026-05-06 10:50:12;41.9
2026-05-06 10:50:26;41.7
2026-05-06 10:50:41;41.8
2026-05-06 12:59:01;42.4
2026-05-06 12:59:16;42.5
2026-05-06 12:59:31;42.6
2026-05-06 12:59:46;42.5
2026-05-06 13:00:01;42.5
2026-05-06 13:00:16;42.5
2026-05-06 13:00:31;42.5
2026-05-06 13:00:46;42.5
2026-05-06 13:01:01;42.4
2026-05-06 13:01:16;42.5
2026-05-06 13:01:31;42.5
2026-05-06 13:01:46;42.6
2026-05-06 13:02:02;42.7
2026-05-06 13:02:30;42.7
2026-05-06 13:02:39;42.9
2026-05-06 13:04:14;43.9
2026-05-06 13:04:46;45.7
2026-05-06 13:05:02;46.2
2026-05-06 13:05:18;46.4
2026-05-06 13:05:32;46.7
2026-05-06 13:05:47;47.0
2026-05-06 13:06:03;47.6
2026-05-06 13:06:18;47.8
2026-05-06 13:06:34;48.2
2026-05-06 13:06:49;48.4
2026-05-06 13:07:04;48.7
2026-05-06 13:07:19;48.7
2026-05-06 13:07:35;48.9
2026-05-06 13:07:50;49.0
2026-05-06 13:08:05;49.1
2026-05-06 13:08:20;49.2
2026-05-06 13:08:36;49.3
2026-05-06 13:08:51;49.5
2026-05-06 13:09:07;49.6
2026-05-06 13:09:22;49.9
2026-05-06 13:09:37;50.2
2026-05-06 13:09:52;50.6
2026-05-06 13:10:08;50.8
2026-05-06 13:10:23;51.1
2026-05-06 13:10:38;51.2
2026-05-06 13:10:54;51.4
2026-05-06 13:11:09;51.6
2026-05-06 13:11:24;51.4
2026-05-06 13:11:40;51.2
2026-05-06 13:11:55;51.0
2026-05-06 13:12:10;50.6
2026-05-06 13:12:25;50.4
2026-05-06 13:12:41;50.1
2026-05-06 13:12:56;49.9
2026-05-06 13:13:11;49.6
2026-05-06 13:13:26;49.4
2026-05-06 13:13:42;49.1
2026-05-06 13:13:57;48.9
2026-05-06 13:14:13;48.7
2026-05-06 13:14:28;48.9
2026-05-06 13:14:43;49.2
2026-05-06 13:15:00;49.1
2026-05-06 13:15:14;49.0
2026-05-06 13:15:29;48.9
2026-05-06 13:15:44;49.1
2026-05-06 13:16:00;49.2
2026-05-06 13:16:15;49.1
2026-05-06 13:16:30;49.2
2026-05-06 13:16:47;49.4
2026-05-06 13:17:01;49.6
2026-05-06 13:17:16;49.7
2026-05-06 13:17:31;49.8
2026-05-06 13:17:47;49.7
2026-05-06 13:18:02;49.7
2026-05-06 13:18:17;49.4
2026-05-06 13:18:33;49.4
2026-05-06 13:18:48;49.3
2026-05-06 13:19:03;49.2
2026-05-06 13:19:19;49.1
2026-05-06 13:19:34;48.9
2026-05-06 13:19:49;48.7
2026-05-06 13:20:05;48.4
2026-05-06 13:20:20;48.1
2026-05-06 13:20:35;47.7
2026-05-06 13:20:51;47.2
2026-05-06 13:21:06;46.9
2026-05-06 13:21:21;46.7
2026-05-06 13:21:36;46.6
2026-05-06 13:21:52;46.6
2026-05-06 13:22:07;46.4
2026-05-06 13:22:22;46.2
2026-05-06 13:23:11;46.0
2026-05-06 13:23:23;45.7
2026-05-06 13:23:38;45.5
2026-05-06 13:23:54;45.6
2026-05-06 13:24:09;45.2
2026-05-06 13:24:25;45.2
2026-05-06 13:24:40;45.1
2026-05-06 13:24:55;45.0
2026-05-06 13:25:10;44.9
2026-05-06 13:25:26;44.9
2026-05-06 13:25:43;44.8
2026-05-06 13:25:57;44.7
2026-05-06 13:26:12;44.7
2026-05-06 13:26:27;44.6
2026-05-06 13:26:42;44.5
2026-05-06 13:26:58;44.4
2026-05-06 13:27:13;44.1
2026-05-06 13:27:32;43.7
2026-05-06 13:27:43;43.6
2026-05-06 13:27:58;43.3
2026-05-06 13:28:14;43.1
2026-05-06 13:28:28;42.9
2026-05-06 13:28:43;42.9
2026-05-06 13:28:58;42.9
2026-05-06 13:29:15;42.9
2026-05-06 13:29:28;42.8
2026-05-06 13:29:45;42.7
2026-05-06 13:29:58;42.6
2026-05-06 13:30:16;42.5
2026-05-06 13:30:28;42.6
2026-05-06 13:30:43;42.6
2026-05-06 13:31:00;42.7
2026-05-06 13:31:13;42.6
2026-05-06 13:31:28;42.6
2026-05-06 13:31:43;42.5
2026-05-06 13:31:58;42.4
2026-05-06 13:32:13;42.3
2026-05-06 13:32:28;42.2
2026-05-06 13:32:43;42.2
2026-05-06 13:33:07;42.2
2026-05-06 13:33:16;42.1
2026-05-06 13:33:31;41.9
2026-05-06 13:33:43;41.8
2026-05-06 13:33:58;41.6
2026-05-06 13:34:14;41.4
2026-05-06 13:34:28;41.3
2026-05-06 13:34:43;41.2
2026-05-06 13:34:58;41.3
2026-05-06 13:35:13;41.4
2026-05-06 13:35:28;41.3
2026-05-06 13:35:45;41.1
2026-05-06 13:35:58;40.8
2026-05-06 13:36:13;40.8
2026-05-06 13:36:28;40.9
2026-05-06 13:36:43;40.8
2026-05-06 13:36:58;40.9
2026-05-06 13:37:13;40.9
2026-05-06 13:37:28;40.8
2026-05-06 13:37:43;40.6
2026-05-06 13:37:58;40.4
2026-05-06 13:38:13;40.4
2026-05-06 13:38:28;40.4
2026-05-06 13:38:43;40.2
2026-05-06 13:38:58;40.2
2026-05-06 13:39:16;40.1
2026-05-06 13:39:28;40.1
2026-05-06 13:39:43;40.1
2026-05-06 13:39:59;40.1
2026-05-06 13:40:14;39.9
2026-05-06 13:40:29;39.9
2026-05-06 13:40:46;39.9
2026-05-06 13:40:59;39.9
2026-05-06 13:41:15;39.9
2026-05-06 13:41:29;39.9
2026-05-06 13:41:44;39.9
2026-05-06 13:41:59;39.9
2026-05-06 13:42:14;39.9
2026-05-06 13:42:29;40.0
2026-05-06 13:42:44;40.1
2026-05-06 13:42:59;40.1
2026-05-06 13:43:14;40.1
2026-05-06 13:43:29;39.9
2026-05-06 13:43:44;40.0
2026-05-06 13:43:59;40.0
2026-05-06 13:44:14;39.9
2026-05-06 13:44:29;39.9
2026-05-06 13:44:44;39.9
2026-05-06 13:44:59;39.8
2026-05-06 13:45:14;39.7
2026-05-06 13:45:29;39.7
2026-05-06 13:45:44;39.6
2026-05-06 13:45:59;39.5
2026-05-06 13:46:14;39.4
2026-05-06 13:46:32;39.3
2026-05-06 13:46:44;39.2
2026-05-06 13:46:59;39.1
2026-05-06 13:47:17;38.9
2026-05-06 13:47:29;39.0
2026-05-06 13:47:46;39.0
2026-05-06 13:47:59;39.0
2026-05-06 13:48:14;38.9
2026-05-06 13:48:30;38.8
2026-05-06 13:48:45;38.7
2026-05-06 13:49:00;38.7
2026-05-06 13:49:25;38.7
2026-05-06 13:49:30;38.7
2026-05-06 13:49:45;38.6
2026-05-06 13:50:01;38.6
2026-05-06 13:50:17;38.4
2026-05-06 13:50:31;38.3
2026-05-06 13:50:46;38.3
2026-05-06 13:51:01;38.3
2026-05-06 13:51:16;38.3
2026-05-06 13:51:31;38.3
2026-05-06 13:51:46;38.4
2026-05-06 13:52:01;38.3
2026-05-06 13:52:16;38.5
2026-05-06 13:52:32;38.7
2026-05-06 13:52:46;39.0
2026-05-06 13:53:01;39.4
2026-05-06 13:53:16;39.9
2026-05-06 13:53:31;40.4
2026-05-06 13:53:46;40.6
2026-05-06 13:54:01;41.1
2026-05-06 13:54:16;41.6
2026-05-06 13:54:31;41.9
2026-05-06 13:54:46;42.3
2026-05-06 13:55:01;42.7
2026-05-06 13:55:16;43.1
2026-05-06 13:55:32;43.5
2026-05-06 13:55:48;43.9
2026-05-06 13:56:02;44.1
2026-05-06 13:56:16;44.5
2026-05-06 13:56:32;44.9
2026-05-06 13:56:47;45.2
2026-05-06 13:57:03;45.6
2026-05-06 13:57:18;45.9
2026-05-06 13:58:04;46.9
2026-05-06 13:58:19;47.1
2026-05-06 13:58:34;47.4
2026-05-06 13:58:49;47.7
2026-05-06 13:59:05;48.1
2026-05-06 13:59:20;48.5
2026-05-06 13:59:36;48.8
2026-05-06 13:59:51;49.2
2026-05-06 14:00:06;49.4
2026-05-06 14:00:21;49.7
2026-05-06 14:00:37;49.8
2026-05-06 14:00:52;50.1
2026-05-06 14:01:07;50.4
2026-05-06 14:01:25;50.5
2026-05-06 14:01:38;50.8
2026-05-06 14:01:53;50.9
2026-05-06 14:02:09;51.2
2026-05-06 14:02:24;51.6
2026-05-06 14:02:39;51.6
2026-05-06 14:02:54;51.7
2026-05-06 14:03:10;51.9
2026-05-06 14:03:25;52.2
2026-05-06 14:03:41;52.2
2026-05-06 14:03:56;52.0
2026-05-06 14:04:11;51.6
2026-05-06 14:04:26;51.4
2026-05-06 14:04:42;51.2
2026-05-06 14:04:57;51.0
2026-05-06 14:05:12;50.7
2026-05-06 14:05:27;50.6
2026-05-06 14:05:43;50.1
2026-05-06 14:05:58;49.7
2026-05-06 14:06:14;48.9
2026-05-06 14:06:29;48.4
2026-05-06 14:06:44;47.7
2026-05-06 14:06:59;46.9
2026-05-06 14:07:15;46.4
2026-05-06 14:07:30;45.9
2026-05-06 14:07:45;45.9
2026-05-06 14:08:00;46.2
2026-05-06 14:08:16;46.4
2026-05-06 14:08:31;46.4
2026-05-06 14:08:47;46.4
2026-05-06 14:09:02;46.5
2026-05-06 14:09:17;46.9
2026-05-06 14:09:32;47.2
2026-05-06 14:09:48;47.3
2026-05-06 14:10:03;47.4
2026-05-06 14:10:19;47.6
2026-05-06 14:10:34;47.9
2026-05-06 14:10:49;48.2
2026-05-06 14:11:04;48.4
2026-05-06 14:11:20;48.6
2026-05-06 14:11:35;48.8
2026-05-06 14:11:51;49.0
2026-05-06 14:12:06;49.2
2026-05-06 14:12:21;49.3
2026-05-06 14:12:36;49.5
2026-05-06 14:12:52;49.6
2026-05-06 14:13:07;49.7
2026-05-06 14:13:22;49.9
2026-05-06 14:13:37;50.1
2026-05-06 14:13:53;50.4
2026-05-06 14:14:08;50.5
2026-05-06 14:14:25;50.4
2026-05-06 14:14:39;49.9
2026-05-06 14:14:54;49.5
2026-05-06 14:15:09;49.4
2026-05-06 14:15:25;49.6
2026-05-06 14:15:40;49.9
2026-05-06 14:15:55;50.1
2026-05-06 14:16:13;50.2
2026-05-06 14:16:26;50.3
2026-05-06 14:16:41;50.4
2026-05-06 14:17:06;50.6
2026-05-06 14:17:12;50.5
2026-05-06 14:17:27;50.1
2026-05-06 14:17:42;49.4
2026-05-06 14:17:58;47.9
2026-05-06 14:18:13;47.3
2026-05-06 14:18:29;47.2
2026-05-06 14:18:44;47.4
2026-05-06 14:18:59;47.6
2026-05-06 14:19:14;48.2
2026-05-06 14:19:30;48.6
2026-05-06 14:19:45;49.1
2026-05-06 14:20:00;49.2
2026-05-06 14:20:15;49.3
2026-05-06 14:20:31;49.6
2026-05-06 14:20:46;49.7
2026-05-06 14:21:02;49.9
2026-05-06 14:21:17;50.0
2026-05-06 14:21:32;50.1
2026-05-06 14:21:47;50.4
2026-05-06 14:22:03;50.5
2026-05-06 14:22:20;50.6
2026-05-06 14:22:33;51.0
2026-05-06 14:22:52;51.1
2026-05-06 14:23:04;51.4
2026-05-06 14:23:19;51.4
2026-05-06 14:23:35;51.6
2026-05-06 14:23:50;51.7
2026-05-06 14:24:05;51.7
2026-05-06 14:24:20;51.7
2026-05-06 14:24:36;51.7
2026-05-06 14:24:57;51.9
2026-05-06 14:25:06;52.0
2026-05-06 14:25:21;52.1
2026-05-06 14:25:37;52.2
2026-05-06 14:25:52;52.4
2026-05-06 14:26:08;52.2
2026-05-06 14:26:22;52.2
2026-05-06 14:26:38;52.2
2026-05-06 14:26:54;52.3
2026-05-06 14:27:09;52.3
2026-05-06 14:27:24;52.5
2026-05-06 14:27:40;52.6
2026-05-06 14:27:55;52.6
2026-05-06 14:28:10;52.7
2026-05-06 14:28:25;52.8
2026-05-06 14:28:41;53.3
2026-05-06 14:28:56;53.6
2026-05-06 14:29:11;53.7
2026-05-06 14:29:28;53.7
2026-05-06 14:29:42;53.6
2026-05-06 14:29:57;53.6
2026-05-06 14:30:13;53.6
2026-05-06 14:30:29;53.4
2026-05-06 14:30:43;53.2
2026-05-06 14:31:00;53.3
2026-05-06 14:31:14;53.3
2026-05-06 14:31:29;53.6
2026-05-06 14:31:44;53.5
2026-05-06 14:31:59;53.6
2026-05-06 14:32:15;53.7
2026-05-06 14:32:30;53.9
2026-05-06 14:32:45;54.1
2026-05-06 14:33:00;54.4
2026-05-06 14:33:16;54.2
2026-05-06 14:33:31;54.0
2026-05-06 14:33:47;53.7
2026-05-06 14:34:01;53.5
2026-05-06 14:34:17;53.2
2026-05-06 14:34:32;52.8
2026-05-06 14:34:48;52.4
2026-05-06 14:35:03;52.0
2026-05-06 14:35:18;51.7
2026-05-06 14:35:33;51.2
2026-05-06 14:35:49;50.8
2026-05-06 14:36:04;50.5
2026-05-06 14:36:19;50.2
2026-05-06 14:36:34;49.8
2026-05-06 14:36:50;49.4
2026-05-06 14:37:05;49.1
2026-05-06 14:40:23;46.0
2026-05-06 14:40:39;45.8
2026-05-06 14:40:54;45.6
2026-05-06 14:41:52;44.8
2026-05-06 14:42:08;44.4
2026-05-06 14:42:23;44.1
2026-05-06 14:42:38;44.0
2026-05-06 14:42:53;43.8
2026-05-06 14:43:08;43.6
2026-05-06 14:43:23;43.4
2026-05-06 14:43:38;43.3
2026-05-06 14:43:53;43.2
2026-05-06 14:44:08;43.0
2026-05-06 14:44:23;42.8
2026-05-06 14:44:38;42.7
2026-05-06 14:44:53;42.6
2026-05-06 14:45:08;42.3
2026-05-06 14:45:23;42.2
2026-05-06 14:45:38;42.0
2026-05-06 14:45:53;41.8
2026-05-06 14:46:08;41.6
2026-05-06 14:46:23;41.5
2026-05-06 14:46:38;41.3
2026-05-06 14:46:53;41.1
2026-05-06 14:47:08;40.9
2026-05-06 14:47:23;40.8
2026-05-06 14:47:38;40.7
2026-05-06 14:47:53;40.5
2026-05-06 14:48:08;40.4
2026-05-06 14:48:23;40.3
2026-05-06 14:48:39;40.2
2026-05-06 14:48:53;40.1
2026-05-06 14:49:08;39.9
2026-05-06 14:49:23;39.7
2026-05-06 14:49:38;39.6
2026-05-06 14:49:53;39.5
2026-05-06 14:50:08;39.4
2026-05-06 14:50:23;39.4
2026-05-06 14:50:38;39.3
2026-05-06 14:50:53;39.2
2026-05-06 14:51:10;39.1
2026-05-06 14:51:24;39.1
2026-05-06 14:51:38;39.0
2026-05-06 14:51:54;38.9
2026-05-06 14:52:09;38.9
2026-05-06 14:52:24;38.8
2026-05-06 14:52:39;38.7
2026-05-06 14:52:54;38.6
2026-05-06 14:53:09;38.7
2026-05-06 14:53:24;38.7
2026-05-06 14:53:39;38.7
2026-05-06 14:53:56;38.6
2026-05-06 14:54:09;38.5
2026-05-06 14:54:24;38.4
2026-05-06 14:54:40;38.3
2026-05-06 14:54:56;38.2
2026-05-06 14:55:39;37.8
2026-05-06 14:55:54;37.7
2026-05-06 14:56:09;37.6
2026-05-06 14:56:24;37.5
2026-05-06 14:56:40;37.4
2026-05-06 14:56:54;37.4
2026-05-06 14:57:09;37.4
2026-05-06 14:57:24;37.3
2026-05-06 14:57:39;37.2
2026-05-06 14:57:54;37.2
2026-05-06 14:58:09;37.1
2026-05-06 14:58:24;37.1
2026-05-06 14:58:39;37.0
2026-05-06 14:58:54;36.9
2026-05-06 14:59:09;36.9
2026-05-06 14:59:24;36.8
2026-05-06 14:59:40;36.7
2026-05-06 14:59:55;36.6
2026-05-06 15:00:10;36.6
2026-05-06 15:00:25;36.6
2026-05-06 15:00:40;36.4
2026-05-06 15:00:55;36.4
2026-05-06 15:01:10;36.4
2026-05-06 15:01:25;36.3
2026-05-06 15:01:40;36.2
2026-05-06 15:01:55;36.2
2026-05-06 15:02:10;36.1
2026-05-06 15:02:27;36.2
2026-05-06 15:02:40;36.1
2026-05-06 15:02:55;36.1
2026-05-06 15:03:10;36.0
2026-05-06 15:03:26;35.9
2026-05-06 15:03:40;35.9
2026-05-06 15:03:55;35.9
2026-05-06 15:04:10;35.8
2026-05-06 15:04:25;35.8
2026-05-06 15:04:41;35.7
2026-05-06 15:04:56;35.7
2026-05-06 15:05:11;35.7
2026-05-06 15:05:26;35.7
2026-05-06 15:05:41;35.7
2026-05-06 15:05:56;35.6
2026-05-06 15:06:11;35.6
2026-05-06 15:06:26;35.6
2026-05-06 15:06:41;35.6
2026-05-06 15:06:56;35.6
2026-05-06 15:07:11;35.6
2026-05-06 15:07:26;35.5
2026-05-06 15:07:42;35.5
2026-05-06 15:07:56;35.4
2026-05-06 15:08:11;35.4
2026-05-06 15:08:27;35.4
2026-05-06 15:08:41;35.4
2026-05-06 15:08:56;35.4
2026-05-06 15:09:12;35.4
2026-05-06 15:09:27;35.4
2026-05-06 15:09:42;35.5
2026-05-06 15:09:57;35.5
2026-05-06 15:10:12;35.4
2026-05-06 15:10:27;35.5
2026-05-06 15:10:42;35.6
2026-05-06 15:10:58;35.6
2026-05-06 15:11:13;35.5
2026-05-06 15:11:28;35.6
2026-05-06 15:11:42;35.6
2026-05-06 15:11:57;35.6
2026-05-06 15:12:12;35.6
2026-05-06 15:12:27;35.6
2026-05-06 15:12:47;35.6
2026-05-06 15:12:57;35.6
2026-05-06 15:13:12;35.6
2026-05-06 15:13:27;35.6
2026-05-06 15:13:43;35.7
2026-05-06 15:13:58;35.7
2026-05-06 15:14:12;35.7
2026-05-06 15:14:27;35.7
2026-05-06 15:14:43;35.7
2026-05-06 15:15:00;35.7
2026-05-06 15:15:13;35.7
2026-05-06 15:15:28;35.8
2026-05-06 15:15:43;35.9
2026-05-06 15:15:58;35.9
2026-05-06 15:16:13;35.9
2026-05-06 15:16:28;36.0
2026-05-06 15:16:43;36.1
2026-05-06 15:16:58;36.1
2026-05-06 15:17:13;36.1
2026-05-06 15:17:28;36.2
2026-05-06 15:17:43;36.2
2026-05-06 15:17:58;36.4
2026-05-06 15:18:13;36.4
2026-05-06 15:18:28;36.7
2026-05-06 15:18:43;37.0
2026-05-06 15:18:59;37.4
2026-05-06 15:19:13;37.7
2026-05-06 15:19:44;38.1
2026-05-06 15:19:44;38.2
2026-05-06 15:19:59;38.6
2026-05-06 15:20:13;38.9
2026-05-06 15:21:24;40.3
2026-05-06 15:21:39;40.7
2026-05-06 15:21:55;40.9
2026-05-06 15:22:09;41.1
2026-05-06 15:22:24;41.2
2026-05-06 15:22:39;41.2
2026-05-06 15:22:54;41.3
2026-05-06 15:23:09;41.6
2026-05-06 15:23:24;41.9
2026-05-06 15:23:39;42.2
2026-05-06 15:23:54;42.4
2026-05-06 15:24:09;42.7
2026-05-06 15:24:24;42.7
2026-05-06 15:24:39;42.7
2026-05-06 15:24:54;42.8
2026-05-06 15:25:09;42.9
2026-05-06 15:25:24;43.1
2026-05-06 15:25:40;43.3
2026-05-06 15:25:54;43.4
2026-05-06 15:26:09;43.6
2026-05-06 15:26:24;43.7
2026-05-06 15:26:39;43.9
2026-05-06 15:26:54;44.1
2026-05-06 15:27:09;43.9
2026-05-06 15:27:24;43.7
2026-05-06 15:27:39;43.8
2026-05-06 15:27:54;44.0
2026-05-06 15:28:10;44.2
2026-05-06 15:28:24;44.4
2026-05-06 15:28:39;44.5
2026-05-06 15:28:55;44.9
2026-05-06 15:29:10;45.2
2026-05-06 15:29:26;45.4
2026-05-06 15:29:41;45.2
2026-05-06 15:29:56;45.4
2026-05-06 15:30:11;45.4
2026-05-06 15:30:27;45.6
2026-05-06 15:30:42;45.8
2026-05-06 15:30:58;45.6
2026-05-06 15:31:13;45.4
2026-05-06 15:31:28;45.4
2026-05-06 15:31:43;45.2
2026-05-06 15:31:59;45.1
2026-05-06 15:32:14;45.0
2026-05-06 15:32:30;44.8
2026-05-06 15:32:45;44.6
2026-05-06 15:33:00;44.5
2026-05-06 15:33:15;44.3
2026-05-06 15:33:31;44.4
2026-05-06 15:33:46;44.4
2026-05-06 15:34:02;44.6
2026-05-06 15:34:17;44.6
2026-05-06 15:34:32;44.6
2026-05-06 15:34:47;44.6
2026-05-06 15:35:03;44.7
2026-05-06 15:35:18;44.7
2026-05-06 15:35:34;44.7
2026-05-06 15:35:49;44.6
2026-05-06 15:36:04;44.7
2026-05-06 15:36:19;44.9
2026-05-06 15:36:35;45.0
2026-05-06 15:36:50;45.0
2026-05-06 15:37:06;45.1
2026-05-06 15:37:21;45.1
2026-05-06 15:37:36;45.2
2026-05-06 15:37:51;45.1
2026-05-06 15:38:07;44.9
2026-05-06 15:38:22;45.0
2026-05-06 15:38:38;44.9
2026-05-06 15:38:53;44.6
2026-05-06 15:39:08;44.2
2026-05-06 15:39:24;44.4
2026-05-06 15:39:38;44.6
2026-05-06 15:39:54;44.6
2026-05-06 15:40:09;44.4
2026-05-06 15:40:24;44.1
2026-05-06 15:40:39;44.4
2026-05-06 15:40:55;44.6
2026-05-06 15:41:10;44.4
2026-05-06 15:41:25;44.2
2026-05-06 15:41:40;44.1
2026-05-06 15:41:55;44.0
2026-05-06 15:42:10;43.7
2026-05-06 15:42:25;43.6
2026-05-06 15:42:40;43.4
2026-05-06 15:42:55;43.3
2026-05-06 15:43:10;43.1
2026-05-06 15:43:25;43.0
2026-05-06 15:43:40;42.6
2026-05-06 15:43:55;42.4
2026-05-06 15:44:10;42.1
2026-05-06 15:44:25;41.9
2026-05-06 15:44:40;41.8
2026-05-06 15:44:55;41.2
2026-05-06 15:45:10;40.7
2026-05-06 15:45:25;40.4
2026-05-06 15:45:40;40.2
2026-05-06 15:45:55;40.2
2026-05-06 15:46:10;40.0
2026-05-06 15:46:25;39.9
2026-05-06 15:46:40;39.8
2026-05-06 15:46:55;39.7
2026-05-06 15:47:10;39.5
2026-05-06 15:47:25;39.4
2026-05-06 15:47:40;39.4
2026-05-06 15:47:55;39.3
2026-05-06 15:48:10;39.2
2026-05-06 15:48:25;39.1
2026-05-06 15:48:40;39.0
2026-05-06 15:48:55;38.7
2026-05-06 15:49:10;38.7
2026-05-06 15:49:25;38.6
2026-05-06 15:49:40;38.6
2026-05-06 15:49:55;38.4
2026-05-06 15:50:10;38.2
2026-05-06 15:50:25;38.2
2026-05-06 15:50:40;38.1
2026-05-06 15:50:55;37.9
2026-05-06 15:51:11;37.9
2026-05-06 15:51:25;37.7
2026-05-06 15:51:40;37.6
2026-05-06 15:51:55;37.6
2026-05-06 15:52:10;37.4
2026-05-06 15:52:25;37.4
2026-05-06 15:52:41;37.2
2026-05-06 15:52:56;37.2
2026-05-06 15:53:11;37.0
2026-05-06 15:53:26;36.9
2026-05-06 15:53:41;36.8
2026-05-06 15:53:56;36.7
2026-05-06 15:54:11;36.7
2026-05-06 15:54:26;36.6
2026-05-06 15:54:41;36.6
2026-05-06 15:54:56;36.4
2026-05-06 15:55:11;36.4
2026-05-06 15:55:26;36.3
2026-05-06 15:55:41;36.1
2026-05-06 15:55:56;36.1
2026-05-06 15:56:11;36.0
2026-05-06 15:56:26;35.9
2026-05-06 15:56:41;35.8
2026-05-06 15:56:57;35.8
2026-05-06 15:57:12;35.7
2026-05-06 15:57:26;35.7
2026-05-06 15:57:41;35.6
2026-05-06 15:57:57;35.5
2026-05-06 15:58:12;35.4
2026-05-06 15:58:27;35.4
2026-05-06 15:58:42;35.3
2026-05-06 15:58:57;35.2
2026-05-06 15:59:12;35.2
2026-05-06 15:59:27;35.1
2026-05-06 15:59:42;35.1
2026-05-06 15:59:57;35.0
2026-05-06 16:00:12;34.9
2026-05-06 16:00:27;34.8
2026-05-07 08:45:40;29.6
2026-05-07 08:45:56;29.7
2026-05-07 08:46:11;29.8
2026-05-07 08:46:26;29.8
2026-05-07 08:46:41;29.8
2026-05-07 08:46:56;29.8
2026-05-07 08:47:11;29.9
2026-05-07 08:47:26;29.9
2026-05-07 08:47:41;29.9
2026-05-07 08:47:57;29.9
2026-05-07 08:48:12;29.9
2026-05-07 08:48:26;29.9
2026-05-07 08:48:42;29.9
2026-05-07 08:48:57;29.8
2026-05-07 08:49:12;29.9
2026-05-07 08:49:27;29.9
2026-05-07 08:49:42;29.9
2026-05-07 08:49:57;29.9
2026-05-07 08:50:12;30.0
2026-05-07 08:50:27;30.0
2026-05-07 08:50:42;30.1
2026-05-07 08:50:57;30.1
2026-05-07 08:51:12;30.2
2026-05-07 08:51:27;30.2
2026-05-07 08:51:43;30.3
2026-05-07 08:51:58;30.3
2026-05-07 08:52:13;30.3
2026-05-07 08:52:28;30.4
2026-05-07 08:52:44;30.4
2026-05-07 08:52:58;30.4
2026-05-07 08:53:14;30.5
2026-05-07 08:53:28;30.5
2026-05-07 08:53:43;30.5
2026-05-07 08:53:58;30.5
2026-05-07 08:54:13;30.5
2026-05-07 08:54:28;30.6
2026-05-07 08:54:43;30.6
2026-05-07 08:54:59;30.7
2026-05-07 08:55:14;30.6
2026-05-07 08:55:29;30.7
2026-05-07 08:55:44;30.8
2026-05-07 08:55:59;30.8
2026-05-07 08:56:14;30.8
2026-05-07 08:56:29;30.9
2026-05-07 08:56:44;30.9
2026-05-07 08:56:59;31.0
2026-05-07 08:57:14;31.1
2026-05-07 08:57:30;31.0
2026-05-07 08:57:47;31.0
2026-05-07 08:58:02;31.1
2026-05-07 08:58:14;31.1
2026-05-07 08:58:30;31.1
2026-05-07 08:58:45;31.2
2026-05-07 08:59:00;31.2
2026-05-07 08:59:15;31.2
2026-05-07 08:59:30;31.3
2026-05-07 08:59:45;31.2
2026-05-07 09:00:00;31.2
2026-05-07 09:00:15;31.2
2026-05-07 09:00:30;31.2
2026-05-07 09:00:45;31.2
2026-05-07 09:01:00;31.2
2026-05-07 09:01:15;31.1
2026-05-07 09:01:31;31.1
2026-05-07 09:01:45;31.1
2026-05-07 09:02:01;31.2
2026-05-07 09:02:16;31.2
2026-05-07 09:02:31;31.3
2026-05-07 09:02:47;31.2
2026-05-07 09:03:01;31.2
2026-05-07 09:03:16;31.2
2026-05-07 09:03:31;31.2
2026-05-07 09:03:47;31.3
2026-05-07 09:04:02;31.4
2026-05-07 09:04:17;31.4
2026-05-07 09:04:31;31.5
2026-05-07 09:04:46;31.6
2026-05-07 09:05:01;31.7
2026-05-07 09:05:16;31.8
2026-05-07 09:05:32;31.9
2026-05-07 09:05:47;32.0
2026-05-07 09:06:02;32.1
2026-05-07 09:06:17;32.2
2026-05-07 09:06:32;32.2
2026-05-07 09:06:47;32.2
2026-05-07 09:07:02;32.4
2026-05-07 09:07:17;32.4
2026-05-07 09:07:32;32.5
2026-05-07 09:07:47;32.5
2026-05-07 09:08:03;32.6
2026-05-07 09:08:22;32.5
2026-05-07 09:08:34;32.5
2026-05-07 09:08:47;32.6
2026-05-07 09:09:03;32.6
2026-05-07 09:09:18;32.5
2026-05-07 09:09:33;32.6
2026-05-07 09:09:48;32.6
2026-05-07 09:10:03;32.7
2026-05-07 09:10:18;32.7
2026-05-07 09:10:33;32.7
2026-05-07 09:10:50;32.7
2026-05-07 09:11:03;32.6
2026-05-07 09:11:18;32.7
2026-05-07 09:11:33;32.6
2026-05-07 09:11:49;32.5
2026-05-07 09:12:03;32.4
2026-05-07 09:12:18;32.4
2026-05-07 09:12:34;32.4
2026-05-07 09:12:49;32.5
2026-05-07 09:13:04;32.6
2026-05-07 09:13:19;32.6
2026-05-07 09:13:34;32.6
2026-05-07 09:13:49;32.6
2026-05-07 09:14:04;32.6
2026-05-07 09:14:19;32.6
2026-05-07 09:14:34;32.7
2026-05-07 09:14:49;32.6
2026-05-07 09:15:04;32.7
2026-05-07 09:15:19;32.6
2026-05-07 09:15:34;32.7
2026-05-07 09:15:49;32.6
2026-05-07 09:16:05;32.6
2026-05-07 09:16:20;32.6
2026-05-07 09:16:36;32.6
2026-05-07 09:16:50;32.5
2026-05-07 09:17:05;32.6
2026-05-07 09:17:20;32.7
2026-05-07 09:17:35;32.8
2026-05-07 09:17:50;33.1
2026-05-07 09:18:06;33.5
2026-05-07 09:18:23;33.9
2026-05-07 09:18:36;34.0
2026-05-07 09:18:50;34.0
2026-05-07 09:19:05;34.1
2026-05-07 09:19:20;34.2
2026-05-07 09:19:35;34.3
2026-05-07 09:19:50;34.4
2026-05-07 09:20:06;34.3
2026-05-07 09:20:21;34.1
2026-05-07 09:20:36;34.0
2026-05-07 09:20:51;34.0
2026-05-07 09:21:06;34.0
2026-05-07 09:21:21;34.0
2026-05-07 09:21:36;33.8
2026-05-07 09:21:51;33.7
2026-05-07 09:22:06;33.7
2026-05-07 09:22:21;33.8
2026-05-07 09:22:36;33.9
2026-05-07 09:22:51;34.0
2026-05-07 09:23:06;34.1
2026-05-07 09:23:21;34.4
2026-05-07 09:23:36;34.6
2026-05-07 09:23:51;34.6
2026-05-07 09:24:06;34.5
2026-05-07 09:24:21;34.4
2026-05-07 09:24:36;34.5
2026-05-07 09:24:51;34.4
2026-05-07 09:25:07;34.3
2026-05-07 09:25:22;34.5
2026-05-07 09:25:37;34.5
2026-05-07 09:26:27;34.4
2026-05-07 09:26:33;34.4
2026-05-07 09:26:48;34.2
2026-05-07 09:27:03;34.2
2026-05-07 09:27:18;34.2
2026-05-07 09:27:33;34.2
2026-05-07 09:27:48;34.3
2026-05-07 09:28:03;34.6
2026-05-07 09:28:18;34.9
2026-05-07 09:28:33;35.1
2026-05-07 09:28:48;35.4
2026-05-07 09:29:03;35.6
2026-05-07 09:29:18;35.7
2026-05-07 09:29:33;35.8
2026-05-07 09:29:48;36.1
2026-05-07 09:30:03;36.4
2026-05-07 09:30:18;36.7
2026-05-07 09:30:33;36.7
2026-05-07 09:30:48;36.8
2026-05-07 09:31:04;36.9
2026-05-07 09:31:19;37.1
2026-05-07 09:31:34;37.2
2026-05-07 09:31:49;37.4
2026-05-07 09:32:04;37.7
2026-05-07 09:32:19;37.8
2026-05-07 09:32:34;38.0
2026-05-07 09:32:49;37.7
2026-05-07 09:33:04;37.4
2026-05-07 09:33:19;37.0
2026-05-07 09:33:34;36.9
2026-05-07 09:33:49;36.5
2026-05-07 09:34:04;36.3
2026-05-07 09:34:19;36.3
2026-05-07 09:34:34;36.2
2026-05-07 09:34:49;36.2
2026-05-07 09:35:04;36.1
2026-05-07 09:35:19;35.9
2026-05-07 09:35:34;35.6
2026-05-07 09:35:49;35.6
2026-05-07 09:36:04;35.4
2026-05-07 09:36:19;35.4
2026-05-07 09:36:35;35.3
2026-05-07 09:36:50;35.3
2026-05-07 09:37:05;35.6
2026-05-07 09:37:20;35.8
2026-05-07 09:37:35;36.0
2026-05-07 09:37:50;36.2
2026-05-07 09:38:05;36.6
2026-05-07 09:38:20;36.8
2026-05-07 09:38:35;37.0
2026-05-07 09:38:50;37.2
2026-05-07 09:39:05;37.5
2026-05-07 09:39:20;37.7
2026-05-07 09:39:35;37.5
2026-05-07 09:39:50;37.6
2026-05-07 09:40:05;37.7
2026-05-07 09:40:20;38.0
2026-05-07 09:40:35;38.3
2026-05-07 09:40:50;38.5
2026-05-07 09:41:05;38.2
2026-05-07 09:41:20;38.3
2026-05-07 09:41:35;38.4
2026-05-07 09:41:50;38.6
2026-05-07 09:42:07;38.4
2026-05-07 09:42:21;38.2
2026-05-07 09:42:35;37.9
2026-05-07 09:42:50;37.7
2026-05-07 09:43:06;38.0
2026-05-07 09:43:20;38.2
2026-05-07 09:43:35;38.4
2026-05-07 09:43:50;38.5
2026-05-07 09:44:06;38.5
2026-05-07 09:44:21;38.3
2026-05-07 09:44:36;38.1
2026-05-07 09:45:25;38.3
2026-05-07 09:45:41;40.6
2026-05-07 09:45:43;41.7
2026-05-07 09:45:58;42.9
2026-05-07 09:46:14;43.8
2026-05-07 09:46:28;44.4
2026-05-07 09:46:44;44.7
2026-05-07 09:46:59;44.9
2026-05-07 09:47:15;45.1
2026-05-07 09:47:30;45.3
2026-05-07 09:47:45;45.4
2026-05-07 09:48:00;45.6
2026-05-07 09:48:16;45.9
2026-05-07 09:48:31;46.2
2026-05-07 09:48:46;46.6
2026-05-07 09:49:01;46.9
2026-05-07 09:49:17;47.1
2026-05-07 09:49:32;47.4
2026-05-07 09:49:48;47.5
2026-05-07 09:50:03;47.8
2026-05-07 09:50:18;47.7
2026-05-07 09:50:33;47.6
2026-05-07 09:50:49;47.5
2026-05-07 09:51:04;47.5
2026-05-07 09:51:20;47.4
2026-05-07 09:51:35;47.2
2026-05-07 09:51:51;47.1
2026-05-07 09:52:06;47.0
2026-05-07 09:52:21;47.0
2026-05-07 09:52:36;46.8
2026-05-07 09:52:52;46.6
2026-05-07 09:53:07;46.3
2026-05-07 09:53:22;46.1
2026-05-07 09:53:37;46.1
2026-05-07 09:53:53;46.0
2026-05-07 09:54:09;45.9
2026-05-07 09:54:24;45.6
2026-05-07 09:54:39;45.4
2026-05-07 09:54:54;45.1
2026-05-07 09:55:10;45.1
2026-05-07 09:55:25;44.8
2026-05-07 09:55:40;44.6
2026-05-07 09:55:55;44.4
2026-05-07 09:56:11;44.2
2026-05-07 09:56:26;44.6
2026-05-07 09:56:41;44.8
2026-05-07 09:56:56;44.7
2026-05-07 09:57:11;44.7
2026-05-07 09:57:27;44.6
2026-05-07 09:57:42;44.3
2026-05-07 09:57:57;44.1
2026-05-07 09:58:12;43.9
2026-05-07 09:58:27;43.7
2026-05-07 09:58:43;43.7
2026-05-07 09:59:00;43.6
2026-05-07 09:59:12;43.4
2026-05-07 09:59:27;43.3
2026-05-07 09:59:42;43.0
2026-05-07 09:59:57;43.0
2026-05-07 10:00:12;43.1
2026-05-07 10:00:27;43.2
2026-05-07 10:00:42;43.4
2026-05-07 10:00:57;43.8
2026-05-07 10:01:12;43.9
2026-05-07 10:01:27;44.1
2026-05-07 10:01:42;44.4
2026-05-07 10:01:57;44.4
2026-05-07 10:02:13;44.7
2026-05-07 10:02:28;45.0
2026-05-07 10:02:43;45.1
2026-05-07 10:02:58;45.1
2026-05-07 10:03:15;45.2
2026-05-07 10:03:30;45.2
2026-05-07 10:03:46;45.1
2026-05-07 10:03:59;45.1
2026-05-07 10:04:15;44.8
2026-05-07 10:04:30;44.6
2026-05-07 10:04:45;44.6
2026-05-07 10:05:01;44.4
2026-05-07 10:05:16;44.1
2026-05-07 10:05:31;43.7
2026-05-07 10:05:46;43.5
2026-05-07 10:06:01;43.4
2026-05-07 10:06:16;43.4
2026-05-07 10:06:31;43.3
2026-05-07 10:06:46;43.0
2026-05-07 10:07:01;42.9
2026-05-07 10:07:16;42.7
2026-05-07 10:07:31;42.6
2026-05-07 10:07:46;42.5
2026-05-07 10:08:01;42.3
2026-05-07 10:08:16;42.2
2026-05-07 10:08:31;42.1
2026-05-07 10:08:46;41.9
2026-05-07 10:09:01;41.7
2026-05-07 10:09:16;41.7
2026-05-07 10:09:31;41.7
2026-05-07 10:09:46;41.7
2026-05-07 10:10:01;42.0
2026-05-07 10:10:16;42.3
2026-05-07 10:10:31;42.4
2026-05-07 10:10:46;42.4
2026-05-07 10:11:01;42.6
2026-05-07 10:11:16;42.9
2026-05-07 10:11:31;43.2
2026-05-07 10:11:46;43.6
2026-05-07 10:12:01;44.0
2026-05-07 10:12:16;44.3
2026-05-07 10:12:32;44.6
2026-05-07 10:12:47;45.1
2026-05-07 10:13:02;45.4
2026-05-07 10:13:17;45.6
2026-05-07 10:13:33;45.8
2026-05-07 10:13:47;46.2
2026-05-07 10:14:03;46.7
2026-05-07 10:14:18;47.1
2026-05-07 10:14:34;47.6
2026-05-07 10:14:49;48.0
2026-05-07 10:15:04;48.6
2026-05-07 10:15:19;49.0
2026-05-07 10:15:35;49.4
2026-05-07 10:15:50;49.7
2026-05-07 10:16:05;50.1
2026-05-07 10:16:22;50.2
2026-05-07 10:16:36;50.0
2026-05-07 10:16:51;50.2
2026-05-07 10:17:07;50.2
2026-05-07 10:17:23;50.2
2026-05-07 10:17:37;50.4
2026-05-07 10:17:53;50.4
2026-05-07 10:18:10;50.4
2026-05-07 10:18:23;50.3
2026-05-07 10:18:38;50.5
2026-05-07 10:18:53;50.5
2026-05-07 10:19:09;50.5
2026-05-07 10:19:24;50.5
2026-05-07 10:19:43;50.3
2026-05-07 10:19:56;50.1
2026-05-07 10:20:10;50.1
2026-05-07 10:20:25;49.9
2026-05-07 10:20:44;49.8
2026-05-07 10:20:56;49.7
2026-05-07 10:21:12;49.7
2026-05-07 10:21:26;50.1
2026-05-07 10:21:42;50.2
2026-05-07 10:21:57;50.3
2026-05-07 10:22:13;50.6
2026-05-07 10:22:28;51.0
2026-05-07 10:22:43;51.1
2026-05-07 10:22:59;51.2
2026-05-07 10:23:15;51.4
2026-05-07 10:23:29;51.6
2026-05-07 10:23:45;51.7
2026-05-07 10:23:59;51.7
2026-05-07 10:24:15;51.7
2026-05-07 10:24:30;51.7
2026-05-07 10:24:46;51.9
2026-05-07 10:25:01;52.1
2026-05-07 10:25:16;52.4
2026-05-07 10:25:31;52.6
2026-05-07 10:25:48;52.6
2026-05-07 10:26:02;52.7
2026-05-07 10:26:18;52.8
2026-05-07 10:26:32;53.1
2026-05-07 10:26:48;53.3
2026-05-07 10:27:03;53.6
2026-05-07 10:27:18;53.7
2026-05-07 10:27:33;53.9
2026-05-07 10:27:49;54.2
2026-05-07 10:28:04;54.7
2026-05-07 10:28:20;55.1
2026-05-07 10:28:35;55.4
2026-05-07 10:28:50;55.6
2026-05-07 10:29:05;55.6
2026-05-07 10:29:21;55.7
2026-05-07 10:29:36;56.1
2026-05-07 10:29:51;56.2
2026-05-07 10:30:06;56.3
2026-05-07 10:30:22;56.2
2026-05-07 10:30:37;56.2
2026-05-07 10:30:52;56.4
2026-05-07 10:31:07;56.5
2026-05-07 10:31:23;56.3
2026-05-07 10:31:39;56.2
2026-05-07 10:31:53;56.1
2026-05-07 10:32:08;55.9
2026-05-07 10:32:24;55.8
2026-05-07 10:32:39;55.8
2026-05-07 10:32:55;55.6
2026-05-07 10:33:09;55.4
2026-05-07 10:33:25;55.1
2026-05-07 10:33:40;54.6
2026-05-07 10:33:56;54.2
2026-05-07 10:34:11;54.0
2026-05-07 10:34:26;53.4
2026-05-07 10:34:41;53.1
2026-05-07 10:34:57;52.8
2026-05-07 10:35:12;52.6
2026-05-07 10:35:27;52.3
2026-05-07 10:35:42;52.2
2026-05-07 10:35:58;52.0
2026-05-07 10:36:13;51.9
2026-05-07 10:36:28;51.7
2026-05-07 10:36:44;51.4
2026-05-07 10:36:59;51.0
2026-05-07 10:37:14;50.4
2026-05-07 10:37:30;50.1
2026-05-07 10:37:45;50.1
2026-05-07 10:38:00;50.2
2026-05-07 10:38:15;50.4
2026-05-07 10:38:31;50.6
2026-05-07 10:38:46;50.8
2026-05-07 10:39:01;51.1
2026-05-07 10:39:17;50.9
2026-05-07 10:39:32;51.1
2026-05-07 10:39:47;51.4
2026-05-07 10:40:03;51.5
2026-05-07 10:40:18;51.6
2026-05-07 10:40:33;51.5
2026-05-07 10:40:48;51.4
2026-05-07 10:41:04;51.2
2026-05-07 10:41:19;50.9
2026-05-07 10:41:34;50.6
2026-05-07 10:41:49;50.4
2026-05-07 10:42:05;50.0
2026-05-07 10:42:20;49.8
2026-05-07 10:42:36;49.4
2026-05-07 10:42:51;49.1
2026-05-07 10:43:06;48.9
2026-05-07 10:43:21;48.7
2026-05-07 10:43:37;48.4
2026-05-07 10:43:52;48.2
2026-05-07 10:44:07;48.1
2026-05-07 10:44:23;47.8
2026-05-07 10:44:38;47.6
2026-05-07 10:44:53;47.4
2026-05-07 10:45:09;47.2
2026-05-07 10:45:24;47.0
2026-05-07 10:45:41;46.9
2026-05-07 10:45:54;46.9
2026-05-07 10:46:10;47.0
2026-05-07 10:46:25;46.8
2026-05-07 10:46:41;46.8
2026-05-07 10:46:56;46.7
2026-05-07 10:47:11;46.6
2026-05-07 10:47:26;46.3
2026-05-07 10:47:42;46.3
2026-05-07 10:47:57;46.2
2026-05-07 10:48:13;46.2
2026-05-07 10:48:28;46.1
2026-05-07 10:48:43;45.9
2026-05-07 10:48:58;45.6
2026-05-07 10:49:14;45.4
2026-05-07 10:49:29;45.2
2026-05-07 10:49:45;44.9
2026-05-07 10:50:00;44.9
2026-05-07 10:50:15;44.7
2026-05-07 10:50:30;44.7
2026-05-07 10:50:46;44.6
2026-05-07 10:51:01;44.6
2026-05-07 10:51:17;44.4
2026-05-07 10:51:32;44.2
2026-05-07 10:51:47;44.1
2026-05-07 10:52:02;44.0
2026-05-07 10:52:17;43.7
2026-05-07 10:52:32;43.4
2026-05-07 10:52:47;43.2
2026-05-07 10:53:02;43.1
2026-05-07 10:53:18;42.8
2026-05-07 10:53:32;42.6
2026-05-07 10:53:47;42.5
2026-05-07 10:54:02;42.4
2026-05-07 10:54:17;42.3
2026-05-07 10:54:32;42.2
2026-05-07 10:54:47;42.2
2026-05-07 10:55:02;42.6
2026-05-07 10:55:17;42.8
2026-05-07 10:55:32;42.9
2026-05-07 10:55:47;43.1
2026-05-07 10:56:02;43.3
2026-05-07 10:56:17;43.7
2026-05-07 10:56:32;44.1
2026-05-07 10:56:48;44.5
2026-05-07 10:57:03;44.7
2026-05-07 10:57:19;45.0
2026-05-07 10:57:34;45.1
2026-05-07 10:57:49;45.6
2026-05-07 10:58:04;45.9
2026-05-07 10:58:20;46.1
2026-05-07 10:58:35;46.4
2026-05-07 10:58:51;46.6
2026-05-07 10:59:06;46.9
2026-05-07 10:59:21;47.1
2026-05-07 10:59:36;47.1
2026-05-07 10:59:52;47.4
2026-05-07 11:00:07;47.2
2026-05-07 11:00:23;47.3
2026-05-07 11:00:38;47.6
2026-05-07 11:00:53;47.6
2026-05-07 11:01:08;47.7
2026-05-07 11:01:24;47.6
2026-05-07 11:01:39;47.5
2026-05-07 11:01:54;47.5
2026-05-07 11:02:10;47.4
2026-05-07 11:02:25;47.2
2026-05-07 11:02:40;47.2
2026-05-07 11:02:56;47.3
2026-05-07 11:03:11;47.4
2026-05-07 11:03:26;47.2
2026-05-07 11:03:41;47.2
2026-05-07 11:03:57;47.3
2026-05-07 11:04:12;47.0
2026-05-07 11:04:28;46.6
2026-05-07 11:04:43;46.5
2026-05-07 11:04:58;46.4
2026-05-07 11:05:13;46.6
2026-05-07 11:05:29;46.8
2026-05-07 11:05:44;46.9
2026-05-07 11:06:00;47.1
2026-05-07 11:06:15;47.3
2026-05-07 11:06:30;47.4
2026-05-07 11:06:45;47.6
2026-05-07 11:07:01;47.6
2026-05-07 11:07:16;47.6
2026-05-07 11:07:32;47.4
2026-05-07 11:07:47;47.4
2026-05-07 11:08:02;47.4
2026-05-07 11:08:18;47.3
2026-05-07 11:08:33;47.2
2026-05-07 11:08:48;47.1
2026-05-07 11:09:04;46.8
2026-05-07 11:09:19;46.5
2026-05-07 11:09:34;46.4
2026-05-07 11:09:49;46.4
2026-05-07 11:10:05;46.6
2026-05-07 11:10:20;46.3
2026-05-07 11:10:35;46.2
2026-05-07 11:10:51;46.4
2026-05-07 11:11:06;46.6
2026-05-07 11:11:21;46.9
2026-05-07 11:11:37;47.1
2026-05-07 11:11:52;47.2
2026-05-07 11:12:07;47.2
2026-05-07 11:12:22;47.0
2026-05-07 11:12:38;46.9
2026-05-07 11:12:53;46.4
2026-05-07 11:13:09;46.1
2026-05-07 11:13:24;45.9
2026-05-07 11:13:39;45.8
2026-05-07 11:13:54;45.6
2026-05-07 11:14:10;45.5
2026-05-07 11:14:25;45.5
2026-05-07 11:14:41;45.6
2026-05-07 11:14:56;45.6
2026-05-07 11:15:11;45.9
2026-05-07 11:15:26;46.2
2026-05-07 11:15:42;46.2
2026-05-07 11:15:57;46.1
2026-05-07 11:16:13;45.9
2026-05-07 11:16:28;46.1
2026-05-07 11:16:43;46.2
2026-05-07 11:16:58;46.4
2026-05-07 11:17:14;46.5
2026-05-07 11:17:29;46.4
2026-05-07 11:17:45;46.5
2026-05-07 11:18:00;46.6
2026-05-07 11:18:16;46.3
2026-05-07 11:18:30;46.2
2026-05-07 11:18:46;46.4
2026-05-07 11:19:01;46.2
2026-05-07 11:19:17;46.2
2026-05-07 11:19:32;46.3
2026-05-07 11:19:47;46.6
2026-05-07 11:20:02;46.7
2026-05-07 11:20:18;46.3
2026-05-07 11:20:33;46.1
2026-05-07 11:20:48;46.2
2026-05-07 11:21:03;46.2
2026-05-07 11:21:22;46.1
2026-05-07 11:21:34;46.2
2026-05-07 11:21:50;46.2
2026-05-07 11:22:05;46.0
2026-05-07 11:22:20;45.6
2026-05-07 11:22:35;44.9
2026-05-07 11:22:51;44.5
2026-05-07 11:23:06;44.1
2026-05-07 11:23:22;43.7
2026-05-07 11:23:37;43.5
2026-05-07 11:23:52;43.2
2026-05-07 11:24:07;42.9
2026-05-07 11:24:22;42.9
2026-05-07 11:24:37;43.0
2026-05-07 11:24:52;43.0
2026-05-07 11:25:07;43.3
2026-05-07 11:25:22;43.5
2026-05-07 11:25:37;43.7
2026-05-07 11:25:52;43.7
2026-05-07 11:30:59;50.5
2026-05-07 11:31:14;51.2
2026-05-07 11:31:29;51.9
2026-05-07 11:32:02;52.8
2026-05-07 11:32:18;53.6
2026-05-07 11:32:34;54.1
2026-05-07 11:32:49;54.2
2026-05-07 11:33:04;54.6
2026-05-07 11:33:19;55.1
2026-05-07 11:33:35;55.6
2026-05-07 11:33:50;55.7
2026-05-07 11:34:05;55.8
2026-05-07 11:34:20;56.1
2026-05-07 11:34:36;56.3
2026-05-07 11:34:51;56.7
2026-05-07 11:35:06;56.9
2026-05-07 11:35:21;56.9
2026-05-07 11:35:37;57.0
2026-05-07 11:35:52;57.4
2026-05-07 11:36:07;57.8
2026-05-07 11:36:22;57.8
2026-05-07 11:36:38;58.3
2026-05-07 11:36:53;58.7
2026-05-07 11:37:08;59.1
2026-05-07 11:37:23;59.4
2026-05-07 11:37:39;59.6
2026-05-07 11:37:54;59.9
2026-05-07 11:38:09;60.2
2026-05-07 11:38:24;60.3
2026-05-07 11:38:42;60.6
2026-05-07 11:38:56;60.8
2026-05-07 11:39:11;60.9
2026-05-07 11:39:27;61.1
2026-05-07 11:39:42;61.4
2026-05-07 11:39:58;61.6
2026-05-07 11:40:13;61.6
2026-05-07 11:40:29;61.4
2026-05-07 11:40:45;61.4
2026-05-07 11:41:01;61.3
2026-05-07 11:41:16;61.2
2026-05-07 11:41:32;61.4
2026-05-07 11:41:47;61.1
2026-05-07 11:42:03;61.4
2026-05-07 11:42:18;61.6
2026-05-07 11:42:34;61.6
2026-05-07 11:42:49;61.8
2026-05-07 11:43:05;62.2
2026-05-07 11:43:21;61.8
2026-05-07 11:43:36;61.2
2026-05-07 11:43:52;61.4
2026-05-07 11:44:08;61.4
2026-05-07 11:44:23;61.8
2026-05-07 11:44:39;62.1
2026-05-07 11:44:54;62.4
2026-05-07 11:45:25;62.7
2026-05-07 11:45:40;63.0
2026-05-07 11:45:56;63.1
2026-05-07 11:46:11;63.2
2026-05-07 11:46:27;63.0
2026-05-07 11:46:42;63.3
2026-05-07 11:46:58;63.3
2026-05-07 11:47:13;63.3
2026-05-07 11:47:29;63.3
2026-05-07 11:47:45;63.5
2026-05-07 11:48:00;63.7
2026-05-07 11:48:16;63.6
2026-05-07 11:48:32;63.7
2026-05-07 11:48:47;63.6
2026-05-07 11:49:03;63.9
2026-05-07 11:49:19;63.5
2026-05-07 11:49:34;63.6
2026-05-07 11:49:50;63.9
2026-05-07 11:50:05;64.4
2026-05-07 11:50:21;64.6
2026-05-07 11:50:36;64.8
2026-05-07 11:59:51;64.7
2026-05-07 12:00:07;65.6
2026-05-07 12:00:22;65.6
2026-05-07 12:00:38;65.8
2026-05-07 12:00:55;65.9
2026-05-07 12:01:09;66.0
2026-05-07 12:01:25;66.1
2026-05-07 12:01:40;65.8
2026-05-07 12:01:57;65.8
2026-05-07 12:02:11;65.5
2026-05-07 12:02:27;65.1
2026-05-07 12:02:43;64.9
2026-05-07 12:02:58;65.0
2026-05-07 12:03:14;64.9
2026-05-07 12:03:29;65.1
2026-05-07 12:03:45;64.9
2026-05-07 12:04:00;64.6
2026-05-07 12:04:16;64.9
2026-05-07 12:04:31;64.6
2026-05-07 12:04:47;64.3
2026-05-07 12:05:03;64.0
2026-05-07 12:05:18;64.2
2026-05-07 12:05:34;64.6
2026-05-07 12:05:49;64.9
2026-05-07 12:06:05;65.1
2026-05-07 12:06:20;65.3
2026-05-07 12:06:36;65.2
2026-05-07 12:06:51;65.2
2026-05-07 12:07:07;65.4
2026-05-07 12:07:22;65.7
2026-05-07 12:07:38;65.8
2026-05-07 12:07:53;66.0
2026-05-07 12:08:09;65.9
2026-05-07 12:08:25;65.9
2026-05-07 12:08:40;65.9
2026-05-07 12:08:56;65.9
2026-05-07 12:09:11;65.8
2026-05-07 12:09:27;65.8
2026-05-07 12:09:42;65.7
2026-05-07 12:09:59;65.8
2026-05-07 12:10:13;65.8
2026-05-07 12:10:29;65.9
2026-05-07 12:10:47;65.9
2026-05-07 12:11:00;66.0
2026-05-07 12:11:16;66.1
2026-05-07 12:11:31;66.1
2026-05-07 12:11:47;66.0
2026-05-07 12:12:02;66.0
2026-05-07 12:12:18;65.9
2026-05-07 12:12:48;65.2
2026-05-07 12:13:10;64.9
2026-05-07 12:13:25;65.4
2026-05-07 12:13:41;65.7
2026-05-07 12:14:07;65.9
2026-05-07 12:14:12;66.1
2026-05-07 12:14:28;66.2
2026-05-07 12:14:44;66.1
2026-05-07 12:14:59;66.1
2026-05-07 12:15:15;66.2
2026-05-07 12:15:30;66.1
2026-05-07 12:15:46;66.2
2026-05-07 12:16:01;66.1
2026-05-07 12:16:17;66.2
2026-05-07 12:16:32;66.4
2026-05-07 12:16:48;66.5
2026-05-07 12:17:05;66.6
2026-05-07 12:17:19;66.7
2026-05-07 12:17:35;66.8
2026-05-07 12:17:50;66.6
2026-05-07 12:18:06;66.6
2026-05-07 12:18:21;66.8
2026-05-07 12:18:37;66.9
2026-05-07 12:18:52;66.5
2026-05-07 12:19:08;66.6
2026-05-07 12:19:23;66.4
2026-05-07 12:19:39;66.2
2026-05-07 12:19:55;65.8
2026-05-07 12:20:10;65.4
2026-05-07 12:20:26;65.0
2026-05-07 12:20:41;65.1
2026-05-07 12:20:57;65.1
2026-05-07 12:21:12;64.9
2026-05-07 12:21:28;64.7
2026-05-07 12:21:43;64.7
2026-05-07 12:21:59;64.7
2026-05-07 12:22:14;64.7
2026-05-07 12:22:30;64.4
2026-05-07 12:22:45;64.7
2026-05-07 12:23:01;64.7
2026-05-07 12:23:17;65.0
2026-05-07 12:23:32;65.1
2026-05-07 12:23:48;64.8
2026-05-07 12:24:04;64.9
2026-05-07 12:24:19;64.8
2026-05-07 12:24:35;64.6
2026-05-07 12:24:50;64.7
2026-05-07 12:25:05;64.8
2026-05-07 12:25:21;65.1
2026-05-07 12:25:37;65.3
2026-05-07 12:25:52;65.5
2026-05-07 12:26:08;65.4
2026-05-07 12:26:23;65.7
2026-05-07 12:26:39;65.7
2026-05-07 12:26:54;65.8
2026-05-07 12:27:10;66.0
2026-05-07 12:27:27;66.0
2026-05-07 12:27:41;66.1
2026-05-07 12:27:56;66.2
2026-05-07 12:28:12;66.4
2026-05-07 12:28:28;66.2
2026-05-07 12:28:43;65.8
2026-05-07 12:28:59;65.8
2026-05-07 12:29:14;65.9
2026-05-07 12:29:30;65.7
2026-05-07 12:29:45;65.6
2026-05-07 12:30:01;65.1
2026-05-07 12:30:16;64.0
2026-05-07 12:30:32;63.6
2026-05-07 12:30:48;64.0
2026-05-07 12:31:03;64.1
2026-05-07 12:31:19;64.2
2026-05-07 12:31:34;64.6
2026-05-07 12:31:50;64.7
2026-05-07 12:32:05;65.0
2026-05-07 12:32:21;64.7
2026-05-07 12:32:36;64.5
2026-05-07 12:32:52;64.7
2026-05-07 12:33:07;65.1
2026-05-07 12:33:23;65.2
2026-05-07 12:33:39;65.5
2026-05-07 12:33:54;65.8
2026-05-07 12:34:12;66.1
2026-05-07 12:34:25;66.3
2026-05-07 12:34:41;66.5
2026-05-07 12:34:56;66.5
2026-05-07 12:35:12;66.6
2026-05-07 12:35:27;66.1
2026-05-07 12:35:43;65.6
2026-05-07 12:35:58;65.6
2026-05-07 12:36:15;65.7
2026-05-07 12:36:30;65.9
2026-05-07 12:36:46;66.4
2026-05-07 12:37:01;66.7
2026-05-07 12:37:16;66.9
2026-05-07 12:37:32;67.1
2026-05-07 12:37:47;66.7
2026-05-07 12:38:03;65.7
2026-05-07 12:38:18;65.3
2026-05-07 12:38:34;65.5
2026-05-07 12:38:50;65.7
2026-05-07 12:39:05;65.7
2026-05-07 12:39:21;65.6
2026-05-07 12:39:36;65.7
2026-05-07 12:39:52;66.1
2026-05-07 12:40:07;65.9
2026-05-07 12:40:23;66.1
2026-05-07 12:40:38;66.0
2026-05-07 12:40:54;66.1
2026-05-07 12:41:09;66.4
2026-05-07 12:41:25;66.4
2026-05-07 12:41:41;66.2
2026-05-07 12:41:57;66.4
2026-05-07 12:42:12;66.6
2026-05-07 12:42:28;66.6
2026-05-07 12:42:43;66.7
2026-05-07 12:42:58;66.4
2026-05-07 12:43:17;66.2
2026-05-07 12:43:30;66.3
2026-05-07 12:43:45;66.4
2026-05-07 12:44:02;66.4
2026-05-07 12:44:16;66.2
2026-05-07 12:44:32;66.0
2026-05-07 12:44:47;66.1
2026-05-07 12:45:03;65.9
2026-05-07 12:45:18;65.8
2026-05-07 12:45:34;65.8
2026-05-07 12:45:49;66.0
2026-05-07 12:46:05;65.9
2026-05-07 12:46:20;66.0
2026-05-07 12:46:36;65.5
2026-05-07 12:46:52;64.6
2026-05-07 12:47:07;63.7
2026-05-07 12:47:23;63.1
2026-05-07 12:47:38;62.8
2026-05-07 12:47:54;62.3
2026-05-07 12:48:09;62.4
2026-05-07 12:48:25;62.4
2026-05-07 12:48:41;62.4
2026-05-07 12:48:56;62.4
2026-05-07 12:49:12;62.2
2026-05-07 12:49:27;62.0
2026-05-07 12:49:43;61.6
2026-05-07 12:49:58;61.2
2026-05-07 12:50:14;60.8
2026-05-07 12:50:30;60.3
2026-05-07 12:50:45;59.8
2026-05-07 12:51:01;59.4
2026-05-07 12:51:17;58.9
2026-05-07 12:51:32;58.4
2026-05-07 12:51:47;57.7
2026-05-07 12:52:02;57.3
2026-05-07 12:52:17;56.6
2026-05-07 12:52:32;56.2
2026-05-07 12:52:48;55.6
2026-05-07 12:53:03;55.1
2026-05-07 12:53:18;54.6
2026-05-07 12:53:33;54.1
2026-05-07 12:53:49;53.8
2026-05-07 12:54:04;53.5
2026-05-07 12:54:20;52.7
2026-05-07 12:54:35;52.0
2026-05-07 12:54:50;51.7
2026-05-07 12:55:05;51.6
2026-05-07 12:55:21;51.6
2026-05-07 12:55:36;51.4
2026-05-07 12:55:51;51.3
2026-05-07 12:56:06;51.1
2026-05-07 12:56:22;50.4
2026-05-07 12:56:37;49.6
2026-05-07 12:56:52;48.6
2026-05-07 12:57:07;47.6
2026-05-07 12:57:23;47.1
2026-05-07 12:57:38;46.9
2026-05-07 12:57:54;46.8
2026-05-07 12:58:09;46.7
2026-05-07 12:58:24;46.8
2026-05-07 12:58:39;46.7
2026-05-07 12:58:55;46.4
2026-05-07 12:59:10;46.2
2026-05-07 12:59:26;46.0
2026-05-07 12:59:41;46.0
2026-05-07 12:59:56;45.9
2026-05-07 13:00:11;45.9
2026-05-07 13:00:27;45.9
2026-05-07 13:00:42;45.9
2026-05-07 13:00:58;45.8
2026-05-07 13:01:13;45.4
2026-05-07 13:01:28;44.9
2026-05-07 13:01:43;44.7
2026-05-07 13:08:45;48.8
2026-05-07 13:09:01;49.2
2026-05-07 13:09:16;49.0
2026-05-07 13:09:32;48.9
2026-05-07 13:09:47;49.0
2026-05-07 13:10:02;49.2
2026-05-07 13:10:17;49.4
2026-05-07 13:10:33;49.6
2026-05-07 13:10:48;49.6
2026-05-07 13:11:03;49.7
2026-05-07 13:11:18;50.2
2026-05-07 13:11:34;50.6
2026-05-07 13:11:49;50.8
2026-05-07 13:12:06;50.6
2026-05-07 13:12:20;50.8
2026-05-07 13:12:35;50.9
2026-05-07 13:12:51;51.1
2026-05-07 13:13:06;51.6
2026-05-07 13:13:21;51.8
2026-05-07 13:13:37;52.0
2026-05-07 13:13:52;52.0
2026-05-07 13:14:07;52.2
2026-05-07 13:14:22;52.6
2026-05-07 13:14:37;52.6
2026-05-07 13:14:53;52.7
2026-05-07 13:15:08;52.6
2026-05-07 13:15:25;53.0
2026-05-07 13:15:39;53.6
2026-05-07 13:15:54;53.7
2026-05-07 13:16:09;54.1
2026-05-07 13:16:25;54.4
2026-05-07 13:16:40;54.4
2026-05-07 13:16:56;54.2
2026-05-07 13:17:10;54.6
2026-05-07 13:17:26;54.8
2026-05-07 13:17:41;54.9
2026-05-07 13:17:56;55.0
2026-05-07 13:18:11;55.1
2026-05-07 13:18:27;54.9
2026-05-07 13:18:42;54.9
2026-05-07 13:18:57;55.1
2026-05-07 13:19:12;55.3
2026-05-07 13:19:28;55.8
2026-05-07 13:19:43;56.3
2026-05-07 13:19:58;56.4
2026-05-07 13:20:13;56.4
2026-05-07 13:20:29;56.7
2026-05-07 13:20:44;56.7
2026-05-07 13:21:00;56.5
2026-05-07 13:21:14;56.1
2026-05-07 13:21:30;56.0
2026-05-07 13:21:45;56.2
2026-05-07 13:22:00;56.3
2026-05-07 13:22:15;56.6
2026-05-07 13:22:31;56.2
2026-05-07 13:22:46;55.8
2026-05-07 13:23:01;55.5
2026-05-07 13:23:16;55.6
2026-05-07 13:23:32;55.4
2026-05-07 13:23:47;55.2
2026-05-07 13:24:03;55.6
2026-05-07 13:24:25;55.9
2026-05-07 13:24:42;56.2
2026-05-07 13:24:56;56.3
2026-05-07 13:25:04;56.4
2026-05-07 13:25:20;56.3
2026-05-07 13:25:35;56.7
2026-05-07 13:25:50;56.8
2026-05-07 13:26:05;56.9
2026-05-07 13:26:39;57.2
2026-05-07 13:26:51;57.1
2026-05-07 13:27:07;57.4
2026-05-07 13:27:22;57.4
2026-05-07 13:27:38;57.4
2026-05-07 13:27:53;57.4
2026-05-07 13:28:08;57.4
2026-05-07 13:28:23;57.6
2026-05-07 13:28:38;58.0
2026-05-07 13:28:54;58.1
2026-05-07 13:29:09;57.9
2026-05-07 13:29:24;58.0
2026-05-07 13:29:39;58.0
2026-05-07 13:29:55;57.8
2026-05-07 13:30:10;57.6
2026-05-07 13:30:25;57.7
2026-05-07 13:30:40;57.8
2026-05-07 13:30:56;57.7
2026-05-07 13:31:11;57.7
2026-05-07 13:31:26;57.9
2026-05-07 13:31:42;58.1
2026-05-07 13:31:57;58.4
2026-05-07 13:32:12;58.5
2026-05-07 13:32:27;58.5
2026-05-07 13:32:42;58.7
2026-05-07 13:32:58;59.0
2026-05-07 13:33:13;58.9
2026-05-07 13:33:28;59.0
2026-05-07 13:33:44;59.0
2026-05-07 13:33:59;59.1
2026-05-07 13:34:15;59.0
2026-05-07 13:34:30;58.9
2026-05-07 13:34:45;59.1
2026-05-07 13:35:00;59.2
2026-05-07 13:35:18;59.4
2026-05-07 13:35:32;59.6
2026-05-07 13:35:48;59.4
2026-05-07 13:36:04;59.6
2026-05-07 13:36:19;59.9
2026-05-07 13:36:34;60.0
2026-05-07 13:36:50;59.9
2026-05-07 13:37:06;60.0
2026-05-07 13:37:21;59.9
2026-05-07 13:37:37;60.0
2026-05-07 13:37:52;60.0
2026-05-07 13:38:08;59.7
2026-05-07 13:38:23;59.5
2026-05-07 13:38:41;59.4
2026-05-07 13:38:55;59.2
2026-05-07 13:39:10;59.1
2026-05-07 13:39:26;59.0
2026-05-07 13:39:41;58.9
2026-05-07 13:39:56;59.0
2026-05-07 13:40:11;59.1
2026-05-07 13:40:27;59.2
2026-05-07 13:40:42;59.6
2026-05-07 13:40:58;59.8
2026-05-07 13:41:14;59.9
2026-05-07 13:41:29;59.9
2026-05-07 13:41:45;60.2
2026-05-07 13:42:00;60.3
2026-05-07 13:42:16;60.6
2026-05-07 13:42:31;60.5
2026-05-07 13:42:47;60.2
2026-05-07 13:43:03;58.9
2026-05-07 13:43:18;58.1
2026-05-07 13:43:34;57.4
2026-05-07 13:43:49;57.1
2026-05-07 13:44:04;56.8
2026-05-07 13:44:19;56.0
2026-05-07 13:44:35;56.0
2026-05-07 13:44:50;56.2
2026-05-07 13:45:05;56.1
2026-05-07 13:45:20;55.8
2026-05-07 13:45:36;55.3
2026-05-07 13:45:51;54.5
2026-05-07 13:46:06;54.1
2026-05-07 13:46:21;53.6
2026-05-07 13:46:37;53.4
2026-05-07 13:46:52;53.7
2026-05-07 13:47:07;53.7
2026-05-07 13:47:22;54.2
2026-05-07 13:47:38;54.5
2026-05-07 13:47:53;54.5
2026-05-07 13:48:09;54.6
2026-05-07 13:48:24;55.0
2026-05-07 13:48:39;54.9
2026-05-07 13:48:54;54.9
2026-05-07 13:49:10;54.6
2026-05-07 13:49:25;54.5
2026-05-07 13:49:40;54.4
2026-05-07 13:49:55;54.1
2026-05-07 13:50:11;54.0
2026-05-07 13:50:26;53.9
2026-05-07 13:50:41;53.4
2026-05-07 13:50:56;53.5
2026-05-07 13:51:13;53.7
2026-05-07 13:51:28;53.9
2026-05-07 13:51:44;53.7
2026-05-07 13:51:59;53.7
2026-05-07 13:52:15;53.5
2026-05-07 13:52:30;53.4
2026-05-07 13:52:45;53.7
2026-05-07 13:53:00;54.0
2026-05-07 13:53:16;54.4
2026-05-07 13:53:33;54.1
2026-05-07 13:54:31;52.7
2026-05-07 13:54:47;52.4
2026-05-07 13:55:02;52.2
2026-05-07 13:55:17;52.5
2026-05-07 13:55:32;52.8
2026-05-07 13:55:48;53.1
2026-05-07 13:56:03;53.4
2026-05-07 13:56:19;53.7
2026-05-07 13:56:33;54.0
2026-05-07 13:56:49;54.2
2026-05-07 13:57:07;54.4
2026-05-07 13:57:20;54.6
2026-05-07 13:57:35;54.9
2026-05-07 13:57:50;55.1
2026-05-07 13:58:05;55.1
2026-05-07 13:58:21;54.9
2026-05-07 13:58:36;55.1
2026-05-07 13:58:51;54.6
2026-05-07 13:59:06;54.4
2026-05-07 13:59:22;54.7
2026-05-07 13:59:37;54.7
2026-05-07 13:59:52;54.8
2026-05-07 14:00:07;54.6
2026-05-07 14:00:23;54.8
2026-05-07 14:00:38;54.7
2026-05-07 14:00:53;55.2
2026-05-07 14:01:08;55.5
2026-05-07 14:01:24;55.6
2026-05-07 14:01:39;55.8
2026-05-07 14:01:54;55.9
2026-05-07 14:02:09;56.2
2026-05-07 14:02:25;56.2
2026-05-07 14:02:40;56.3
2026-05-07 14:02:56;56.4
2026-05-07 14:03:10;56.5
2026-05-07 14:03:26;56.6
2026-05-07 14:03:41;56.4
2026-05-07 14:03:57;56.2
2026-05-07 14:04:11;55.8
2026-05-07 14:04:27;55.4
2026-05-07 14:04:42;55.2
2026-05-07 14:04:58;55.3
2026-05-07 14:05:16;55.4
2026-05-07 14:05:28;55.4
2026-05-07 14:05:43;55.3
2026-05-07 14:05:59;55.6
2026-05-07 14:06:14;55.8
2026-05-07 14:06:29;55.9
2026-05-07 14:06:44;56.0
2026-05-07 14:07:00;56.2
2026-05-07 14:07:15;56.4
2026-05-07 14:07:30;56.4
2026-05-07 14:07:45;56.6
2026-05-07 14:08:01;56.6
2026-05-07 14:08:16;56.7
2026-05-07 14:08:32;56.6
2026-05-07 14:08:46;56.8
2026-05-07 14:09:02;57.0
2026-05-07 14:09:18;56.8
2026-05-07 14:09:32;57.0
2026-05-07 14:09:48;56.9
2026-05-07 14:10:03;57.1
2026-05-07 14:10:18;56.9
2026-05-07 14:10:33;56.1
2026-05-07 14:10:49;55.2
2026-05-07 14:11:04;54.6
2026-05-07 14:11:19;54.5
2026-05-07 14:11:34;53.9
2026-05-07 14:11:50;53.1
2026-05-07 14:12:05;51.9
2026-05-07 14:12:22;51.6
2026-05-07 14:12:36;51.9
2026-05-07 14:12:51;52.2
2026-05-07 14:13:06;52.5
2026-05-07 14:13:22;53.1
2026-05-07 14:13:37;53.4
2026-05-07 14:13:52;53.6
2026-05-07 14:14:08;53.8
2026-05-07 14:14:23;54.1
2026-05-07 14:14:38;54.5
2026-05-07 14:14:53;54.6
2026-05-07 14:15:08;54.7
2026-05-07 14:15:24;54.8
2026-05-07 14:15:39;54.7
2026-05-07 14:15:54;54.6
2026-05-07 14:16:09;54.5
2026-05-07 14:16:25;54.7
2026-05-07 14:16:40;54.6
2026-05-07 14:16:56;54.4
2026-05-07 14:17:23;54.2
2026-05-07 14:17:26;54.4
2026-05-07 14:17:41;54.6
2026-05-07 14:17:58;54.7
2026-05-07 14:18:12;54.9
2026-05-07 14:18:27;55.2
2026-05-07 14:18:42;55.3
2026-05-07 14:18:58;55.5
2026-05-07 14:19:13;55.4
2026-05-07 14:19:28;55.0
2026-05-07 14:19:43;54.0
2026-05-07 14:19:59;53.9
2026-05-07 14:20:14;54.1
2026-05-07 14:20:29;54.4
2026-05-07 14:20:44;54.5
2026-05-07 14:21:00;54.6
2026-05-07 14:21:15;54.9
2026-05-07 14:21:30;54.8
2026-05-07 14:21:45;54.9
2026-05-07 14:22:01;54.7
2026-05-07 14:22:16;54.6
2026-05-07 14:22:32;54.8
2026-05-07 14:22:47;55.1
2026-05-07 14:23:02;55.1
2026-05-07 14:23:17;54.9
2026-05-07 14:23:33;54.9
2026-05-07 14:23:48;55.1
2026-05-07 14:24:03;55.5
2026-05-07 14:24:18;55.8
2026-05-07 14:24:34;55.6
2026-05-07 14:24:49;55.6
2026-05-07 14:25:04;55.5
2026-05-07 14:25:19;55.6
2026-05-07 14:25:35;55.7
2026-05-07 14:25:50;55.6
2026-05-07 14:26:05;55.6
2026-05-07 14:26:20;55.6
2026-05-07 14:26:36;55.6
2026-05-07 14:26:51;55.6
2026-05-07 14:27:06;55.7
2026-05-07 14:27:21;55.8
2026-05-07 14:27:37;55.8
2026-05-07 14:27:52;55.9
2026-05-07 14:28:07;55.9
2026-05-07 14:28:22;55.6
2026-05-07 14:28:38;55.9
2026-05-07 14:28:53;55.9
2026-05-07 14:29:08;56.0
2026-05-07 14:29:23;56.1
2026-05-07 14:29:39;55.8
2026-05-07 14:29:54;55.9
2026-05-07 14:30:09;56.0
2026-05-07 14:30:24;55.8
2026-05-07 14:30:40;55.2
2026-05-07 14:30:55;54.9
2026-05-07 14:31:11;55.1
2026-05-07 14:31:25;55.2
2026-05-07 14:31:41;55.2
2026-05-07 14:31:56;54.9
2026-05-07 14:32:11;54.7
2026-05-07 14:32:26;54.9
2026-05-07 14:32:42;54.7
2026-05-07 14:32:57;54.6
2026-05-07 14:33:13;54.4
2026-05-07 14:33:28;54.4
2026-05-07 14:33:43;54.4
2026-05-07 14:33:58;54.4
2026-05-07 14:34:14;54.5
2026-05-07 14:34:29;54.7
2026-05-07 14:34:44;54.7
2026-05-07 14:34:59;54.4
2026-05-07 14:35:15;54.2
2026-05-07 14:35:30;54.4
2026-05-07 14:35:45;54.1
2026-05-07 14:36:00;53.7
2026-05-07 14:36:16;53.7
2026-05-07 14:36:31;53.7
2026-05-07 14:36:47;53.7
2026-05-07 14:37:02;53.9
2026-05-07 14:37:17;53.7
2026-05-07 14:37:32;53.8
2026-05-07 14:37:48;54.0
2026-05-07 14:38:03;53.9
2026-05-07 14:38:18;54.0
2026-05-07 14:38:33;54.1
2026-05-07 14:38:49;54.4
2026-05-07 14:39:04;54.2
2026-05-07 14:39:19;54.1
2026-05-07 14:39:34;54.2
2026-05-07 14:39:50;53.4
2026-05-07 14:40:05;52.8
2026-05-07 14:40:20;52.7
2026-05-07 14:40:35;52.4
2026-05-07 14:40:51;52.4
2026-05-07 14:41:06;52.1
2026-05-07 14:41:22;52.2
2026-05-07 14:41:37;51.8
2026-05-07 14:41:52;51.5
2026-05-07 14:42:07;50.9
2026-05-07 14:42:23;50.9
2026-05-07 14:42:38;51.2
2026-05-07 14:42:53;50.8
2026-05-07 14:43:08;50.3
2026-05-07 14:43:24;49.4
2026-05-07 14:43:39;48.3
2026-05-07 14:43:55;47.2
2026-05-07 14:44:10;46.5
2026-05-07 14:44:25;46.2
2026-05-07 14:44:40;45.4
2026-05-07 14:44:57;44.6
2026-05-07 14:45:11;44.2
2026-05-07 14:45:26;43.9
2026-05-07 14:45:41;43.6
2026-05-07 14:45:57;43.7
2026-05-07 14:46:12;44.0
2026-05-07 14:46:28;44.4
2026-05-07 14:46:43;44.7
2026-05-07 14:46:58;45.1
2026-05-07 14:47:13;45.4
2026-05-07 14:47:29;45.9
2026-05-07 14:47:44;46.2
2026-05-07 14:48:00;46.4
2026-05-07 14:48:15;46.7
2026-05-07 14:48:30;46.8
2026-05-07 14:48:45;45.8
2026-05-07 14:49:01;45.8
2026-05-07 14:49:16;45.9
2026-05-07 14:49:32;46.1
2026-05-07 14:49:47;46.2
2026-05-07 14:50:02;46.7
2026-05-07 14:50:17;47.1
2026-05-07 14:50:33;47.4
2026-05-07 14:50:48;47.5
2026-05-07 14:51:04;47.6
2026-05-07 14:51:19;47.7
2026-05-07 14:51:34;47.9
2026-05-07 14:51:50;48.1
2026-05-07 14:52:05;48.4
2026-05-07 14:52:20;48.7
2026-05-07 14:52:35;48.9
2026-05-07 14:52:50;49.1
2026-05-07 14:53:06;49.2
2026-05-07 14:53:21;49.4
2026-05-07 14:53:37;49.4
2026-05-07 14:53:52;49.4
2026-05-07 14:54:07;49.4
2026-05-07 14:54:29;49.2
2026-05-07 14:54:41;49.4
2026-05-07 14:54:53;49.6
2026-05-07 14:55:08;50.0
2026-05-07 14:55:23;50.1
2026-05-07 14:55:39;50.1
2026-05-07 14:55:54;50.2
2026-05-07 14:56:10;50.1
2026-05-07 14:56:25;49.9
2026-05-07 14:56:40;49.7
2026-05-07 14:56:55;49.7
2026-05-07 14:57:11;49.7
2026-05-07 14:57:26;49.7
2026-05-07 14:57:41;49.5
2026-05-07 14:57:56;49.1
2026-05-07 14:58:12;48.7
2026-05-07 14:58:27;48.4
2026-05-07 14:58:43;48.1
2026-05-07 14:58:58;47.8
2026-05-07 14:59:13;47.5
2026-05-07 14:59:28;47.3
2026-05-07 14:59:44;47.1
2026-05-07 14:59:59;46.8
2026-05-07 15:00:14;46.4
2026-05-07 15:00:29;46.0
2026-05-07 15:00:45;45.8
2026-05-07 15:01:00;45.5
2026-05-07 15:01:16;45.2
2026-05-07 15:01:31;44.9
2026-05-07 15:01:46;44.6
2026-05-07 15:02:01;44.5
2026-05-07 15:02:17;44.4
2026-05-07 15:02:32;44.2
2026-05-07 15:02:48;43.9
2026-05-07 15:03:03;43.6
2026-05-07 15:03:18;43.3
2026-05-07 15:03:34;43.2
2026-05-07 15:03:48;43.1
2026-05-07 15:04:03;43.0
2026-05-07 15:04:18;42.7
2026-05-07 15:04:34;42.6
2026-05-07 15:04:48;42.5
2026-05-07 15:05:03;42.4
2026-05-07 15:05:18;42.2
2026-05-07 15:05:33;42.0
2026-05-07 15:05:48;41.6
2026-05-07 15:06:03;41.1
2026-05-07 15:06:18;40.6
2026-05-07 15:06:33;40.2
2026-05-07 15:06:49;40.0
2026-05-07 15:07:03;40.0
2026-05-07 15:07:18;39.9
2026-05-07 15:07:34;39.7
2026-05-07 15:07:48;39.7
2026-05-07 15:08:04;39.7
2026-05-07 15:08:19;39.6
2026-05-07 15:08:34;39.4
2026-05-07 15:08:49;39.3
2026-05-07 15:09:04;39.1
2026-05-07 15:09:19;38.9
2026-05-07 15:09:34;38.7
2026-05-07 15:09:49;38.6
2026-05-07 15:10:04;38.6
2026-05-07 15:10:19;38.6
2026-05-07 15:10:34;38.5
2026-05-07 15:10:49;38.4
2026-05-07 15:11:04;38.3
2026-05-07 15:11:19;38.2
2026-05-07 15:11:34;38.2
2026-05-07 15:11:49;38.2
2026-05-07 15:12:04;38.1
2026-05-07 15:12:19;38.1
2026-05-07 15:12:34;38.1
2026-05-07 15:12:49;37.9
2026-05-07 15:13:04;37.9
2026-05-07 15:13:19;37.8
2026-05-07 15:13:34;37.6
2026-05-07 15:13:49;37.6
2026-05-07 15:14:04;37.4
2026-05-07 15:14:19;37.2
2026-05-07 15:14:35;37.1
2026-05-07 15:14:49;37.1
2026-05-07 15:15:04;37.0
2026-05-07 15:15:19;36.9
2026-05-07 15:15:34;36.9
2026-05-07 15:15:49;36.8
2026-05-07 15:16:04;36.7
2026-05-07 15:16:19;36.6
2026-05-07 15:16:34;36.6
2026-05-07 15:16:51;36.5
2026-05-07 15:17:05;36.4
2026-05-07 15:17:20;36.4
2026-05-07 15:17:35;36.4
2026-05-07 15:17:50;36.3
2026-05-07 15:18:05;36.2
2026-05-07 15:18:20;36.2
2026-05-07 15:18:35;36.2
2026-05-07 15:18:50;36.2
2026-05-07 15:19:05;36.1
2026-05-07 15:19:20;36.1
2026-05-07 15:19:35;36.1
2026-05-07 15:19:50;36.0
2026-05-07 15:20:05;35.9
2026-05-07 15:20:20;35.9
2026-05-07 15:20:35;35.9
2026-05-07 15:20:50;35.8
2026-05-07 15:21:05;35.7
2026-05-07 15:21:20;35.7
2026-05-07 15:21:35;35.7
2026-05-07 15:21:50;35.7
2026-05-07 15:22:05;35.7
2026-05-07 15:22:20;35.7
2026-05-07 15:22:35;35.6
2026-05-07 15:22:50;35.6
2026-05-07 15:23:05;35.6
2026-05-07 15:23:21;35.9
2026-05-07 15:23:36;36.1
2026-05-07 15:23:51;36.2
2026-05-07 15:24:06;36.3
2026-05-07 15:24:21;36.2
2026-05-07 15:24:36;36.2
2026-05-07 15:24:51;36.1
2026-05-07 15:25:06;36.2
2026-05-07 15:25:21;36.2
2026-05-07 15:25:36;36.2
2026-05-07 15:25:51;36.2
2026-05-07 15:26:06;36.2
2026-05-07 15:26:21;36.2
2026-05-07 15:26:36;36.2
2026-05-07 15:26:51;36.2
2026-05-07 15:27:06;36.2
2026-05-07 15:27:21;36.2
2026-05-07 15:27:36;36.2
2026-05-07 15:27:51;36.3
2026-05-07 15:28:06;36.4
2026-05-07 15:28:21;36.6
2026-05-07 15:28:36;36.9
2026-05-07 15:28:51;37.2
2026-05-07 15:29:06;37.5
2026-05-07 15:29:21;37.7
2026-05-07 15:29:36;37.9
2026-05-07 15:29:51;38.1
2026-05-07 15:30:08;38.1
2026-05-07 15:30:21;37.6
2026-05-07 15:30:38;37.4
2026-05-07 15:30:51;37.4
2026-05-07 15:31:11;37.3
2026-05-07 15:31:21;37.2
2026-05-07 15:31:38;37.1
2026-05-07 15:31:51;37.0
2026-05-07 15:32:07;37.0
2026-05-07 15:32:22;36.9
2026-05-07 15:32:37;36.8
2026-05-07 15:32:52;36.7
2026-05-07 15:33:07;36.7
2026-05-07 15:33:22;36.6
2026-05-07 15:33:37;36.7
2026-05-07 15:33:52;36.7
2026-05-07 15:34:07;37.0
2026-05-07 15:34:22;37.2
2026-05-07 15:34:39;37.5
2026-05-07 15:35:02;37.8
2026-05-07 15:35:16;37.9
2026-05-07 15:35:31;38.2
2026-05-07 15:35:37;38.4
2026-05-07 15:35:52;38.5
2026-05-07 15:36:07;38.7
2026-05-07 15:36:22;38.9
2026-05-07 15:36:37;38.9
2026-05-07 15:36:52;38.9
2026-05-07 15:37:07;39.1
2026-05-07 15:37:22;39.2
2026-05-07 15:37:37;39.2
2026-05-07 15:37:52;39.1
2026-05-07 15:38:07;39.1
2026-05-07 15:38:22;38.9
2026-05-07 15:38:37;39.0
2026-05-07 15:38:52;39.1
2026-05-07 15:39:09;39.4
2026-05-07 15:39:22;39.4
2026-05-07 15:39:37;39.5
2026-05-07 15:39:52;39.6
2026-05-07 15:40:07;39.8
2026-05-07 15:40:28;39.9
2026-05-07 15:40:37;40.1
2026-05-07 15:40:55;40.1
2026-05-07 15:41:07;40.2
2026-05-07 15:41:22;40.2
2026-05-07 15:41:38;40.2
2026-05-07 15:41:53;40.1
2026-05-07 15:42:07;39.9
2026-05-07 15:42:22;39.7
2026-05-07 15:42:37;39.4
2026-05-07 15:42:53;39.2
2026-05-07 15:43:10;39.1
2026-05-07 15:43:23;39.0
2026-05-07 15:43:38;38.9
2026-05-07 15:43:53;38.8
2026-05-07 15:44:08;38.7
2026-05-07 15:44:23;38.5
2026-05-07 15:44:38;38.4
2026-05-07 15:44:53;38.2
2026-05-07 15:45:08;38.2
2026-05-07 15:45:23;38.1
2026-05-07 15:45:38;38.0
2026-05-07 15:45:53;37.9
2026-05-07 15:46:08;37.8
2026-05-07 15:46:23;37.7
2026-05-07 15:46:38;37.6
2026-05-07 15:46:56;37.4
2026-05-07 15:47:08;37.4
2026-05-07 15:47:23;37.3
2026-05-07 15:47:38;37.2
2026-05-07 15:47:53;37.1
2026-05-07 15:48:08;37.0
2026-05-07 15:48:23;36.9
2026-05-07 15:48:38;36.8
2026-05-07 15:48:54;36.7
2026-05-07 15:49:08;36.6
2026-05-07 15:49:23;36.6
2026-05-07 15:49:38;36.4
2026-05-07 15:49:53;36.4
2026-05-07 15:50:08;36.6
2026-05-07 15:50:23;36.8
2026-05-07 15:50:38;37.0
2026-05-07 15:50:53;37.2
2026-05-07 15:51:10;37.4
2026-05-07 15:51:25;37.6
2026-05-07 15:51:40;37.7
2026-05-07 15:51:55;37.9
2026-05-07 15:52:10;38.1
2026-05-07 15:52:25;38.3
2026-05-07 15:52:40;38.4
2026-05-07 15:52:55;38.6
2026-05-07 15:53:10;38.6
2026-05-07 15:53:25;38.4
2026-05-07 15:53:40;38.2
2026-05-07 15:53:55;38.1
2026-05-07 15:54:10;38.1
2026-05-07 15:54:25;37.9
2026-05-07 15:54:40;37.8
2026-05-07 15:54:55;37.7
2026-05-07 15:55:10;37.6
2026-05-07 15:55:25;37.4
2026-05-07 15:55:40;37.4
2026-05-07 15:55:55;37.6
2026-05-07 15:56:12;37.6
2026-05-07 15:56:25;37.6
2026-05-07 15:56:40;37.6
2026-05-07 15:56:55;37.3
2026-05-07 15:57:10;37.2
2026-05-07 15:57:25;37.1
2026-05-07 15:57:40;37.0
2026-05-07 15:57:55;36.8
2026-05-07 15:58:10;36.6
2026-05-07 15:58:25;36.4
2026-05-07 15:58:40;36.3
2026-05-07 15:58:55;36.2
2026-05-07 15:59:11;36.1
2026-05-07 15:59:26;36.1
2026-05-07 15:59:41;36.1
2026-05-07 15:59:56;36.0
2026-05-07 16:00:11;36.1
2026-05-07 16:00:26;36.1
2026-05-07 16:00:41;36.2
2026-05-07 16:00:56;36.4
2026-05-07 16:01:11;36.6
2026-05-07 16:01:26;36.7
2026-05-07 16:01:41;36.9
2026-05-07 16:01:56;36.9
2026-05-07 16:02:11;37.1
2026-05-07 16:02:26;37.3
2026-05-07 16:02:41;37.3
2026-05-07 16:02:56;37.2
2026-05-07 16:03:11;37.1
2026-05-07 16:03:26;36.9
2026-05-07 16:03:41;36.7
2026-05-07 16:03:56;36.6
2026-05-07 16:04:11;36.6
2026-05-07 16:04:26;36.5
2026-05-07 16:04:41;36.4
2026-05-07 16:04:56;36.3
2026-05-07 16:05:11;36.2
2026-05-08 08:53:29;0.0
2026-05-08 08:53:44;30.4
2026-05-08 08:54:00;30.5
2026-05-08 08:54:15;30.6
2026-05-08 08:54:30;30.6
2026-05-08 08:54:45;30.7
2026-05-08 08:55:00;30.9
2026-05-08 08:55:15;31.1
2026-05-08 08:55:30;31.2
2026-05-08 08:55:46;31.4
2026-05-08 08:56:03;31.5
2026-05-08 08:56:15;31.6
2026-05-08 08:56:31;31.7
2026-05-08 08:56:45;31.8
2026-05-08 08:57:00;31.9
2026-05-08 08:57:15;32.1
2026-05-08 08:57:30;32.1
2026-05-08 08:57:46;32.2
2026-05-08 08:58:01;32.2
2026-05-08 08:58:16;32.2
2026-05-08 08:58:31;32.1
2026-05-08 08:58:46;32.1
2026-05-08 08:59:01;32.0
2026-05-08 08:59:16;31.9
2026-05-08 08:59:31;31.9
2026-05-08 08:59:46;32.1
2026-05-08 09:00:01;32.2
2026-05-08 09:00:16;32.2
2026-05-08 09:00:31;32.4
2026-05-08 09:00:46;32.4
2026-05-08 09:01:02;32.4
2026-05-08 09:01:17;32.5
2026-05-08 09:01:32;32.6
2026-05-08 09:01:47;32.6
2026-05-08 09:02:02;32.5
2026-05-08 09:02:17;32.6
2026-05-08 09:02:32;32.7
2026-05-08 09:02:47;32.8
2026-05-08 09:03:02;32.9
2026-05-08 09:03:17;32.9
2026-05-08 09:03:32;32.8
2026-05-08 09:03:47;32.8
2026-05-08 09:04:02;32.8
2026-05-08 09:04:17;32.8
2026-05-08 09:04:33;32.9
2026-05-08 09:04:48;32.9
2026-05-08 09:05:03;32.7
2026-05-08 09:05:18;32.6
2026-05-08 09:05:33;32.5
2026-05-08 09:05:48;32.4
2026-05-08 09:06:04;32.6
2026-05-08 09:06:19;32.6
2026-05-08 09:06:34;32.7
2026-05-08 09:06:48;32.7
2026-05-08 09:07:03;32.8
2026-05-08 09:07:18;32.8
2026-05-08 09:07:34;32.8
2026-05-08 09:07:49;32.9
2026-05-08 09:08:04;33.0
2026-05-08 09:08:19;33.1
2026-05-08 09:08:34;33.2
2026-05-08 09:08:49;33.2
2026-05-08 09:09:04;33.4
2026-05-08 09:09:19;33.4
2026-05-08 09:09:34;33.6
2026-05-08 09:09:49;33.6
2026-05-08 09:10:04;33.7
2026-05-08 09:10:19;33.7
2026-05-08 09:10:34;33.8
2026-05-08 09:10:49;33.9
2026-05-08 09:11:04;33.9
2026-05-08 09:11:19;33.9
2026-05-08 09:11:34;33.6
2026-05-08 09:11:50;33.4
2026-05-08 09:12:04;33.4
2026-05-08 09:12:20;33.5
2026-05-08 09:12:35;33.7
2026-05-08 09:12:50;33.9
2026-05-08 09:13:05;34.1
2026-05-08 09:13:20;34.2
2026-05-08 09:13:35;34.4
2026-05-08 09:13:50;34.5
2026-05-08 09:14:05;34.7
2026-05-08 09:14:20;34.9
2026-05-08 09:14:35;35.1
2026-05-08 09:14:50;35.4
2026-05-08 09:15:05;35.6
2026-05-08 09:15:20;35.9
2026-05-08 09:15:35;36.0
2026-05-08 09:15:50;36.1
2026-05-08 09:16:05;36.1
2026-05-08 09:16:20;35.9
2026-05-08 09:16:37;36.0
2026-05-08 09:16:50;36.3
2026-05-08 09:17:05;36.6
2026-05-08 09:17:21;36.7
2026-05-08 09:17:35;36.9
2026-05-08 09:17:51;37.0
2026-05-08 09:18:06;37.0
2026-05-08 09:18:21;37.1
2026-05-08 09:18:36;37.2
2026-05-08 09:18:51;37.3
2026-05-08 09:19:06;37.5
2026-05-08 09:19:21;37.6
2026-05-08 09:19:36;37.7
2026-05-08 09:19:51;37.9
2026-05-08 09:20:06;38.1
2026-05-08 09:20:21;38.1
2026-05-08 09:20:36;38.4
2026-05-08 09:20:51;38.4
2026-05-08 09:21:06;38.6
2026-05-08 09:21:21;38.8
2026-05-08 09:21:36;39.0
2026-05-08 09:21:51;39.3
2026-05-08 09:22:06;39.7
2026-05-08 09:22:22;39.9
2026-05-08 09:22:36;40.0
2026-05-08 09:22:51;40.2
2026-05-08 09:23:06;40.4
2026-05-08 09:23:21;40.6
2026-05-08 09:23:36;40.8
2026-05-08 09:23:51;40.9
2026-05-08 09:24:06;40.9
2026-05-08 09:24:21;41.1
2026-05-08 09:24:36;41.2
2026-05-08 09:24:51;41.1
2026-05-08 09:25:06;41.2
2026-05-08 09:25:21;41.3
2026-05-08 09:25:36;41.5
2026-05-08 09:25:51;41.6
2026-05-08 09:26:06;41.6
2026-05-08 09:26:21;41.6
2026-05-08 09:26:36;41.4
2026-05-08 09:26:51;41.4
2026-05-08 09:27:07;41.6
2026-05-08 09:27:21;41.7
2026-05-08 09:27:36;42.0
2026-05-08 09:27:51;42.1
2026-05-08 09:28:06;42.2
2026-05-08 09:28:21;42.6
2026-05-08 09:28:36;42.9
2026-05-08 09:28:51;43.1
2026-05-08 09:29:06;43.3
2026-05-08 09:29:21;43.3
2026-05-08 09:29:36;43.1
2026-05-08 09:29:51;42.8
2026-05-08 09:30:06;42.6
2026-05-08 09:30:21;42.7
2026-05-08 09:30:36;43.1
2026-05-08 09:30:51;43.3
2026-05-08 09:31:07;43.3
2026-05-08 09:31:21;42.8
2026-05-08 09:31:36;42.9
2026-05-08 09:31:51;42.6
2026-05-08 09:32:06;42.6
2026-05-08 09:32:21;42.6
2026-05-08 09:32:36;42.5
2026-05-08 09:32:51;42.7
2026-05-08 09:33:06;43.1
2026-05-08 09:33:21;43.3
2026-05-08 09:33:36;43.3
2026-05-08 09:33:51;43.5
2026-05-08 09:34:06;43.6
2026-05-08 09:34:22;44.0
2026-05-08 09:34:37;44.2
2026-05-08 09:34:53;44.5
2026-05-08 09:35:08;44.7
2026-05-08 09:35:23;44.9
2026-05-08 09:35:38;44.5
2026-05-08 09:35:54;44.4
2026-05-08 09:36:09;44.6
2026-05-08 09:36:25;44.7
2026-05-08 09:36:40;44.9
2026-05-08 09:36:55;45.3
2026-05-08 09:37:10;45.7
2026-05-08 09:37:26;46.1
2026-05-08 09:37:41;46.4
2026-05-08 09:37:56;46.3
2026-05-08 09:38:12;46.3
2026-05-08 09:38:27;46.2
2026-05-08 09:38:42;46.3
2026-05-08 09:38:58;46.5
2026-05-08 09:39:13;46.6
2026-05-08 09:39:28;46.7
2026-05-08 09:39:43;46.7
2026-05-08 09:39:59;46.7
2026-05-08 09:40:14;46.3
2026-05-08 09:40:30;46.4
2026-05-08 09:40:45;46.6
2026-05-08 09:41:00;46.8
2026-05-08 09:41:15;46.8
2026-05-08 09:41:31;47.0
2026-05-08 09:41:46;47.0
2026-05-08 09:42:02;47.2
2026-05-08 09:42:17;47.5
2026-05-08 09:42:32;47.6
2026-05-08 09:42:47;47.5
2026-05-08 09:43:03;47.4
2026-05-08 09:43:18;47.1
2026-05-08 09:43:34;46.8
2026-05-08 09:43:49;46.2
2026-05-08 09:44:04;45.7
2026-05-08 09:44:19;45.5
2026-05-08 09:44:35;45.6
2026-05-08 09:44:50;45.7
2026-05-08 09:45:05;46.0
2026-05-08 09:45:21;46.4
2026-05-08 09:45:36;46.7
2026-05-08 09:45:51;46.9
2026-05-08 09:46:07;46.9
2026-05-08 09:46:22;46.8
2026-05-08 09:46:37;47.1
2026-05-08 09:46:52;47.2
2026-05-08 09:47:08;47.2
2026-05-08 09:47:54;46.6
2026-05-08 09:48:09;46.6
2026-05-08 09:48:24;46.6
2026-05-08 09:48:40;46.7
2026-05-08 09:48:55;46.9
2026-05-08 09:49:10;47.2
2026-05-08 09:49:26;46.9
2026-05-08 09:49:41;47.0
2026-05-08 09:49:56;47.1
2026-05-08 09:50:12;47.1
2026-05-08 09:50:27;46.9
2026-05-08 09:50:42;46.8
2026-05-08 09:50:57;46.7
2026-05-08 09:51:13;46.5
2026-05-08 09:51:28;46.3
2026-05-08 09:51:44;46.2
2026-05-08 09:51:59;46.0
2026-05-08 09:52:14;45.8
2026-05-08 09:52:29;45.6
2026-05-08 09:52:47;45.4
2026-05-08 09:53:00;44.9
2026-05-08 09:53:16;44.3
2026-05-08 09:53:31;44.0
2026-05-08 09:53:46;43.9
2026-05-08 09:54:01;43.9
2026-05-08 09:54:17;43.9
2026-05-08 09:54:32;43.7
2026-05-08 09:54:48;43.4
2026-05-08 09:55:03;43.3
2026-05-08 09:55:18;43.2
2026-05-08 09:55:33;43.1
2026-05-08 09:55:48;42.7
2026-05-08 09:56:03;42.4
2026-05-08 09:56:18;42.6
2026-05-08 09:56:33;42.7
2026-05-08 09:56:48;42.7
2026-05-08 09:57:03;42.8
2026-05-08 09:57:18;43.1
2026-05-08 09:57:33;43.1
2026-05-08 09:57:48;43.3
2026-05-08 09:58:03;43.2
2026-05-08 09:58:18;43.1
2026-05-08 09:58:33;42.6
2026-05-08 09:58:48;42.1
2026-05-08 09:59:03;42.2
2026-05-08 09:59:18;42.2
2026-05-08 09:59:33;42.3
2026-05-08 09:59:48;42.2
2026-05-08 10:00:03;42.0
2026-05-08 10:00:18;41.5
2026-05-08 10:00:33;41.4
2026-05-08 10:00:48;41.7
2026-05-08 10:01:03;41.7
2026-05-08 10:01:18;41.8
2026-05-08 10:01:33;41.9
2026-05-08 10:01:48;41.9
2026-05-08 10:02:03;41.8
2026-05-08 10:02:18;41.8
2026-05-08 10:02:33;41.9
2026-05-08 10:02:48;41.7
2026-05-08 10:03:03;41.6
2026-05-08 10:03:18;41.6
2026-05-08 10:03:33;41.3
2026-05-08 10:03:48;41.2
2026-05-08 10:04:03;40.9
2026-05-08 10:04:18;40.9
2026-05-08 10:04:33;40.8
2026-05-08 10:04:48;40.8
2026-05-08 10:05:03;40.8
2026-05-08 10:05:18;40.8
2026-05-08 10:05:33;40.8
2026-05-08 10:05:48;40.7
2026-05-08 10:06:03;40.6
2026-05-08 10:06:18;40.8
2026-05-08 10:06:33;41.0
2026-05-08 10:06:48;41.2
2026-05-08 10:07:03;41.4
2026-05-08 10:07:18;41.4
2026-05-08 10:07:33;41.5
2026-05-08 10:07:48;41.7
2026-05-08 10:08:03;41.9
2026-05-08 10:08:18;42.1
2026-05-08 10:08:35;42.4
2026-05-08 10:08:48;42.6
2026-05-08 10:09:03;42.6
2026-05-08 10:09:18;42.7
2026-05-08 10:09:33;42.9
2026-05-08 10:09:48;43.1
2026-05-08 10:10:03;42.9
2026-05-08 10:10:18;42.9
2026-05-08 10:10:33;43.1
2026-05-08 10:10:48;43.1
2026-05-08 10:11:03;43.0
2026-05-08 10:11:18;43.1
2026-05-08 10:11:33;43.0
2026-05-08 10:11:48;43.1
2026-05-08 10:12:03;42.9
2026-05-08 10:12:18;42.7
2026-05-08 10:12:33;42.3
2026-05-08 10:12:48;42.1
2026-05-08 10:13:03;41.9
2026-05-08 10:13:18;41.7
2026-05-08 10:13:33;41.4
2026-05-08 10:13:48;41.2
2026-05-08 10:14:03;41.2
2026-05-08 10:14:18;41.1
2026-05-08 10:14:33;41.0
2026-05-08 10:14:48;41.1
2026-05-08 10:15:03;41.4
2026-05-08 10:15:19;41.6
2026-05-08 10:15:33;41.7
2026-05-08 10:15:48;41.6
2026-05-08 10:16:03;41.1
2026-05-08 10:16:18;40.9
2026-05-08 10:16:33;40.9
2026-05-08 10:16:48;41.1
2026-05-08 10:17:03;41.2
2026-05-08 10:17:18;41.4
2026-05-08 10:17:33;41.7
2026-05-08 10:17:48;42.1
2026-05-08 10:18:03;42.2
2026-05-08 10:18:18;42.2
2026-05-08 10:18:33;42.2
2026-05-08 10:18:48;42.1
2026-05-08 10:19:03;42.1
2026-05-08 10:19:19;41.9
2026-05-08 10:19:33;41.8
2026-05-08 10:19:49;41.6
2026-05-08 10:20:03;41.1
2026-05-08 10:20:18;40.6
2026-05-08 10:20:33;40.2
2026-05-08 10:20:48;39.7
2026-05-08 10:21:03;39.6
2026-05-08 10:21:18;39.6
2026-05-08 10:21:33;39.7
2026-05-08 10:21:48;39.7
2026-05-08 10:22:03;39.8
2026-05-08 10:22:18;39.9
2026-05-08 10:22:35;40.2
2026-05-08 10:22:48;40.2
2026-05-08 10:23:03;40.2
2026-05-08 10:23:18;40.4
2026-05-08 10:23:33;40.5
2026-05-08 10:23:48;40.6
2026-05-08 10:24:03;40.7
2026-05-08 10:24:18;40.8
2026-05-08 10:24:33;40.8
2026-05-08 10:24:48;40.6
2026-05-08 10:25:04;40.5
2026-05-08 10:25:19;40.4
2026-05-08 10:25:34;40.4
2026-05-08 10:25:48;40.1
2026-05-08 10:26:04;39.9
2026-05-08 10:26:19;39.7
2026-05-08 10:26:34;39.8
2026-05-08 10:26:48;40.2
2026-05-08 10:27:04;40.3
2026-05-08 10:27:19;40.6
2026-05-08 10:27:34;40.7
2026-05-08 10:27:49;40.9
2026-05-08 10:28:04;41.0
2026-05-08 10:28:19;41.2
2026-05-08 10:28:34;41.4
2026-05-08 10:28:49;41.5
2026-05-08 10:29:04;41.5
2026-05-08 10:29:19;41.5
2026-05-08 10:29:34;41.5
2026-05-08 10:29:49;41.7
2026-05-08 10:30:04;42.1
2026-05-08 10:30:19;42.2
2026-05-08 10:30:34;42.4
2026-05-08 10:30:49;42.7
2026-05-08 10:31:04;42.9
2026-05-08 10:31:19;42.9
2026-05-08 10:31:34;42.8
2026-05-08 10:31:49;42.7
2026-05-08 10:32:05;42.8
2026-05-08 10:32:19;43.0
2026-05-08 10:32:34;43.1
2026-05-08 10:32:49;42.9
2026-05-08 10:33:06;42.7
2026-05-08 10:33:19;42.9
2026-05-08 10:33:34;43.1
2026-05-08 10:33:49;43.2
2026-05-08 10:34:04;43.3
2026-05-08 10:34:19;43.3
2026-05-08 10:34:34;43.4
2026-05-08 10:34:49;43.4
2026-05-08 10:35:04;43.3
2026-05-08 10:35:19;43.5
2026-05-08 10:35:34;43.6
2026-05-08 10:35:50;43.6
2026-05-08 18:22:48;0.0
2026-05-08 18:23:03;0.0
2026-05-08 18:23:19;0.0
2026-05-08 18:23:34;0.0
2026-05-08 18:23:50;0.0
2026-05-08 18:24:05;0.0
2026-05-08 18:24:21;0.0
2026-05-13 08:23:28;0.0
2026-05-13 08:23:44;0.0
2026-05-13 08:23:59;0.0
2026-05-13 08:24:15;0.0
2026-05-13 08:24:30;0.0
2026-05-13 08:24:46;0.0
2026-05-13 08:51:32;30.3
2026-05-13 08:51:47;30.4
2026-05-13 08:52:02;30.4
2026-05-13 08:52:17;30.5
2026-05-13 08:52:32;30.5
2026-05-13 08:52:47;30.6
2026-05-13 08:53:02;30.6
2026-05-13 08:53:17;30.7
2026-05-13 08:53:32;30.8
2026-05-13 08:53:48;30.8
2026-05-13 08:54:02;30.8
2026-05-13 12:20:32;37.9
2026-05-13 12:20:47;38.1
2026-05-13 12:21:02;38.1
2026-05-13 12:21:17;38.2
2026-05-13 12:21:33;38.4
2026-05-13 12:21:47;38.6
2026-05-13 12:22:03;38.5
2026-05-13 12:22:18;38.6
2026-05-13 12:22:33;38.7
2026-05-13 12:22:48;38.7
2026-05-13 12:23:03;38.8
2026-05-13 12:23:18;38.9
2026-05-13 12:23:33;39.1
2026-05-13 12:23:48;39.0
2026-05-13 12:24:03;39.0
2026-05-13 12:24:18;39.0
2026-05-13 12:24:33;39.1
2026-05-13 12:24:48;39.2
2026-05-13 12:25:03;39.2
2026-05-13 12:25:18;39.4
2026-05-13 12:25:33;39.4
2026-05-13 12:25:48;39.6
2026-05-13 12:26:03;39.7
2026-05-13 12:26:18;39.9
2026-05-13 12:26:33;40.1
2026-05-13 12:26:49;40.2
2026-05-13 12:27:03;40.2
2026-05-13 12:27:18;40.3
2026-05-13 12:27:33;40.4
2026-05-13 12:27:48;40.6
2026-05-13 12:28:03;40.9
2026-05-13 12:28:18;41.1
2026-05-13 12:28:33;41.6
2026-05-13 12:28:48;41.7
2026-05-13 12:29:03;42.0
2026-05-13 12:29:18;42.4
2026-05-13 12:29:33;42.6
2026-05-13 12:29:48;42.9
2026-05-13 12:30:03;43.3
2026-05-13 12:30:18;43.7
2026-05-13 12:30:42;43.8
2026-05-13 12:30:48;44.3
2026-05-13 12:31:04;44.8
2026-05-13 12:31:19;45.3
2026-05-13 12:31:34;45.9
2026-05-13 12:31:49;46.4
2026-05-13 12:32:05;46.7
2026-05-13 12:32:20;47.2
2026-05-13 12:32:35;47.7
2026-05-13 12:32:51;47.9
2026-05-13 12:33:06;48.3
2026-05-13 12:33:21;48.4
2026-05-13 12:33:36;48.9
2026-05-13 12:33:52;49.3
2026-05-13 12:34:07;49.6
2026-05-13 12:34:23;49.9
2026-05-13 12:34:38;50.2
2026-05-13 12:34:53;50.5
2026-05-13 12:35:08;50.9
2026-05-13 12:35:24;51.2
2026-05-13 12:35:39;51.6
2026-05-13 12:35:54;51.4
2026-05-13 12:36:09;51.5
2026-05-13 12:36:25;51.6
2026-05-13 12:36:40;51.6
2026-05-13 12:36:56;51.8
2026-05-13 12:37:11;52.1
2026-05-13 12:37:26;52.4
2026-05-13 12:37:41;52.9
2026-05-13 12:37:57;53.5
2026-05-13 12:38:12;54.0
2026-05-13 12:38:27;54.2
2026-05-13 12:38:42;54.4
2026-05-13 12:38:58;54.4
2026-05-13 12:39:13;54.4
2026-05-13 12:39:30;54.2
2026-05-13 12:39:43;54.1
2026-05-13 12:39:59;54.1
2026-05-13 12:40:14;54.1
2026-05-13 12:40:29;54.2
2026-05-13 12:40:44;54.2
2026-05-13 12:41:00;54.7
2026-05-13 12:41:15;55.2
2026-05-13 12:41:31;55.4
2026-05-13 12:41:46;55.7
2026-05-13 12:42:01;56.2
2026-05-13 12:42:16;56.6
2026-05-13 12:42:32;56.8
2026-05-13 12:42:47;57.1
2026-05-13 12:43:02;57.4
2026-05-13 12:43:17;57.8
2026-05-13 12:43:33;57.9
2026-05-13 12:43:48;58.1
2026-05-13 12:44:03;58.3
2026-05-13 12:44:18;58.4
2026-05-13 12:44:34;58.2
2026-05-13 12:44:49;58.0
2026-05-13 12:45:04;57.6
2026-05-13 12:45:19;57.2
2026-05-13 12:45:35;56.9
2026-05-13 12:45:50;56.6
2026-05-13 12:46:05;56.6
2026-05-13 12:46:25;56.3
2026-05-13 12:46:36;56.4
2026-05-13 12:46:54;56.7
2026-05-13 12:47:06;56.9
2026-05-13 12:47:21;56.8
2026-05-13 12:47:37;57.1
2026-05-13 12:47:52;57.3
2026-05-13 12:48:07;57.6
2026-05-13 12:48:22;57.4
2026-05-13 12:48:38;56.6
2026-05-13 12:48:53;56.2
2026-05-13 12:49:08;56.2
2026-05-13 12:49:23;56.1
2026-05-13 12:49:39;56.8
2026-05-13 12:49:54;56.9
2026-05-13 12:50:09;56.8
2026-05-13 12:50:24;56.7
2026-05-13 12:50:40;56.8
2026-05-13 12:50:55;56.9
2026-05-13 12:51:10;56.8
2026-05-13 12:51:25;56.7
2026-05-13 12:51:41;56.7
2026-05-13 12:51:56;56.5
2026-05-13 12:52:11;56.3
2026-05-13 12:52:26;56.3
2026-05-13 12:52:42;56.6
2026-05-13 12:52:57;56.9
2026-05-13 12:53:13;57.1
2026-05-13 12:53:28;57.3
2026-05-13 12:53:43;57.2
2026-05-13 12:53:58;57.2
2026-05-13 12:54:13;56.9
2026-05-13 12:54:28;56.9
2026-05-13 12:54:44;56.2
2026-05-13 12:54:59;56.1
2026-05-13 12:55:15;56.2
2026-05-13 12:55:30;56.1
2026-05-13 12:55:45;55.9
2026-05-13 12:56:00;55.6
2026-05-13 12:56:16;54.9
2026-05-13 12:56:31;54.4
2026-05-13 12:56:46;53.4
2026-05-13 12:57:01;53.0
2026-05-13 12:57:17;52.5
2026-05-13 12:57:32;52.3
2026-05-13 12:57:47;51.9
2026-05-13 12:58:02;51.9
2026-05-13 12:58:18;52.1
2026-05-13 12:58:33;52.4
2026-05-13 12:58:48;52.9
2026-05-13 12:59:03;53.2
2026-05-13 12:59:19;53.6
2026-05-13 12:59:34;53.9
2026-05-13 12:59:49;53.9
2026-05-13 13:00:04;54.0
2026-05-13 13:00:20;54.2
2026-05-13 13:00:35;54.4
2026-05-13 13:00:51;54.5
2026-05-13 13:01:06;54.3
2026-05-13 13:01:21;54.1
2026-05-13 13:01:36;53.7
2026-05-13 13:01:52;53.3
2026-05-13 13:02:07;53.3
2026-05-13 13:02:22;53.3
2026-05-13 13:02:37;53.1
2026-05-13 13:02:53;52.2
2026-05-13 13:03:08;51.6
2026-05-13 13:03:23;50.9
2026-05-13 13:03:38;50.1
2026-05-13 13:03:54;49.4
2026-05-13 13:04:09;49.1
2026-05-13 13:04:25;48.6
2026-05-13 13:04:40;48.2
2026-05-13 13:04:55;47.9
2026-05-13 13:05:10;47.6
2026-05-13 13:05:26;47.4
2026-05-13 13:05:43;47.5
2026-05-13 13:05:57;47.3
2026-05-13 13:06:12;47.1
2026-05-13 13:06:27;47.1
2026-05-13 13:06:42;46.8
2026-05-13 13:06:58;46.4
2026-05-13 13:07:13;46.4
2026-05-13 13:07:28;46.2
2026-05-13 13:07:43;46.0
2026-05-13 13:07:59;45.7
2026-05-13 13:08:14;45.5
2026-05-13 13:08:30;45.2
2026-05-13 13:08:45;45.1
2026-05-13 13:09:00;44.8
2026-05-13 13:09:15;44.6
2026-05-13 13:09:31;44.4
2026-05-13 13:09:46;44.1
2026-05-13 13:10:02;43.9
2026-05-13 13:10:24;43.6
2026-05-13 13:10:32;43.1
2026-05-13 13:10:47;42.8
2026-05-13 13:11:04;42.6
2026-05-13 13:11:17;42.3
2026-05-13 13:11:38;42.1
2026-05-13 13:11:54;41.9
2026-05-13 13:12:04;41.6
2026-05-13 13:12:17;41.4
2026-05-13 13:12:32;41.4
2026-05-13 13:12:47;41.3
2026-05-13 13:13:02;41.4
2026-05-13 13:13:17;41.4
2026-05-13 13:13:32;41.2
2026-05-13 13:13:47;41.1
2026-05-13 13:14:02;40.9
2026-05-13 13:14:17;40.9
2026-05-13 13:14:32;40.7
2026-05-13 13:14:47;40.6
2026-05-13 13:15:02;40.6
2026-05-13 13:15:17;40.5
2026-05-13 13:15:32;40.4
2026-05-13 13:15:47;40.4
2026-05-13 13:16:02;40.3
2026-05-13 13:16:17;40.4
2026-05-13 13:16:32;40.3
2026-05-13 13:16:47;40.2
2026-05-13 13:17:02;40.1
2026-05-13 13:17:17;40.1
2026-05-13 13:17:32;40.0
2026-05-13 13:17:47;39.9
2026-05-13 13:18:02;39.8
2026-05-13 13:18:17;39.7
2026-05-13 13:18:32;39.7
2026-05-13 13:18:53;39.6
2026-05-13 13:19:02;39.5
2026-05-13 13:19:23;39.6
2026-05-13 13:19:45;39.5
2026-05-13 13:20:04;39.3
2026-05-13 13:20:16;39.2
2026-05-13 13:20:30;39.1
2026-05-13 13:20:45;39.0
2026-05-13 13:21:00;38.9
2026-05-13 13:21:15;38.7
2026-05-13 13:21:30;38.6
2026-05-13 13:21:45;38.6
2026-05-13 13:22:00;38.6
2026-05-13 13:22:15;38.6
2026-05-13 13:22:30;38.6
2026-05-13 13:22:45;38.6
2026-05-13 13:23:00;38.4
2026-05-13 13:23:15;38.4
2026-05-13 13:23:33;38.4
2026-05-13 13:23:45;38.6
2026-05-13 13:24:00;38.7
2026-05-13 13:24:15;38.7
2026-05-13 13:24:30;38.8
2026-05-13 13:24:45;38.8
2026-05-13 13:25:00;38.8
2026-05-13 13:25:15;38.7
2026-05-13 13:25:30;38.8
2026-05-13 13:25:45;38.9
2026-05-13 13:26:00;38.8
2026-05-13 13:26:15;38.7
2026-05-13 13:26:30;38.7
2026-05-13 13:26:45;38.7
2026-05-13 13:27:01;38.6
2026-05-13 13:27:16;38.5
2026-05-13 13:27:31;38.4
2026-05-13 13:27:46;38.3
2026-05-13 13:28:01;38.3
2026-05-13 13:28:16;38.3
2026-05-13 13:28:31;38.3
2026-05-13 13:28:46;38.3
2026-05-13 13:29:01;38.2
2026-05-13 13:29:16;38.2
2026-05-13 13:29:31;38.2
2026-05-13 13:29:46;38.3
2026-05-13 13:30:01;38.4
2026-05-13 13:30:16;38.3
2026-05-13 13:30:31;38.2
2026-05-13 13:30:46;38.3
2026-05-13 13:31:01;38.3
2026-05-13 13:31:16;38.3
2026-05-13 13:31:31;38.3
2026-05-13 13:31:46;38.3
2026-05-13 13:32:01;38.2
2026-05-13 13:32:16;38.1
2026-05-13 13:32:31;37.9
2026-05-13 13:32:46;37.7
2026-05-13 13:33:01;37.7
2026-05-13 13:33:16;37.6
2026-05-13 13:33:31;37.7
2026-05-13 13:33:46;37.7
2026-05-13 13:34:01;37.8
2026-05-13 13:34:16;37.9
2026-05-13 13:34:46;37.9
2026-05-13 13:35:01;38.0
2026-05-13 13:35:16;37.9
2026-05-13 13:35:32;37.9
2026-05-13 13:35:46;38.0
2026-05-13 13:36:02;38.1
2026-05-13 13:36:17;38.1
2026-05-13 13:36:32;38.1
2026-05-13 13:36:47;38.2
2026-05-13 13:37:04;38.6
2026-05-13 13:37:17;38.9
2026-05-13 13:37:32;39.2
2026-05-13 13:37:47;39.4
2026-05-13 13:38:02;39.6
2026-05-13 13:38:17;39.8
2026-05-13 13:38:32;39.9
2026-05-13 13:38:47;39.9
2026-05-13 13:39:02;40.2
2026-05-13 13:39:17;40.4
2026-05-13 13:39:32;40.6
2026-05-13 13:39:47;40.4
2026-05-13 13:40:02;40.2
2026-05-13 13:40:17;40.3
2026-05-13 13:40:33;40.4
2026-05-13 13:40:47;40.4
2026-05-13 13:41:02;40.4
2026-05-13 13:41:17;40.2
2026-05-13 13:41:32;40.1
2026-05-13 13:41:47;40.1
2026-05-13 13:42:02;40.1
2026-05-13 13:42:17;40.0
2026-05-13 13:42:32;40.1
2026-05-13 13:42:47;40.1
2026-05-13 13:43:02;40.2
2026-05-13 13:43:17;40.2
2026-05-13 13:43:32;40.3
2026-05-13 13:43:47;40.3
2026-05-13 13:44:02;40.3
2026-05-13 13:44:17;40.3
2026-05-13 13:44:32;40.2
2026-05-13 13:44:47;40.2
2026-05-13 13:45:02;40.1
2026-05-13 13:45:18;40.1
2026-05-13 13:45:32;40.0
2026-05-13 13:45:47;39.9
2026-05-13 13:46:02;39.9
2026-05-13 13:46:17;39.7
2026-05-13 13:46:34;39.5
2026-05-13 13:46:47;39.6
2026-05-13 13:47:02;39.5
2026-05-13 13:47:17;39.4
2026-05-13 13:47:33;39.3
2026-05-13 13:47:48;39.5
2026-05-13 13:48:03;39.7
2026-05-13 13:48:18;40.0
2026-05-13 13:48:33;40.3
2026-05-13 13:48:49;40.6
2026-05-13 13:49:03;40.9
2026-05-13 13:49:18;41.4
2026-05-13 13:49:33;41.9
2026-05-13 13:49:48;42.2
2026-05-13 13:50:03;42.4
2026-05-13 13:50:18;42.5
2026-05-13 13:50:33;42.7
2026-05-13 13:50:48;42.6
2026-05-13 13:51:03;42.6
2026-05-13 13:51:18;42.5
2026-05-13 13:51:33;42.5
2026-05-13 13:51:48;42.3
2026-05-13 13:52:03;42.1
2026-05-13 13:52:18;41.9
2026-05-13 13:52:33;42.0
2026-05-13 13:52:48;41.7
2026-05-13 13:53:03;41.5
2026-05-13 13:53:18;41.4
2026-05-13 13:53:33;41.2
2026-05-13 13:53:48;40.9
2026-05-13 13:54:03;40.9
2026-05-13 13:54:18;40.8
2026-05-13 13:54:33;40.6
2026-05-13 13:54:48;40.3
2026-05-13 13:55:03;40.2
2026-05-13 13:55:18;40.1
2026-05-13 13:55:33;40.0
2026-05-13 13:55:48;40.1
2026-05-13 13:56:03;40.2
2026-05-13 13:56:20;40.2
2026-05-13 13:56:37;40.3
2026-05-13 13:56:48;40.2
2026-05-13 13:57:03;40.2
2026-05-13 13:57:18;40.2
2026-05-13 13:57:33;40.2
2026-05-13 13:57:48;40.2
2026-05-13 13:58:03;40.2
2026-05-13 13:58:18;40.2
2026-05-13 13:58:33;40.2
2026-05-13 13:58:48;40.2
2026-05-13 13:59:03;40.3
2026-05-13 13:59:18;40.2
2026-05-13 13:59:33;40.3
2026-05-13 13:59:48;40.1
2026-05-13 14:00:03;40.1
2026-05-13 14:00:18;40.1
2026-05-13 14:00:33;40.0
2026-05-13 14:00:48;39.9
2026-05-13 14:01:03;40.0
2026-05-13 14:01:18;40.2
2026-05-13 14:01:33;40.7
2026-05-13 14:01:48;41.1
2026-05-13 14:02:03;41.6
2026-05-13 14:02:18;42.1
2026-05-13 14:02:33;42.7
2026-05-13 14:02:48;43.3
2026-05-13 14:03:03;43.8
2026-05-13 14:03:19;44.3
2026-05-13 14:03:34;44.9
2026-05-13 14:03:50;45.4
2026-05-13 14:04:05;45.8
2026-05-13 14:04:20;46.2
2026-05-13 14:04:35;46.3
2026-05-13 14:04:51;46.4
2026-05-13 14:05:06;46.7
2026-05-13 14:05:22;47.0
2026-05-13 14:05:37;47.2
2026-05-13 14:05:52;47.4
2026-05-13 14:06:07;47.6
2026-05-13 14:06:23;47.8
2026-05-13 14:06:38;47.7
2026-05-13 14:06:54;48.1
2026-05-13 14:07:09;48.4
2026-05-13 14:07:24;48.9
2026-05-13 14:07:39;49.2
2026-05-13 14:07:55;49.5
2026-05-13 14:08:10;49.9
2026-05-13 14:09:14;50.3
2026-05-13 14:09:29;50.9
2026-05-13 14:09:45;50.9
2026-05-13 14:10:00;51.0
2026-05-13 14:10:15;50.7
2026-05-13 14:10:30;50.2
2026-05-13 14:10:45;49.9
2026-05-13 14:11:01;49.8
2026-05-13 14:11:16;49.7
2026-05-13 14:11:31;49.7
2026-05-13 14:11:47;49.4
2026-05-13 14:12:02;49.1
2026-05-13 14:12:17;48.7
2026-05-13 14:12:37;48.3
2026-05-13 14:12:48;48.1
2026-05-13 14:13:03;47.9
2026-05-13 14:13:18;47.7
2026-05-13 14:13:33;47.1
2026-05-13 14:13:49;46.7
2026-05-13 14:14:04;46.4
2026-05-13 14:14:20;46.2
2026-05-13 14:14:35;46.5
2026-05-13 14:14:50;46.6
2026-05-13 14:15:05;46.2
2026-05-13 14:15:21;45.8
2026-05-13 14:15:36;45.5
2026-05-13 14:15:52;45.2
2026-05-13 14:16:07;45.1
2026-05-13 14:16:22;45.1
2026-05-13 14:16:37;45.0
2026-05-13 14:16:53;44.7
2026-05-13 14:17:08;44.3
2026-05-13 14:17:24;44.1
2026-05-13 14:17:39;44.1
2026-05-13 14:17:54;44.1
2026-05-13 14:18:09;44.1
2026-05-13 14:18:25;44.1
2026-05-13 14:18:40;44.1
2026-05-13 14:18:55;44.0
2026-05-13 14:19:11;43.8
2026-05-13 14:19:25;43.7
2026-05-13 14:19:41;43.6
2026-05-13 14:19:56;43.5
2026-05-13 14:20:11;43.6
2026-05-13 14:20:26;43.5
2026-05-13 14:20:41;43.3
2026-05-13 14:20:56;42.9
2026-05-13 14:21:11;42.7
2026-05-13 14:21:26;42.7
2026-05-13 14:21:41;42.6
2026-05-13 14:21:56;42.5
2026-05-13 14:22:11;42.4
2026-05-13 14:22:26;42.3
2026-05-13 14:22:41;42.3
2026-05-13 14:23:26;42.2
2026-05-13 14:23:28;42.3
2026-05-13 14:23:46;42.4
2026-05-13 14:24:07;42.4
2026-05-13 14:24:13;42.6
2026-05-13 14:24:28;42.7
2026-05-13 14:24:43;42.8
2026-05-13 14:24:58;43.0
2026-05-13 14:25:13;43.2
2026-05-13 14:25:28;43.3
2026-05-13 14:25:43;43.4
2026-05-13 14:25:58;43.6
2026-05-13 14:26:13;43.9
2026-05-13 14:26:29;44.2
2026-05-13 14:26:44;44.2
2026-05-13 14:26:59;44.2
2026-05-13 14:27:14;44.5
2026-05-13 14:27:30;44.7
2026-05-13 14:27:45;44.9
2026-05-13 14:28:00;45.2
2026-05-13 14:28:15;45.6
2026-05-13 14:28:31;45.9
2026-05-13 14:28:46;46.4
2026-05-13 14:29:02;46.5
2026-05-13 14:29:17;46.7
2026-05-13 14:29:32;47.0
2026-05-13 14:29:47;47.2
2026-05-13 14:30:03;47.2
2026-05-13 14:30:18;47.2
2026-05-13 14:30:34;47.7
2026-05-13 14:30:49;47.9
2026-05-13 14:31:04;47.9
2026-05-13 14:31:19;48.0
2026-05-13 14:31:35;48.3
2026-05-13 14:31:50;48.7
2026-05-13 14:32:06;49.0
2026-05-13 14:32:20;49.2
2026-05-13 14:32:36;49.4
2026-05-13 14:32:51;49.5
2026-05-13 14:33:07;49.6
2026-05-13 14:33:22;49.6
2026-05-13 14:33:39;49.6
2026-05-13 14:33:53;49.7
2026-05-13 14:34:08;50.1
2026-05-13 14:34:23;49.9
2026-05-13 14:34:39;49.9
2026-05-13 14:34:54;50.1
2026-05-13 14:35:09;50.1
2026-05-13 14:35:24;49.9
2026-05-13 14:35:40;49.2
2026-05-13 14:35:55;48.6
2026-05-13 14:36:10;48.6
2026-05-13 14:36:25;48.3
2026-05-13 14:36:41;47.9
2026-05-13 14:36:56;47.6
2026-05-13 14:37:12;47.5
2026-05-13 14:37:27;47.2
2026-05-13 14:37:42;46.9
2026-05-13 14:37:57;46.9
2026-05-13 14:38:13;47.1
2026-05-13 14:38:28;46.9
2026-05-13 14:38:44;46.9
2026-05-13 14:38:59;47.1
2026-05-13 14:39:14;47.1
2026-05-13 14:39:29;46.9
2026-05-13 14:39:45;47.1
2026-05-13 14:40:00;47.1
2026-05-13 14:40:15;47.1
2026-05-13 14:40:30;46.9
2026-05-13 14:40:46;46.6
2026-05-13 14:41:01;46.4
2026-05-13 14:41:17;46.4
2026-05-13 14:41:32;46.5
2026-05-13 14:41:47;46.3
2026-05-13 14:42:02;46.0
2026-05-13 14:42:18;45.7
2026-05-13 14:42:33;45.3
2026-05-13 14:42:49;45.1
2026-05-13 14:43:04;44.9
2026-05-13 14:43:19;44.8
2026-05-13 14:43:34;44.5
2026-05-13 14:43:50;44.0
2026-05-13 14:44:05;43.7
2026-05-13 14:44:20;43.6
2026-05-13 14:44:35;43.6
2026-05-13 14:44:50;43.4
2026-05-13 14:45:05;43.3
2026-05-13 14:45:20;42.9
2026-05-13 14:45:35;42.6
2026-05-13 14:45:50;42.4
2026-05-13 14:46:05;42.2
2026-05-13 14:46:20;42.2
2026-05-13 14:46:35;42.1
2026-05-13 14:46:50;41.9
2026-05-13 14:47:05;41.7
2026-05-13 14:47:20;41.7
2026-05-13 14:47:36;41.5
2026-05-13 14:47:50;41.3
2026-05-13 14:48:05;41.1
2026-05-13 14:48:20;40.9
2026-05-13 14:48:35;40.7
2026-05-13 14:48:50;40.6
2026-05-13 14:49:05;40.4
2026-05-13 14:49:20;40.4
2026-05-13 14:49:35;40.1
2026-05-13 14:49:50;39.8
2026-05-13 14:50:05;39.8
2026-05-13 14:50:20;39.7
2026-05-13 14:50:35;39.6
2026-05-13 14:50:50;39.4
2026-05-13 14:51:05;39.2
2026-05-13 14:51:20;39.1
2026-05-13 14:51:35;38.9
2026-05-13 14:51:51;38.7
2026-05-13 14:52:05;38.6
2026-05-13 14:52:21;38.6
2026-05-13 14:52:36;38.4
2026-05-13 14:52:51;38.2
2026-05-13 14:53:06;37.9
2026-05-13 14:53:21;37.8
2026-05-13 14:53:36;37.6
2026-05-13 14:53:51;37.6
2026-05-13 14:54:06;37.6
2026-05-13 14:54:21;37.6
2026-05-13 14:54:36;37.6
2026-05-13 14:54:51;37.4
2026-05-13 14:55:06;37.1
2026-05-13 14:55:22;37.0
2026-05-13 14:55:36;36.9
2026-05-13 14:55:51;36.9
2026-05-13 14:56:06;36.7
2026-05-13 14:56:21;36.7
2026-05-13 14:56:36;36.7
2026-05-13 14:56:51;36.6
2026-05-13 14:57:06;36.6
2026-05-13 14:57:23;36.4
2026-05-13 14:57:36;36.4
2026-05-13 14:57:51;36.4
2026-05-13 14:58:06;36.4
2026-05-13 14:58:22;36.5
2026-05-13 14:58:37;36.4
2026-05-13 14:58:51;36.4
2026-05-13 14:59:06;36.4
2026-05-13 14:59:22;36.3
2026-05-13 14:59:37;36.3
2026-05-13 14:59:52;36.2
2026-05-13 15:00:07;36.1
2026-05-13 15:00:22;36.1
2026-05-13 15:00:37;36.1
2026-05-13 15:00:52;36.1
2026-05-13 15:01:07;36.1
2026-05-13 15:01:22;36.1
2026-05-13 15:01:37;36.0
2026-05-13 15:01:52;35.9
2026-05-13 15:02:07;35.9
2026-05-13 15:02:22;35.8
2026-05-13 15:02:37;35.7
2026-05-13 15:02:52;35.8
2026-05-13 15:03:07;35.8
2026-05-13 15:03:22;35.7
2026-05-13 15:03:37;35.6
2026-05-13 15:03:52;35.6
2026-05-13 15:04:07;35.6
2026-05-13 15:04:23;35.5
2026-05-13 15:04:38;35.6
2026-05-13 15:04:53;35.4
2026-05-13 15:05:08;35.4
2026-05-13 15:05:23;35.5
2026-05-13 15:05:38;35.4
2026-05-13 15:05:53;35.4
2026-05-13 15:06:08;35.4
2026-05-13 15:06:23;35.3
2026-05-13 15:06:38;35.2
2026-05-13 15:06:53;35.2
2026-05-13 15:07:08;35.2
2026-05-13 15:07:23;35.2
2026-05-13 15:07:38;35.2
2026-05-13 15:07:55;35.2
2026-05-13 15:08:08;35.1
2026-05-13 15:08:23;35.1
2026-05-13 15:08:38;35.0
2026-05-13 15:08:53;34.9
2026-05-13 15:09:09;34.9
2026-05-13 15:09:23;34.8
2026-05-13 15:09:39;34.8
2026-05-13 15:09:54;34.7
2026-05-13 15:10:09;34.7
2026-05-13 15:10:24;34.7
2026-05-13 15:10:39;34.7
2026-05-13 15:10:54;34.7
2026-05-13 15:11:09;34.7
2026-05-13 15:11:24;34.7
2026-05-13 15:11:41;34.7
2026-05-13 15:11:54;34.7
2026-05-13 15:12:09;34.6
2026-05-13 15:12:24;34.6
2026-05-13 15:12:39;34.6
2026-05-13 15:12:54;34.6
2026-05-13 15:13:09;34.5
2026-05-13 15:13:24;34.4
2026-05-13 15:13:39;34.4
2026-05-13 15:13:54;34.3
2026-05-13 15:14:09;34.3
2026-05-13 15:14:25;34.3
2026-05-13 15:14:39;34.3
2026-05-13 15:14:55;34.3
2026-05-13 15:15:10;34.3
2026-05-13 15:15:25;34.3
2026-05-13 15:15:40;34.3
2026-05-13 15:15:55;34.2
2026-05-13 15:16:10;34.2
2026-05-13 15:16:25;34.2
2026-05-13 15:16:40;34.2
2026-05-13 15:16:55;34.2
2026-05-13 15:17:10;34.1
2026-05-13 15:17:25;34.1
2026-05-13 15:17:40;34.1
2026-05-13 15:17:55;34.0
2026-05-13 15:18:10;33.9
2026-05-13 15:18:25;33.9
2026-05-13 15:18:40;33.9
2026-05-13 15:18:55;33.8
2026-05-13 15:19:10;33.9
2026-05-13 15:19:25;33.9
2026-05-13 15:19:41;33.8
2026-05-13 15:19:56;33.8
2026-05-13 15:20:11;33.9
2026-05-13 15:20:26;33.9
2026-05-13 15:20:41;33.9
2026-05-13 15:20:56;33.9
2026-05-13 15:21:11;33.8
2026-05-13 15:21:26;33.8
2026-05-13 15:21:41;33.7
2026-05-13 15:21:56;33.7
2026-05-13 15:22:11;33.6
2026-05-13 15:22:26;33.6
2026-05-13 15:22:42;33.6
2026-05-13 15:22:56;33.6
2026-05-13 15:23:11;33.6
2026-05-13 15:23:26;33.6
2026-05-13 15:23:41;33.6
2026-05-13 15:23:56;33.6
2026-05-13 15:24:11;33.6
2026-05-13 15:24:26;33.6
2026-05-13 15:24:42;33.6
2026-05-13 15:24:57;33.6
2026-05-13 15:25:12;33.6
2026-05-13 15:25:27;33.5
2026-05-13 15:25:42;33.5
2026-05-13 15:25:57;33.5
2026-05-13 15:26:12;33.5
2026-05-13 15:26:27;33.4
2026-05-13 15:26:42;33.4
2026-05-13 15:26:57;33.5
2026-05-13 15:27:12;33.5
2026-05-13 15:27:28;33.6
2026-05-13 15:27:43;33.6
2026-05-13 15:27:58;33.6
2026-05-13 15:28:12;33.7
2026-05-13 15:28:27;33.7
2026-05-13 15:28:42;33.7
2026-05-13 15:28:57;33.7
2026-05-13 15:29:12;33.7
2026-05-13 15:29:28;33.7
2026-05-13 15:29:43;33.7
2026-05-13 15:29:58;33.7
2026-05-13 15:30:13;33.7
2026-05-13 15:30:28;33.7
2026-05-13 15:30:43;33.7
2026-05-13 15:30:58;33.7
2026-05-13 15:31:13;33.7
2026-05-13 15:31:28;33.6
2026-05-13 15:31:43;33.7
2026-05-13 15:31:58;33.7
2026-05-13 15:32:13;33.7
2026-05-13 15:32:28;33.8
2026-05-13 15:32:43;33.9
2026-05-13 15:32:58;33.9
2026-05-13 15:33:13;33.9
2026-05-13 15:33:28;33.9
2026-05-13 15:33:43;33.9
2026-05-13 15:33:58;33.9
2026-05-13 15:34:13;33.9
2026-05-13 15:34:28;33.9
2026-05-13 15:34:44;33.9
2026-05-13 15:34:59;34.0
2026-05-13 15:35:14;33.9
2026-05-13 15:35:29;33.9
2026-05-13 15:35:44;33.9
2026-05-13 15:35:59;33.9
2026-05-13 15:36:14;33.9
2026-05-13 15:36:31;33.9
2026-05-13 15:36:44;33.9
2026-05-13 15:36:59;33.9
2026-05-13 15:37:14;33.8
2026-05-13 15:37:29;33.8
2026-05-13 15:37:44;33.7
2026-05-13 15:37:59;33.9
2026-05-13 15:38:14;33.8
2026-05-13 15:38:29;33.9
2026-05-13 15:38:44;33.7
2026-05-13 15:38:59;33.7
2026-05-13 15:39:14;33.7
2026-05-13 15:39:29;33.7
2026-05-13 15:39:45;33.7
2026-05-13 15:40:00;33.7
2026-05-13 15:40:15;33.6
2026-05-13 15:40:30;33.6
2026-05-13 15:40:45;33.6
2026-05-13 15:41:00;33.6
2026-05-13 15:41:15;33.6
2026-05-13 15:41:30;33.6
2026-05-13 15:41:45;33.5
2026-05-13 15:42:00;33.4
2026-05-13 15:42:15;33.4
2026-05-13 15:42:30;33.4
2026-05-13 15:42:50;33.4
2026-05-13 15:43:01;33.4
2026-05-13 15:43:15;33.4
2026-05-13 15:43:30;33.4
2026-05-13 15:43:45;33.4
2026-05-13 15:44:00;33.3
2026-05-13 15:44:15;33.2
2026-05-13 15:44:31;33.2
2026-05-13 15:44:46;33.2
2026-05-13 15:45:01;33.2
2026-05-13 15:45:16;33.2
2026-05-13 15:45:31;33.2
2026-05-13 15:45:46;33.2
2026-05-13 15:46:01;33.1
2026-05-13 15:46:16;33.1
2026-05-13 15:46:31;33.2
2026-05-13 15:46:46;33.2
2026-05-13 15:47:01;33.1
2026-05-13 15:47:16;33.1
2026-05-13 15:47:31;33.1
2026-05-13 15:47:46;33.1
2026-05-13 15:48:04;33.1
2026-05-13 15:48:16;33.0
2026-05-13 15:48:31;33.0
2026-05-13 15:48:46;33.0
2026-05-13 15:49:02;32.9
2026-05-13 15:49:17;32.9
2026-05-13 15:49:34;33.0
2026-05-13 15:49:47;33.0
2026-05-13 15:50:02;32.9
2026-05-13 15:50:17;32.9
2026-05-13 15:50:32;32.9
2026-05-13 15:50:47;32.9
2026-05-13 15:51:02;32.9
2026-05-13 15:51:17;32.9
2026-05-13 15:51:32;32.9
2026-05-13 15:51:47;32.9
2026-05-13 15:52:03;32.8
2026-05-13 15:52:17;32.9
2026-05-13 15:52:33;32.9
2026-05-13 15:52:48;32.9
2026-05-13 15:53:03;32.9
2026-05-13 15:53:18;32.8
2026-05-13 15:53:33;32.8
2026-05-13 15:53:48;32.8
2026-05-13 15:54:03;32.8
2026-05-13 15:54:18;32.7
2026-05-13 15:54:33;32.7
2026-05-13 15:54:48;32.7
2026-05-13 15:55:03;32.7
2026-05-13 15:55:18;32.7
2026-05-13 15:55:33;32.7
2026-05-13 15:55:48;32.7
2026-05-13 15:56:04;32.7
2026-05-13 15:56:19;32.7
2026-05-13 15:56:34;32.7
2026-05-13 15:56:49;32.7
2026-05-13 15:57:04;32.7
2026-05-13 15:57:19;32.6
2026-05-13 15:57:34;32.6
2026-05-13 15:57:51;32.6
2026-05-13 15:58:05;32.7
2026-05-13 15:58:19;32.7
2026-05-13 15:58:34;32.6
2026-05-13 15:58:49;32.6
2026-05-13 15:59:04;32.6
2026-05-13 15:59:19;32.6
2026-05-13 15:59:35;32.6
2026-05-13 15:59:50;32.6
2026-05-13 16:00:05;32.5
2026-05-13 16:00:20;32.5
2026-05-13 16:00:35;32.4
2026-05-13 16:00:50;32.4
2026-05-14 07:46:37;0.0
2026-05-14 07:46:53;0.0
2026-05-14 07:47:08;0.0
2026-05-14 07:47:24;0.0
2026-05-14 07:47:39;0.0
2026-05-14 07:47:55;0.0
2026-05-14 07:48:10;0.0
2026-05-14 08:18:46;28.7
2026-05-14 08:19:03;28.8
2026-05-14 08:19:16;28.8
2026-05-14 08:19:31;28.9
2026-05-14 08:19:46;28.9
2026-05-14 08:20:01;28.9
2026-05-14 08:20:16;28.9
2026-05-14 08:20:31;28.9
2026-05-14 08:20:46;29.0
2026-05-14 08:21:01;29.0
2026-05-14 08:21:17;29.0
2026-05-14 08:21:32;29.1
2026-05-14 08:21:47;29.1
2026-05-14 08:22:02;29.1
2026-05-14 08:22:17;29.1
2026-05-14 08:22:32;29.2
2026-05-14 08:22:47;29.2
2026-05-14 08:23:02;29.2
2026-05-14 08:23:17;29.3
2026-05-14 08:23:32;29.3
2026-05-14 08:23:47;29.3
2026-05-14 08:24:02;29.3
2026-05-14 08:24:17;29.3
2026-05-14 08:24:32;29.3
2026-05-14 08:24:47;29.4
2026-05-14 08:25:02;29.4
2026-05-14 08:25:18;29.4
2026-05-14 08:25:33;29.4
2026-05-14 08:25:48;29.4
2026-05-14 08:26:03;29.4
2026-05-14 08:26:18;29.4
2026-05-14 08:26:33;29.4
2026-05-14 08:26:48;29.4
2026-05-14 08:27:03;29.5
2026-05-14 08:27:19;29.5
2026-05-14 08:27:33;29.5
2026-05-14 08:27:48;29.5
2026-05-14 08:28:03;29.6
2026-05-14 08:28:18;29.6
2026-05-14 08:28:33;29.6
2026-05-14 08:28:48;29.7
2026-05-14 08:29:03;29.6
2026-05-14 08:29:19;29.6
2026-05-14 08:29:33;29.6
2026-05-14 08:29:49;29.7
2026-05-14 08:30:04;29.7
2026-05-14 08:30:19;29.7
2026-05-14 08:30:34;29.7
2026-05-14 08:30:49;29.7
2026-05-14 08:31:04;29.7
2026-05-14 08:31:19;29.6
2026-05-14 08:31:34;29.7
2026-05-14 08:31:49;29.7
2026-05-14 08:32:04;29.7
2026-05-14 08:32:19;29.8
2026-05-14 08:32:34;29.8
2026-05-14 08:32:49;29.8
2026-05-14 08:33:04;29.8
2026-05-14 08:33:19;29.8
2026-05-14 08:33:34;29.8
2026-05-14 08:33:49;29.8
2026-05-14 08:34:04;29.8
2026-05-14 08:34:20;29.8
2026-05-14 08:34:34;29.8
2026-05-14 08:34:50;29.8
2026-05-14 08:35:05;29.8
2026-05-14 08:35:20;29.8
2026-05-14 08:35:35;29.9
2026-05-14 08:35:50;29.9
2026-05-14 08:36:05;29.9
2026-05-14 08:36:20;29.9
2026-05-14 08:36:35;30.0
2026-05-14 08:36:50;30.0
2026-05-14 08:37:05;30.0
2026-05-14 08:37:20;30.0
2026-05-14 08:37:35;30.0
2026-05-14 08:37:51;30.0
2026-05-14 08:38:07;30.0
2026-05-14 08:38:20;30.0
2026-05-14 08:38:35;30.0
2026-05-14 08:38:50;30.0
2026-05-14 08:39:05;30.0
2026-05-14 08:39:20;30.0
2026-05-14 08:39:36;30.1
2026-05-14 08:39:51;30.1
2026-05-14 08:40:06;30.1
2026-05-14 08:40:21;30.1
2026-05-14 08:40:36;30.1
2026-05-14 08:40:51;30.1
2026-05-14 08:41:06;30.1
2026-05-14 08:41:21;30.1
2026-05-14 08:41:36;30.1
2026-05-14 08:41:51;30.1
2026-05-14 08:42:06;30.2
2026-05-14 08:42:21;30.2
2026-05-14 08:42:37;30.2
2026-05-14 08:42:51;30.3
2026-05-14 08:43:06;30.3
2026-05-14 08:43:21;30.3
2026-05-14 08:43:38;30.3
2026-05-14 08:43:51;30.3
2026-05-14 08:44:06;30.4
2026-05-14 08:44:21;30.3
2026-05-14 08:44:36;30.4
2026-05-14 08:44:52;30.4
2026-05-14 08:45:07;30.4
2026-05-14 08:45:22;30.4
2026-05-14 08:45:37;30.5
2026-05-14 08:45:54;30.5
2026-05-14 08:46:07;30.5
2026-05-14 08:46:22;30.6
2026-05-14 08:46:37;30.5
2026-05-14 08:46:52;30.5
2026-05-14 08:47:07;30.5
2026-05-14 08:47:22;30.6
2026-05-14 08:47:37;30.6
2026-05-14 08:47:53;30.6
2026-05-14 08:48:07;30.6
2026-05-14 08:48:22;30.7
2026-05-14 08:48:37;30.7
2026-05-14 08:48:52;30.7
2026-05-14 08:49:07;30.7
2026-05-14 08:49:22;30.8
2026-05-14 08:49:37;30.8
2026-05-14 08:49:53;30.8
2026-05-14 08:50:08;30.8
2026-05-14 08:50:23;30.8
2026-05-14 08:50:38;30.8
2026-05-14 08:50:53;30.8
2026-05-14 08:51:08;30.8
2026-05-14 08:51:23;30.8
2026-05-14 08:51:38;30.8
2026-05-14 08:51:53;30.9
2026-05-14 08:52:08;30.8
2026-05-14 08:52:23;30.8
2026-05-14 08:52:38;30.8
2026-05-14 08:52:54;30.8
2026-05-14 08:53:09;30.8
2026-05-14 08:53:23;30.8
2026-05-14 08:53:38;30.9
2026-05-14 08:53:53;30.9
2026-05-14 08:54:08;30.9
2026-05-14 08:54:23;30.9
2026-05-14 08:54:38;30.9
2026-05-14 08:54:53;31.0
2026-05-14 08:55:09;31.0
2026-05-14 08:55:24;31.0
2026-05-14 08:55:39;31.0
2026-05-14 08:55:54;31.0
2026-05-14 08:56:09;31.1
2026-05-14 08:56:24;31.0
2026-05-14 08:56:39;31.0
2026-05-14 08:56:54;31.1
2026-05-14 08:57:09;31.0
2026-05-14 08:57:24;31.0
2026-05-14 08:57:39;31.0
2026-05-14 08:57:54;31.0
2026-05-14 08:58:09;31.0
2026-05-14 08:58:24;31.0
2026-05-14 08:58:39;30.9
2026-05-14 08:58:54;30.9
2026-05-14 08:59:09;30.9
2026-05-14 08:59:24;30.9
2026-05-14 08:59:39;31.0
2026-05-14 08:59:55;31.0
2026-05-14 09:00:10;31.1
2026-05-14 09:00:25;31.1
2026-05-14 09:00:40;31.1
2026-05-14 09:00:55;31.1
2026-05-14 09:01:10;31.1
2026-05-14 09:01:25;31.1
2026-05-14 09:01:40;31.1
2026-05-14 09:01:55;31.1
2026-05-14 09:02:10;31.2
2026-05-14 09:02:25;31.2
2026-05-14 09:02:40;31.2
2026-05-14 09:02:55;31.2
2026-05-14 09:03:10;31.3
2026-05-14 09:03:26;31.3
2026-05-14 09:03:41;31.2
2026-05-14 09:03:55;31.2
2026-05-14 09:04:10;31.3
2026-05-14 09:04:25;31.3
2026-05-14 09:04:40;31.4
2026-05-14 09:04:55;31.4
2026-05-14 09:05:11;31.4
2026-05-14 09:05:26;31.3
2026-05-14 09:05:41;31.4
2026-05-14 09:05:56;31.4
2026-05-14 09:06:11;31.3
2026-05-14 09:06:26;31.3
2026-05-14 09:06:41;31.3
2026-05-14 09:06:56;31.2
2026-05-14 09:07:11;31.2
2026-05-14 09:07:26;31.2
2026-05-14 09:07:41;31.3
2026-05-14 09:07:56;31.4
2026-05-14 09:08:11;31.4
2026-05-14 09:08:26;31.5
2026-05-14 09:08:41;31.6
2026-05-14 09:08:56;31.6
2026-05-14 09:09:11;31.6
2026-05-14 09:09:27;31.6
2026-05-14 09:09:42;31.6
2026-05-14 09:09:56;31.6
2026-05-14 09:10:11;31.8
2026-05-14 09:10:27;31.7
2026-05-14 09:10:42;31.8
2026-05-14 09:10:57;31.8
2026-05-14 09:11:12;31.8
2026-05-14 09:11:27;31.8
2026-05-14 09:11:42;31.9
2026-05-14 09:11:57;31.9
2026-05-14 09:12:12;31.9
2026-05-14 09:12:27;31.9
2026-05-14 09:12:42;31.9
2026-05-14 09:12:57;31.8
2026-05-14 09:13:12;31.8
2026-05-14 09:13:27;31.9
2026-05-14 09:13:42;31.9
2026-05-14 09:13:57;31.9
2026-05-14 09:14:12;31.9
2026-05-14 09:14:27;32.0
2026-05-14 09:14:42;32.1
2026-05-14 09:14:57;32.1
2026-05-14 09:15:12;32.1
2026-05-14 09:15:28;32.1
2026-05-14 09:15:43;32.2
2026-05-14 09:15:58;32.2
2026-05-14 09:16:13;32.2
2026-05-14 09:16:28;32.3
2026-05-14 09:16:43;32.3
2026-05-14 09:16:58;32.4
2026-05-14 09:17:13;32.4
2026-05-14 09:17:28;32.4
2026-05-14 09:17:43;32.4
2026-05-14 09:17:58;32.4
2026-05-14 09:18:13;32.4
2026-05-14 09:18:28;32.4
2026-05-14 09:18:43;32.4
2026-05-14 09:18:58;32.4
2026-05-14 09:19:13;32.4
2026-05-14 09:19:28;32.4
2026-05-14 09:19:43;32.5
2026-05-14 09:19:58;32.5
2026-05-14 09:20:14;32.5
2026-05-14 09:20:29;32.6
2026-05-14 09:20:44;32.5
2026-05-14 09:21:00;32.5
2026-05-14 09:21:14;32.4
2026-05-14 09:21:29;32.5
2026-05-14 09:21:44;32.5
2026-05-14 09:21:59;32.6
2026-05-14 09:22:14;32.6
2026-05-14 09:22:29;32.6
2026-05-14 09:22:44;32.6
2026-05-14 09:22:59;32.5
2026-05-14 09:23:14;32.6
2026-05-14 09:23:29;32.6
2026-05-14 09:23:44;32.6
2026-05-14 09:23:59;32.7
2026-05-14 09:24:14;32.9
2026-05-14 09:24:29;33.1
2026-05-14 09:24:44;33.3
2026-05-14 09:24:59;33.6
2026-05-14 09:25:14;33.7
2026-05-14 09:25:30;33.9
2026-05-14 09:25:45;34.2
2026-05-14 09:25:59;34.6
2026-05-14 09:26:15;34.9
2026-05-14 09:26:30;35.3
2026-05-14 09:26:45;35.6
2026-05-14 09:27:00;36.0
2026-05-14 09:27:15;36.3
2026-05-14 09:27:30;36.7
2026-05-14 09:27:45;37.2
2026-05-14 09:28:00;37.7
2026-05-14 09:28:15;38.1
2026-05-14 09:28:30;38.3
2026-05-14 09:28:45;38.6
2026-05-14 09:29:00;38.9
2026-05-14 09:29:15;39.2
2026-05-14 09:29:30;39.6
2026-05-14 09:29:45;39.9
2026-05-14 09:30:00;40.1
2026-05-14 09:30:15;40.2
2026-05-14 09:30:31;40.5
2026-05-14 09:30:46;40.7
2026-05-14 09:31:02;40.9
2026-05-14 09:31:17;41.4
2026-05-14 09:31:32;41.7
2026-05-14 09:31:47;42.0
2026-05-14 09:32:03;42.1
2026-05-14 09:32:18;42.7
2026-05-14 09:32:34;43.1
2026-05-14 09:32:49;43.4
2026-05-14 09:33:04;43.6
2026-05-14 09:33:19;43.9
2026-05-14 09:33:35;44.2
2026-05-14 09:33:50;44.4
2026-05-14 09:34:05;44.6
2026-05-14 09:34:21;44.9
2026-05-14 09:34:36;45.3
2026-05-14 09:34:51;45.8
2026-05-14 09:35:07;45.9
2026-05-14 09:35:22;46.1
2026-05-14 09:35:37;46.4
2026-05-14 09:35:52;46.6
2026-05-14 09:36:08;46.6
2026-05-14 09:36:23;46.7
2026-05-14 09:36:38;46.6
2026-05-14 09:36:53;46.6
2026-05-14 09:37:09;46.4
2026-05-14 09:37:24;46.5
2026-05-14 09:37:40;46.6
2026-05-14 09:37:55;46.7
2026-05-14 09:38:10;46.9
2026-05-14 09:38:25;46.8
2026-05-14 09:38:41;46.4
2026-05-14 09:38:57;46.5
2026-05-14 09:39:11;46.6
2026-05-14 09:39:27;46.7
2026-05-14 09:39:42;46.7
2026-05-14 09:39:57;46.7
2026-05-14 09:40:13;46.7
2026-05-14 09:40:28;46.8
2026-05-14 09:40:43;46.9
2026-05-14 09:40:58;47.0
2026-05-14 09:41:14;47.0
2026-05-14 09:41:29;47.1
2026-05-14 09:41:45;47.1
2026-05-14 09:42:00;47.0
2026-05-14 09:42:15;46.9
2026-05-14 09:42:30;46.9
2026-05-14 09:42:46;46.7
2026-05-14 09:43:01;46.7
2026-05-14 09:43:16;46.7
2026-05-14 09:43:31;46.6
2026-05-14 09:43:47;46.3
2026-05-14 09:44:02;46.2
2026-05-14 09:44:18;46.2
2026-05-14 09:44:32;45.9
2026-05-14 09:44:48;45.8
2026-05-14 09:45:03;45.6
2026-05-14 09:45:19;45.5
2026-05-14 09:45:34;45.3
2026-05-14 09:45:49;45.2
2026-05-14 09:46:04;45.1
2026-05-14 09:46:20;45.0
2026-05-14 09:46:35;45.1
2026-05-14 09:46:50;45.1
2026-05-14 09:47:05;45.1
2026-05-14 09:47:21;45.2
2026-05-14 09:47:36;45.3
2026-05-14 09:47:52;45.5
2026-05-14 09:48:07;45.8
2026-05-14 09:48:22;46.0
2026-05-14 09:48:37;46.3
2026-05-14 09:48:53;46.5
2026-05-14 09:49:08;46.7
2026-05-14 09:49:24;46.5
2026-05-14 09:49:39;46.4
2026-05-14 09:49:54;46.7
2026-05-14 09:50:09;46.7
2026-05-14 09:50:25;46.9
2026-05-14 09:50:40;46.9
2026-05-14 09:50:55;46.9
2026-05-14 09:51:10;47.0
2026-05-14 09:51:26;47.1
2026-05-14 09:51:41;46.7
2026-05-14 09:51:57;46.6
2026-05-14 09:52:12;46.5
2026-05-14 09:52:27;46.2
2026-05-14 09:52:42;46.0
2026-05-14 09:52:58;45.6
2026-05-14 09:53:13;45.4
2026-05-14 09:53:28;45.2
2026-05-14 09:53:43;45.1
2026-05-14 09:54:00;44.9
2026-05-14 09:54:14;44.7
2026-05-14 09:54:30;44.8
2026-05-14 09:54:45;44.6
2026-05-14 09:55:00;44.2
2026-05-14 09:55:15;44.0
2026-05-14 09:55:31;43.8
2026-05-14 09:55:46;43.7
2026-05-14 09:56:01;43.6
2026-05-14 09:56:16;43.6
2026-05-14 09:56:32;43.5
2026-05-14 09:56:47;43.4
2026-05-14 09:57:03;43.4
2026-05-14 09:57:18;43.5
2026-05-14 09:57:33;43.4
2026-05-14 09:57:48;43.3
2026-05-14 09:58:04;43.2
2026-05-14 09:58:20;43.1
2026-05-14 09:58:36;43.2
2026-05-14 09:58:51;43.1
2026-05-14 09:59:06;43.0
2026-05-14 09:59:21;43.1
2026-05-14 09:59:37;43.4
2026-05-14 09:59:52;43.7
2026-05-14 10:00:08;44.0
2026-05-14 10:00:23;44.4
2026-05-14 10:00:38;44.6
2026-05-14 10:00:53;45.0
2026-05-14 10:01:09;45.4
2026-05-14 10:01:24;45.6
2026-05-14 10:01:39;46.0
2026-05-14 10:01:55;46.2
2026-05-14 10:02:10;46.4
2026-05-14 10:02:25;46.4
2026-05-14 10:02:41;46.6
2026-05-14 10:02:56;46.7
2026-05-14 10:03:11;46.9
2026-05-14 10:03:27;47.1
2026-05-14 10:03:42;47.4
2026-05-14 10:03:57;47.8
2026-05-14 10:04:13;47.9
2026-05-14 10:04:28;47.9
2026-05-14 10:04:43;47.7
2026-05-14 10:04:59;47.6
2026-05-14 10:05:14;47.6
2026-05-14 10:05:29;47.2
2026-05-14 10:05:44;47.0
2026-05-14 10:06:00;47.0
2026-05-14 10:06:15;47.1
2026-05-14 10:06:31;47.2
2026-05-14 10:06:46;47.3
2026-05-14 10:07:01;47.2
2026-05-14 10:07:16;47.1
2026-05-14 10:07:32;46.9
2026-05-14 10:07:47;46.4
2026-05-14 10:08:02;46.4
2026-05-14 10:08:17;46.3
2026-05-14 10:08:33;45.9
2026-05-14 10:08:48;45.8
2026-05-14 10:09:03;45.5
2026-05-14 10:09:18;45.1
2026-05-14 10:09:34;44.6
2026-05-14 10:09:49;44.2
2026-05-14 10:10:05;44.0
2026-05-14 10:10:20;43.9
2026-05-14 10:10:35;43.9
2026-05-14 10:10:50;43.7
2026-05-14 10:11:06;43.5
2026-05-14 10:11:21;43.4
2026-05-14 10:11:37;43.1
2026-05-14 10:11:52;42.9
2026-05-14 10:12:07;42.6
2026-05-14 10:12:22;42.3
2026-05-14 10:12:38;42.3
2026-05-14 10:12:53;42.2
2026-05-14 10:13:08;41.9
2026-05-14 10:13:23;41.6
2026-05-14 10:13:39;41.2
2026-05-14 10:13:54;40.8
2026-05-14 10:14:10;40.7
2026-05-14 10:14:25;40.5
2026-05-14 10:14:40;40.4
2026-05-14 10:14:55;40.2
2026-05-14 10:15:11;40.1
2026-05-14 10:15:26;40.0
2026-05-14 10:15:42;39.8
2026-05-14 10:15:57;39.7
2026-05-14 10:16:12;39.7
2026-05-14 10:16:30;39.6
2026-05-14 10:16:56;39.4
2026-05-14 10:17:00;39.4
2026-05-14 10:17:15;39.3
2026-05-14 10:17:31;39.4
2026-05-14 10:17:45;39.4
2026-05-14 10:18:00;39.5
2026-05-14 10:18:15;39.6
2026-05-14 10:18:30;39.7
2026-05-14 10:18:45;39.7
2026-05-14 10:19:01;39.7
2026-05-14 10:19:16;39.6
2026-05-14 10:19:31;39.7
2026-05-14 10:19:47;39.7
2026-05-14 10:20:02;39.7
2026-05-14 10:20:17;39.7
2026-05-14 10:20:32;39.7
2026-05-14 10:20:47;39.6
2026-05-14 10:21:02;39.7
2026-05-14 10:21:17;39.8
2026-05-14 10:21:32;39.7
2026-05-14 10:21:47;39.8
2026-05-14 10:22:02;39.8
2026-05-14 10:22:18;39.7
2026-05-14 10:22:33;39.6
2026-05-14 10:22:48;39.4
2026-05-14 10:23:03;39.3
2026-05-14 10:23:18;39.3
2026-05-14 10:23:33;39.2
2026-05-14 10:23:48;39.2
2026-05-14 10:24:03;39.1
2026-05-14 10:24:18;39.1
2026-05-14 10:24:33;39.1
2026-05-14 10:24:48;38.9
2026-05-14 10:25:03;38.9
2026-05-14 10:25:18;38.9
2026-05-14 10:25:33;38.9
2026-05-14 10:25:48;38.9
2026-05-14 10:26:03;39.0
2026-05-14 10:26:18;39.1
2026-05-14 10:26:33;39.2
2026-05-14 10:26:48;39.2
2026-05-14 10:27:03;39.3
2026-05-14 10:27:18;39.3
2026-05-14 10:27:33;39.2
2026-05-14 10:27:48;39.2
2026-05-14 10:28:03;39.3
2026-05-14 10:28:18;39.4
2026-05-14 10:28:33;39.4
2026-05-14 10:28:48;39.4
2026-05-14 10:29:03;39.4
2026-05-14 10:29:18;39.4
2026-05-14 10:29:33;39.4
2026-05-14 10:29:48;39.4
2026-05-14 10:30:03;40.0
2026-05-14 10:30:19;40.6
2026-05-14 10:30:34;41.0
2026-05-14 10:30:49;41.2
2026-05-14 10:31:04;41.4
2026-05-14 10:31:20;41.4
2026-05-14 10:31:35;41.6
2026-05-14 10:31:51;41.7
2026-05-14 10:32:06;41.9
2026-05-14 10:32:21;42.2
2026-05-14 10:32:36;42.2
2026-05-14 10:32:52;41.6
2026-05-14 10:33:07;40.6
2026-05-14 10:33:23;39.5
2026-05-14 10:33:38;39.7
2026-05-14 10:33:53;40.1
2026-05-14 10:34:08;40.6
2026-05-14 10:34:24;41.2
2026-05-14 10:34:39;41.8
2026-05-14 10:34:55;42.4
2026-05-14 10:35:10;43.1
2026-05-14 10:35:25;43.8
2026-05-14 10:35:40;44.2
2026-05-14 10:35:56;44.4
2026-05-14 10:36:11;44.7
2026-05-14 10:36:26;45.2
2026-05-14 10:36:41;45.9
2026-05-14 10:36:57;46.5
2026-05-14 10:37:12;47.1
2026-05-14 10:37:28;47.7
2026-05-14 10:37:43;48.1
2026-05-14 10:37:58;48.6
2026-05-14 10:38:14;49.2
2026-05-14 10:38:29;49.7
2026-05-14 10:38:44;49.8
2026-05-14 10:38:59;49.9
2026-05-14 10:39:14;49.9
2026-05-14 10:39:30;50.1
2026-05-14 10:39:45;50.1
2026-05-14 10:40:00;49.9
2026-05-14 10:40:15;49.8
2026-05-14 10:40:31;49.8
2026-05-14 10:40:46;49.9
2026-05-14 10:41:02;50.2
2026-05-14 10:41:17;50.8
2026-05-14 10:41:32;51.4
2026-05-14 10:41:47;51.5
2026-05-14 10:42:03;51.6
2026-05-14 10:42:18;51.8
2026-05-14 10:42:33;52.1
2026-05-14 10:42:48;52.2
2026-05-14 10:43:04;52.4
2026-05-14 10:43:19;52.4
2026-05-14 10:43:34;52.6
2026-05-14 10:43:49;52.7
2026-05-14 10:44:05;52.9
2026-05-14 10:44:20;53.1
2026-05-14 10:44:35;53.4
2026-05-14 10:44:50;53.5
2026-05-14 10:45:06;53.7
2026-05-14 10:45:21;53.9
2026-05-14 10:45:36;53.9
2026-05-14 10:45:51;54.1
2026-05-14 10:46:07;54.3
2026-05-14 10:46:22;54.2
2026-05-14 10:46:38;54.6
2026-05-14 10:47:36;54.7
2026-05-14 10:47:59;55.4
2026-05-14 10:48:07;55.9
2026-05-14 10:48:23;56.4
2026-05-14 10:48:38;56.6
2026-05-14 10:48:54;56.9
2026-05-14 10:49:10;56.9
2026-05-14 10:49:25;56.7
2026-05-14 10:49:41;56.1
2026-05-14 10:49:56;56.4
2026-05-14 10:50:12;56.9
2026-05-14 10:50:27;57.0
2026-05-14 10:50:43;57.2
2026-05-14 10:50:58;57.2
2026-05-14 10:51:14;57.0
2026-05-14 10:51:29;57.1
2026-05-14 10:51:45;57.5
2026-05-14 10:52:01;57.6
2026-05-14 10:52:17;57.6
2026-05-14 10:52:32;57.9
2026-05-14 10:52:47;58.3
2026-05-14 10:53:03;58.9
2026-05-14 10:53:19;59.1
2026-05-14 10:53:34;59.4
2026-05-14 10:53:50;59.6
2026-05-14 10:54:05;59.2
2026-05-14 10:54:21;59.2
2026-05-14 10:54:36;59.5
2026-05-14 10:54:52;59.7
2026-05-14 10:55:08;60.1
2026-05-14 10:55:23;60.4
2026-05-14 10:55:39;60.6
2026-05-14 10:55:54;60.6
2026-05-14 10:56:10;60.8
2026-05-14 10:56:25;61.0
2026-05-14 10:56:41;61.1
2026-05-14 10:56:56;61.4
2026-05-14 10:57:12;61.5
2026-05-14 10:57:27;61.5
2026-05-14 10:57:43;61.4
2026-05-14 10:57:59;61.4
2026-05-14 10:58:14;61.7
2026-05-14 10:58:30;61.9
2026-05-14 10:58:45;62.0
2026-05-14 10:59:01;62.2
2026-05-14 10:59:16;62.4
2026-05-14 10:59:32;62.1
2026-05-14 10:59:47;62.0
2026-05-14 11:00:03;61.9
2026-05-14 11:00:19;62.1
2026-05-14 11:00:34;62.3
2026-05-14 11:00:49;62.3
2026-05-14 11:01:05;62.5
2026-05-14 11:01:21;62.7
2026-05-14 11:01:36;62.5
2026-05-14 11:01:52;62.6
2026-05-14 11:02:07;62.7
2026-05-14 11:02:23;62.7
2026-05-14 11:02:38;62.7
2026-05-14 11:02:54;62.6
2026-05-14 11:03:10;61.2
2026-05-14 11:03:25;60.0
2026-05-14 11:03:41;59.5
2026-05-14 11:03:56;59.1
2026-05-14 11:04:12;59.1
2026-05-14 11:04:27;59.4
2026-05-14 11:04:43;59.7
2026-05-14 11:05:04;59.7
2026-05-14 11:05:14;59.9
2026-05-14 11:05:29;60.4
2026-05-14 11:05:45;60.6
2026-05-14 11:06:01;60.5
2026-05-14 11:06:16;60.6
2026-05-14 11:06:32;60.8
2026-05-14 11:06:47;61.1
2026-05-14 11:07:03;61.4
2026-05-14 11:07:18;61.8
2026-05-14 11:07:34;61.9
2026-05-14 11:07:49;62.1
2026-05-14 11:08:05;62.1
2026-05-14 11:08:21;62.3
2026-05-14 11:08:36;62.4
2026-05-14 11:08:52;62.8
2026-05-14 11:09:07;62.9
2026-05-14 11:09:23;62.5
2026-05-14 11:09:38;62.1
2026-05-14 11:09:54;61.4
2026-05-14 11:10:09;60.9
2026-05-14 11:10:25;60.3
2026-05-14 11:10:40;60.1
2026-05-14 11:10:56;59.5
2026-05-14 11:11:11;59.1
2026-05-14 11:11:27;58.8
2026-05-14 11:11:43;58.9
2026-05-14 11:11:59;59.2
2026-05-14 11:12:14;59.6
2026-05-14 11:12:29;60.2
2026-05-14 11:12:45;60.5
2026-05-14 11:13:00;60.8
2026-05-14 11:13:16;61.1
2026-05-14 11:13:31;61.5
2026-05-14 11:13:47;61.6
2026-05-14 11:14:02;61.4
2026-05-14 11:14:18;61.4
2026-05-14 11:14:34;61.2
2026-05-14 11:14:49;60.9
2026-05-14 11:15:05;60.8
2026-05-14 11:15:20;60.1
2026-05-14 11:15:36;59.1
2026-05-14 11:15:51;59.2
2026-05-14 11:16:07;59.0
2026-05-14 11:16:22;58.6
2026-05-14 11:16:38;58.0
2026-05-14 11:16:54;57.2
2026-05-14 11:17:09;57.0
2026-05-14 11:17:25;56.6
2026-05-14 11:17:40;55.9
2026-05-14 11:17:56;55.4
2026-05-14 11:18:11;54.7
2026-05-14 11:18:27;53.9
2026-05-14 11:18:42;53.2
2026-05-14 11:18:57;52.8
2026-05-14 11:19:12;52.6
2026-05-14 11:19:28;52.7
2026-05-14 11:19:43;53.1
2026-05-14 11:19:58;53.4
2026-05-14 11:20:13;53.4
2026-05-14 11:20:29;53.3
2026-05-14 11:20:44;53.0
2026-05-14 11:20:59;52.4
2026-05-14 11:21:14;52.1
2026-05-14 11:21:30;52.4
2026-05-14 11:21:45;52.3
2026-05-14 11:22:00;52.5
2026-05-14 11:22:16;52.4
2026-05-14 11:22:31;52.7
2026-05-14 11:22:46;52.9
2026-05-14 11:23:01;53.0
2026-05-14 11:23:16;53.3
2026-05-14 11:23:32;53.6
2026-05-14 11:23:47;53.9
2026-05-14 11:24:02;54.1
2026-05-14 11:24:17;54.2
2026-05-14 11:24:33;54.4
2026-05-14 11:24:48;54.4
2026-05-14 11:25:03;54.6
2026-05-14 11:25:18;55.0
2026-05-14 11:25:34;55.3
2026-05-14 11:25:50;55.7
2026-05-14 11:26:05;55.8
2026-05-14 11:26:21;56.1
2026-05-14 11:26:36;56.2
2026-05-14 11:26:52;56.2
2026-05-14 11:27:08;55.9
2026-05-14 11:27:23;55.9
2026-05-14 11:27:39;55.5
2026-05-14 11:27:54;55.0
2026-05-14 11:28:10;54.4
2026-05-14 11:28:27;54.5
2026-05-14 11:28:41;54.6
2026-05-14 11:28:56;54.2
2026-05-14 11:29:11;53.7
2026-05-14 11:29:26;52.8
2026-05-14 11:29:42;52.6
2026-05-14 11:29:57;53.0
2026-05-14 11:30:12;53.6
2026-05-14 11:30:27;54.1
2026-05-14 11:30:43;54.2
2026-05-14 11:30:58;53.9
2026-05-14 11:31:13;53.7
2026-05-14 11:31:28;53.9
2026-05-14 11:31:44;53.8
2026-05-14 11:31:59;53.7
2026-05-14 11:32:14;53.7
2026-05-14 11:32:29;53.9
2026-05-14 11:32:45;53.9
2026-05-14 11:33:00;53.5
2026-05-14 11:33:15;53.4
2026-05-14 11:33:30;53.3
2026-05-14 11:33:46;53.1
2026-05-14 11:34:01;53.2
2026-05-14 11:34:16;53.6
2026-05-14 11:34:31;53.7
2026-05-14 11:34:47;53.1
2026-05-14 11:35:02;52.8
2026-05-14 11:35:17;52.6
2026-05-14 11:35:32;52.7
2026-05-14 11:35:48;52.2
2026-05-14 11:36:03;52.0
2026-05-14 11:36:19;51.7
2026-05-14 11:36:33;51.3
2026-05-14 11:36:49;51.1
2026-05-14 11:37:04;50.9
2026-05-14 11:37:20;50.7
2026-05-14 11:37:35;50.1
2026-05-14 11:37:50;49.5
2026-05-14 11:38:05;48.9
2026-05-14 11:38:21;48.5
2026-05-14 11:38:36;48.3
2026-05-14 11:38:51;48.2
2026-05-14 11:39:06;48.1
2026-05-14 11:39:22;47.8
2026-05-14 11:39:37;47.4
2026-05-14 11:39:52;47.1
2026-05-14 11:40:07;46.9
2026-05-14 11:40:23;47.0
2026-05-14 11:40:38;47.1
2026-05-14 11:40:53;47.2
2026-05-14 11:41:08;47.2
2026-05-14 11:41:24;46.9
2026-05-14 11:41:39;46.6
2026-05-14 11:41:55;46.2
2026-05-14 11:42:10;46.1
2026-05-14 11:42:25;46.0
2026-05-14 11:42:40;46.1
2026-05-14 11:42:56;46.1
2026-05-14 11:43:11;46.1
2026-05-14 11:43:26;45.8
2026-05-14 11:43:41;45.7
2026-05-14 11:43:57;46.0
2026-05-14 11:44:12;45.9
2026-05-14 11:44:28;45.9
2026-05-14 11:44:43;46.3
2026-05-14 11:44:58;46.9
2026-05-14 11:45:13;47.3
2026-05-14 11:45:29;47.9
2026-05-14 11:45:44;48.4
2026-05-14 11:45:59;48.8
2026-05-14 11:46:14;48.9
2026-05-14 11:46:30;48.8
2026-05-14 11:46:45;48.7
2026-05-14 11:47:01;48.6
2026-05-14 11:47:15;48.8
2026-05-14 11:47:31;49.0
2026-05-14 11:47:46;49.0
2026-05-14 11:48:02;49.6
2026-05-14 11:48:17;50.1
2026-05-14 11:48:32;50.8
2026-05-14 11:48:47;50.9
2026-05-14 11:49:03;51.6
2026-05-14 11:49:18;51.9
2026-05-14 11:49:33;51.9
2026-05-14 11:49:49;52.2
2026-05-14 11:50:04;52.6
2026-05-14 11:50:19;52.7
2026-05-14 11:50:34;52.7
2026-05-14 11:50:49;53.1
2026-05-14 11:51:05;53.1
2026-05-14 11:51:20;53.3
2026-05-14 11:51:35;53.3
2026-05-14 11:51:50;53.8
2026-05-14 11:52:06;54.1
2026-05-14 11:52:21;53.8
2026-05-14 11:52:36;53.7
2026-05-14 11:52:51;53.9
2026-05-14 11:53:07;54.1
2026-05-14 11:53:22;54.1
2026-05-14 11:53:37;54.2
2026-05-14 11:53:53;54.4
2026-05-14 11:54:08;54.9
2026-05-14 11:54:23;55.4
2026-05-14 11:54:38;56.0
2026-05-14 11:54:54;56.6
2026-05-14 11:55:09;57.1
2026-05-14 11:55:25;57.7
2026-05-14 11:55:41;57.7
2026-05-14 11:55:56;58.0
2026-05-14 11:56:12;57.4
2026-05-14 11:56:27;56.7
2026-05-14 11:56:43;56.3
2026-05-14 11:56:59;56.2
2026-05-14 11:57:14;56.2
2026-05-14 11:57:30;56.7
2026-05-14 11:57:45;57.0
2026-05-14 11:58:01;57.2
2026-05-14 11:58:32;57.1
2026-05-14 11:58:48;57.1
2026-05-14 11:59:03;57.3
2026-05-14 11:59:19;57.6
2026-05-14 11:59:34;58.3
2026-05-14 11:59:50;58.5
2026-05-14 12:00:05;58.9
2026-05-14 12:00:21;59.2
2026-05-14 12:00:36;59.2
2026-05-14 12:00:52;59.3
2026-05-14 12:01:08;59.4
2026-05-14 12:01:23;59.4
2026-05-14 12:01:39;59.2
2026-05-14 12:01:54;59.1
2026-05-14 12:02:10;59.2
2026-05-14 12:02:25;59.3
2026-05-14 12:02:41;59.6
2026-05-14 12:02:57;59.7
2026-05-14 12:03:12;59.9
2026-05-14 12:03:28;59.7
2026-05-14 12:03:43;58.9
2026-05-14 12:03:59;58.0
2026-05-14 12:04:15;58.1
2026-05-14 12:04:30;58.0
2026-05-14 12:04:46;57.2
2026-05-14 12:05:01;56.2
2026-05-14 12:05:17;55.6
2026-05-14 12:05:33;54.7
2026-05-14 12:05:48;53.9
2026-05-14 12:06:04;53.7
2026-05-14 12:06:19;53.2
2026-05-14 12:06:34;52.7
2026-05-14 12:06:49;52.3
2026-05-14 12:07:04;52.1
2026-05-14 12:07:20;52.2
2026-05-14 12:07:35;52.2
2026-05-14 12:07:50;52.3
2026-05-14 12:08:05;52.4
2026-05-14 12:08:21;52.6
2026-05-14 12:08:36;52.8
2026-05-14 12:08:51;52.8
2026-05-14 12:09:06;52.7
2026-05-14 12:09:22;52.9
2026-05-14 12:09:37;52.4
2026-05-14 12:09:52;51.7
2026-05-14 12:10:08;51.6
2026-05-14 12:10:23;51.2
2026-05-14 12:10:38;51.1
2026-05-14 12:10:53;50.7
2026-05-14 12:11:08;50.4
2026-05-14 12:11:24;50.1
2026-05-14 12:11:39;49.9
2026-05-14 12:11:55;49.7
2026-05-14 12:12:10;49.1
2026-05-14 12:12:25;48.6
2026-05-14 12:12:40;48.3
2026-05-14 12:12:56;48.1
2026-05-14 12:13:11;47.8
2026-05-14 12:13:26;47.5
2026-05-14 12:13:42;47.3
2026-05-14 12:13:57;47.4
2026-05-14 12:14:12;47.4
2026-05-14 12:14:27;47.3
2026-05-14 12:14:42;46.7
2026-05-14 12:14:58;45.9
2026-05-14 12:15:13;45.8
2026-05-14 12:15:29;45.8
2026-05-14 12:15:44;45.5
2026-05-14 12:15:59;45.6
2026-05-14 12:16:14;45.6
2026-05-14 12:16:30;45.3
2026-05-14 12:16:45;44.9
2026-05-14 12:17:00;44.7
2026-05-14 12:17:15;44.6
2026-05-14 12:17:31;44.6
2026-05-14 12:17:46;44.7
2026-05-14 12:18:02;45.1
2026-05-14 12:18:17;45.8
2026-05-14 12:18:32;46.6
2026-05-14 12:18:47;47.1
2026-05-14 12:19:03;47.9
2026-05-14 12:19:18;48.5
2026-05-14 12:19:33;49.0
2026-05-14 12:19:48;49.2
2026-05-14 12:20:04;49.1
2026-05-14 12:20:19;49.2
2026-05-14 12:20:35;49.8
2026-05-14 12:20:49;50.5
2026-05-14 12:21:05;50.4
2026-05-14 12:21:20;50.1
2026-05-14 12:21:36;49.9
2026-05-14 12:21:51;49.7
2026-05-14 12:22:06;49.9
2026-05-14 12:22:21;50.0
2026-05-14 12:22:37;50.1
2026-05-14 12:22:52;50.1
2026-05-14 12:23:07;50.2
2026-05-14 12:23:22;50.2
2026-05-14 12:23:38;50.2
2026-05-14 12:23:53;50.1
2026-05-14 12:24:08;50.1
2026-05-14 12:24:24;50.0
2026-05-14 12:24:39;49.9
2026-05-14 12:24:54;49.6
2026-05-14 12:25:09;49.6
2026-05-14 12:25:24;49.6
2026-05-14 12:25:40;49.2
2026-05-14 12:25:55;48.7
2026-05-14 12:26:11;47.9
2026-05-14 12:26:26;47.1
2026-05-14 12:26:41;46.3
2026-05-14 12:26:56;45.6
2026-05-14 12:27:12;45.2
2026-05-14 12:27:27;44.9
2026-05-14 12:27:42;44.7
2026-05-14 12:27:57;44.6
2026-05-14 12:28:13;44.5
2026-05-14 12:28:28;44.5
2026-05-14 12:28:44;44.4
2026-05-14 12:28:59;44.4
2026-05-14 12:29:14;44.2
2026-05-14 12:29:29;44.1
2026-05-14 12:29:45;43.9
2026-05-14 12:30:00;43.8
2026-05-14 12:30:15;43.4
2026-05-14 12:30:30;43.3
2026-05-14 12:30:46;43.1
2026-05-14 12:31:01;42.9
2026-05-14 12:31:17;42.7
2026-05-14 12:31:32;42.7
2026-05-14 12:31:47;42.8
2026-05-14 12:32:02;42.9
2026-05-14 12:32:18;43.0
2026-05-14 12:32:33;43.0
2026-05-14 12:32:49;43.1
2026-05-14 12:33:04;43.1
2026-05-14 12:33:19;43.1
2026-05-14 12:33:34;43.0
2026-05-14 12:33:50;42.8
2026-05-14 12:34:05;42.7
2026-05-14 12:34:20;42.6
2026-05-14 12:34:35;42.4
2026-05-14 12:34:51;42.2
2026-05-14 12:35:06;42.0
2026-05-14 12:35:22;41.7
2026-05-14 12:35:37;41.6
2026-05-14 12:35:52;41.5
2026-05-14 12:36:07;41.5
2026-05-14 12:36:23;41.5
2026-05-14 12:36:38;41.4
2026-05-14 12:36:54;41.3
2026-05-14 12:37:09;41.3
2026-05-14 12:37:24;41.4
2026-05-14 12:37:39;41.4
2026-05-14 12:37:55;41.6
2026-05-14 12:38:10;41.6
2026-05-14 12:38:26;41.7
2026-05-14 12:38:41;41.8
2026-05-14 12:38:56;41.8
2026-05-14 12:39:11;41.7
2026-05-14 12:39:27;41.7
2026-05-14 12:39:42;41.7
2026-05-14 12:39:58;41.6
2026-05-14 12:40:13;41.6
2026-05-14 12:40:28;41.6
2026-05-14 12:40:43;41.6
2026-05-14 12:41:01;41.6
2026-05-14 12:41:14;41.6
2026-05-14 12:41:30;41.5
2026-05-14 12:41:45;41.5
2026-05-14 12:42:00;41.5
2026-05-14 12:42:15;41.5
2026-05-14 12:42:31;41.4
2026-05-14 12:42:46;41.4
2026-05-14 12:43:01;41.5
2026-05-14 12:43:16;41.4
2026-05-14 12:43:32;41.3
2026-05-14 12:43:47;41.2
2026-05-14 12:44:03;41.1
2026-05-14 12:44:18;40.9
2026-05-14 12:44:33;40.9
2026-05-14 12:44:48;40.8
2026-05-14 12:45:04;40.8
2026-05-14 12:45:19;40.9
2026-05-14 12:45:35;40.9
2026-05-14 12:45:50;41.0
2026-05-14 12:46:05;40.9
2026-05-14 12:46:20;40.9
2026-05-14 12:46:36;40.8
2026-05-14 12:46:51;40.8
2026-05-14 12:47:07;40.6
2026-05-14 12:47:22;40.4
2026-05-14 12:47:37;40.6
2026-05-14 12:47:52;40.7
2026-05-14 12:48:08;40.7
2026-05-14 12:48:23;40.7
2026-05-14 12:48:39;40.8
2026-05-14 12:48:54;40.6
2026-05-14 12:49:09;40.6
2026-05-14 12:49:24;40.7
2026-05-14 12:49:40;40.8
2026-05-14 12:49:55;40.8
2026-05-14 12:50:11;40.9
2026-05-14 12:50:26;40.9
2026-05-14 12:50:41;40.9
2026-05-14 12:50:56;40.9
2026-05-14 12:51:12;40.8
2026-05-14 12:51:27;40.8
2026-05-14 12:51:42;40.9
2026-05-14 12:51:57;40.9
2026-05-14 12:52:13;40.9
2026-05-14 12:52:28;40.9
2026-05-14 12:52:44;40.9
2026-05-14 12:52:59;40.9
2026-05-14 12:53:14;40.8
2026-05-14 12:53:29;40.9
2026-05-14 12:53:45;40.9
2026-05-14 12:54:00;40.9
2026-05-14 12:54:16;40.8
2026-05-14 12:54:31;40.7
2026-05-14 12:54:46;40.3
2026-05-14 12:55:01;40.1
2026-05-14 12:55:17;39.7
2026-05-14 12:55:32;39.5
2026-05-14 12:55:47;39.2
2026-05-14 12:56:02;39.2
2026-05-14 12:56:17;39.1
2026-05-14 12:56:32;39.0
2026-05-14 12:56:47;38.8
2026-05-14 12:57:02;38.6
2026-05-14 12:57:17;38.6
2026-05-14 12:57:32;38.6
2026-05-14 12:57:47;38.6
2026-05-14 12:58:02;38.4
2026-05-14 12:58:17;38.6
2026-05-14 12:58:32;38.7
2026-05-14 12:58:47;38.7
2026-05-14 12:59:02;38.9
2026-05-14 12:59:17;38.9
2026-05-14 12:59:32;39.0
2026-05-14 12:59:47;39.1
2026-05-14 13:00:02;39.3
2026-05-14 13:00:17;39.4
2026-05-14 13:00:33;39.5
2026-05-14 13:00:48;39.6
2026-05-14 13:01:03;39.7
2026-05-14 13:01:19;39.7
2026-05-14 13:01:34;39.8
2026-05-14 13:01:49;39.9
2026-05-14 13:02:05;40.1
2026-05-14 13:02:20;40.2
2026-05-14 13:02:35;40.3
2026-05-14 13:02:50;40.4
2026-05-14 13:03:06;40.6
2026-05-14 13:03:21;40.8
2026-05-14 13:03:37;40.9
2026-05-14 13:03:52;40.9
2026-05-14 13:04:07;40.8
2026-05-14 13:04:22;40.9
2026-05-14 13:04:38;40.8
2026-05-14 13:04:53;41.1
2026-05-14 13:05:09;41.4
2026-05-14 13:05:24;41.7
2026-05-14 13:05:39;42.1
2026-05-14 13:05:54;42.7
2026-05-14 13:06:10;43.2
2026-05-14 13:06:25;43.6
2026-05-14 13:06:41;44.1
2026-05-14 13:06:56;44.6
2026-05-14 13:07:11;44.9
2026-05-14 13:07:26;45.2
2026-05-14 13:07:42;45.7
2026-05-14 13:07:57;46.1
2026-05-14 13:08:12;46.4
2026-05-14 13:08:27;46.8
2026-05-14 13:08:43;47.3
2026-05-14 13:08:59;47.6
2026-05-14 13:09:14;47.9
2026-05-14 13:09:29;48.0
2026-05-14 13:09:44;48.0
2026-05-14 13:10:00;48.1
2026-05-14 13:10:15;48.3
2026-05-14 13:10:30;48.7
2026-05-14 13:10:45;49.4
2026-05-14 13:11:01;49.9
2026-05-14 13:11:16;50.2
2026-05-14 13:11:31;50.4
2026-05-14 13:11:46;50.7
2026-05-14 13:12:02;50.9
2026-05-14 13:12:17;50.9
2026-05-14 13:12:32;50.8
2026-05-14 13:12:47;50.7
2026-05-14 13:13:03;50.5
2026-05-14 13:13:18;50.2
2026-05-14 13:13:34;50.0
2026-05-14 13:13:49;49.9
2026-05-14 13:14:04;49.7
2026-05-14 13:14:19;49.4
2026-05-14 13:14:35;48.8
2026-05-14 13:14:50;48.3
2026-05-14 13:15:05;47.7
2026-05-14 13:15:20;47.3
2026-05-14 13:15:36;46.9
2026-05-14 13:15:51;46.6
2026-05-14 13:16:06;46.5
2026-05-14 13:16:21;46.4
2026-05-14 13:16:37;46.4
2026-05-14 13:16:52;46.2
2026-05-14 13:17:08;45.8
2026-05-14 13:17:23;45.1
2026-05-14 13:17:38;44.7
2026-05-14 13:17:53;44.7
2026-05-14 13:18:09;44.7
2026-05-14 13:18:24;44.6
2026-05-14 13:18:55;44.1
2026-05-14 13:19:10;43.9
2026-05-14 13:19:25;43.7
2026-05-14 13:19:41;43.6
2026-05-14 13:19:56;43.4
2026-05-14 13:20:11;43.3
2026-05-14 13:20:26;43.3
2026-05-14 13:20:45;43.3
2026-05-14 13:20:58;43.2
2026-05-14 13:21:13;43.0
2026-05-14 13:21:28;42.8
2026-05-14 13:21:43;42.4
2026-05-14 13:21:58;42.2
2026-05-14 13:22:14;42.0
2026-05-14 13:22:29;41.7
2026-05-14 13:22:45;41.6
2026-05-14 13:23:00;41.4
2026-05-14 13:23:15;41.3
2026-05-14 13:23:30;41.2
2026-05-14 13:23:46;41.0
2026-05-14 13:24:01;40.9
2026-05-14 13:24:16;40.9
2026-05-14 13:24:32;40.8
2026-05-14 13:24:47;40.6
2026-05-14 13:25:02;40.4
2026-05-14 13:25:18;40.2
2026-05-14 13:25:33;40.1
2026-05-14 13:25:48;40.0
2026-05-14 13:26:03;39.9
2026-05-14 13:26:19;39.7
2026-05-14 13:26:34;39.5
2026-05-14 13:26:49;39.3
2026-05-14 13:27:04;39.1
2026-05-14 13:27:19;38.9
2026-05-14 13:27:34;38.9
2026-05-14 13:27:49;38.8
2026-05-14 13:28:04;38.7
2026-05-14 13:28:20;38.7
2026-05-14 13:28:34;38.7
2026-05-14 13:28:49;38.6
2026-05-14 13:29:04;38.4
2026-05-14 13:29:19;38.3
2026-05-14 13:29:35;38.0
2026-05-14 13:29:49;37.6
2026-05-14 13:30:04;37.3
2026-05-14 13:30:19;37.2
2026-05-14 13:30:34;37.1
2026-05-14 13:30:49;36.8
2026-05-14 13:31:04;36.8
2026-05-14 13:31:19;36.7
2026-05-14 13:31:34;36.6
2026-05-14 13:31:50;36.4
2026-05-14 13:32:04;36.4
2026-05-14 13:32:19;36.2
2026-05-14 13:32:34;36.1
2026-05-14 13:32:49;36.2
2026-05-14 13:33:04;36.2
2026-05-14 13:33:19;36.1
2026-05-14 13:33:34;36.1
2026-05-14 13:33:49;35.9
2026-05-14 13:34:04;35.7
2026-05-14 13:34:19;35.6
2026-05-14 13:34:34;35.6
2026-05-14 13:34:49;35.6
2026-05-14 13:35:04;35.4
2026-05-14 13:35:19;35.4
2026-05-14 13:35:34;35.6
2026-05-14 13:35:50;35.6
2026-05-14 13:36:04;35.6
2026-05-14 13:36:20;35.7
2026-05-14 13:36:35;35.7
2026-05-14 13:36:50;35.7
2026-05-14 13:37:05;35.7
2026-05-14 13:37:20;35.7
2026-05-14 13:37:35;35.7
2026-05-14 13:37:50;35.7
2026-05-14 13:38:05;35.8
2026-05-14 13:38:20;35.8
2026-05-14 13:38:35;35.8
2026-05-14 13:38:50;35.8
2026-05-14 13:39:05;35.8
2026-05-14 13:39:20;35.8
2026-05-14 13:39:35;35.7
2026-05-14 13:39:56;35.7
2026-05-14 13:40:07;35.6
2026-05-14 13:40:20;35.6
2026-05-14 13:40:35;35.7
2026-05-14 13:40:50;35.7
2026-05-14 13:41:05;35.7
2026-05-14 13:41:20;35.7
2026-05-14 13:41:35;35.6
2026-05-14 13:41:50;35.5
2026-05-14 13:42:05;35.5
2026-05-14 13:42:20;35.4
2026-05-14 13:42:35;35.4
2026-05-14 13:42:50;35.4
2026-05-14 13:43:05;35.4
2026-05-14 13:43:21;35.3
2026-05-14 13:43:35;35.2
2026-05-14 13:43:50;35.1
2026-05-14 13:44:05;35.2
2026-05-14 13:44:20;35.2
2026-05-14 13:44:35;35.2
2026-05-14 13:44:51;35.1
2026-05-14 13:45:05;35.1
2026-05-14 13:45:21;35.2
2026-05-14 13:45:35;35.1
2026-05-14 13:45:50;35.1
2026-05-14 13:46:05;35.1
2026-05-14 13:46:21;35.1
2026-05-14 13:46:36;35.1
2026-05-14 13:46:51;35.1
2026-05-14 13:47:06;35.1
2026-05-14 13:47:21;35.1
2026-05-14 13:47:36;35.1
2026-05-14 13:47:51;35.1
2026-05-14 13:48:06;35.1
2026-05-14 13:48:21;35.1
2026-05-14 13:48:36;35.1
2026-05-14 13:48:51;35.1
2026-05-14 13:49:06;35.1
2026-05-14 13:49:21;35.1
2026-05-14 13:49:36;35.1
2026-05-14 13:49:51;35.1
2026-05-14 13:50:06;35.1
2026-05-14 13:50:21;35.1
2026-05-14 13:50:36;35.1
2026-05-14 13:50:51;35.1
2026-05-14 13:51:06;35.1
2026-05-14 13:51:21;35.0
2026-05-14 13:51:36;34.9
2026-05-14 13:51:51;34.9
2026-05-14 13:52:06;34.9
2026-05-14 13:52:21;34.9
2026-05-14 13:52:36;34.8
2026-05-14 13:52:51;34.8
2026-05-14 13:53:06;34.7
2026-05-14 13:53:21;34.7
2026-05-14 13:53:36;34.7
2026-05-14 13:53:51;34.7
2026-05-14 13:54:06;34.7
2026-05-14 13:54:21;34.8
2026-05-14 13:54:36;34.8
2026-05-14 13:54:51;34.8
2026-05-14 13:55:06;34.9
2026-05-14 13:55:22;34.9
2026-05-14 13:55:37;34.8
2026-05-14 13:55:52;34.7
2026-05-14 13:56:07;34.7
2026-05-14 13:56:22;34.7
2026-05-14 13:56:37;34.7
2026-05-14 13:56:52;34.8
2026-05-14 13:57:07;34.7
2026-05-14 13:57:22;34.7
2026-05-14 13:57:37;34.6
2026-05-14 13:57:52;34.6
2026-05-14 13:58:07;34.6
2026-05-14 13:58:37;34.6
2026-05-14 13:58:53;34.6
2026-05-14 13:59:08;34.7
2026-05-14 13:59:23;34.7
2026-05-14 13:59:38;34.8
2026-05-14 13:59:53;34.8
2026-05-14 14:00:08;34.9
2026-05-14 14:00:23;34.9
2026-05-14 14:00:38;34.9
2026-05-14 14:00:53;35.0
2026-05-14 14:01:08;35.0
2026-05-14 14:01:23;35.0
2026-05-14 14:01:38;35.0
2026-05-14 14:01:53;35.1
2026-05-14 14:02:08;35.1
2026-05-14 14:02:23;35.2
2026-05-14 14:02:38;35.2
2026-05-14 14:02:53;35.2
2026-05-14 14:03:08;35.2
2026-05-14 14:03:23;35.3
2026-05-14 14:03:38;35.3
2026-05-14 14:03:53;35.4
2026-05-14 14:04:08;35.4
2026-05-14 14:04:23;35.4
2026-05-14 14:04:38;35.5
2026-05-14 14:04:53;35.6
2026-05-14 14:05:08;35.6
2026-05-14 14:05:23;35.7
2026-05-14 14:05:39;35.7
2026-05-14 14:05:53;35.7
2026-05-14 14:06:08;35.7
2026-05-14 14:06:23;35.7
2026-05-14 14:06:38;35.9
2026-05-14 14:06:53;35.8
2026-05-14 14:07:08;35.9
2026-05-14 14:07:23;36.0
2026-05-14 14:07:38;36.1
2026-05-14 14:07:54;36.3
2026-05-14 14:08:08;36.6
2026-05-14 14:08:24;36.9
2026-05-14 14:08:38;37.2
2026-05-14 14:08:53;37.6
2026-05-14 14:09:08;37.8
2026-05-14 14:09:23;38.2
2026-05-14 14:09:38;38.3
2026-05-14 14:09:53;38.3
2026-05-14 14:10:08;38.3
2026-05-14 14:10:23;38.2
2026-05-14 14:10:39;38.4
2026-05-14 14:10:53;38.4
2026-05-14 14:11:08;38.4
2026-05-14 14:11:23;38.2
2026-05-14 14:11:38;38.2
2026-05-14 14:11:54;38.3
2026-05-14 14:12:08;38.4
2026-05-14 14:12:23;38.3
2026-05-14 14:12:41;38.4
2026-05-14 14:12:54;38.4
2026-05-14 14:13:09;38.4
2026-05-14 14:13:23;38.3
2026-05-14 14:13:38;38.2
2026-05-14 14:13:53;38.2
2026-05-14 14:14:09;38.2
2026-05-14 14:14:23;38.2
2026-05-14 14:14:39;38.2
2026-05-14 14:14:56;38.2
2026-05-14 14:15:09;38.1
2026-05-14 14:15:24;37.9
2026-05-14 14:15:54;37.6
2026-05-14 14:16:31;37.5
2026-05-14 14:16:32;37.4
2026-05-14 14:16:39;37.3
2026-05-14 14:16:54;37.4
2026-05-14 14:17:09;37.4
2026-05-14 14:17:24;37.2
2026-05-14 14:17:39;37.1
2026-05-14 14:17:54;37.1
2026-05-14 14:18:09;37.2
2026-05-14 14:18:24;37.3
2026-05-14 14:18:39;37.2
2026-05-14 14:18:54;37.2
2026-05-14 14:19:09;37.2
2026-05-14 14:19:24;37.1
2026-05-14 14:19:39;37.1
2026-05-14 14:19:54;37.1
2026-05-14 14:20:09;37.1
2026-05-14 14:20:24;37.1
2026-05-14 14:20:39;37.1
2026-05-14 14:20:54;37.1
2026-05-14 14:21:09;37.1
2026-05-14 14:21:24;37.1
2026-05-14 14:21:39;37.0
2026-05-14 14:21:54;36.9
2026-05-14 14:22:09;36.9
2026-05-14 14:22:24;37.0
2026-05-14 14:22:39;37.1
2026-05-14 14:22:54;37.2
2026-05-14 14:23:09;37.2
2026-05-14 14:23:24;37.3
2026-05-14 14:23:39;37.5
2026-05-14 14:23:54;37.7
2026-05-14 14:24:09;37.8
2026-05-14 14:24:24;37.7
2026-05-14 14:24:39;37.7
2026-05-14 14:24:54;37.7
2026-05-14 14:25:09;37.9
2026-05-14 14:25:24;38.0
2026-05-14 14:25:39;38.1
2026-05-14 14:25:54;38.2
2026-05-14 14:26:09;38.4
2026-05-14 14:26:24;38.3
2026-05-14 14:26:39;38.2
2026-05-14 14:26:54;38.1
2026-05-14 14:27:09;38.1
2026-05-14 14:27:24;38.1
2026-05-14 14:27:39;37.9
2026-05-14 14:27:57;37.9
2026-05-14 14:28:09;37.9
2026-05-14 14:36:05;38.3
2026-05-14 14:36:06;38.4
2026-05-14 14:36:18;38.6
2026-05-14 14:36:33;38.6
2026-05-14 14:36:48;38.6
2026-05-14 14:37:03;38.4
2026-05-14 14:37:18;38.3
2026-05-14 14:37:33;38.3
2026-05-14 14:37:48;38.3
2026-05-14 14:38:03;38.4
2026-05-14 14:38:18;38.3
2026-05-14 14:38:33;38.4
2026-05-14 14:38:48;38.4
2026-05-14 14:39:03;38.4
2026-05-14 14:39:18;38.4
2026-05-14 14:39:33;38.3
2026-05-14 14:39:48;38.4
2026-05-14 14:40:05;38.4
2026-05-14 14:40:18;38.2
2026-05-14 14:40:33;38.2
2026-05-14 14:40:48;38.1
2026-05-14 14:41:03;38.1
2026-05-14 14:41:18;38.2
2026-05-14 14:41:33;38.1
2026-05-14 14:41:48;38.0
2026-05-14 14:42:03;37.9
2026-05-14 14:42:18;38.0
2026-05-14 14:42:33;38.1
2026-05-14 14:42:48;38.1
2026-05-14 14:43:03;38.1
2026-05-14 14:43:18;38.2
2026-05-14 14:43:33;38.2
2026-05-14 14:43:48;38.2
2026-05-14 14:44:03;38.1
2026-05-14 14:44:18;38.2
2026-05-14 14:44:33;38.4
2026-05-14 14:44:49;38.6
2026-05-14 14:45:03;38.6
2026-05-14 14:45:18;38.7
2026-05-14 14:45:33;38.7
2026-05-14 14:45:48;38.8
2026-05-14 14:46:03;38.9
2026-05-14 14:46:18;39.1
2026-05-14 14:46:33;39.4
2026-05-14 14:46:49;39.7
2026-05-14 14:47:04;40.0
2026-05-14 14:47:19;40.4
2026-05-14 14:47:34;40.8
2026-05-14 14:47:50;41.1
2026-05-14 14:48:05;41.4
2026-05-14 14:48:21;41.6
2026-05-14 14:48:36;41.6
2026-05-14 14:48:51;41.7
2026-05-14 14:49:06;41.9
2026-05-14 14:49:22;41.5
2026-05-14 14:49:37;41.3
2026-05-14 14:49:53;41.3
2026-05-14 14:50:08;41.7
2026-05-14 14:50:23;41.9
2026-05-14 14:50:38;42.1
2026-05-14 14:50:54;42.2
2026-05-14 14:51:09;42.3
2026-05-14 14:51:25;42.6
2026-05-14 14:51:40;43.0
2026-05-14 14:51:55;43.4
2026-05-14 14:52:10;43.6
2026-05-14 14:52:26;43.9
2026-05-14 14:52:41;44.1
2026-05-14 14:52:56;44.4
2026-05-14 14:53:11;44.6
2026-05-14 14:53:27;44.9
2026-05-14 14:53:42;45.2
2026-05-14 14:53:58;45.4
2026-05-14 14:54:13;45.5
2026-05-14 14:54:28;45.2
2026-05-14 14:54:43;45.2
2026-05-14 14:54:59;45.1
2026-05-14 14:55:14;44.9
2026-05-14 14:55:29;44.9
2026-05-14 14:55:44;45.0
2026-05-14 14:56:00;45.2
2026-05-14 14:56:15;45.2
2026-05-14 14:56:31;45.3
2026-05-14 14:56:46;45.4
2026-05-14 14:57:01;45.6
2026-05-14 14:57:16;45.7
2026-05-14 14:57:32;45.6
2026-05-14 14:57:47;45.8
2026-05-14 14:58:02;45.9
2026-05-14 14:58:17;46.1
2026-05-14 14:58:33;46.2
2026-05-14 14:58:48;46.0
2026-05-14 14:59:04;45.8
2026-05-14 14:59:19;45.6
2026-05-14 14:59:34;45.5
2026-05-14 14:59:49;45.4
2026-05-14 15:00:05;45.5
2026-05-14 15:00:20;45.6
2026-05-14 15:00:35;45.6
2026-05-14 15:00:50;45.6
2026-05-14 15:01:06;45.7
2026-05-14 15:01:21;45.8
2026-05-14 15:01:37;45.9
2026-05-14 15:01:52;46.1
2026-05-14 15:02:07;46.4
2026-05-14 15:02:22;46.5
2026-05-14 15:02:38;46.5
2026-05-14 15:02:53;46.4
2026-05-14 15:03:08;46.4
2026-05-14 15:03:23;45.9
2026-05-14 15:03:39;45.7
2026-05-14 15:03:54;45.4
2026-05-14 15:04:10;45.6
2026-05-14 15:04:25;45.8
2026-05-14 15:04:40;46.1
2026-05-14 15:04:55;46.2
2026-05-14 15:05:11;46.2
2026-05-14 15:05:26;46.1
2026-05-14 15:05:41;45.9
2026-05-14 15:05:56;46.0
2026-05-14 15:06:12;45.9
2026-05-14 15:06:27;46.1
2026-05-14 15:06:43;46.2
2026-05-14 15:06:58;46.2
2026-05-14 15:07:13;46.4
2026-05-14 15:07:28;46.5
2026-05-14 15:07:44;46.7
2026-05-14 15:07:59;46.9
2026-05-14 15:08:14;46.9
2026-05-14 15:08:29;46.9
2026-05-14 15:08:45;47.1
2026-05-14 15:09:00;47.2
2026-05-14 15:09:16;47.2
2026-05-14 15:09:31;47.3
2026-05-14 15:09:46;47.2
2026-05-14 15:10:01;47.0
2026-05-14 15:10:17;46.9
2026-05-14 15:10:32;47.0
2026-05-14 15:10:47;47.0
2026-05-14 15:11:02;46.4
2026-05-14 15:11:18;46.0
2026-05-14 15:11:33;45.6
2026-05-14 15:11:49;45.4
2026-05-14 15:12:04;45.4
2026-05-14 15:12:19;45.4
2026-05-14 15:12:34;45.4
2026-05-14 15:12:50;45.3
2026-05-14 15:13:05;45.3
2026-05-14 15:13:20;45.5
2026-05-14 15:13:35;45.7
2026-05-14 15:13:51;45.8
2026-05-14 15:14:06;46.0
2026-05-14 15:14:22;46.2
2026-05-14 15:14:37;46.4
2026-05-14 15:14:52;46.7
2026-05-14 15:15:07;46.9
2026-05-14 15:15:23;46.9
2026-05-14 15:15:38;46.9
2026-05-14 15:15:53;46.8
2026-05-14 15:16:08;46.7
2026-05-14 15:16:24;46.7
2026-05-14 15:16:39;46.6
2026-05-14 15:16:56;46.3
2026-05-14 15:17:10;46.1
2026-05-14 15:17:25;45.9
2026-05-14 15:17:40;45.5
2026-05-14 15:17:56;45.3
2026-05-14 15:18:11;45.2
2026-05-14 15:18:26;45.2
2026-05-14 15:18:41;45.2
2026-05-14 15:18:57;44.9
2026-05-14 15:19:14;44.7
2026-05-14 15:19:28;44.4
2026-05-14 15:19:43;44.1
2026-05-14 15:19:58;44.2
2026-05-14 15:20:13;44.3
2026-05-14 15:20:29;44.5
2026-05-14 15:20:44;44.5
2026-05-14 15:20:59;44.6
2026-05-14 15:21:14;44.6
2026-05-14 15:21:30;44.6
2026-05-14 15:21:45;44.6
2026-05-14 15:22:01;44.6
2026-05-14 15:22:16;44.4
2026-05-14 15:22:31;44.2
2026-05-14 15:22:48;44.1
2026-05-14 15:23:02;44.1
2026-05-14 15:23:17;44.3
2026-05-14 15:23:33;44.4
2026-05-14 15:23:47;44.5
2026-05-14 15:24:03;44.4
2026-05-14 15:24:18;44.6
2026-05-14 15:24:34;44.7
2026-05-14 15:24:49;44.6
2026-05-14 15:25:04;44.5
2026-05-14 15:25:19;44.4
2026-05-14 15:25:35;44.4
2026-05-14 15:25:50;44.6
2026-05-14 15:26:05;44.9
2026-05-14 15:26:20;45.0
2026-05-14 15:26:36;44.9
2026-05-14 15:26:51;44.6
2026-05-14 15:27:07;44.6
2026-05-14 15:27:22;44.4
2026-05-14 15:27:37;44.1
2026-05-14 15:27:52;43.8
2026-05-14 15:28:08;43.4
2026-05-14 15:28:23;43.6
2026-05-14 15:28:38;43.5
2026-05-14 15:28:53;43.5
2026-05-14 15:29:09;43.4
2026-05-14 15:29:24;43.3
2026-05-14 15:29:40;43.1
2026-05-14 15:29:55;43.1
2026-05-14 15:30:10;43.3
2026-05-14 15:30:25;43.3
2026-05-14 15:30:41;43.3
2026-05-14 15:30:56;43.1
2026-05-14 15:31:12;43.3
2026-05-14 15:31:27;43.3
2026-05-14 15:31:42;43.3
2026-05-14 15:31:57;43.4
2026-05-14 15:32:13;43.5
2026-05-14 15:32:28;43.6
2026-05-14 15:32:43;43.5
2026-05-14 15:32:58;43.4
2026-05-14 15:33:14;43.3
2026-05-14 15:33:29;43.6
2026-05-14 15:33:45;43.6
2026-05-14 15:34:00;43.7
2026-05-14 15:34:15;43.7
2026-05-14 15:34:30;43.6
2026-05-14 15:34:46;43.7
2026-05-14 15:35:01;43.9
2026-05-14 15:35:16;43.7
2026-05-14 15:35:31;43.9
2026-05-14 15:35:47;44.1
2026-05-14 15:36:02;44.2
2026-05-14 15:36:18;44.4
2026-05-14 15:36:33;44.6
2026-05-14 15:36:48;44.7
2026-05-14 15:37:03;44.9
2026-05-14 15:37:19;44.9
2026-05-14 15:37:34;45.1
2026-05-14 15:37:49;45.0
2026-05-14 15:38:04;44.7
2026-05-14 15:38:20;44.7
2026-05-14 15:38:36;44.4
2026-05-14 15:38:51;44.1
2026-05-14 15:39:06;43.8
2026-05-14 15:39:27;43.6
2026-05-14 15:39:52;43.4
2026-05-14 15:40:07;43.4
2026-05-14 15:40:22;43.6
2026-05-14 15:40:38;43.7
2026-05-14 15:40:53;43.9
2026-05-14 15:41:09;44.0
2026-05-14 15:41:24;44.1
2026-05-14 15:41:39;44.2
2026-05-14 15:41:54;44.5
2026-05-14 15:42:10;44.6
2026-05-14 15:42:25;44.6
2026-05-14 15:42:40;44.6
2026-05-14 15:42:55;44.7
2026-05-14 15:43:11;44.6
2026-05-14 15:43:26;44.6
2026-05-14 15:43:42;44.5
2026-05-14 15:43:57;44.5
2026-05-14 15:44:12;44.6
2026-05-14 15:44:27;44.7
2026-05-14 15:44:43;44.4
2026-05-14 15:44:58;44.4
2026-05-14 15:45:13;44.2
2026-05-14 15:45:28;44.0
2026-05-14 15:45:44;43.9
2026-05-14 15:45:59;43.8
2026-05-14 15:46:15;43.9
2026-05-14 15:46:30;43.9
2026-05-14 15:46:45;43.7
2026-05-14 15:47:00;43.6
2026-05-14 15:47:16;43.5
2026-05-14 15:47:31;43.4
2026-05-14 15:47:46;43.5
2026-05-14 15:48:01;43.3
2026-05-14 15:48:17;42.8
2026-05-14 15:48:32;42.5
2026-05-14 15:48:48;42.4
2026-05-14 15:49:03;42.0
2026-05-14 15:49:18;41.9
2026-05-14 15:49:33;41.8
2026-05-14 15:49:49;41.8
2026-05-14 15:50:04;41.8
2026-05-14 15:50:20;42.0
2026-05-14 15:50:35;42.2
2026-05-14 15:50:50;42.4
2026-05-14 15:51:05;42.3
2026-05-14 15:51:21;42.2
2026-05-14 15:51:36;42.0
2026-05-14 15:51:52;41.9
2026-05-14 15:52:07;41.9
2026-05-14 15:52:22;41.9
2026-05-14 15:52:37;41.7
2026-05-14 15:52:53;41.9
2026-05-14 15:53:08;42.2
2026-05-14 15:53:24;42.3
2026-05-14 15:53:39;42.5
2026-05-14 15:53:54;42.6
2026-05-14 15:54:09;42.6
2026-05-14 15:54:25;42.5
2026-05-14 15:54:40;42.3
2026-05-14 15:54:55;42.4
2026-05-14 15:55:11;42.6
2026-05-14 15:55:26;42.6
2026-05-14 15:55:41;42.4
2026-05-14 15:55:57;42.3
2026-05-14 15:56:12;42.1
2026-05-14 15:56:27;42.1
2026-05-14 15:56:42;42.3
2026-05-14 15:56:58;42.1
2026-05-14 15:57:13;41.8
2026-05-14 15:57:29;41.7
2026-05-14 15:57:44;42.0
2026-05-14 15:57:59;42.3
2026-05-14 15:58:30;42.7
2026-05-14 15:58:46;42.7
2026-05-14 15:59:01;42.6
2026-05-14 15:59:16;42.6
2026-05-14 15:59:31;42.5
2026-05-14 15:59:46;42.5
2026-05-14 16:00:02;42.5
2026-05-14 16:00:17;42.4
2026-05-14 16:00:32;42.2
2026-05-14 16:00:47;41.6
2026-05-14 16:01:03;41.1
2026-05-14 16:01:18;40.9
2026-05-14 16:01:34;40.9
2026-05-15 07:53:32;30.1
2026-05-15 07:53:47;30.4
2026-05-15 07:54:02;30.7
2026-05-15 07:54:17;30.9
2026-05-15 07:54:32;31.1
2026-05-15 07:54:47;31.3
2026-05-15 07:55:02;31.4
2026-05-15 07:55:17;31.5
2026-05-15 07:55:32;31.6
2026-05-15 07:55:48;31.8
2026-05-15 07:56:02;31.9
2026-05-15 07:56:17;31.9
2026-05-15 07:56:32;32.1
2026-05-15 07:56:47;32.1
2026-05-15 07:57:02;32.2
2026-05-15 07:57:17;32.2
2026-05-15 07:57:33;32.2
2026-05-15 07:57:47;32.4
2026-05-15 07:58:03;32.4
2026-05-15 07:58:18;32.4
2026-05-15 07:58:33;32.5
2026-05-15 07:58:48;32.6
2026-05-15 07:59:03;32.6
2026-05-15 07:59:18;32.6
2026-05-15 07:59:33;32.6
2026-05-15 07:59:48;32.6
2026-05-15 08:00:03;32.6
2026-05-15 08:00:18;32.6
2026-05-15 08:00:33;32.6
2026-05-15 08:00:48;32.6
2026-05-15 08:01:03;32.5
2026-05-15 08:01:18;32.5
2026-05-15 08:01:34;32.6
2026-05-15 08:01:48;32.6
2026-05-15 08:02:05;32.6
2026-05-15 08:02:18;32.5
2026-05-15 08:02:33;32.5
2026-05-15 08:02:48;32.4
2026-05-15 08:03:03;32.4
2026-05-15 08:03:18;32.4
2026-05-15 08:03:33;32.4
2026-05-15 08:03:48;32.4
2026-05-15 08:04:03;32.4
2026-05-15 08:04:19;32.4
2026-05-15 08:04:34;32.4
2026-05-15 08:04:49;32.4
2026-05-15 08:05:04;32.4
2026-05-15 08:05:19;32.3
2026-05-15 08:05:34;32.2
2026-05-15 08:05:49;32.2
2026-05-15 08:06:04;32.3
2026-05-15 08:06:19;32.3
2026-05-15 08:06:34;32.2
2026-05-15 08:06:49;32.2
2026-05-15 08:07:04;32.3
2026-05-15 08:07:19;32.2
2026-05-15 08:07:34;32.2
2026-05-15 08:07:49;32.2
2026-05-15 08:08:04;32.1
2026-05-15 08:08:19;32.1
2026-05-15 08:08:34;32.1
2026-05-15 08:08:49;32.1
2026-05-15 08:09:04;32.1
2026-05-15 08:09:19;32.1
2026-05-15 08:09:35;32.1
2026-05-15 08:09:50;31.9
2026-05-15 08:10:05;31.9
2026-05-15 08:10:20;31.9
2026-05-15 08:10:35;31.9
2026-05-15 08:10:50;31.9
2026-05-15 08:11:05;31.9
2026-05-15 08:11:20;31.9
2026-05-15 08:11:36;31.9
2026-05-15 08:11:50;31.9
2026-05-15 08:12:05;31.9
2026-05-15 08:12:20;31.9
2026-05-15 08:12:35;31.9
2026-05-15 08:12:52;31.9
2026-05-15 08:13:05;31.8
2026-05-15 08:13:20;31.8
2026-05-15 08:13:37;31.9
2026-05-15 08:13:50;31.8
2026-05-15 08:14:05;31.8
2026-05-15 08:14:20;31.8
2026-05-15 08:14:36;31.8
2026-05-15 08:14:51;31.8
2026-05-15 08:15:06;31.8
2026-05-15 08:15:21;31.8
2026-05-15 08:15:36;31.8
2026-05-15 08:15:51;31.8
2026-05-15 08:16:06;31.8
2026-05-15 08:16:21;31.7
2026-05-15 08:16:36;31.6
2026-05-15 08:16:51;31.6
2026-05-15 08:17:06;31.5
2026-05-15 08:17:21;31.6
2026-05-15 08:17:36;31.6
2026-05-15 08:17:52;31.6
2026-05-15 08:18:07;31.7
2026-05-15 08:18:22;31.7
2026-05-15 08:18:37;31.6
2026-05-15 08:18:52;31.6
2026-05-15 08:19:07;31.6
2026-05-15 08:19:22;31.7
2026-05-15 08:19:37;31.7
2026-05-15 08:19:52;31.8
2026-05-15 08:20:07;31.7
2026-05-15 08:20:22;31.8
2026-05-15 08:20:37;31.8
2026-05-15 08:20:52;31.8
2026-05-15 08:21:07;31.8
2026-05-15 08:21:22;31.8
2026-05-15 08:21:38;31.8
2026-05-15 08:21:52;31.8
2026-05-15 08:22:07;31.9
2026-05-15 08:22:22;31.9
2026-05-15 08:22:37;32.0
2026-05-15 08:22:52;32.1
2026-05-15 08:23:08;32.1
2026-05-15 08:23:23;32.1
2026-05-15 08:23:38;32.2
2026-05-15 08:23:53;32.2
2026-05-15 08:24:08;32.2
2026-05-15 08:24:23;32.2
2026-05-15 08:24:38;32.2
2026-05-15 08:24:53;32.2
2026-05-15 08:25:08;32.2
2026-05-15 08:25:23;32.2
2026-05-15 08:25:38;32.2
2026-05-15 08:25:53;32.2
2026-05-15 08:26:08;32.2
2026-05-15 08:26:23;32.2
2026-05-15 08:26:38;32.2
2026-05-15 08:26:53;32.2
2026-05-15 08:27:08;32.2
2026-05-15 08:27:24;32.2
2026-05-15 08:27:39;32.1
2026-05-15 08:27:53;32.1
2026-05-15 08:28:08;32.2
2026-05-15 08:28:24;32.2
2026-05-15 08:28:44;32.3
2026-05-15 08:28:54;32.3
2026-05-15 08:29:09;32.3
2026-05-15 08:29:24;32.4
2026-05-15 08:29:40;32.4
2026-05-15 08:29:54;32.4
2026-05-15 08:30:09;32.5
2026-05-15 08:30:26;32.4
2026-05-15 08:30:39;32.5
2026-05-15 08:30:54;32.6
2026-05-15 08:31:09;32.6
2026-05-15 08:31:26;32.6
2026-05-15 08:31:41;32.6
2026-05-15 08:31:54;32.6
2026-05-15 08:32:09;32.7
2026-05-15 08:32:24;32.7
2026-05-15 08:32:39;32.8
2026-05-15 08:32:54;32.8
2026-05-15 08:33:09;32.9
2026-05-15 08:33:24;32.9
2026-05-15 08:33:39;32.9
2026-05-15 08:33:54;33.0
2026-05-15 08:34:09;33.1
2026-05-15 08:34:24;33.1
2026-05-15 08:34:41;33.1
2026-05-15 08:34:54;33.1
2026-05-15 08:35:10;33.2
2026-05-15 08:35:25;33.3
2026-05-15 08:35:40;33.4
2026-05-15 08:35:55;33.4
2026-05-15 08:36:10;33.4
2026-05-15 08:36:25;33.5
2026-05-15 08:36:40;33.6
2026-05-15 08:36:55;33.6
2026-05-15 08:37:10;33.6
2026-05-15 08:37:25;33.6
2026-05-15 08:37:40;33.6
2026-05-15 08:37:55;33.7
2026-05-15 08:38:10;33.7
2026-05-15 08:38:25;33.7
2026-05-15 08:38:40;33.8
2026-05-15 08:38:55;33.8
2026-05-15 08:39:10;33.7
2026-05-15 08:39:25;33.9
2026-05-15 08:39:40;33.7
2026-05-15 08:39:55;33.8
2026-05-15 08:40:10;33.8
2026-05-15 08:40:25;33.8
2026-05-15 08:40:42;33.9
2026-05-15 08:40:55;33.9
2026-05-15 08:41:10;33.9
2026-05-15 08:41:25;33.9
2026-05-15 08:41:40;33.9
2026-05-15 08:41:55;34.0
2026-05-15 08:42:11;34.1
2026-05-15 08:42:26;34.1
2026-05-15 08:42:41;34.1
2026-05-15 08:42:56;34.2
2026-05-15 08:43:11;34.2
2026-05-15 08:43:26;34.2
2026-05-15 08:43:41;34.2
2026-05-15 08:43:56;34.2
2026-05-15 08:44:11;34.3
2026-05-15 08:44:27;34.2
2026-05-15 08:44:41;34.3
2026-05-15 08:44:56;34.4
2026-05-15 08:45:11;34.5
2026-05-15 08:45:26;34.4
2026-05-15 08:45:41;34.5
2026-05-15 08:45:56;34.6
2026-05-15 08:46:11;34.7
2026-05-15 08:46:26;34.6
2026-05-15 08:46:41;34.4
2026-05-15 08:46:56;34.4
2026-05-15 08:47:12;34.5
2026-05-15 08:47:26;34.6
2026-05-15 08:47:42;34.6
2026-05-15 08:47:57;34.7
2026-05-15 08:48:12;34.8
2026-05-15 08:48:27;34.7
2026-05-15 08:48:42;34.9
2026-05-15 08:48:57;35.0
2026-05-15 08:49:12;35.1
2026-05-15 08:49:27;35.2
2026-05-15 08:49:42;35.2
2026-05-15 08:49:57;35.2
2026-05-15 08:50:12;35.2
2026-05-15 08:50:27;35.4
2026-05-15 08:50:42;35.4
2026-05-15 08:50:57;35.5
2026-05-15 08:51:12;35.6
2026-05-15 08:51:27;35.6
2026-05-15 08:51:42;35.7
2026-05-15 08:51:57;35.7
2026-05-15 08:52:12;35.9
2026-05-15 08:52:27;35.9
2026-05-15 08:52:42;35.9
2026-05-15 08:52:57;35.9
2026-05-15 08:53:12;35.9
2026-05-15 08:53:27;35.9
2026-05-15 08:53:42;35.9
2026-05-15 08:53:57;35.9
2026-05-15 08:54:12;35.9
2026-05-15 08:54:27;35.9
2026-05-15 08:54:43;35.9
2026-05-15 08:54:57;35.9
2026-05-15 08:55:12;35.9
2026-05-15 08:55:27;35.7
2026-05-15 08:55:42;35.7
2026-05-15 08:55:57;35.7
2026-05-15 08:56:12;35.7
2026-05-15 08:56:28;35.7
2026-05-15 08:56:42;35.6
2026-05-15 08:56:58;35.5
2026-05-15 08:57:13;35.4
2026-05-15 08:57:28;35.5
2026-05-15 08:57:43;35.5
2026-05-15 08:57:58;35.5
2026-05-15 08:58:13;35.6
2026-05-15 08:58:29;35.6
2026-05-15 08:58:43;35.6
2026-05-15 08:59:00;35.6
2026-05-15 08:59:13;35.6
2026-05-15 08:59:28;35.4
2026-05-15 08:59:45;35.4
2026-05-15 08:59:58;35.5
2026-05-15 09:00:15;35.5
2026-05-15 09:00:28;35.4
2026-05-15 09:00:43;35.4
2026-05-15 09:00:58;35.4
2026-05-15 09:01:13;35.4
2026-05-15 09:01:35;35.5
2026-05-15 09:01:43;35.5
2026-05-15 09:01:58;35.6
2026-05-15 09:02:13;35.6
2026-05-15 09:02:28;35.6
2026-05-15 09:02:43;35.6
2026-05-15 09:02:58;35.6
2026-05-15 09:03:13;35.6
2026-05-15 09:03:28;35.7
2026-05-15 09:03:43;35.7
2026-05-15 09:03:58;35.6
2026-05-15 09:04:14;35.6
2026-05-15 09:04:28;35.6
2026-05-15 09:04:43;35.5
2026-05-15 09:04:58;35.6
2026-05-15 09:05:13;35.6
2026-05-15 09:05:28;35.6
2026-05-15 09:05:43;35.6
2026-05-15 09:05:59;35.6
2026-05-15 09:06:14;35.6
2026-05-15 09:06:29;35.6
2026-05-15 09:06:44;35.6
2026-05-15 09:06:59;35.6
2026-05-15 09:07:14;35.7
2026-05-15 09:07:29;35.6
2026-05-15 09:07:44;35.6
2026-05-15 09:07:59;35.6
2026-05-15 09:08:14;35.6
2026-05-15 09:08:29;35.7
2026-05-15 09:08:44;35.7
2026-05-15 09:08:59;35.8
2026-05-15 09:09:14;35.9
2026-05-15 09:09:29;36.0
2026-05-15 09:09:44;36.1
2026-05-15 09:09:59;36.2
2026-05-15 09:10:14;36.2
2026-05-15 09:10:29;36.2
2026-05-15 09:10:44;36.3
2026-05-15 09:11:01;36.4
2026-05-15 09:11:14;36.5
2026-05-15 09:11:29;36.6
2026-05-15 09:11:44;36.6
2026-05-15 09:11:59;36.7
2026-05-15 09:12:14;36.7
2026-05-15 09:12:29;36.7
2026-05-15 09:12:44;36.7
2026-05-15 09:12:59;37.0
2026-05-15 09:13:14;37.1
2026-05-15 09:13:29;37.2
2026-05-15 09:13:44;37.3
2026-05-15 09:13:59;37.4
2026-05-15 09:14:14;37.5
2026-05-15 09:14:29;37.6
2026-05-15 09:14:44;37.7
2026-05-15 09:14:59;37.9
2026-05-15 09:15:14;38.1
2026-05-15 09:15:29;38.2
2026-05-15 09:15:44;38.3
2026-05-15 09:15:59;38.3
2026-05-15 09:16:14;38.3
2026-05-15 09:16:29;38.3
2026-05-15 09:16:44;38.4
2026-05-15 09:16:59;38.5
2026-05-15 09:17:14;38.3
2026-05-15 09:17:29;38.3
2026-05-15 09:17:44;38.4
2026-05-15 09:17:59;38.4
2026-05-15 09:18:14;38.5
2026-05-15 09:18:29;38.6
2026-05-15 09:18:44;38.7
2026-05-15 09:18:59;38.7
2026-05-15 09:19:14;38.7
2026-05-15 09:19:29;38.6
2026-05-15 09:19:44;38.6
2026-05-15 09:19:59;38.7
2026-05-15 09:20:14;38.7
2026-05-15 09:20:29;38.8
2026-05-15 09:20:44;38.8
2026-05-15 09:20:59;38.7
2026-05-15 09:21:14;38.5
2026-05-15 09:21:29;38.2
2026-05-15 09:21:44;38.2
2026-05-15 09:22:00;38.3
2026-05-15 09:22:14;38.4
2026-05-15 09:22:29;38.4
2026-05-15 09:22:44;38.4
2026-05-15 09:22:59;38.4
2026-05-15 09:23:14;38.4
2026-05-15 09:23:29;38.4
2026-05-15 09:23:44;38.3
2026-05-15 09:23:59;38.3
2026-05-15 09:24:14;38.2
2026-05-15 09:24:29;38.3
2026-05-15 09:24:44;38.4
2026-05-15 09:24:59;38.5
2026-05-15 09:25:14;38.6
2026-05-15 09:25:29;38.6
2026-05-15 09:25:44;38.6
2026-05-15 09:25:59;38.6
2026-05-15 09:26:14;38.6
2026-05-15 09:26:29;38.6
2026-05-15 09:26:44;38.7
2026-05-15 09:26:59;38.7
2026-05-15 09:27:15;38.8
2026-05-15 09:27:29;38.9
2026-05-15 09:27:44;39.0
2026-05-15 09:27:59;39.1
2026-05-15 09:28:14;39.1
2026-05-15 09:28:29;38.8
2026-05-15 09:28:44;38.7
2026-05-15 09:28:59;39.0
2026-05-15 09:29:14;39.1
2026-05-15 09:29:29;39.2
2026-05-15 09:29:44;39.2
2026-05-15 09:29:59;39.4
2026-05-15 09:30:14;39.5
2026-05-15 09:30:36;39.6
2026-05-15 09:30:45;39.6
2026-05-15 09:31:00;40.0
2026-05-15 09:31:16;40.5
2026-05-15 09:31:31;41.1
2026-05-15 09:31:46;41.6
2026-05-15 09:32:01;41.7
2026-05-15 09:32:17;41.9
2026-05-15 09:32:32;41.9
2026-05-15 09:32:48;42.1
2026-05-15 09:33:03;41.9
2026-05-15 09:33:18;41.9
2026-05-15 09:33:33;42.0
2026-05-15 09:33:50;42.1
2026-05-15 09:34:13;42.1
2026-05-15 09:34:22;42.2
2026-05-15 09:34:35;42.3
2026-05-15 09:35:20;42.7
2026-05-15 09:35:44;42.7
2026-05-15 09:35:51;42.9
2026-05-15 09:36:06;43.1
2026-05-15 09:36:22;43.4
2026-05-15 09:36:37;43.5
2026-05-15 09:36:57;43.7
2026-05-15 09:37:07;43.7
2026-05-15 09:37:22;43.7
2026-05-15 09:37:37;43.8
2026-05-15 09:37:52;43.8
2026-05-15 09:38:08;43.9
2026-05-15 09:38:23;43.9
2026-05-15 09:38:40;43.7
2026-05-15 09:38:53;43.6
2026-05-15 09:39:09;43.5
2026-05-15 09:39:24;43.3
2026-05-15 09:39:40;43.2
2026-05-15 09:40:00;43.1
2026-05-15 09:40:10;42.9
2026-05-15 09:40:25;42.9
2026-05-15 09:40:41;42.9
2026-05-15 09:40:56;42.9
2026-05-15 09:41:12;42.8
2026-05-15 09:41:27;42.6
2026-05-15 09:41:42;42.5
2026-05-15 09:41:57;42.6
2026-05-15 09:42:13;42.5
2026-05-15 09:42:28;42.5
2026-05-15 09:42:44;42.3
2026-05-15 09:42:59;42.4
2026-05-15 09:43:14;42.4
2026-05-15 09:43:29;42.4
2026-05-15 09:43:45;42.4
2026-05-15 09:44:00;42.4
2026-05-15 09:44:15;42.6
2026-05-15 09:44:31;42.7
2026-05-15 09:44:46;42.7
2026-05-15 09:45:01;42.9
2026-05-15 09:45:17;43.1
2026-05-15 09:45:32;43.4
2026-05-15 09:45:47;43.7
2026-05-15 09:46:02;43.8
2026-05-15 09:46:18;44.1
2026-05-15 09:46:33;44.4
2026-05-15 09:46:49;44.8
2026-05-15 09:47:04;45.2
2026-05-15 09:47:19;45.6
2026-05-15 09:47:34;45.9
2026-05-15 09:47:50;46.2
2026-05-15 09:48:05;46.5
2026-05-15 09:48:20;46.8
2026-05-15 09:48:35;47.1
2026-05-15 09:48:51;47.4
2026-05-15 09:49:06;47.7
2026-05-15 09:49:22;47.9
2026-05-15 09:49:37;48.1
2026-05-15 09:49:52;48.3
2026-05-15 09:50:07;48.4
2026-05-15 09:50:23;48.6
2026-05-15 09:50:38;48.9
2026-05-15 09:50:53;49.2
2026-05-15 09:51:08;49.6
2026-05-15 09:51:24;50.1
2026-05-15 09:51:39;50.3
2026-05-15 09:51:54;50.2
2026-05-15 09:52:09;50.3
2026-05-15 09:52:25;50.4
2026-05-15 09:52:40;50.8
2026-05-15 09:52:55;51.0
2026-05-15 09:53:10;51.1
2026-05-15 09:53:26;51.2
2026-05-15 09:53:41;51.1
2026-05-15 09:53:57;51.2
2026-05-15 09:54:11;51.2
2026-05-15 09:54:27;51.2
2026-05-15 09:54:42;51.1
2026-05-15 09:54:58;50.8
2026-05-15 09:55:13;50.6
2026-05-15 09:55:28;50.5
2026-05-15 09:55:43;50.2
2026-05-15 09:55:59;50.4
2026-05-15 09:56:14;49.8
2026-05-15 09:56:29;49.9
2026-05-15 09:56:44;49.9
2026-05-15 09:57:00;49.9
2026-05-15 09:57:15;49.6
2026-05-15 09:57:30;49.3
2026-05-15 09:57:45;49.3
2026-05-15 09:58:01;49.6
2026-05-15 09:58:16;49.7
2026-05-15 09:58:31;50.0
2026-05-15 09:58:46;50.1
2026-05-15 09:59:02;50.6
2026-05-15 09:59:17;50.9
2026-05-15 09:59:33;51.3
2026-05-15 09:59:48;51.6
2026-05-15 10:00:03;51.6
2026-05-15 10:00:18;51.8
2026-05-15 10:00:34;52.1
2026-05-15 10:00:49;52.2
2026-05-15 10:01:04;52.4
2026-05-15 10:01:19;52.7
2026-05-15 10:01:35;52.9
2026-05-15 10:01:50;53.0
2026-05-15 10:02:05;52.9
2026-05-15 10:02:20;52.9
2026-05-15 10:02:37;52.8
2026-05-15 10:02:51;53.0
2026-05-15 10:03:08;53.1
2026-05-15 10:03:21;53.3
2026-05-15 10:03:37;53.7
2026-05-15 10:03:52;54.1
2026-05-15 10:04:07;54.3
2026-05-15 10:04:22;54.4
2026-05-15 10:04:38;54.4
2026-05-15 10:05:12;54.2
2026-05-15 10:05:24;53.1
2026-05-15 10:05:39;52.7
2026-05-15 10:05:57;52.7
2026-05-15 10:06:10;52.6
2026-05-15 10:06:25;52.3
2026-05-15 10:06:40;51.7
2026-05-15 10:06:56;51.4
2026-05-15 10:07:11;51.4
2026-05-15 10:07:26;51.5
2026-05-15 10:07:41;51.6
2026-05-15 10:07:57;51.7
2026-05-15 10:08:12;51.6
2026-05-15 10:08:27;51.9
2026-05-15 10:08:42;52.2
2026-05-15 10:08:58;52.4
2026-05-15 10:09:13;52.6
2026-05-15 10:09:29;52.6
2026-05-15 10:09:43;52.4
2026-05-15 10:09:59;52.6
2026-05-15 10:10:14;52.7
2026-05-15 10:10:30;52.7
2026-05-15 10:10:44;52.9
2026-05-15 10:11:00;52.9
2026-05-15 10:11:15;53.1
2026-05-15 10:11:31;53.3
2026-05-15 10:11:48;53.5
2026-05-15 10:12:01;53.6
2026-05-15 10:12:16;53.6
2026-05-15 10:12:32;53.8
2026-05-15 10:12:47;53.7
2026-05-15 10:13:02;53.6
2026-05-15 10:13:17;53.6
2026-05-15 10:13:33;53.6
2026-05-15 10:13:48;53.7
2026-05-15 10:14:03;53.5
2026-05-15 10:14:18;53.4
2026-05-15 10:14:48;53.5
2026-05-15 10:15:04;53.6
2026-05-15 10:15:19;53.7
2026-05-15 10:15:35;53.9
2026-05-15 10:15:50;54.0
2026-05-15 10:16:05;53.6
2026-05-15 10:16:20;54.0
2026-05-15 10:16:36;54.2
2026-05-15 10:16:51;54.4
2026-05-15 10:17:06;54.2
2026-05-15 10:17:21;54.6
2026-05-15 10:17:37;54.6
2026-05-15 10:17:52;54.7
2026-05-15 10:18:07;54.9
2026-05-15 10:18:22;55.2
2026-05-15 10:18:38;55.3
2026-05-15 10:18:54;55.1
2026-05-15 10:19:09;55.0
2026-05-15 10:19:25;55.2
2026-05-15 10:19:40;55.4
2026-05-15 10:19:56;55.7
2026-05-15 10:20:11;55.9
2026-05-15 10:20:27;56.1
2026-05-15 10:20:43;55.8
2026-05-15 10:20:58;55.9
2026-05-15 10:21:14;56.3
2026-05-15 10:21:29;56.4
2026-05-15 10:21:45;56.1
2026-05-15 10:22:00;55.9
2026-05-15 10:22:16;56.0
2026-05-15 10:22:32;55.1
2026-05-15 10:22:47;54.7
2026-05-15 10:23:03;54.9
2026-05-15 10:23:19;55.4
2026-05-15 10:23:34;55.8
2026-05-15 10:23:50;56.2
2026-05-15 10:24:06;56.4
2026-05-15 10:24:21;56.6
2026-05-15 10:24:37;57.1
2026-05-15 10:24:52;57.3
2026-05-15 10:25:08;57.6
2026-05-15 10:25:23;57.2
2026-05-15 10:25:39;57.4
2026-05-15 10:25:54;57.7
2026-05-15 10:26:10;58.0
2026-05-15 10:26:26;58.2
2026-05-15 10:26:41;58.1
2026-05-15 10:26:57;58.4
2026-05-15 10:27:12;58.0
2026-05-15 10:27:28;57.7
2026-05-15 10:27:43;58.1
2026-05-15 10:27:59;58.2
2026-05-15 10:28:15;58.4
2026-05-15 10:28:30;58.5
2026-05-15 10:28:46;58.7
2026-05-15 10:29:01;58.9
2026-05-15 10:29:17;58.9
2026-05-15 10:29:32;59.0
2026-05-15 10:29:48;59.2
2026-05-15 10:30:03;59.6
2026-05-15 10:30:19;59.7
2026-05-15 10:30:35;59.7
2026-05-15 10:30:50;59.4
2026-05-15 10:31:06;58.9
2026-05-15 10:31:21;58.7
2026-05-15 10:31:37;58.4
2026-05-15 10:31:52;58.4
2026-05-15 10:32:08;58.4
2026-05-15 10:32:24;58.2
2026-05-15 10:32:39;58.6
2026-05-15 10:32:55;58.7
2026-05-15 10:33:10;58.6
2026-05-15 10:33:26;59.0
2026-05-15 10:33:41;59.2
2026-05-15 10:33:57;59.2
2026-05-15 10:34:13;59.2
2026-05-15 10:34:28;59.4
2026-05-15 10:34:44;59.5
2026-05-15 10:34:59;59.7
2026-05-15 10:35:15;59.7
2026-05-15 10:35:30;59.5
2026-05-15 10:35:46;59.0
2026-05-15 10:36:01;58.4
2026-05-15 10:36:17;57.9
2026-05-15 10:36:32;57.3
2026-05-15 10:36:48;56.9
2026-05-15 10:37:05;56.3
2026-05-15 10:37:19;55.9
2026-05-15 10:37:35;55.2
2026-05-15 10:37:50;54.6
2026-05-15 10:38:06;54.1
2026-05-15 10:38:21;53.9
2026-05-15 10:38:36;54.0
2026-05-15 10:38:51;54.1
2026-05-15 10:39:07;54.1
2026-05-15 10:39:22;54.4
2026-05-15 10:39:37;54.4
2026-05-15 10:39:52;54.2
2026-05-15 10:40:08;54.2
2026-05-15 10:40:22;54.2
2026-05-15 10:40:38;54.5
2026-05-15 10:40:53;54.8
2026-05-15 10:41:47;55.1
2026-05-15 10:42:17;55.8
2026-05-15 10:42:33;55.9
2026-05-15 10:42:49;56.1
2026-05-15 10:43:04;56.1
2026-05-15 10:43:20;56.2
2026-05-15 10:43:36;56.2
2026-05-15 10:43:51;56.2
2026-05-15 10:44:07;56.2
2026-05-15 10:44:22;56.6
2026-05-15 10:44:38;56.9
2026-05-15 10:44:54;56.9
2026-05-15 10:45:09;56.8
2026-05-15 10:45:25;57.0
2026-05-15 10:45:40;56.7
2026-05-15 10:45:56;57.1
2026-05-15 10:46:11;57.4
2026-05-15 10:46:27;57.7
2026-05-15 10:46:43;57.7
2026-05-15 10:46:58;57.9
2026-05-15 10:47:14;58.0
2026-05-15 10:47:29;58.1
2026-05-15 10:47:45;58.2
2026-05-15 10:48:00;57.6
2026-05-15 10:48:16;57.2
2026-05-15 10:48:31;56.7
2026-05-15 10:48:47;56.9
2026-05-15 10:49:03;57.2
2026-05-15 10:49:18;57.2
2026-05-15 10:49:34;57.2
2026-05-15 10:49:51;57.2
2026-05-15 10:50:05;57.5
2026-05-15 10:50:21;57.8
2026-05-15 10:50:36;58.4
2026-05-15 10:50:52;58.7
2026-05-15 10:51:07;58.7
2026-05-15 10:51:23;58.3
2026-05-15 10:51:38;58.1
2026-05-15 10:51:54;57.9
2026-05-15 10:52:10;57.9
2026-05-15 10:52:25;57.7
2026-05-15 10:52:41;57.6
2026-05-15 10:52:56;57.1
2026-05-15 10:53:12;56.7
2026-05-15 10:53:27;56.6
2026-05-15 10:53:43;56.4
2026-05-15 10:53:59;56.1
2026-05-15 10:54:14;56.1
2026-05-15 10:54:30;55.9
2026-05-15 10:54:45;55.8
2026-05-15 10:55:01;55.5
2026-05-15 10:55:16;55.3
2026-05-15 10:55:32;55.3
2026-05-15 10:55:48;55.4
2026-05-15 10:56:03;55.4
2026-05-15 10:56:19;55.3
2026-05-15 10:56:34;55.2
2026-05-15 10:56:50;55.2
2026-05-15 10:57:05;55.2
2026-05-15 10:57:21;55.1
2026-05-15 10:57:37;54.9
2026-05-15 10:57:52;54.6
2026-05-15 10:58:07;54.5
2026-05-15 10:58:22;54.0
2026-05-15 10:58:37;53.8
2026-05-15 10:58:53;54.1
2026-05-15 10:59:08;54.0
2026-05-15 10:59:23;53.9
2026-05-15 10:59:40;54.1
2026-05-15 10:59:54;54.3
2026-05-15 11:00:09;54.2
2026-05-15 11:00:24;54.4
2026-05-15 11:00:39;54.5
2026-05-15 11:00:55;54.6
2026-05-15 11:01:10;54.9
2026-05-15 11:01:25;55.2
2026-05-15 11:01:40;55.4
2026-05-15 11:01:56;55.6
2026-05-15 11:02:12;56.0
2026-05-15 11:02:27;56.5
2026-05-15 11:02:43;57.1
2026-05-15 11:02:59;57.1
2026-05-15 11:03:14;56.9
2026-05-15 11:03:30;57.4
2026-05-15 11:03:46;57.6
2026-05-15 11:04:01;57.7
2026-05-15 11:04:18;57.9
2026-05-15 11:04:32;58.0
2026-05-15 11:05:03;58.1
2026-05-15 11:05:18;58.4
2026-05-15 11:05:33;58.4
2026-05-15 11:05:49;58.6
2026-05-15 11:06:05;58.7
2026-05-15 11:06:22;58.9
2026-05-15 11:06:36;58.7
2026-05-15 11:06:51;58.8
2026-05-15 11:07:07;58.9
2026-05-15 11:07:46;58.8
2026-05-15 11:07:48;58.7
2026-05-15 11:08:04;58.5
2026-05-15 11:08:21;57.5
2026-05-15 11:08:35;56.3
2026-05-15 11:08:51;56.5
2026-05-15 11:09:06;56.7
2026-05-15 11:09:22;57.0
2026-05-15 11:09:37;57.4
2026-05-15 11:09:53;57.9
2026-05-15 11:10:08;58.2
2026-05-15 11:10:24;58.4
2026-05-15 11:10:40;58.4
2026-05-15 11:10:55;58.1
2026-05-15 11:11:11;57.7
2026-05-15 11:11:26;57.6
2026-05-15 11:11:42;57.4
2026-05-15 11:11:58;57.6
2026-05-15 11:12:13;57.5
2026-05-15 11:12:29;57.6
2026-05-15 11:12:44;57.5
2026-05-15 11:13:00;57.9
2026-05-15 11:13:15;57.8
2026-05-15 11:13:32;57.3
2026-05-15 11:13:47;56.7
2026-05-15 11:14:02;56.3
2026-05-15 11:14:18;56.6
2026-05-15 11:14:33;56.9
2026-05-15 11:14:49;57.4
2026-05-15 11:15:05;57.5
2026-05-15 11:15:20;57.6
2026-05-15 11:15:36;57.7
2026-05-15 11:15:51;57.6
2026-05-15 11:16:07;57.8
2026-05-15 11:16:25;57.7
2026-05-15 11:16:38;57.9
2026-05-15 11:16:53;58.1
2026-05-15 11:17:09;58.4
2026-05-15 11:17:25;57.9
2026-05-15 11:17:40;57.9
2026-05-15 11:17:56;57.9
2026-05-15 11:18:12;57.8
2026-05-15 11:18:28;57.1
2026-05-15 11:18:43;56.9
2026-05-15 11:18:58;56.9
2026-05-15 11:19:13;56.6
2026-05-15 11:19:33;56.8
2026-05-15 11:19:46;57.1
2026-05-15 11:20:00;57.6
2026-05-15 11:20:19;58.3
2026-05-15 11:20:32;58.6
2026-05-15 11:20:48;59.0
2026-05-15 11:21:06;58.8
2026-05-15 11:21:18;58.6
2026-05-15 11:21:34;58.8
2026-05-15 11:21:49;58.7
2026-05-15 11:22:05;58.7
2026-05-15 11:22:20;58.6
2026-05-15 11:22:36;58.0
2026-05-15 11:22:52;57.8
2026-05-15 11:23:07;57.7
2026-05-15 11:23:24;57.8
2026-05-15 11:23:41;58.1
2026-05-15 11:23:54;57.9
2026-05-15 11:24:11;58.1
2026-05-15 11:24:26;58.4
2026-05-15 11:24:43;58.6
2026-05-15 11:24:56;58.4
2026-05-15 11:25:12;58.5
2026-05-15 11:25:29;58.0
2026-05-15 11:25:43;58.2
2026-05-15 11:26:29;58.6
2026-05-15 11:26:49;58.4
2026-05-15 11:27:11;58.5
2026-05-15 11:27:31;58.9
2026-05-15 11:27:47;59.3
2026-05-15 11:28:02;59.2
2026-05-15 11:28:18;59.4
2026-05-15 11:28:33;59.7
2026-05-15 11:28:49;59.7
2026-05-15 11:29:44;59.2
2026-05-15 11:29:59;58.5
2026-05-15 11:30:15;57.7
2026-05-15 11:30:50;57.6
2026-05-15 11:31:06;58.1
2026-05-15 11:31:21;58.3
2026-05-15 11:31:37;58.5
2026-05-15 11:31:53;58.7
2026-05-15 11:32:11;59.0
2026-05-15 11:32:24;59.0
2026-05-15 11:32:40;59.1
2026-05-15 11:32:55;59.1
2026-05-15 11:33:12;58.9
2026-05-15 11:33:31;58.6
2026-05-15 11:33:48;58.1
2026-05-15 11:33:57;58.1
2026-05-15 11:34:13;57.8
2026-05-15 11:34:29;57.9
2026-05-15 11:34:44;58.1
2026-05-15 11:35:00;58.6
2026-05-15 11:35:16;58.4
2026-05-15 11:35:31;58.6
2026-05-15 11:35:47;58.6
2026-05-15 11:36:02;58.9
2026-05-15 11:36:18;59.2
2026-05-15 11:36:34;59.4
2026-05-15 11:36:49;59.2
2026-05-15 11:37:04;59.2
2026-05-15 11:37:20;59.3
2026-05-15 11:37:36;59.3
2026-05-15 11:37:51;58.6
2026-05-15 11:38:08;58.4
2026-05-15 11:38:22;58.1
2026-05-15 11:38:38;57.1
2026-05-15 11:38:53;56.5
2026-05-15 11:39:09;56.2
2026-05-15 11:39:24;56.1
2026-05-15 11:39:40;56.2
2026-05-15 11:39:56;56.2
2026-05-15 11:40:11;56.1
2026-05-15 11:40:27;55.8
2026-05-15 11:40:42;55.3
2026-05-15 11:40:58;55.1
2026-05-15 11:41:13;54.9
2026-05-15 11:41:29;54.9
2026-05-15 11:41:45;54.9
2026-05-15 11:42:00;55.2
2026-05-15 11:42:16;55.4
2026-05-15 11:42:31;55.8
2026-05-15 11:42:47;55.9
2026-05-15 11:43:02;55.9
2026-05-15 11:43:18;56.0
2026-05-15 11:43:33;56.1
2026-05-15 11:43:49;56.6
2026-05-15 11:44:05;56.7
2026-05-15 11:44:20;57.3
2026-05-15 11:44:36;57.4
2026-05-15 11:44:52;57.6
2026-05-15 11:45:07;57.8
2026-05-15 11:45:23;57.5
2026-05-15 11:45:39;57.1
2026-05-15 11:45:54;56.6
2026-05-15 11:46:10;56.1
2026-05-15 11:46:25;55.6
2026-05-15 11:46:44;55.2
2026-05-15 11:46:57;54.8
2026-05-15 11:47:11;54.7
2026-05-15 11:47:28;54.9
2026-05-15 11:47:43;55.0
2026-05-15 11:47:59;55.1
2026-05-15 11:48:14;55.1
2026-05-15 11:48:29;55.2
2026-05-15 11:48:45;55.2
2026-05-15 11:49:03;54.9
2026-05-15 11:49:17;54.8
2026-05-15 11:49:32;54.5
2026-05-15 11:49:47;54.2
2026-05-15 11:50:02;54.0
2026-05-15 11:50:18;53.7
2026-05-15 11:50:33;53.4
2026-05-15 11:50:48;52.9
2026-05-15 11:51:04;52.7
2026-05-15 11:51:19;52.4
2026-05-15 11:51:34;52.0
2026-05-15 11:51:49;51.6
2026-05-15 11:52:05;51.3
2026-05-15 11:52:20;51.1
2026-05-15 11:52:35;51.2
2026-05-15 11:52:50;51.2
2026-05-15 11:53:06;51.6
2026-05-15 11:53:21;51.7
2026-05-15 11:53:37;51.6
2026-05-15 11:53:51;52.1
2026-05-15 11:54:07;52.3
2026-05-15 11:54:22;52.6
2026-05-15 11:54:37;52.9
2026-05-15 11:54:52;53.1
2026-05-15 11:55:08;53.3
2026-05-15 11:55:23;53.6
2026-05-15 11:55:38;54.0
2026-05-15 11:55:53;54.3
2026-05-15 11:56:09;54.6
2026-05-15 11:56:24;54.9
2026-05-15 11:56:39;55.0
2026-05-15 11:56:55;55.2
2026-05-15 11:57:11;55.6
2026-05-15 11:57:27;56.1
2026-05-15 11:57:42;56.4
2026-05-15 11:57:58;56.5
2026-05-15 11:58:13;56.8
2026-05-15 11:58:29;57.0
2026-05-15 11:58:45;57.2
2026-05-15 11:59:00;57.4
2026-05-15 11:59:15;57.6
2026-05-15 11:59:31;57.3
2026-05-15 11:59:46;56.9
2026-05-15 12:00:02;57.1
2026-05-15 12:00:18;57.2
2026-05-15 12:00:33;57.2
2026-05-15 12:00:49;57.3
2026-05-15 12:01:05;57.4
2026-05-15 12:01:20;57.1
2026-05-15 12:01:36;56.6
2026-05-15 12:01:51;56.1
2026-05-15 12:02:07;55.9
2026-05-15 12:02:22;55.8
2026-05-15 12:02:38;55.4
2026-05-15 12:02:54;55.6
2026-05-15 12:03:09;55.7
2026-05-15 12:03:24;56.0
2026-05-15 12:03:40;56.4
2026-05-15 12:03:56;56.6
2026-05-15 12:04:12;56.4
2026-05-15 12:04:27;56.4
2026-05-15 12:04:42;56.2
2026-05-15 12:04:58;55.9
2026-05-15 12:05:14;55.4
2026-05-15 12:05:29;55.3
2026-05-15 12:05:45;55.2
2026-05-15 12:06:01;54.9
2026-05-15 12:06:16;54.8
2026-05-15 12:06:31;54.5
2026-05-15 12:06:47;54.2
2026-05-15 12:07:02;53.9
2026-05-15 12:07:17;53.6
2026-05-15 12:07:32;53.3
2026-05-15 12:07:48;52.9
2026-05-15 12:08:03;52.6
2026-05-15 12:08:18;52.4
2026-05-15 12:08:33;52.0
2026-05-15 12:08:49;51.7
2026-05-15 12:09:04;51.5
2026-05-15 12:09:19;51.3
2026-05-15 12:09:34;51.1
2026-05-15 12:09:50;50.8
2026-05-15 12:10:05;50.2
2026-05-15 12:10:20;49.7
2026-05-15 12:10:35;49.2
2026-05-15 12:10:51;48.7
2026-05-15 12:11:06;48.4
2026-05-15 12:11:21;48.3
2026-05-15 12:11:36;48.2
2026-05-15 12:11:52;48.1
2026-05-15 12:12:07;48.1
2026-05-15 12:12:23;48.3
2026-05-15 12:12:37;48.0
2026-05-15 12:12:53;47.9
2026-05-15 12:13:08;47.9
2026-05-15 12:13:24;47.6
2026-05-15 12:13:39;47.4
2026-05-15 12:13:54;47.0
2026-05-15 12:14:09;46.4
2026-05-15 12:14:25;45.8
2026-05-15 12:14:40;45.4
2026-05-15 12:14:55;45.3
2026-05-15 12:15:13;45.2
2026-05-15 12:15:26;45.1
2026-05-15 12:15:41;44.8
2026-05-15 12:15:57;44.9
2026-05-15 12:16:12;44.7
2026-05-15 12:16:27;44.5
2026-05-15 12:16:42;44.4
2026-05-15 12:16:58;44.3
2026-05-15 12:17:13;44.2
2026-05-15 12:17:28;44.1
2026-05-15 12:17:43;43.9
2026-05-15 12:17:59;43.7
2026-05-15 12:18:14;43.7
2026-05-15 12:18:30;43.6
2026-05-15 12:18:45;43.6
2026-05-15 12:19:00;43.5
2026-05-15 12:19:15;43.3
2026-05-15 12:19:31;43.2
2026-05-15 12:19:46;43.0
2026-05-15 12:20:01;42.8
2026-05-15 12:20:16;42.6
2026-05-15 12:20:32;42.4
2026-05-15 12:20:47;42.3
2026-05-15 12:21:03;42.2
2026-05-15 12:21:18;42.1
2026-05-15 12:21:33;42.0
2026-05-15 12:21:48;41.9
2026-05-15 12:22:04;41.8
2026-05-15 12:22:19;42.0
2026-05-15 12:22:35;42.2
2026-05-15 12:22:50;42.6
2026-05-15 12:23:05;42.8
2026-05-15 12:23:20;42.9
2026-05-15 12:23:36;42.9
2026-05-15 12:23:51;42.9
2026-05-15 12:24:07;42.9
2026-05-15 12:24:22;42.7
2026-05-15 12:24:37;42.7
2026-05-15 12:24:52;42.5
2026-05-15 12:25:08;42.4
2026-05-15 12:25:23;42.4
2026-05-15 12:25:39;42.2
2026-05-15 12:25:54;42.2
2026-05-15 12:26:09;42.3
2026-05-15 12:26:24;42.4
2026-05-15 12:26:40;42.5
2026-05-15 12:26:55;42.6
2026-05-15 12:27:11;42.4
2026-05-15 12:27:26;42.2
2026-05-15 12:27:41;42.0
2026-05-15 12:27:56;42.0
2026-05-15 12:28:12;42.1
2026-05-15 12:28:27;42.1
2026-05-15 12:28:42;42.1
2026-05-15 12:28:58;42.0
2026-05-15 12:29:13;41.9
2026-05-15 12:29:29;41.9
2026-05-15 12:29:44;41.8
2026-05-15 12:29:59;41.7
2026-05-15 12:30:14;41.6
2026-05-15 12:30:29;41.4
2026-05-15 12:30:45;41.2
2026-05-15 12:31:00;41.3
2026-05-15 12:31:16;41.4
2026-05-15 12:31:31;41.4
2026-05-15 12:31:46;41.3
2026-05-15 12:32:01;41.4
2026-05-15 12:32:17;41.9
2026-05-15 12:32:32;42.4
2026-05-15 12:32:48;42.9
2026-05-15 12:33:03;43.3
2026-05-15 12:33:18;43.7
2026-05-15 12:33:33;44.1
2026-05-15 12:33:49;44.6
2026-05-15 12:34:04;45.3
2026-05-15 12:34:19;45.9
2026-05-15 12:34:34;46.4
2026-05-15 12:34:50;47.1
2026-05-15 12:35:05;47.7
2026-05-15 12:35:21;48.2
2026-05-15 12:35:36;48.7
2026-05-15 12:35:51;49.2
2026-05-15 12:36:06;49.7
2026-05-15 12:36:22;50.1
2026-05-15 12:36:37;50.4
2026-05-15 12:36:52;50.6
2026-05-15 12:37:07;50.7
2026-05-15 12:37:23;51.0
2026-05-15 12:37:38;50.8
2026-05-15 12:37:53;50.9
2026-05-15 12:38:08;50.9
2026-05-15 12:38:24;50.9
2026-05-15 12:38:39;50.8
2026-05-15 12:38:54;50.8
2026-05-15 12:39:09;51.1
2026-05-15 12:39:25;51.2
2026-05-15 12:39:40;51.2
2026-05-15 12:39:55;50.9
2026-05-15 12:40:10;51.0
2026-05-15 12:40:26;50.9
2026-05-15 12:40:41;51.0
2026-05-15 12:40:56;51.2
2026-05-15 12:41:11;51.6
2026-05-15 12:41:27;51.9
2026-05-15 12:41:42;52.1
2026-05-15 12:41:57;52.0
2026-05-15 12:42:12;51.9
2026-05-15 12:42:28;51.7
2026-05-15 12:42:43;51.2
2026-05-15 12:42:59;51.2
2026-05-15 12:43:14;51.4
2026-05-15 12:43:30;51.6
2026-05-15 12:43:45;52.2
2026-05-15 12:44:00;52.3
2026-05-15 12:44:15;52.2
2026-05-15 12:44:31;52.2
2026-05-15 12:44:46;52.4
2026-05-15 12:45:01;52.9
2026-05-15 12:45:16;53.2
2026-05-15 12:45:32;53.4
2026-05-15 12:45:47;53.8
2026-05-15 12:46:02;54.3
2026-05-15 12:46:17;54.7
2026-05-15 12:46:33;54.7
2026-05-15 12:46:48;54.7
2026-05-15 12:47:55;55.1
2026-05-15 12:47:55;55.8
2026-05-15 12:48:08;56.1
2026-05-15 12:48:21;56.4
2026-05-15 12:48:36;56.7
2026-05-15 12:48:52;57.1
2026-05-15 12:49:07;57.3
2026-05-15 12:49:23;57.3
2026-05-15 12:49:39;57.6
2026-05-15 12:49:54;57.7
2026-05-15 12:50:10;57.8
2026-05-15 12:50:25;57.6
2026-05-15 12:50:41;57.4
2026-05-15 12:50:56;57.5
2026-05-15 12:51:12;57.9
2026-05-15 12:51:28;58.3
2026-05-15 12:51:43;58.5
2026-05-15 12:52:00;58.7
2026-05-15 12:52:14;58.9
2026-05-15 12:52:30;59.0
2026-05-15 12:52:45;59.1
2026-05-15 12:53:01;59.2
2026-05-15 12:53:17;59.5
2026-05-15 12:53:32;59.7
2026-05-15 12:53:48;59.8
2026-05-15 12:54:03;59.7
2026-05-15 12:54:19;60.1
2026-05-15 12:54:34;60.2
2026-05-15 12:54:50;60.1
2026-05-15 12:55:05;59.9
2026-05-15 12:55:21;59.6
2026-05-15 12:55:36;59.2
2026-05-15 12:55:52;59.2
2026-05-15 12:57:22;59.5
2026-05-15 12:57:38;59.4
2026-05-15 12:57:57;59.4
2026-05-15 12:59:27;60.0
2026-05-15 12:59:28;60.9
2026-05-15 12:59:31;60.8
2026-05-15 12:59:47;60.6
2026-05-15 13:00:05;60.7
2026-05-15 13:00:18;60.8
2026-05-15 13:00:49;61.1
2026-05-15 13:01:04;61.2
2026-05-15 13:01:20;61.2
2026-05-15 13:01:35;61.3
2026-05-15 13:01:51;61.4
2026-05-15 13:02:06;61.4
2026-05-15 13:02:22;61.7
2026-05-15 13:02:37;61.8
2026-05-15 13:02:53;61.9
2026-05-15 13:03:09;61.9
2026-05-15 13:03:25;61.7
2026-05-15 13:03:40;61.7
2026-05-15 13:03:56;61.6
2026-05-15 13:04:11;61.7
2026-05-15 13:04:28;61.8
2026-05-15 13:04:42;61.8
2026-05-15 13:04:58;62.0
2026-05-15 13:05:13;62.2
2026-05-15 13:05:29;62.4
2026-05-15 13:05:44;62.5
2026-05-15 13:06:00;62.7
2026-05-15 13:06:16;62.7
2026-05-15 13:06:31;62.8
2026-05-15 13:06:47;62.9
2026-05-15 13:07:02;62.9
2026-05-15 13:07:18;62.6
2026-05-15 13:07:33;61.9
2026-05-15 13:07:49;62.1
2026-05-15 13:08:05;62.3
2026-05-15 13:08:20;61.8
2026-05-15 13:08:35;61.4
2026-05-15 13:08:51;60.6
2026-05-15 13:09:06;59.8
2026-05-15 13:09:23;59.2
2026-05-15 13:09:38;58.3
2026-05-15 13:09:53;57.4
2026-05-15 13:10:09;57.2
2026-05-15 13:10:24;57.2
2026-05-15 13:10:40;57.0
2026-05-15 13:10:56;56.8
2026-05-15 13:11:11;56.6
2026-05-15 13:11:27;56.2
2026-05-15 13:11:42;55.8
2026-05-15 13:11:58;55.6
2026-05-15 13:12:13;55.4
2026-05-15 13:12:29;55.2
2026-05-15 13:12:45;55.0
2026-05-15 13:13:00;54.4
2026-05-15 13:13:15;54.2
2026-05-15 13:13:30;54.2
2026-05-15 13:13:46;54.2
2026-05-15 13:14:01;54.3
2026-05-15 13:14:16;54.2
2026-05-15 13:14:31;54.2
2026-05-15 13:14:47;54.3
2026-05-15 13:15:02;53.9
2026-05-15 13:15:17;53.7
2026-05-15 13:15:32;53.3
2026-05-15 13:15:48;53.1
2026-05-15 13:16:03;52.7
2026-05-15 13:16:18;52.4
2026-05-15 13:16:33;51.7
2026-05-15 13:16:50;51.1
2026-05-15 13:17:04;50.9
2026-05-15 13:17:19;50.9
2026-05-15 13:17:34;50.8
2026-05-15 13:17:50;50.8
2026-05-15 13:18:05;50.6
2026-05-15 13:18:20;50.5
2026-05-15 13:18:35;50.1
2026-05-15 13:18:51;49.7
2026-05-15 13:19:06;49.6
2026-05-15 13:19:22;49.3
2026-05-15 13:19:37;48.9
2026-05-15 13:19:52;48.6
2026-05-15 13:20:07;48.3
2026-05-15 13:20:23;47.9
2026-05-15 13:20:38;47.7
2026-05-15 13:20:53;47.6
2026-05-15 13:21:08;47.5
2026-05-15 13:21:24;47.1
2026-05-15 13:21:39;46.9
2026-05-15 13:21:54;46.5
2026-05-15 13:22:09;46.2
2026-05-15 13:22:25;46.0
2026-05-15 13:22:40;45.8
2026-05-15 13:22:56;45.4
2026-05-15 13:23:11;44.9
2026-05-15 13:23:26;44.6
2026-05-15 13:23:41;44.5
2026-05-15 13:23:57;44.4
2026-05-15 13:24:12;44.1
2026-05-15 13:24:28;43.9
2026-05-15 13:24:43;43.6
2026-05-15 13:24:58;43.4
2026-05-15 13:25:13;43.3
2026-05-15 13:25:29;43.1
2026-05-15 13:25:44;42.9
2026-05-15 13:25:59;42.8
2026-05-15 13:26:14;42.7
2026-05-15 13:26:30;42.5
2026-05-15 13:26:45;42.4
2026-05-15 13:27:01;42.2
2026-05-15 13:27:16;42.1
2026-05-15 13:27:31;41.9
2026-05-15 13:27:46;41.9
2026-05-15 13:28:02;41.6
2026-05-15 13:28:17;41.4
2026-05-15 13:28:33;41.4
2026-05-15 13:28:48;41.2
2026-05-15 13:29:03;41.1
2026-05-15 13:29:18;40.9
2026-05-15 13:29:34;40.8
2026-05-15 13:29:49;40.8
2026-05-15 13:30:04;40.7
2026-05-15 13:30:20;40.7
2026-05-15 13:30:35;40.6
2026-05-15 13:30:50;40.5
2026-05-15 13:31:06;40.4
2026-05-15 13:31:21;40.4
2026-05-15 13:31:36;40.2
2026-05-15 13:31:51;40.1
2026-05-15 13:32:07;40.1
2026-05-15 13:32:22;40.0
2026-05-15 13:32:38;39.9
2026-05-15 13:32:53;39.8
2026-05-15 13:33:08;40.1
2026-05-15 13:33:23;40.6
2026-05-15 13:33:39;41.1
2026-05-15 13:33:54;41.6
2026-05-15 13:34:10;42.0
2026-05-15 13:34:25;42.6
2026-05-15 13:34:40;43.0
2026-05-15 13:34:55;43.5
2026-05-15 13:35:11;43.6
2026-05-15 13:35:26;43.6
2026-05-15 13:35:42;43.6
2026-05-15 13:35:57;43.4
2026-05-15 13:36:12;43.4
2026-05-15 13:36:27;43.3
2026-05-15 13:36:43;43.3
2026-05-15 13:36:58;43.3
2026-05-15 13:37:13;43.3
2026-05-15 13:37:28;43.3
2026-05-15 13:37:44;43.1
2026-05-15 13:37:59;43.1
2026-05-15 13:38:15;42.9
2026-05-15 13:38:30;42.8
2026-05-15 13:38:45;42.8
2026-05-15 13:39:00;42.7
2026-05-15 13:39:16;42.7
2026-05-15 13:39:31;42.9
2026-05-15 13:39:47;43.1
2026-05-15 13:40:02;43.4
2026-05-15 13:40:17;43.5
2026-05-15 13:40:32;43.9
2026-05-15 13:40:48;44.2
2026-05-15 13:41:03;44.4
2026-05-15 13:41:18;44.5
2026-05-15 13:41:33;44.5
2026-05-15 13:41:49;44.4
2026-05-15 13:42:04;44.4
2026-05-15 13:42:20;44.3
2026-05-15 13:42:35;44.2
2026-05-15 13:42:50;44.1
2026-05-15 13:43:05;44.1
2026-05-15 13:43:21;43.9
2026-05-15 13:43:36;43.9
2026-05-15 13:43:51;43.8
2026-05-15 13:44:06;44.1
2026-05-15 13:44:22;44.4
2026-05-15 13:44:37;44.7
2026-05-15 13:44:53;44.7
2026-05-15 13:45:08;45.1
2026-05-15 13:45:23;45.6
2026-05-15 13:45:38;46.0
2026-05-15 13:45:54;46.5
2026-05-15 13:46:09;46.8
2026-05-15 13:46:24;47.1
2026-05-15 13:46:39;47.4
2026-05-15 13:46:55;47.7
2026-05-15 13:47:10;48.1
2026-05-15 13:47:26;48.5
2026-05-15 13:47:41;48.9
2026-05-15 13:47:56;49.3
2026-05-15 13:48:11;49.6
2026-05-15 13:48:27;49.7
2026-05-15 13:48:42;49.6
2026-05-15 13:48:57;49.9
2026-05-15 13:49:12;50.2
2026-05-15 13:49:28;50.4
2026-05-15 13:49:43;50.4
2026-05-15 13:49:59;50.7
2026-05-15 13:50:13;50.9
2026-05-15 13:50:29;51.1
2026-05-15 13:50:44;51.3
2026-05-15 13:50:59;51.6
2026-05-15 13:51:14;51.9
2026-05-15 13:51:30;52.2
2026-05-15 13:51:45;52.5
2026-05-15 13:52:00;52.6
2026-05-15 13:52:15;52.7
2026-05-15 13:52:31;52.9
2026-05-15 13:52:46;52.9
2026-05-15 13:53:01;52.9
2026-05-15 13:53:16;53.1
2026-05-15 13:53:32;53.0
2026-05-15 13:53:47;53.0
2026-05-15 13:54:02;53.3
2026-05-15 13:54:18;53.4
2026-05-15 13:54:33;53.6
2026-05-15 13:54:48;53.9
2026-05-15 13:55:04;54.1
2026-05-15 13:55:18;54.2
2026-05-15 13:55:34;54.5
2026-05-15 13:55:49;54.6
2026-05-15 13:56:05;54.9
2026-05-15 13:56:19;55.1
2026-05-15 13:56:35;55.3
2026-05-15 13:56:51;55.6
2026-05-15 13:57:06;55.8
2026-05-15 13:57:22;56.0
2026-05-15 13:57:38;56.2
2026-05-15 13:57:53;56.4
2026-05-15 13:58:09;56.6
2026-05-15 13:58:25;56.7
2026-05-15 13:58:40;56.8
2026-05-15 13:58:56;56.9
2026-05-15 13:59:11;56.9
2026-05-15 13:59:27;57.1
2026-05-15 13:59:42;57.3
2026-05-15 13:59:58;57.4
2026-05-15 14:00:14;57.8
2026-05-15 14:00:29;58.0
2026-05-15 14:00:44;57.8
2026-05-15 14:01:00;57.5
2026-05-15 14:01:16;57.3
2026-05-15 14:01:32;57.5
2026-05-15 14:01:47;57.6
2026-05-15 14:02:03;57.6
2026-05-15 14:02:18;57.3
2026-05-15 14:02:34;57.6
2026-05-15 14:02:49;57.6
2026-05-15 14:03:05;57.5
2026-05-15 14:03:20;57.6
2026-05-15 14:03:36;57.6
2026-05-15 14:03:51;57.7
2026-05-15 14:04:07;57.9
2026-05-15 14:04:23;58.2
2026-05-15 14:04:38;58.0
2026-05-15 14:04:54;57.8
2026-05-15 14:05:10;58.0
2026-05-15 14:05:25;57.8
2026-05-15 14:05:40;57.4
2026-05-15 14:05:56;57.4
2026-05-15 14:06:12;57.4
2026-05-15 14:06:27;57.7
2026-05-15 14:06:43;57.2
2026-05-15 14:06:58;57.1
2026-05-15 14:07:14;56.7
2026-05-15 14:07:29;56.4
2026-05-15 14:07:45;56.2
2026-05-15 14:08:01;56.2
2026-05-15 14:08:16;56.4
2026-05-15 14:08:32;56.2
2026-05-15 14:08:47;56.2
2026-05-15 14:09:03;56.6
2026-05-15 14:09:19;56.6
2026-05-15 14:09:34;56.9
2026-05-15 14:09:50;57.2
2026-05-15 14:10:05;57.4
2026-05-15 14:10:21;57.2
2026-05-15 14:10:36;56.8
2026-05-15 14:10:52;56.7
2026-05-15 14:11:07;56.8
2026-05-15 14:11:23;57.3
2026-05-15 14:11:39;57.7
2026-05-15 14:11:54;57.7
2026-05-15 14:12:10;57.6
2026-05-15 14:12:25;57.3
2026-05-15 14:12:41;57.5
2026-05-15 14:12:56;57.7
2026-05-15 14:13:12;58.0
2026-05-15 14:13:28;58.3
2026-05-15 14:13:43;58.3
2026-05-15 14:13:59;58.4
2026-05-15 14:14:14;58.6
2026-05-15 14:14:30;58.6
2026-05-15 14:14:46;58.7
2026-05-15 14:15:01;58.8
2026-05-15 14:15:17;59.2
2026-05-15 14:15:32;58.9
2026-05-15 14:15:48;58.5
2026-05-15 14:16:04;58.3
2026-05-15 14:16:19;58.0
2026-05-15 14:16:35;57.7
2026-05-15 14:16:50;57.7
2026-05-15 14:17:06;57.8
2026-05-15 14:17:21;57.6
2026-05-15 14:17:37;57.2
2026-05-15 14:17:53;56.9
2026-05-15 14:18:08;57.2
2026-05-15 14:18:24;57.4
2026-05-15 14:18:39;57.7
2026-05-15 14:18:55;57.8
2026-05-15 14:19:10;57.8
2026-05-15 14:19:26;57.9
2026-05-15 14:19:41;57.7
2026-05-15 14:19:57;57.8
2026-05-15 14:20:12;58.1
2026-05-15 14:20:28;58.0
2026-05-15 14:20:44;57.9
2026-05-15 14:20:59;57.7
2026-05-15 14:21:15;57.6
2026-05-15 14:21:30;57.7
2026-05-15 14:21:46;57.9
2026-05-15 14:22:02;58.1
2026-05-15 14:22:17;58.0
2026-05-15 14:22:33;57.9
2026-05-15 14:22:48;58.0
2026-05-15 14:23:04;58.1
2026-05-15 14:23:19;57.9
2026-05-15 14:23:35;58.0
2026-05-15 14:23:51;58.0
2026-05-15 14:24:06;57.7
2026-05-15 14:24:22;57.2
2026-05-15 14:24:37;56.8
2026-05-15 14:24:53;56.4
2026-05-15 14:25:09;56.2
2026-05-15 14:25:24;55.9
2026-05-15 14:25:40;55.6
2026-05-15 14:25:55;55.3
2026-05-15 14:26:11;54.9
2026-05-15 14:26:26;54.4
2026-05-15 14:26:42;53.8
2026-05-15 14:26:57;53.6
2026-05-15 14:27:12;53.3
2026-05-15 14:27:28;52.7
2026-05-15 14:27:42;52.2
2026-05-15 14:27:58;52.0
2026-05-15 14:28:13;51.6
2026-05-15 14:28:28;51.2
2026-05-15 14:28:43;50.9
2026-05-15 14:28:59;50.6
2026-05-15 14:29:14;50.4
2026-05-15 14:29:30;50.2
2026-05-15 14:29:45;49.9
2026-05-15 14:30:00;49.6
2026-05-15 14:30:15;49.1
2026-05-15 14:30:31;48.7
2026-05-15 14:30:46;48.4
2026-05-15 14:31:01;48.1
2026-05-15 14:31:16;47.9
2026-05-15 14:31:32;47.7
2026-05-15 14:31:47;47.4
2026-05-15 14:32:02;47.2
2026-05-15 14:32:17;46.9
2026-05-15 14:32:33;46.7
2026-05-15 14:32:48;46.4
2026-05-15 14:33:04;46.2
2026-05-15 14:33:19;45.9
2026-05-15 14:33:34;45.7
2026-05-15 14:33:49;45.4
2026-05-15 14:34:05;45.2
2026-05-15 14:34:20;45.1
2026-05-15 14:34:35;44.7
2026-05-15 14:34:50;44.7
2026-05-15 14:35:06;44.6
2026-05-15 14:35:21;44.4
2026-05-15 14:35:37;44.3
2026-05-15 14:35:52;44.1
2026-05-15 14:36:08;43.7
2026-05-15 14:36:22;43.6
2026-05-15 14:36:38;43.4
2026-05-15 14:36:53;43.3
2026-05-15 14:37:08;43.3
2026-05-15 14:37:24;43.3
2026-05-15 14:37:39;43.1
2026-05-15 14:37:54;42.9
2026-05-15 14:38:10;42.7
2026-05-15 14:38:25;42.5
2026-05-15 14:38:40;42.3
2026-05-15 14:38:55;42.2
2026-05-15 14:39:11;41.9
2026-05-15 14:39:26;41.9
2026-05-15 14:39:42;41.7
2026-05-15 14:39:57;41.6
2026-05-15 14:40:12;41.5
2026-05-15 14:40:27;41.5
2026-05-15 14:40:43;41.4
2026-05-15 14:40:58;41.2
2026-05-15 14:41:14;41.2
2026-05-15 14:41:29;41.1
2026-05-15 14:41:44;41.2
2026-05-15 14:41:59;41.3
2026-05-15 14:42:15;41.4
2026-05-15 14:42:30;41.7
2026-05-15 14:42:45;42.0
2026-05-15 14:43:01;42.4
2026-05-15 14:43:16;42.7
2026-05-15 14:43:31;42.9
2026-05-15 14:43:47;43.3
2026-05-15 14:44:02;43.6
2026-05-15 14:44:19;43.9
2026-05-15 14:44:32;44.2
2026-05-15 14:45:02;44.6
2026-05-15 14:45:37;44.8
2026-05-15 14:46:12;45.8
2026-05-15 14:46:13;45.9
2026-05-15 14:46:22;46.2
2026-05-15 14:46:37;46.7
2026-05-15 14:46:53;47.0
2026-05-15 14:47:08;47.1
2026-05-15 14:47:24;47.2
2026-05-15 14:47:39;47.4
2026-05-15 14:47:54;47.8
2026-05-15 14:48:09;47.7
2026-05-15 14:48:25;48.0
2026-05-15 14:48:40;48.1
2026-05-15 14:48:55;48.3
2026-05-15 14:49:10;48.4
2026-05-15 14:49:26;48.3
2026-05-15 14:49:41;48.3
2026-05-15 14:49:56;48.4
2026-05-15 14:50:11;48.3
2026-05-15 14:50:27;48.3
2026-05-15 14:50:42;48.4
2026-05-15 14:50:58;48.5
2026-05-15 14:51:13;48.5
2026-05-15 14:51:28;48.4
2026-05-15 14:51:43;48.3
2026-05-15 14:51:59;48.1
2026-05-15 14:52:14;47.9
2026-05-15 14:52:29;47.7
2026-05-15 14:52:44;47.5
2026-05-15 14:53:00;47.3
2026-05-15 14:53:15;47.0
2026-05-15 14:53:30;46.7
2026-05-15 14:53:45;46.6
2026-05-15 14:54:01;46.3
2026-05-15 14:54:16;46.2
2026-05-15 14:54:32;46.1
2026-05-15 14:54:47;45.8
2026-05-15 14:55:02;45.6
2026-05-15 14:55:17;45.4
2026-05-15 14:55:33;45.2
2026-05-15 14:55:48;45.0
2026-05-15 14:56:05;44.9
2026-05-15 14:56:18;44.6
2026-05-15 14:56:49;44.3
2026-05-15 14:57:05;44.2
2026-05-15 14:57:20;44.0
2026-05-15 14:57:35;43.8
2026-05-15 14:57:50;43.6
2026-05-15 14:58:06;43.4
2026-05-15 14:58:21;43.3
2026-05-15 14:58:36;43.1
2026-05-15 14:58:51;43.1
2026-05-15 14:59:07;43.0
2026-05-15 14:59:22;42.9
2026-05-15 14:59:38;42.9
2026-05-15 14:59:53;42.9
2026-05-15 15:00:08;43.0
2026-05-15 15:00:23;42.9
2026-05-15 15:00:39;42.8
2026-05-15 15:00:54;42.7
2026-05-15 15:01:10;42.6
2026-05-15 15:01:25;42.6
2026-05-15 15:01:40;42.5
2026-05-15 15:01:55;42.4
2026-05-15 15:02:11;42.4
2026-05-15 15:02:26;42.2
2026-05-15 15:02:42;42.1
2026-05-15 15:02:57;41.9
2026-05-15 15:03:12;41.7
2026-05-15 15:03:27;41.6
2026-05-15 15:03:43;41.4
2026-05-15 15:04:00;41.2
2026-05-15 15:04:13;41.1
2026-05-15 15:04:29;41.0
2026-05-15 15:04:44;40.9
2026-05-15 15:04:59;40.8
2026-05-15 15:05:15;40.7
2026-05-15 15:05:30;40.6
2026-05-15 15:05:45;40.5
2026-05-15 15:06:01;40.5
2026-05-15 15:06:16;40.4
2026-05-15 15:06:31;40.2
2026-05-15 15:06:47;40.1
2026-05-15 15:07:02;40.0
2026-05-15 15:07:17;39.9
2026-05-15 15:07:32;39.8
2026-05-15 15:07:48;39.7
2026-05-15 15:08:03;39.6
2026-05-15 15:08:19;39.5
2026-05-15 15:08:34;39.3
2026-05-15 15:08:49;39.2
2026-05-15 15:09:04;39.2
2026-05-15 15:09:19;39.1
2026-05-15 15:09:34;39.1
2026-05-15 15:09:49;39.0
2026-05-15 15:10:04;39.0
2026-05-15 15:10:19;38.9
2026-05-15 15:10:34;38.9
2026-05-15 15:10:49;38.9
2026-05-15 15:11:04;38.7
2026-05-15 15:11:21;38.7
2026-05-15 15:11:34;38.6
2026-05-15 15:11:49;38.5
2026-05-15 15:12:04;38.4
2026-05-15 15:12:25;38.3
2026-05-15 15:12:34;38.2
2026-05-15 15:12:49;38.1
2026-05-15 15:13:04;38.0
2026-05-15 15:13:19;37.9
2026-05-15 15:13:34;37.8
2026-05-15 15:13:49;37.8
2026-05-15 15:14:04;37.7
2026-05-15 15:14:19;37.7
2026-05-15 15:14:34;37.7
2026-05-15 15:14:49;37.7
2026-05-15 15:15:04;37.6
2026-05-15 15:15:19;37.5
2026-05-15 15:15:34;37.4
2026-05-15 15:15:49;37.4
2026-05-15 15:16:04;37.4
2026-05-15 15:16:19;37.3
2026-05-15 15:16:34;37.2
2026-05-15 15:16:49;37.1
2026-05-15 15:17:04;37.1
2026-05-15 15:17:19;37.0
2026-05-15 15:17:34;36.9
2026-05-15 15:17:49;36.9
2026-05-15 15:18:04;36.8
2026-05-15 15:18:19;36.7
2026-05-15 15:18:34;36.7
2026-05-15 15:18:49;36.6
2026-05-15 15:19:04;36.5
2026-05-15 15:19:19;36.4
2026-05-15 15:19:34;36.4
2026-05-15 15:19:49;36.4
2026-05-15 15:20:04;36.3
2026-05-15 15:20:19;36.2
2026-05-15 15:20:34;36.2
2026-05-15 15:20:49;36.1
2026-05-15 15:21:04;36.1
2026-05-15 15:21:19;36.1
2026-05-15 15:21:34;36.1
2026-05-15 15:21:49;36.0
2026-05-15 15:22:04;35.9
2026-05-15 15:22:19;35.9
2026-05-15 15:22:48;35.9
2026-05-15 15:22:49;35.8
2026-05-15 15:23:04;35.7
2026-05-15 15:23:19;35.7
2026-05-15 15:23:34;35.7
2026-05-15 15:23:49;35.6
2026-05-15 15:24:04;35.6
2026-05-15 15:24:19;35.6
2026-05-15 15:24:34;35.6
2026-05-15 15:24:49;35.6
2026-05-15 15:25:04;35.5
2026-05-15 15:25:19;35.5
2026-05-15 15:25:34;35.4
2026-05-15 15:25:49;35.4
2026-05-15 15:26:04;35.4
2026-05-15 15:26:19;35.4
2026-05-15 15:26:35;35.4
2026-05-15 15:26:51;35.4
2026-05-15 15:27:05;35.2
2026-05-15 15:27:20;35.2
2026-05-15 15:27:35;35.2
2026-05-15 15:27:50;35.1
2026-05-15 15:28:05;35.1
2026-05-15 15:28:20;35.1
2026-05-15 15:28:35;35.1
2026-05-15 15:28:50;35.1
2026-05-15 15:29:05;35.1
2026-05-15 15:29:20;35.1
2026-05-15 15:29:35;35.1
2026-05-15 15:29:50;35.1
2026-05-15 15:30:05;35.0
2026-05-15 15:30:20;35.0
2026-05-15 15:30:35;34.9
2026-05-15 15:30:50;35.0
2026-05-15 15:31:05;34.9
2026-05-15 15:31:20;34.9
2026-05-15 15:31:50;34.9
2026-05-15 15:32:30;34.8
2026-05-15 15:32:30;34.9
2026-05-15 15:32:36;34.9
2026-05-15 15:33:21;34.8
2026-05-18 09:08:59;0.0
2026-05-18 09:09:16;29.9
2026-05-18 09:09:29;29.8
2026-05-18 09:09:44;29.9
2026-05-18 09:09:59;30.0
2026-05-18 09:10:14;30.1
2026-05-18 09:10:29;30.2
2026-05-18 09:10:44;30.3
2026-05-18 09:10:59;30.3
2026-05-18 09:11:14;30.4
2026-05-18 09:11:29;30.4
2026-05-18 09:11:44;30.4
2026-05-18 09:12:00;30.4
2026-05-18 09:12:15;30.5
2026-05-18 09:12:30;30.6
2026-05-18 09:12:45;30.6
2026-05-18 09:13:00;30.6
2026-05-18 09:13:15;30.6
2026-05-18 09:13:30;30.8
2026-05-18 09:13:45;30.7
2026-05-18 09:14:00;30.8
2026-05-18 09:14:15;30.8
2026-05-18 09:14:30;30.8
2026-05-18 09:14:45;30.9
2026-05-18 09:15:01;30.9
2026-05-18 09:15:15;30.9
2026-05-18 09:15:30;30.9
2026-05-18 09:15:45;30.9
2026-05-18 09:16:00;30.9
2026-05-18 09:16:15;31.0
2026-05-18 09:16:30;31.1
2026-05-18 09:16:45;31.1
2026-05-18 09:17:01;31.1
2026-05-18 09:17:16;31.1
2026-05-18 09:17:31;31.1
2026-05-18 09:17:46;31.1
2026-05-18 09:18:01;31.1
2026-05-18 09:18:16;31.1
2026-05-18 09:18:31;31.2
2026-05-18 09:18:46;31.2
2026-05-18 09:19:01;31.3
2026-05-18 09:19:16;31.4
2026-05-18 09:19:31;31.4
2026-05-18 09:19:47;31.4
2026-05-18 09:20:01;31.4
2026-05-18 09:20:17;31.5
2026-05-18 09:20:31;31.6
2026-05-18 09:20:46;31.6
2026-05-18 09:21:01;31.6
2026-05-18 09:21:16;31.7
2026-05-18 09:21:31;31.6
2026-05-18 09:21:47;31.7
2026-05-18 09:22:01;31.7
2026-05-18 09:22:17;31.9
2026-05-18 09:22:32;32.0
2026-05-18 09:22:47;32.0
2026-05-18 09:23:02;32.1
2026-05-18 09:23:17;32.2
2026-05-18 09:23:32;32.2
2026-05-18 09:23:47;32.2
2026-05-18 09:24:02;32.2
2026-05-18 09:24:17;32.4
2026-05-18 09:24:32;32.5
2026-05-18 09:24:48;32.6
2026-05-18 09:25:02;32.7
2026-05-18 09:25:17;32.9
2026-05-18 09:25:32;33.1
2026-05-18 09:25:47;33.1
2026-05-18 09:26:02;33.3
2026-05-18 09:26:17;33.4
2026-05-18 09:26:32;33.5
2026-05-18 09:27:03;33.6
2026-05-18 09:27:18;33.7
2026-05-18 09:27:33;33.6
2026-05-18 09:27:48;33.7
2026-05-18 09:28:03;33.7
2026-05-18 09:28:18;33.7
2026-05-18 09:28:33;33.7
2026-05-18 09:28:48;33.8
2026-05-18 09:29:03;33.8
2026-05-18 09:29:18;33.9
2026-05-18 09:29:33;33.9
2026-05-18 09:29:48;33.9
2026-05-18 09:30:03;33.9
2026-05-18 09:30:18;33.9
2026-05-18 09:30:33;34.0
2026-05-18 09:30:48;34.0
2026-05-18 09:31:03;34.1
2026-05-18 09:31:18;34.0
2026-05-18 09:31:33;34.0
2026-05-18 09:31:48;33.9
2026-05-18 09:32:03;33.8
2026-05-18 09:32:18;33.7
2026-05-18 09:32:33;33.7
2026-05-18 09:32:48;33.7
2026-05-18 09:33:03;33.7
2026-05-18 09:33:18;33.7
2026-05-18 09:33:33;33.7
2026-05-18 09:33:48;33.7
2026-05-18 09:34:03;33.7
2026-05-18 09:34:18;33.7
2026-05-18 09:34:33;33.6
2026-05-18 09:34:48;33.5
2026-05-18 09:35:03;33.4
2026-05-18 09:35:18;33.4
2026-05-18 09:35:34;33.5
2026-05-18 09:35:50;33.4
2026-05-18 09:36:04;33.5
2026-05-18 09:36:19;33.5
2026-05-18 09:36:34;33.4
2026-05-18 09:36:49;33.5
2026-05-18 09:37:04;33.6
2026-05-18 09:37:19;33.6
2026-05-18 09:37:34;33.7
2026-05-18 09:37:49;33.7
2026-05-18 09:38:04;33.7
2026-05-18 09:38:19;33.8
2026-05-18 09:38:34;33.9
2026-05-18 09:38:49;33.8
2026-05-18 09:39:04;33.8
2026-05-18 09:39:19;33.8
2026-05-18 09:39:34;33.9
2026-05-18 09:39:49;33.9
2026-05-18 09:40:04;33.9
2026-05-18 09:40:19;34.0
2026-05-18 09:40:34;34.0
2026-05-18 09:40:49;34.0
2026-05-18 09:41:04;34.0
2026-05-18 09:41:19;34.0
2026-05-18 09:41:34;34.1
2026-05-18 09:41:49;34.1
2026-05-18 09:42:04;34.4
2026-05-18 09:42:19;34.9
2026-05-18 09:42:34;35.3
2026-05-18 09:42:49;35.7
2026-05-18 09:43:04;36.4
2026-05-18 09:43:19;37.0
2026-05-18 09:43:34;37.4
2026-05-18 09:43:49;37.9
2026-05-18 09:44:04;38.2
2026-05-18 09:44:19;38.4
2026-05-18 09:44:34;38.5
2026-05-18 09:44:49;38.4
2026-05-18 09:45:04;38.4
2026-05-18 09:45:19;38.5
2026-05-18 09:45:34;38.5
2026-05-18 09:45:50;38.5
2026-05-18 09:46:04;38.5
2026-05-18 09:46:19;38.5
2026-05-18 09:46:34;38.4
2026-05-18 09:46:49;38.4
2026-05-18 09:47:04;38.4
2026-05-18 09:47:19;38.3
2026-05-18 09:47:34;38.2
2026-05-18 09:47:49;38.1
2026-05-18 09:48:04;38.0
2026-05-18 09:48:20;37.9
2026-05-18 09:48:34;37.8
2026-05-18 09:48:49;37.7
2026-05-18 09:49:05;37.6
2026-05-18 09:49:19;37.6
2026-05-18 09:49:34;37.6
2026-05-18 09:49:50;37.7
2026-05-18 09:50:04;37.7
2026-05-18 09:50:19;37.4
2026-05-18 09:50:35;37.5
2026-05-18 09:50:49;37.6
2026-05-18 09:51:04;37.8
2026-05-18 09:51:20;37.9
2026-05-18 09:51:34;37.9
2026-05-18 09:51:50;37.4
2026-05-18 09:52:05;37.2
2026-05-18 09:52:20;37.2
2026-05-18 09:52:35;37.3
2026-05-18 09:52:50;37.3
2026-05-18 09:53:05;37.4
2026-05-18 09:53:20;37.3
2026-05-18 09:53:35;37.3
2026-05-18 09:53:50;37.4
2026-05-18 09:54:05;37.2
2026-05-18 09:54:20;37.2
2026-05-18 09:54:35;37.2
2026-05-18 09:54:50;37.3
2026-05-18 09:55:05;37.3
2026-05-18 09:55:20;37.3
2026-05-18 09:55:35;37.2
2026-05-18 09:55:50;37.2
2026-05-18 09:56:05;37.1
2026-05-18 09:56:20;37.0
2026-05-18 09:56:35;36.9
2026-05-18 09:56:50;36.8
2026-05-18 09:57:05;36.7
2026-05-18 09:57:20;36.7
2026-05-18 09:57:35;36.7
2026-05-18 09:57:50;36.7
2026-05-18 09:58:05;36.7
2026-05-18 09:58:20;36.6
2026-05-18 09:58:35;36.6
2026-05-18 09:58:50;36.6
2026-05-18 09:59:05;36.6
2026-05-18 09:59:20;36.6
2026-05-18 09:59:35;36.6
2026-05-18 09:59:50;36.6
2026-05-18 10:00:05;36.6
2026-05-18 10:00:20;36.6
2026-05-18 10:00:35;36.5
2026-05-18 10:00:50;36.6
2026-05-18 10:01:05;36.6
2026-05-18 10:01:20;36.6
2026-05-18 10:01:35;36.6
2026-05-18 10:01:50;36.6
2026-05-18 10:02:05;36.5
2026-05-18 10:02:20;36.6
2026-05-18 10:02:35;36.6
2026-05-18 10:02:50;36.6
2026-05-18 10:03:05;36.6
2026-05-18 10:03:20;36.5
2026-05-18 10:03:35;36.6
2026-05-18 10:03:50;36.5
2026-05-18 10:04:05;36.6
2026-05-18 10:04:20;36.4
2026-05-18 10:04:35;36.5
2026-05-18 10:04:50;36.5
2026-05-18 10:05:05;36.6
2026-05-18 10:05:20;36.5
2026-05-18 10:05:35;36.4
2026-05-18 10:05:50;36.4
2026-05-18 10:06:05;36.4
2026-05-18 10:06:20;36.4
2026-05-18 10:06:35;36.4
2026-05-18 10:06:50;36.4
2026-05-18 10:07:05;36.4
2026-05-18 10:07:20;36.4
2026-05-18 10:07:35;36.4
2026-05-18 10:07:50;36.4
2026-05-18 10:08:05;36.4
2026-05-18 10:08:20;36.4
2026-05-18 10:08:35;36.4
2026-05-18 10:08:50;36.4
2026-05-18 10:09:05;36.4
2026-05-18 10:09:20;36.3
2026-05-18 10:09:35;36.3
2026-05-18 10:09:50;36.4
2026-05-18 10:10:06;36.5
2026-05-18 10:10:20;36.6
2026-05-18 10:10:35;36.9
2026-05-18 10:10:50;37.4
2026-05-18 10:11:05;37.9
2026-05-18 10:11:20;38.5
2026-05-18 10:11:35;39.1
2026-05-18 10:11:50;39.6
2026-05-18 10:12:05;40.1
2026-05-18 10:12:21;40.7
2026-05-18 10:12:36;41.2
2026-05-18 10:12:51;41.9
2026-05-18 10:13:06;42.4
2026-05-18 10:13:22;42.8
2026-05-18 10:13:37;43.4
2026-05-18 10:13:53;43.4
2026-05-18 10:14:08;43.5
2026-05-18 10:14:23;43.7
2026-05-18 10:14:38;44.1
2026-05-18 10:14:54;44.4
2026-05-18 10:15:09;44.4
2026-05-18 10:15:25;44.2
2026-05-18 10:15:40;43.9
2026-05-18 10:15:55;43.9
2026-05-18 10:16:10;43.8
2026-05-18 10:16:26;43.7
2026-05-18 10:16:41;43.6
2026-05-18 10:16:56;43.5
2026-05-18 10:17:11;43.6
2026-05-18 10:17:27;43.8
2026-05-18 10:17:42;44.1
2026-05-18 10:17:58;44.3
2026-05-18 10:18:13;44.6
2026-05-18 10:18:28;44.7
2026-05-18 10:18:57;45.2
2026-05-18 10:18:59;45.6
2026-05-18 12:28:48;34.4
2026-05-18 12:29:03;34.6
2026-05-18 12:29:18;34.6
2026-05-18 12:29:50;34.6
2026-05-18 12:30:27;34.7
2026-05-18 12:30:38;34.8
2026-05-18 12:30:53;34.8
2026-05-18 12:31:08;34.9
2026-05-18 12:31:23;34.8
2026-05-18 12:31:40;34.8
2026-05-18 12:31:53;34.9
2026-05-18 12:32:08;34.9
2026-05-18 12:32:23;34.9
2026-05-18 12:32:38;35.0
2026-05-18 12:32:53;35.1
2026-05-18 12:33:08;35.1
2026-05-18 12:33:23;35.2
2026-05-18 12:33:38;35.3
2026-05-18 12:33:53;35.3
2026-05-18 12:34:08;35.4
2026-05-18 12:34:26;35.6
2026-05-18 12:34:40;35.7
2026-05-18 12:34:53;35.7
2026-05-18 12:35:08;35.7
2026-05-18 12:35:24;35.8
2026-05-18 12:35:39;35.9
2026-05-18 12:35:56;35.9
2026-05-18 12:36:09;35.9
2026-05-18 12:36:24;35.8
2026-05-18 12:36:39;35.7
2026-05-18 12:36:54;35.6
2026-05-18 12:37:22;35.6
2026-05-18 12:37:30;35.6
2026-05-18 12:37:39;35.6
2026-05-18 12:37:54;35.6
2026-05-18 12:38:09;35.7
2026-05-18 12:38:30;35.8
2026-05-18 12:38:45;35.9
2026-05-18 12:38:54;35.8
2026-05-18 12:39:09;35.9
2026-05-18 12:39:26;35.9
2026-05-18 12:39:39;36.1
2026-05-18 12:39:54;36.1
2026-05-18 12:40:38;36.1
2026-05-18 12:40:43;36.2
2026-05-18 12:40:55;36.3
2026-05-18 12:41:10;36.3
2026-05-18 12:41:24;36.2
2026-05-18 12:41:40;36.2
2026-05-18 12:41:55;36.2
2026-05-18 12:42:10;36.2
2026-05-18 12:42:25;36.2
2026-05-18 12:42:40;36.2
2026-05-18 12:42:55;36.1
2026-05-18 12:44:44;35.9
2026-05-18 12:45:14;35.7
2026-05-18 12:45:29;35.7
2026-05-18 12:45:44;35.7
2026-05-18 12:45:59;35.6
2026-05-18 12:46:18;35.6
2026-05-18 12:46:29;35.4
2026-05-18 12:46:44;35.3
2026-05-18 12:47:08;35.2
2026-05-18 12:47:14;35.2
2026-05-18 12:47:29;35.1
2026-05-18 12:47:45;35.1
2026-05-18 12:47:59;35.2
2026-05-18 12:48:14;35.2
2026-05-18 12:48:29;35.3
2026-05-18 12:48:45;35.3
2026-05-18 12:49:00;35.3
2026-05-18 12:49:15;35.4
2026-05-18 12:49:30;35.4
2026-05-18 12:49:45;35.4
2026-05-18 12:50:00;35.6
2026-05-18 12:50:15;35.6
2026-05-18 12:50:30;35.6
2026-05-18 12:50:45;35.7
2026-05-18 12:51:00;35.7
2026-05-18 12:51:15;35.7
2026-05-18 12:51:30;35.7
2026-05-18 12:51:46;35.7
2026-05-18 12:52:00;35.9
2026-05-18 12:52:15;35.9
2026-05-18 12:52:30;35.8
2026-05-18 12:52:45;35.9
2026-05-18 12:53:00;35.8
2026-05-18 12:53:15;35.9
2026-05-18 12:53:30;36.0
2026-05-18 12:53:45;36.1
2026-05-18 12:54:00;36.1
2026-05-18 12:54:15;36.2
2026-05-18 12:54:30;36.2
2026-05-18 12:54:45;36.4
2026-05-18 12:55:00;36.4
2026-05-18 12:55:15;36.4
2026-05-18 12:55:30;36.6
2026-05-18 12:55:45;36.6
2026-05-18 12:56:00;36.6
2026-05-18 12:56:15;36.6
2026-05-18 12:56:30;36.7
2026-05-18 12:56:45;36.9
2026-05-18 12:57:00;36.9
2026-05-18 12:57:15;37.0
2026-05-18 12:57:30;37.1
2026-05-18 12:57:45;37.1
2026-05-18 12:58:00;37.0
2026-05-18 12:58:17;36.9
2026-05-18 12:58:44;36.9
2026-05-18 12:58:45;37.0
2026-05-18 12:59:01;37.1
2026-05-18 12:59:16;37.1
2026-05-18 12:59:30;37.2
2026-05-18 12:59:46;37.2
2026-05-18 13:00:01;37.2
2026-05-18 13:00:18;37.2
2026-05-18 13:00:30;37.3
2026-05-18 13:00:45;37.4
2026-05-18 13:01:00;37.6
2026-05-18 13:01:15;37.7
2026-05-18 13:01:30;37.7
2026-05-18 13:01:45;37.7
2026-05-18 13:02:01;37.7
2026-05-18 13:02:15;37.8
2026-05-18 13:02:30;38.0
2026-05-18 13:02:46;38.2
2026-05-18 13:03:04;38.3
2026-05-18 13:03:15;38.6
2026-05-18 13:03:30;38.6
2026-05-18 13:03:45;38.7
2026-05-18 13:04:00;39.1
2026-05-18 13:04:16;39.3
2026-05-18 13:04:31;39.8
2026-05-18 13:04:46;40.2
2026-05-18 13:05:01;40.8
2026-05-18 13:05:18;41.4
2026-05-18 13:05:32;41.9
2026-05-18 13:05:50;42.6
2026-05-18 13:06:02;43.2
2026-05-18 13:06:18;43.8
2026-05-18 13:06:33;44.5
2026-05-18 13:06:49;45.1
2026-05-18 13:07:05;45.6
2026-05-18 13:07:19;45.8
2026-05-18 13:07:34;46.2
2026-05-18 13:07:57;46.5
2026-05-18 13:08:12;46.7
2026-05-18 13:08:28;46.7
2026-05-18 13:08:39;46.9
2026-05-18 13:08:54;46.7
2026-05-18 13:09:09;46.7
2026-05-18 13:09:24;46.7
2026-05-18 13:09:40;46.6
2026-05-18 13:09:55;46.6
2026-05-18 13:10:10;46.5
2026-05-18 13:10:26;46.2
2026-05-18 13:10:41;46.1
2026-05-18 13:10:56;45.8
2026-05-18 13:11:14;45.8
2026-05-18 13:11:27;45.6
2026-05-18 13:11:42;45.4
2026-05-18 13:11:57;45.3
2026-05-18 13:12:13;45.2
2026-05-18 13:12:28;45.1
2026-05-18 13:12:43;44.9
2026-05-18 13:12:59;44.9
2026-05-18 13:13:14;44.7
2026-05-18 13:13:29;44.6
2026-05-18 13:13:45;44.5
2026-05-18 13:14:00;44.4
2026-05-18 13:14:18;44.3
2026-05-18 13:14:32;44.1
2026-05-18 13:14:46;44.1
2026-05-18 13:15:01;43.9
2026-05-18 13:15:16;44.0
2026-05-18 13:15:31;44.0
2026-05-18 13:15:47;44.0
2026-05-18 13:16:03;43.7
2026-05-18 13:16:18;43.7
2026-05-18 13:16:33;43.8
2026-05-18 13:16:48;43.7
2026-05-18 13:17:03;43.7
2026-05-18 13:17:19;43.7
2026-05-18 13:17:34;43.6
2026-05-18 13:17:49;43.6
2026-05-18 13:18:05;43.6
2026-05-18 13:18:20;43.8
2026-05-18 13:18:35;44.1
2026-05-18 13:18:51;44.4
2026-05-18 13:19:06;44.7
2026-05-18 13:19:21;45.0
2026-05-18 13:19:36;45.1
2026-05-18 13:19:52;45.5
2026-05-18 13:20:07;45.5
2026-05-18 13:20:22;45.4
2026-05-18 13:20:38;45.3
2026-05-18 13:20:53;45.7
2026-05-18 13:21:08;45.9
2026-05-18 13:21:24;46.1
2026-05-18 13:21:39;46.2
2026-05-18 13:21:54;46.7
2026-05-18 13:22:09;47.2
2026-05-18 13:22:25;47.5
2026-05-18 13:22:41;47.6
2026-05-18 13:23:07;47.3
2026-05-18 13:23:11;47.4
2026-05-18 13:23:32;47.6
2026-05-18 13:23:41;48.0
2026-05-18 13:23:57;48.5
2026-05-18 13:24:12;49.0
2026-05-18 13:24:30;49.5
2026-05-18 13:24:42;49.6
2026-05-18 13:24:58;49.6
2026-05-18 13:25:14;50.0
2026-05-18 13:25:30;50.2
2026-05-18 13:25:43;50.3
2026-05-18 13:26:06;50.2
2026-05-18 13:26:15;49.9
2026-05-18 13:26:29;49.9
2026-05-18 13:26:44;50.1
2026-05-18 13:27:00;50.0
2026-05-18 13:27:15;50.4
2026-05-18 13:27:46;50.5
2026-05-18 13:28:04;50.8
2026-05-18 13:28:16;50.8
2026-05-18 13:28:34;50.9
2026-05-18 13:28:47;51.1
2026-05-18 13:29:09;50.9
2026-05-18 13:29:17;51.3
2026-05-18 13:29:32;51.2
2026-05-18 13:29:48;51.1
2026-05-18 13:30:05;51.1
2026-05-18 13:30:18;50.9
2026-05-18 13:30:35;50.6
2026-05-18 13:30:49;50.4
2026-05-18 13:31:04;50.4
2026-05-18 13:31:24;50.4
2026-05-18 13:31:44;49.7
2026-05-18 13:31:55;49.5
2026-05-18 13:32:11;48.9
2026-05-18 13:32:31;48.5
2026-05-18 13:32:41;48.4
2026-05-18 13:32:57;48.1
2026-05-18 13:33:12;48.1
2026-05-18 13:33:28;47.9
2026-05-18 13:33:42;47.7
2026-05-18 13:33:58;47.3
2026-05-18 13:34:13;47.0
2026-05-18 13:34:29;46.7
2026-05-18 13:34:44;46.4
2026-05-18 13:34:59;46.3
2026-05-18 13:35:14;46.2
2026-05-18 13:35:30;46.1
2026-05-18 13:36:00;45.2
2026-05-18 13:36:16;44.9
2026-05-18 13:36:31;44.5
2026-05-18 13:36:46;44.2
2026-05-18 13:37:01;44.0
2026-05-18 13:37:16;43.9
2026-05-18 13:37:35;43.8
2026-05-18 13:37:47;43.7
2026-05-18 13:38:05;43.6
2026-05-18 13:38:18;43.6
2026-05-18 13:38:33;43.4
2026-05-18 13:39:06;43.3
2026-05-18 13:39:22;42.7
2026-05-18 13:39:34;42.7
2026-05-18 13:39:50;42.6
2026-05-18 13:40:05;42.3
2026-05-18 13:40:51;41.7
2026-05-18 13:41:07;41.7
2026-05-18 13:41:25;41.6
2026-05-18 13:41:37;41.4
2026-05-18 13:41:52;41.1
2026-05-18 13:42:10;40.9
2026-05-18 13:42:23;40.9
2026-05-18 13:42:38;40.7
2026-05-18 13:42:53;40.6
2026-05-18 13:43:09;40.5
2026-05-18 13:43:24;40.6
2026-05-18 13:43:40;40.4
2026-05-18 13:43:55;40.5
2026-05-18 13:44:10;40.8
2026-05-18 13:44:25;41.2
2026-05-18 13:44:41;41.7
2026-05-18 13:44:56;42.1
2026-05-18 13:45:12;42.7
2026-05-18 13:45:27;43.1
2026-05-18 13:45:42;43.6
2026-05-18 13:46:00;44.1
2026-05-18 13:46:13;44.7
2026-05-18 13:46:28;45.2
2026-05-18 13:46:43;45.8
2026-05-18 13:46:58;46.2
2026-05-18 13:47:14;46.6
2026-05-18 13:47:31;47.1
2026-05-18 13:47:45;47.4
2026-05-18 13:48:00;47.9
2026-05-18 13:48:15;48.1
2026-05-18 13:48:32;48.4
2026-05-18 13:48:46;48.7
2026-05-18 13:49:01;49.1
2026-05-18 13:49:16;49.5
2026-05-18 13:49:32;49.9
2026-05-18 13:49:47;50.1
2026-05-18 13:50:04;50.1
2026-05-18 13:50:17;49.8
2026-05-18 13:50:32;49.7
2026-05-18 13:50:48;49.6
2026-05-18 13:51:03;49.5
2026-05-18 13:51:20;49.5
2026-05-18 13:51:34;49.4
2026-05-18 13:51:57;49.4
2026-05-18 13:52:04;49.2
2026-05-18 13:52:20;48.9
2026-05-18 13:52:38;48.7
2026-05-18 13:52:50;48.2
2026-05-18 13:53:05;47.8
2026-05-18 13:53:24;47.4
2026-05-18 13:53:52;47.4
2026-05-18 13:54:07;46.6
2026-05-18 13:54:12;46.2
2026-05-18 13:54:28;45.9
2026-05-18 13:54:43;45.1
2026-05-18 13:54:59;45.1
2026-05-18 13:55:14;45.3
2026-05-18 13:55:29;45.6
2026-05-18 13:55:44;45.7
2026-05-18 13:56:00;45.9
2026-05-18 13:56:15;46.2
2026-05-18 13:56:30;46.2
2026-05-18 13:56:45;46.7
2026-05-18 13:57:01;46.8
2026-05-18 13:57:16;47.1
2026-05-18 13:57:32;47.2
2026-05-18 13:57:47;47.4
2026-05-18 13:58:02;47.7
2026-05-18 13:58:18;47.9
2026-05-18 13:58:33;48.2
2026-05-18 13:58:48;48.5
2026-05-18 13:59:03;48.9
2026-05-18 13:59:19;49.2
2026-05-18 13:59:34;49.3
2026-05-18 13:59:49;49.6
2026-05-18 14:00:04;49.7
2026-05-18 14:00:20;49.9
2026-05-18 14:00:35;50.0
2026-05-18 14:00:50;50.6
2026-05-18 14:01:05;50.8
2026-05-18 14:01:21;50.9
2026-05-18 14:01:36;51.4
2026-05-18 14:01:52;51.1
2026-05-18 14:02:07;50.8
2026-05-18 14:02:22;50.6
2026-05-18 14:02:37;50.9
2026-05-18 14:02:53;51.1
2026-05-18 14:03:08;51.2
2026-05-18 14:03:23;51.1
2026-05-18 14:03:39;51.6
2026-05-18 14:03:54;51.9
2026-05-18 14:04:09;51.7
2026-05-18 14:04:24;51.2
2026-05-18 14:04:39;51.4
2026-05-18 14:04:55;51.5
2026-05-18 14:05:10;52.1
2026-05-18 14:05:25;52.5
2026-05-18 14:05:40;52.9
2026-05-18 14:05:56;53.0
2026-05-18 14:06:11;53.3
2026-05-18 14:06:26;53.6
2026-05-18 14:06:41;53.9
2026-05-18 14:06:57;54.1
2026-05-18 14:07:12;54.1
2026-05-18 14:07:27;54.2
2026-05-18 14:07:43;54.4
2026-05-18 14:07:58;54.7
2026-05-18 14:08:13;54.4
2026-05-18 14:08:28;54.0
2026-05-18 14:08:43;54.2
2026-05-18 14:08:59;54.4
2026-05-18 14:09:14;54.6
2026-05-18 14:09:29;55.1
2026-05-18 14:09:44;55.2
2026-05-18 14:10:00;55.4
2026-05-18 14:10:16;55.6
2026-05-18 14:10:31;55.6
2026-05-18 14:10:47;55.7
2026-05-18 14:11:02;55.6
2026-05-18 14:11:18;55.6
2026-05-18 14:11:33;55.8
2026-05-18 14:11:49;56.1
2026-05-18 14:12:04;55.9
2026-05-18 14:12:20;56.1
2026-05-18 14:12:36;56.4
2026-05-18 14:12:51;56.4
2026-05-18 14:13:07;56.2
2026-05-18 14:13:23;56.2
2026-05-18 14:13:38;56.1
2026-05-18 14:13:54;56.0
2026-05-18 14:14:10;55.8
2026-05-18 14:14:25;55.7
2026-05-18 14:14:41;55.6
2026-05-18 14:14:56;55.5
2026-05-18 14:15:12;55.3
2026-05-18 14:15:27;55.1
2026-05-18 14:15:43;54.8
2026-05-18 14:15:58;54.7
2026-05-18 14:16:14;54.9
2026-05-18 14:16:29;55.1
2026-05-18 14:16:44;55.2
2026-05-18 14:17:00;55.5
2026-05-18 14:17:15;55.3
2026-05-18 14:17:33;55.4
2026-05-18 14:17:47;55.4
2026-05-18 14:18:02;55.6
2026-05-18 14:18:18;55.7
2026-05-18 14:18:33;55.9
2026-05-18 14:18:49;56.2
2026-05-18 14:19:04;56.3
2026-05-18 14:19:20;56.5
2026-05-18 14:19:35;56.4
2026-05-18 14:19:51;56.4
2026-05-18 14:20:07;56.5
2026-05-18 14:20:22;56.6
2026-05-18 14:20:38;56.4
2026-05-18 14:20:54;56.4
2026-05-18 14:21:09;56.5
2026-05-18 14:21:25;56.6
2026-05-18 14:21:41;56.9
2026-05-18 14:21:56;56.5
2026-05-18 14:22:12;56.1
2026-05-18 14:22:27;55.8
2026-05-18 14:22:43;55.4
2026-05-18 14:22:58;55.0
2026-05-18 14:23:14;54.9
2026-05-18 14:23:29;54.9
2026-05-18 14:23:45;55.1
2026-05-18 14:24:00;55.0
2026-05-18 14:24:15;55.2
2026-05-18 14:24:31;55.2
2026-05-18 14:24:46;55.2
2026-05-18 14:25:02;55.1
2026-05-18 14:25:17;54.9
2026-05-18 14:25:33;54.9
2026-05-18 14:25:49;54.8
2026-05-18 14:26:03;54.7
2026-05-18 14:26:19;54.7
2026-05-18 14:26:34;54.7
2026-05-18 14:26:50;54.7
2026-05-18 14:27:05;54.4
2026-05-18 14:27:20;54.4
2026-05-18 14:27:35;54.3
2026-05-18 14:27:51;54.5
2026-05-18 14:28:06;54.3
2026-05-18 14:28:21;54.6
2026-05-18 14:28:36;54.8
2026-05-18 14:28:52;54.5
2026-05-18 14:29:07;54.7
2026-05-18 14:29:22;54.9
2026-05-18 14:29:37;55.2
2026-05-18 14:29:53;55.3
2026-05-18 14:30:08;55.3
2026-05-18 14:30:24;55.4
2026-05-18 14:30:39;55.2
2026-05-18 14:30:55;54.7
2026-05-18 14:31:52;54.8
2026-05-18 14:32:20;53.9
2026-05-18 14:32:23;54.0
2026-05-18 14:32:38;53.9
2026-05-18 14:32:54;54.1
2026-05-18 14:33:09;54.2
2026-05-18 14:33:25;54.5
2026-05-18 14:33:39;54.4
2026-05-18 14:33:55;54.7
2026-05-18 14:34:10;54.9
2026-05-18 14:34:26;55.2
2026-05-18 14:34:41;55.2
2026-05-18 14:34:57;54.7
2026-05-18 14:35:12;54.6
2026-05-18 14:35:27;55.0
2026-05-18 14:35:43;55.3
2026-05-18 14:35:58;55.5
2026-05-18 14:36:14;55.9
2026-05-18 14:36:30;56.1
2026-05-18 14:36:45;56.3
2026-05-18 14:37:01;56.4
2026-05-18 14:37:16;56.6
2026-05-18 14:37:32;56.6
2026-05-18 14:37:48;56.6
2026-05-18 14:38:03;56.7
2026-05-18 14:38:19;57.1
2026-05-18 14:38:35;56.8
2026-05-18 14:38:50;56.4
2026-05-18 14:39:06;56.4
2026-05-18 14:39:21;56.6
2026-05-18 14:39:37;56.5
2026-05-18 14:39:52;56.4
2026-05-18 14:40:08;56.2
2026-05-18 14:40:23;56.2
2026-05-18 14:40:39;56.6
2026-05-18 14:40:55;56.3
2026-05-18 14:41:11;56.2
2026-05-18 14:41:26;56.5
2026-05-18 14:41:42;56.1
2026-05-18 14:41:58;56.1
2026-05-18 14:42:13;56.0
2026-05-18 14:42:28;56.0
2026-05-18 14:42:44;56.0
2026-05-18 14:43:01;56.2
2026-05-18 14:43:15;56.4
2026-05-18 14:43:31;56.1
2026-05-18 14:43:46;56.0
2026-05-18 14:44:02;56.0
2026-05-18 14:44:17;56.2
2026-05-18 14:44:34;56.2
2026-05-18 14:44:49;56.4
2026-05-18 14:45:04;56.3
2026-05-18 14:45:19;56.1
2026-05-18 14:45:35;56.0
2026-05-18 14:45:51;55.8
2026-05-18 14:46:06;55.7
2026-05-18 14:46:22;55.2
2026-05-18 14:46:37;54.0
2026-05-18 14:46:52;52.9
2026-05-18 14:47:08;52.2
2026-05-18 14:47:22;52.2
2026-05-18 14:47:38;52.2
2026-05-18 14:47:53;51.7
2026-05-18 14:48:09;51.2
2026-05-18 14:48:24;50.4
2026-05-18 14:48:39;49.9
2026-05-18 14:48:54;49.6
2026-05-18 14:49:09;48.8
2026-05-18 14:49:24;48.4
2026-05-18 14:49:40;48.1
2026-05-18 14:49:55;47.8
2026-05-18 14:50:11;47.6
2026-05-18 14:50:26;47.7
2026-05-18 14:50:41;47.5
2026-05-18 14:50:56;47.2
2026-05-18 14:51:12;46.7
2026-05-18 14:51:27;46.1
2026-05-18 14:51:42;45.8
2026-05-18 14:51:57;45.6
2026-05-18 14:52:13;45.4
2026-05-18 14:52:28;45.2
2026-05-18 14:52:44;45.0
2026-05-18 14:52:59;44.7
2026-05-18 14:53:14;44.3
2026-05-18 14:53:29;44.1
2026-05-18 14:53:45;43.9
2026-05-18 14:54:00;43.7
2026-05-18 14:54:15;43.6
2026-05-18 14:54:30;43.4
2026-05-18 14:54:46;43.4
2026-05-18 14:55:01;43.1
2026-05-18 14:55:17;43.0
2026-05-18 14:55:32;42.8
2026-05-18 14:55:47;42.3
2026-05-18 14:56:02;42.1
2026-05-18 14:56:18;41.8
2026-05-18 14:56:33;41.6
2026-05-18 14:56:49;41.3
2026-05-18 14:57:04;41.0
2026-05-18 14:57:19;40.8
2026-05-18 14:57:34;40.6
2026-05-18 14:57:50;40.5
2026-05-18 14:58:05;40.1
2026-05-18 14:58:20;39.8
2026-05-18 14:58:35;39.6
2026-05-18 14:58:51;39.5
2026-05-18 14:59:06;39.4
2026-05-18 14:59:21;39.2
2026-05-18 14:59:36;39.1
2026-05-18 14:59:51;39.0
2026-05-18 15:00:06;38.9
2026-05-18 15:00:21;38.7
2026-05-18 15:00:36;38.6
2026-05-18 15:00:51;38.5
2026-05-18 15:01:06;38.4
2026-05-18 15:01:21;38.3
2026-05-18 15:01:36;38.2
2026-05-18 15:01:51;38.1
2026-05-18 15:02:06;37.9
2026-05-18 15:02:21;37.9
2026-05-18 15:02:36;37.7
2026-05-18 15:02:51;37.7
2026-05-18 15:03:07;37.4
2026-05-18 15:03:21;37.2
2026-05-18 15:03:36;37.1
2026-05-18 15:03:51;37.1
2026-05-18 15:04:06;36.9
2026-05-18 15:04:21;36.8
2026-05-18 15:04:36;36.7
2026-05-18 15:04:51;36.6
2026-05-18 15:05:06;36.6
2026-05-18 15:05:21;36.6
2026-05-18 15:05:36;36.4
2026-05-18 15:05:51;36.3
2026-05-18 15:06:06;36.1
2026-05-18 15:06:21;36.1
2026-05-18 15:06:36;36.1
2026-05-18 15:06:51;36.1
2026-05-18 15:07:06;36.1
2026-05-18 15:07:21;36.0
2026-05-18 15:07:37;36.0
2026-05-18 15:07:51;36.0
2026-05-18 15:08:06;36.0
2026-05-18 15:08:21;36.0
2026-05-18 15:08:36;35.9
2026-05-18 15:08:51;35.9
2026-05-18 15:09:07;35.8
2026-05-18 15:09:21;35.8
2026-05-18 15:09:36;35.8
2026-05-18 15:09:52;35.7
2026-05-18 15:10:07;35.7
2026-05-18 15:10:22;35.7
2026-05-18 15:10:37;35.7
2026-05-18 15:10:52;35.6
2026-05-18 15:11:07;35.6
2026-05-18 15:11:22;35.5
2026-05-18 15:11:37;35.6
2026-05-18 15:11:52;35.5
2026-05-18 15:12:07;35.4
2026-05-18 15:12:22;35.4
2026-05-18 15:12:37;35.2
2026-05-18 15:12:52;35.2
2026-05-18 15:13:07;35.2
2026-05-18 15:13:22;35.3
2026-05-18 15:13:37;35.3
2026-05-18 15:13:52;35.3
2026-05-18 15:14:07;35.2
2026-05-18 15:14:22;35.2
2026-05-18 15:14:37;35.2
2026-05-18 15:14:52;35.2
2026-05-18 15:15:07;35.3
2026-05-18 15:15:22;35.3
2026-05-18 15:15:37;35.3
2026-05-18 15:15:52;35.2
2026-05-18 15:16:07;35.2
2026-05-18 15:16:22;35.2
2026-05-18 15:16:37;35.2
2026-05-18 15:16:52;35.1
2026-05-18 15:17:07;35.0
2026-05-18 15:17:22;34.9
2026-05-18 15:17:37;35.1
2026-05-18 15:17:52;35.1
2026-05-18 15:18:07;35.1
2026-05-18 15:18:22;35.1
2026-05-18 15:18:37;35.1
2026-05-18 15:18:53;34.9
2026-05-18 15:19:08;34.9
2026-05-18 15:19:23;34.9
2026-05-18 15:19:38;34.8
2026-05-18 15:19:53;34.7
2026-05-18 15:20:08;34.7
2026-05-18 15:20:23;34.6
2026-05-18 15:20:38;34.6
2026-05-18 15:20:53;34.6
2026-05-18 15:21:08;34.5
2026-05-18 15:21:23;34.4
2026-05-18 15:21:38;34.5
2026-05-18 15:21:53;34.5
2026-05-18 15:22:08;34.6
2026-05-18 15:22:23;34.5
2026-05-18 15:22:38;34.5
2026-05-18 15:22:53;34.4
2026-05-18 15:23:08;34.2
2026-05-18 15:23:23;34.2
2026-05-18 15:23:38;34.2
2026-05-18 15:23:53;34.3
2026-05-18 15:24:09;34.3
2026-05-18 15:24:23;34.3
2026-05-18 15:24:38;34.2
2026-05-18 15:24:53;34.2
2026-05-18 15:25:08;34.1
2026-05-18 15:25:23;34.1
2026-05-18 15:25:38;34.1
2026-05-18 15:25:53;34.1
2026-05-18 15:26:08;34.1
2026-05-18 15:26:23;34.0
2026-05-18 15:26:38;34.0
2026-05-18 15:26:53;34.0
2026-05-18 15:27:08;34.0
2026-05-18 15:27:23;34.0
2026-05-18 15:27:38;34.1
2026-05-18 15:27:54;34.1
2026-05-18 15:28:08;34.0
2026-05-18 15:28:24;34.0
2026-05-18 15:28:39;34.0
2026-05-18 15:28:54;34.0
2026-05-18 15:29:09;34.0
2026-05-18 15:29:24;33.9
2026-05-18 15:29:39;33.9
2026-05-18 15:29:54;33.9
2026-05-18 15:30:09;33.9
2026-05-18 15:30:24;33.9
2026-05-18 15:30:39;33.9
2026-05-18 15:30:54;33.9
2026-05-18 15:31:09;34.0
2026-05-18 15:31:24;34.0
2026-05-18 15:31:41;33.9
2026-05-18 15:31:54;34.0
2026-05-18 15:32:09;34.0
2026-05-18 15:32:24;33.9
2026-05-18 15:32:39;33.9
2026-05-18 15:32:54;33.9
2026-05-18 15:33:09;33.9
2026-05-18 15:33:24;33.9
2026-05-18 15:33:39;33.9
2026-05-18 15:33:54;33.9
2026-05-18 15:34:09;33.9
2026-05-18 15:34:24;33.8
2026-05-18 15:34:39;33.8
2026-05-18 15:34:54;33.8
2026-05-18 15:35:09;33.7
2026-05-18 15:35:24;33.7
2026-05-18 15:35:39;33.6
2026-05-18 15:35:54;33.6
2026-05-18 15:36:09;33.6
2026-05-18 15:36:24;33.6
2026-05-18 15:36:39;33.5
2026-05-18 15:36:54;33.5
2026-05-18 15:37:09;33.4
2026-05-18 15:37:25;33.4
2026-05-18 15:37:40;33.4
2026-05-18 15:37:55;33.3
2026-05-18 15:38:10;33.3
2026-05-18 15:38:25;33.4
2026-05-18 15:38:40;33.4
2026-05-18 15:38:55;33.6
2026-05-18 15:39:10;33.7
2026-05-18 15:39:25;33.9
2026-05-18 15:39:40;34.1
2026-05-18 15:39:55;34.2
2026-05-18 15:40:10;34.2
2026-05-18 15:40:25;34.2
2026-05-18 15:40:40;34.4
2026-05-18 15:40:55;34.6
2026-05-18 15:41:10;34.8
2026-05-18 15:41:25;34.9
2026-05-18 15:41:40;35.0
2026-05-18 15:41:55;34.9
2026-05-18 15:42:10;35.0
2026-05-18 15:42:25;35.2
2026-05-18 15:42:40;35.4
2026-05-18 15:42:55;35.7
2026-05-18 15:43:10;35.9
2026-05-18 15:43:25;36.1
2026-05-18 15:43:40;36.2
2026-05-18 15:43:55;36.4
2026-05-18 15:44:10;36.6
2026-05-18 15:44:25;36.7
2026-05-18 15:44:40;36.9
2026-05-18 15:44:56;37.0
2026-05-18 15:45:10;37.1
2026-05-18 15:45:25;37.1
2026-05-18 15:45:40;37.1
2026-05-18 15:45:55;37.0
2026-05-18 15:46:10;37.1
2026-05-18 15:46:25;37.0
2026-05-18 15:46:40;36.9
2026-05-18 15:46:55;36.7
2026-05-18 15:47:10;36.7
2026-05-18 15:47:25;36.8
2026-05-18 15:47:40;36.7
2026-05-18 15:47:55;36.7
2026-05-18 15:48:10;36.7
2026-05-18 15:48:25;36.7
2026-05-18 15:48:40;36.6
2026-05-18 15:48:55;36.6
2026-05-18 15:49:10;36.4
2026-05-18 15:49:25;36.3
2026-05-18 15:49:40;36.1
2026-05-18 15:49:55;36.1
2026-05-18 15:50:10;35.9
2026-05-18 15:50:25;35.7
2026-05-18 15:50:41;35.7
2026-05-18 15:50:55;35.5
2026-05-18 15:51:10;35.6
2026-05-18 15:51:25;35.5
2026-05-18 15:51:40;35.4
2026-05-18 15:51:56;35.4
2026-05-18 15:52:11;35.4
2026-05-18 15:52:26;35.4
2026-05-18 15:52:41;35.4
2026-05-18 15:52:56;35.4
2026-05-18 15:53:11;35.3
2026-05-18 15:53:26;35.3
2026-05-18 15:53:41;35.4
2026-05-18 15:53:56;35.4
2026-05-18 15:54:11;35.2
2026-05-18 15:54:26;35.2
2026-05-18 15:54:41;35.2
2026-05-18 15:54:56;35.2
2026-05-18 15:55:11;35.1
2026-05-18 15:55:26;35.1
2026-05-18 15:55:41;35.1
2026-05-18 15:55:56;35.1
2026-05-18 15:56:11;35.2
2026-05-18 15:56:26;35.4
2026-05-18 15:56:41;35.4
2026-05-18 15:56:56;35.4
2026-05-18 15:57:11;35.4
2026-05-18 15:57:26;35.2
2026-05-18 15:57:41;35.1
2026-05-18 15:57:56;35.1
2026-05-18 15:58:11;35.2
2026-05-18 15:58:26;35.4
2026-05-18 15:58:41;35.5
2026-05-18 15:58:56;35.7
2026-05-18 15:59:11;35.8
2026-05-18 15:59:26;36.0
2026-05-18 15:59:41;36.1
2026-05-18 15:59:56;36.2
2026-05-18 16:00:11;36.2
2026-05-18 16:00:26;36.4
2026-05-18 16:00:41;36.6
2026-05-18 16:00:56;36.6
2026-05-18 16:01:11;36.6
2026-05-18 16:01:26;36.7
2026-05-18 16:01:41;36.8
2026-05-18 16:01:56;37.0
2026-05-18 16:02:12;37.0
2026-05-18 16:02:26;37.0
2026-05-18 16:02:41;37.1
2026-05-18 16:02:56;37.2
2026-05-18 16:03:11;37.4
2026-05-18 16:03:26;37.4
2026-05-18 16:03:41;37.4
2026-05-18 16:03:56;37.2
2026-05-18 16:04:11;37.2
2026-05-18 16:04:26;37.2
2026-05-18 16:04:42;37.1
2026-05-18 16:04:56;36.9
2026-05-18 16:05:11;36.8
2026-05-18 16:05:27;36.6
2026-05-18 16:05:41;36.4
2026-05-18 16:05:56;36.4
2026-05-18 16:06:12;36.3
2026-05-18 16:06:27;36.2
2026-05-18 16:06:42;36.1
2026-05-18 16:06:57;36.0
2026-05-18 16:07:12;35.9
2026-05-18 16:07:27;35.9
2026-05-18 16:07:42;35.7
2026-05-18 16:07:59;35.7
2026-05-18 16:08:12;35.6
2026-05-18 16:08:27;35.6
2026-05-18 16:08:42;35.5
2026-05-18 16:08:57;35.3
2026-05-18 16:09:12;35.3
2026-05-18 16:09:27;35.2
2026-05-18 16:09:42;35.2
2026-05-18 16:09:57;35.1
2026-05-18 16:10:12;35.0
2026-05-18 16:10:27;34.8
2026-05-18 16:10:43;34.7
2026-05-18 16:10:58;34.7
2026-05-18 16:11:13;34.7
2026-05-18 16:11:28;34.9
2026-05-18 16:11:43;34.9
2026-05-18 16:11:58;35.0
2026-05-18 16:12:13;35.1
2026-05-18 16:12:28;35.1
2026-05-18 16:12:43;35.1
2026-05-18 16:12:58;35.0
2026-05-18 16:13:13;35.0
2026-05-18 16:13:28;34.9
2026-05-18 16:13:43;34.9
2026-05-18 16:13:58;34.9
2026-05-18 16:14:13;34.9
2026-05-18 16:14:28;34.9
2026-05-18 16:14:43;34.9
2026-05-18 16:14:58;34.8
2026-05-18 16:15:13;34.9
2026-05-18 16:15:28;34.9
2026-05-18 16:15:44;34.9
2026-05-18 16:15:58;35.0
2026-05-18 16:16:13;34.9
2026-05-18 16:16:28;34.9
2026-05-18 16:16:43;34.9
2026-05-18 16:16:58;35.0
2026-05-18 16:17:13;34.9
2026-05-18 16:17:28;35.0
2026-05-18 16:17:43;35.0
2026-05-18 16:17:58;34.9
2026-05-18 16:18:13;34.7
2026-05-18 16:18:28;34.8
2026-05-18 16:18:43;34.7
2026-05-18 16:18:58;34.8
2026-05-18 16:19:13;35.0
2026-05-18 16:19:28;35.1
2026-05-18 16:19:43;35.2
2026-05-18 16:19:59;35.1
2026-05-18 16:20:13;35.3
2026-05-18 16:20:29;35.4
2026-05-18 16:20:44;35.4
2026-05-18 16:20:59;35.4
2026-05-18 16:21:14;35.4
2026-05-18 16:21:29;35.5
2026-05-18 16:21:44;35.5
2026-05-18 16:21:59;35.6
2026-05-18 16:22:14;35.5
2026-05-18 16:22:29;35.5
2026-05-18 16:22:44;35.2
2026-05-18 16:22:59;35.1
2026-05-18 16:23:14;35.0
2026-05-18 16:23:29;34.9
2026-05-18 16:23:44;34.9
2026-05-18 16:23:59;34.9
2026-05-18 16:24:14;34.8
2026-05-18 16:24:29;34.7
2026-05-18 16:24:44;34.7
2026-05-18 16:24:59;34.6
2026-05-18 16:25:14;34.6
2026-05-18 16:25:29;34.6
2026-05-18 16:25:44;34.4
2026-05-18 16:25:59;34.2
2026-05-18 16:26:14;34.2
2026-05-18 16:26:29;34.2
2026-05-18 16:26:44;34.1
2026-05-18 16:26:59;34.1
2026-05-18 16:27:14;34.1
2026-05-18 16:27:29;34.0
2026-05-18 16:27:44;33.9
2026-05-18 16:27:59;33.9
2026-05-18 16:28:14;33.9
2026-05-18 16:28:29;33.9
2026-05-18 16:28:44;34.1
2026-05-18 16:29:00;34.1
2026-05-18 16:29:14;34.2
2026-05-18 16:29:30;34.4
2026-05-18 16:29:45;34.4
2026-05-18 16:30:00;34.5
2026-05-18 16:30:15;34.6
2026-05-18 16:30:30;34.6
2026-05-18 16:30:45;34.6
2026-05-18 16:31:00;34.5
2026-05-20 07:46:37;28.0
2026-05-20 07:46:52;28.1
2026-05-20 07:47:07;28.1
2026-05-20 07:47:22;28.1
2026-05-20 07:47:37;28.1
2026-05-20 07:47:52;28.1
2026-05-20 07:48:07;28.2
2026-05-20 07:48:22;28.2
2026-05-20 07:48:38;28.2
2026-05-20 07:48:53;28.3
2026-05-20 07:49:08;28.3
2026-05-20 07:49:22;28.3
2026-05-20 07:49:40;28.3
2026-05-20 07:49:53;28.3
2026-05-20 07:50:08;28.4
2026-05-20 07:50:23;28.4
2026-05-20 07:50:38;28.4
2026-05-20 07:50:53;28.4
2026-05-20 07:51:08;28.4
2026-05-20 07:51:23;28.4
2026-05-20 07:51:44;28.5
2026-05-20 07:51:53;28.5
2026-05-20 07:52:08;28.6
2026-05-20 07:52:23;28.6
2026-05-20 07:52:38;28.6
2026-05-20 07:52:53;28.6
2026-05-20 07:53:09;28.6
2026-05-20 07:53:24;28.6
2026-05-20 07:53:43;28.7
2026-05-20 07:53:54;28.7
2026-05-20 07:54:09;28.7
2026-05-20 07:54:24;28.7
2026-05-20 07:54:39;28.7
2026-05-20 07:54:54;28.7
2026-05-20 07:55:09;28.7
2026-05-20 07:55:24;28.7
2026-05-20 07:55:41;28.7
2026-05-20 07:55:54;28.7
2026-05-20 07:56:09;28.7
2026-05-20 07:56:25;28.7
2026-05-20 07:56:40;28.7
2026-05-20 07:56:55;28.7
2026-05-20 07:57:10;28.7
2026-05-20 07:57:31;28.7
2026-05-20 07:57:40;28.7
2026-05-20 07:57:55;28.8
2026-05-20 07:58:10;28.8
2026-05-20 07:58:25;28.8
2026-05-20 07:58:40;28.8
2026-05-20 07:58:55;28.8
2026-05-20 07:59:12;28.8
2026-05-20 07:59:25;28.7
2026-05-20 07:59:40;28.8
2026-05-20 08:00:12;28.8
2026-05-20 08:00:27;28.9
2026-05-20 08:00:43;28.9
2026-05-20 08:00:58;28.9
2026-05-20 08:01:12;28.9
2026-05-20 08:01:27;28.9
2026-05-20 08:01:43;28.9
2026-05-20 08:01:58;29.0
2026-05-20 08:02:13;29.0
2026-05-20 08:02:28;29.1
2026-05-20 08:02:43;29.1
2026-05-20 08:02:58;29.1
2026-05-20 08:03:13;29.1
2026-05-20 08:03:29;29.1
2026-05-20 08:03:44;29.2
2026-05-20 08:03:59;29.3
2026-05-20 08:04:13;29.3
2026-05-20 08:04:28;29.3
2026-05-20 08:04:43;29.2
2026-05-20 08:05:01;29.1
2026-05-20 08:05:13;29.2
2026-05-20 08:05:29;29.2
2026-05-20 08:05:44;29.3
2026-05-20 08:05:59;29.3
2026-05-20 08:06:23;29.3
2026-05-20 08:06:29;29.3
2026-05-20 08:06:49;29.4
2026-05-20 08:07:03;29.4
2026-05-20 08:07:14;29.4
2026-05-20 08:07:30;29.4
2026-05-20 08:07:45;29.4
2026-05-20 08:08:00;29.5
2026-05-20 08:08:15;29.5
2026-05-20 08:08:30;29.6
2026-05-20 08:08:45;29.6
2026-05-20 08:09:02;29.6
2026-05-20 08:09:15;29.7
2026-05-20 08:09:30;29.7
2026-05-20 08:09:45;29.7
2026-05-20 08:10:00;29.8
2026-05-20 08:10:15;29.8
2026-05-20 08:10:30;29.8
2026-05-20 08:10:45;29.9
2026-05-20 08:11:00;29.9
2026-05-20 08:11:15;29.9
2026-05-20 08:11:30;29.9
2026-05-20 08:11:45;29.9
2026-05-20 08:12:01;30.0
2026-05-20 08:12:16;30.0
2026-05-20 08:12:31;30.1
2026-05-20 08:12:46;30.1
2026-05-20 08:13:01;30.0
2026-05-20 08:13:16;29.9
2026-05-20 08:13:33;30.0
2026-05-20 08:13:46;30.0
2026-05-20 08:14:01;30.0
2026-05-20 08:14:16;30.1
2026-05-20 08:14:31;30.1
2026-05-20 08:14:46;30.1
2026-05-20 08:15:01;30.2
2026-05-20 08:15:16;30.2
2026-05-20 08:15:31;30.3
2026-05-20 08:15:47;30.3
2026-05-20 08:16:02;30.3
2026-05-20 08:16:17;30.3
2026-05-20 08:16:34;30.3
2026-05-20 08:16:46;30.4
2026-05-20 08:17:01;30.4
2026-05-20 08:17:17;30.4
2026-05-20 08:17:31;30.4
2026-05-20 08:17:47;30.4
2026-05-20 08:18:02;30.4
2026-05-20 08:18:17;30.4
2026-05-20 08:18:34;30.4
2026-05-20 08:18:47;30.4
2026-05-20 08:19:02;30.4
2026-05-20 08:19:19;30.4
2026-05-20 08:19:35;30.4
2026-05-20 08:19:47;30.4
2026-05-20 08:20:02;30.4
2026-05-20 08:20:17;30.4
2026-05-20 08:20:32;30.4
2026-05-20 08:20:47;30.4
2026-05-20 08:21:08;30.4
2026-05-20 08:21:17;30.4
2026-05-20 08:21:32;30.4
2026-05-20 08:21:49;30.5
2026-05-20 08:22:02;30.5
2026-05-20 08:22:17;30.5
2026-05-20 08:22:34;30.6
2026-05-20 08:22:48;30.6
2026-05-20 08:23:03;30.6
2026-05-20 08:23:18;30.6
2026-05-20 08:23:33;30.6
2026-05-20 08:23:48;30.6
2026-05-20 08:24:03;30.7
2026-05-20 08:24:18;30.7
2026-05-20 08:24:33;30.7
2026-05-20 08:24:52;30.7
2026-05-20 08:25:03;30.7
2026-05-20 08:25:18;30.8
2026-05-20 08:25:33;30.8
2026-05-20 08:25:48;30.8
2026-05-20 08:26:04;30.8
2026-05-20 08:26:18;30.8
2026-05-20 08:26:33;30.9
2026-05-20 08:26:51;30.9
2026-05-20 08:27:03;31.0
2026-05-20 08:27:18;30.9
2026-05-20 08:27:33;31.0
2026-05-20 08:27:49;31.0
2026-05-20 08:28:04;31.0
2026-05-20 08:28:19;31.1
2026-05-20 08:28:34;31.1
2026-05-20 08:28:49;31.1
2026-05-20 08:29:04;31.1
2026-05-20 08:29:19;31.1
2026-05-20 08:29:34;31.1
2026-05-20 08:29:49;31.1
2026-05-20 08:30:04;31.1
2026-05-20 08:30:19;31.1
2026-05-20 08:30:34;31.1
2026-05-20 08:30:49;31.1
2026-05-20 08:31:04;31.1
2026-05-20 08:31:19;31.2
2026-05-20 08:31:34;31.2
2026-05-20 08:31:49;31.1
2026-05-20 08:32:04;31.1
2026-05-20 08:32:19;31.2
2026-05-20 08:32:34;31.1
2026-05-20 08:32:50;31.2
2026-05-20 08:33:05;31.2
2026-05-20 08:33:20;31.2
2026-05-20 08:33:35;31.2
2026-05-20 08:33:50;31.2
2026-05-20 08:34:05;31.2
2026-05-20 08:34:20;31.2
2026-05-20 08:34:35;31.2
2026-05-20 08:34:50;31.2
2026-05-20 08:36:13;31.2
2026-05-20 08:36:21;31.2
2026-05-20 08:36:46;31.2
2026-05-20 08:37:24;31.2
2026-05-20 08:37:28;31.2
2026-05-20 08:37:45;31.3
2026-05-20 08:38:01;31.3
2026-05-20 08:39:32;31.3
2026-05-20 08:39:48;31.2
2026-05-20 08:39:58;31.3
2026-05-20 08:40:12;31.3
2026-05-20 08:40:36;31.2
2026-05-20 08:40:43;31.3
2026-05-20 08:40:52;31.3
2026-05-20 08:41:07;31.2
2026-05-20 08:41:43;31.2
2026-05-20 08:41:53;31.2
2026-05-20 08:43:09;31.4
2026-05-20 08:43:30;31.3
2026-05-20 08:43:39;31.3
2026-05-20 08:43:55;31.2
2026-05-20 08:44:13;31.2
2026-05-20 08:44:26;31.3
2026-05-20 08:44:44;31.3
2026-05-20 08:44:55;31.4
2026-05-20 08:45:10;31.3
2026-05-20 08:45:25;31.3
2026-05-20 08:45:41;31.3
2026-05-20 08:45:56;31.3
2026-05-20 08:46:14;31.2
2026-05-20 08:46:25;31.3
2026-05-20 08:46:40;31.2
2026-05-20 08:46:55;31.2
2026-05-20 08:47:15;31.2
2026-05-20 08:47:29;31.2
2026-05-20 08:47:51;31.2
2026-05-20 08:47:56;31.2
2026-05-20 08:48:12;31.2
2026-05-20 08:48:26;31.2
2026-05-20 08:48:40;31.2
2026-05-20 08:48:56;31.4
2026-05-20 08:49:15;31.4
2026-05-20 08:49:30;31.4
2026-05-20 08:49:47;31.4
2026-05-20 08:49:56;31.4
2026-05-20 08:50:16;31.4
2026-05-20 08:50:39;31.4
2026-05-20 08:50:42;31.4
2026-05-20 08:51:01;31.4
2026-05-20 08:51:13;31.4
2026-05-20 08:51:31;31.3
2026-05-20 08:51:42;31.2
2026-05-20 08:51:58;31.2
2026-05-20 08:52:13;31.2
2026-05-20 08:52:27;31.2
2026-05-20 08:52:50;31.2
2026-05-20 08:52:58;31.2
2026-05-20 08:53:13;31.2
2026-05-20 08:53:32;31.2
2026-05-20 08:53:45;31.2
2026-05-20 08:53:58;31.2
2026-05-20 08:54:17;31.2
2026-05-20 08:54:34;31.2
2026-05-20 08:54:50;31.2
2026-05-20 08:55:00;31.2
2026-05-20 08:55:29;31.4
2026-05-20 08:55:57;31.4
2026-05-20 08:56:13;31.6
2026-05-20 08:56:34;31.5
2026-05-20 08:57:18;31.6
2026-05-20 08:57:28;31.6
2026-05-20 08:57:43;31.6
2026-05-20 08:57:58;31.6
2026-05-20 08:58:29;31.6
2026-05-20 08:58:33;31.6
2026-05-20 08:58:57;31.5
2026-05-20 08:59:37;31.4
2026-05-20 08:59:49;31.5
2026-05-20 09:00:07;31.5
2026-05-20 09:00:19;31.6
2026-05-20 09:00:34;31.6
2026-05-20 09:00:49;31.6
2026-05-20 09:01:12;31.8
2026-05-20 09:01:19;31.8
2026-05-20 09:01:37;31.8
2026-05-20 09:01:49;31.8
2026-05-20 09:02:04;31.9
2026-05-20 09:02:19;31.9
2026-05-20 09:02:47;32.0
2026-05-20 09:03:04;32.1
2026-05-20 09:03:37;32.1
2026-05-20 09:03:58;32.1
2026-05-20 09:04:22;32.1
2026-05-20 09:04:37;32.2
2026-05-20 09:04:52;32.2
2026-05-20 09:05:08;32.2
2026-05-20 09:05:22;32.2
2026-05-20 09:05:37;32.2
2026-05-20 09:05:58;32.3
2026-05-20 09:06:08;32.2
2026-05-20 09:06:23;32.2
2026-05-20 09:06:38;32.2
2026-05-20 09:06:53;32.2
2026-05-20 09:07:08;32.3
2026-05-20 09:07:23;32.4
2026-05-20 09:07:38;32.4
2026-05-20 09:07:53;32.4
2026-05-20 09:08:08;32.4
2026-05-20 09:08:23;32.3
2026-05-20 09:08:38;32.2
2026-05-20 09:08:55;32.2
2026-05-20 09:09:08;32.3
2026-05-20 09:09:23;32.4
2026-05-20 09:09:38;32.4
2026-05-20 09:09:53;32.3
2026-05-20 09:10:08;32.4
2026-05-20 09:10:23;32.4
2026-05-20 09:10:38;32.4
2026-05-20 09:10:57;32.4
2026-05-20 09:11:09;32.4
2026-05-20 09:11:24;32.4
2026-05-20 09:11:39;32.6
2026-05-20 09:11:54;32.6
2026-05-20 09:12:09;32.6
2026-05-20 09:12:24;32.6
2026-05-20 09:12:39;32.7
2026-05-20 09:12:54;32.7
2026-05-20 09:13:09;32.8
2026-05-20 09:13:24;32.9
2026-05-20 09:13:41;32.9
2026-05-20 09:13:54;33.0
2026-05-20 09:14:09;33.1
2026-05-20 09:14:24;33.1
2026-05-20 09:14:39;33.2
2026-05-20 09:14:54;33.2
2026-05-20 09:15:09;33.2
2026-05-20 09:15:24;33.2
2026-05-20 09:15:39;33.2
2026-05-20 09:15:54;33.2
2026-05-20 09:16:09;33.1
2026-05-20 09:16:24;33.1
2026-05-20 09:16:39;33.0
2026-05-20 09:16:54;33.1
2026-05-20 09:17:09;33.1
2026-05-20 09:17:24;33.4
2026-05-20 09:17:40;33.4
2026-05-20 09:17:54;33.6
2026-05-20 09:18:09;33.7
2026-05-20 09:18:25;33.8
2026-05-20 09:18:40;33.8
2026-05-20 09:18:55;33.9
2026-05-20 09:19:10;33.9
2026-05-20 09:19:28;33.9
2026-05-20 09:19:40;33.8
2026-05-20 09:19:55;33.9
2026-05-20 09:20:10;33.9
2026-05-20 09:20:25;34.0
2026-05-20 09:20:40;34.0
2026-05-20 09:20:55;34.0
2026-05-20 09:21:10;33.9
2026-05-20 09:21:25;33.9
2026-05-20 09:21:40;33.9
2026-05-20 09:21:59;33.9
2026-05-20 09:22:10;33.9
2026-05-20 09:22:25;33.9
2026-05-20 09:22:40;33.8
2026-05-20 09:22:55;33.9
2026-05-20 09:23:10;33.9
2026-05-20 09:23:25;34.0
2026-05-20 09:23:40;34.0
2026-05-20 09:23:55;34.0
2026-05-20 09:24:11;34.0
2026-05-20 09:24:25;34.0
2026-05-20 09:24:40;34.1
2026-05-20 09:24:55;34.1
2026-05-20 09:25:10;34.1
2026-05-20 09:25:25;34.1
2026-05-20 09:25:40;34.1
2026-05-20 09:25:56;34.0
2026-05-20 09:26:26;33.9
2026-05-20 09:26:41;33.9
2026-05-20 09:26:56;33.8
2026-05-20 09:27:11;33.8
2026-05-20 09:27:26;33.9
2026-05-20 09:27:41;34.0
2026-05-20 09:27:56;34.1
2026-05-20 09:28:11;34.2
2026-05-20 09:28:26;34.2
2026-05-20 09:28:41;34.3
2026-05-20 09:28:56;34.4
2026-05-20 09:29:11;34.4
2026-05-20 09:29:26;34.6
2026-05-20 09:29:41;34.7
2026-05-20 09:29:56;34.8
2026-05-20 09:30:11;34.9
2026-05-20 09:30:26;35.0
2026-05-20 09:30:41;35.1
2026-05-20 09:30:56;35.2
2026-05-20 09:31:11;35.4
2026-05-20 09:31:26;35.6
2026-05-20 09:31:41;35.9
2026-05-20 09:31:56;36.2
2026-05-20 09:32:11;36.6
2026-05-20 09:32:27;36.9
2026-05-20 09:32:42;37.2
2026-05-20 09:32:56;37.6
2026-05-20 09:33:11;37.9
2026-05-20 09:33:27;38.1
2026-05-20 09:33:41;38.4
2026-05-20 09:33:56;38.6
2026-05-20 09:34:11;38.7
2026-05-20 09:34:26;38.8
2026-05-20 09:34:41;39.1
2026-05-20 09:34:56;39.4
2026-05-20 09:35:11;39.7
2026-05-20 09:35:26;39.9
2026-05-20 09:35:41;40.1
2026-05-20 09:35:57;40.5
2026-05-20 09:36:12;40.8
2026-05-20 09:36:28;41.1
2026-05-20 09:36:43;41.1
2026-05-20 09:36:58;41.3
2026-05-20 09:37:13;41.4
2026-05-20 09:37:29;41.7
2026-05-20 09:37:44;41.9
2026-05-20 09:38:02;42.2
2026-05-20 09:38:15;42.6
2026-05-20 09:38:30;42.9
2026-05-20 09:38:45;43.1
2026-05-20 09:39:01;43.4
2026-05-20 09:39:16;43.8
2026-05-20 09:39:32;44.1
2026-05-20 09:39:47;44.4
2026-05-20 09:40:02;44.4
2026-05-20 09:40:17;44.4
2026-05-20 09:40:33;44.4
2026-05-20 09:40:48;44.4
2026-05-20 09:41:03;44.3
2026-05-20 09:41:18;44.2
2026-05-20 09:41:34;44.6
2026-05-20 09:41:49;44.9
2026-05-20 09:42:05;45.1
2026-05-20 09:42:20;45.2
2026-05-20 09:42:36;45.3
2026-05-20 09:42:50;45.5
2026-05-20 09:43:36;45.3
2026-05-20 09:43:51;45.4
2026-05-20 09:44:06;45.6
2026-05-20 09:44:21;45.6
2026-05-20 09:44:37;45.8
2026-05-20 09:44:52;45.8
2026-05-20 09:45:08;45.9
2026-05-20 09:45:23;45.9
2026-05-20 09:45:38;45.9
2026-05-20 09:45:54;46.0
2026-05-20 09:46:09;46.1
2026-05-20 09:46:24;45.9
2026-05-20 09:46:39;46.2
2026-05-20 09:46:54;46.6
2026-05-20 09:47:10;46.9
2026-05-20 09:47:25;47.1
2026-05-20 09:47:41;47.3
2026-05-20 09:47:56;47.6
2026-05-20 09:48:12;47.7
2026-05-20 09:48:26;48.0
2026-05-20 09:48:42;48.3
2026-05-20 09:48:57;48.4
2026-05-20 09:49:13;48.7
2026-05-20 09:49:29;48.9
2026-05-20 09:49:51;49.1
2026-05-20 09:50:14;49.2
2026-05-20 09:50:29;49.1
2026-05-20 09:50:51;49.2
2026-05-20 09:51:00;49.4
2026-05-20 09:51:21;49.6
2026-05-20 09:51:30;49.6
2026-05-20 09:51:46;49.6
2026-05-20 09:52:06;49.4
2026-05-20 09:52:17;49.5
2026-05-20 09:52:32;49.4
2026-05-20 09:52:47;49.7
2026-05-20 09:53:03;50.1
2026-05-20 09:53:18;50.1
2026-05-20 09:53:33;50.4
2026-05-20 09:53:48;50.6
2026-05-20 09:54:03;50.7
2026-05-20 09:54:19;50.6
2026-05-20 09:54:34;50.7
2026-05-20 09:54:49;50.6
2026-05-20 09:55:04;50.5
2026-05-20 09:55:20;50.2
2026-05-20 09:55:35;49.6
2026-05-20 09:55:51;48.8
2026-05-20 09:56:06;48.4
2026-05-20 09:56:21;48.4
2026-05-20 09:56:36;48.6
2026-05-20 09:56:52;48.9
2026-05-20 09:57:07;48.9
2026-05-20 09:57:22;49.1
2026-05-20 09:57:38;49.3
2026-05-20 09:58:08;49.7
2026-05-20 09:58:23;50.0
2026-05-20 09:58:53;50.1
2026-05-20 09:58:57;50.2
2026-05-20 09:59:17;50.4
2026-05-20 09:59:29;50.5
2026-05-20 09:59:43;50.7
2026-05-20 10:00:17;50.8
2026-05-20 10:00:26;50.8
2026-05-20 10:00:32;50.9
2026-05-20 10:00:49;50.8
2026-05-20 10:01:04;50.8
2026-05-20 10:01:19;50.6
2026-05-20 10:01:34;50.2
2026-05-20 10:02:10;50.3
2026-05-20 10:02:20;50.6
2026-05-20 10:02:37;50.9
2026-05-20 10:02:51;50.8
2026-05-20 10:03:06;50.7
2026-05-20 10:03:46;50.8
2026-05-20 10:03:52;50.9
2026-05-20 10:04:30;51.1
2026-05-20 10:04:46;51.2
2026-05-20 10:05:01;51.4
2026-05-20 10:05:16;51.4
2026-05-20 10:05:31;51.7
2026-05-20 10:05:47;51.6
2026-05-20 10:06:08;51.7
2026-05-20 10:06:19;51.8
2026-05-20 10:06:39;51.8
2026-05-20 10:06:54;52.1
2026-05-20 10:07:10;52.2
2026-05-20 10:07:25;52.3
2026-05-20 10:07:44;52.2
2026-05-20 10:07:56;52.4
2026-05-20 10:08:11;52.5
2026-05-20 10:08:27;52.6
2026-05-20 10:08:42;52.5
2026-05-20 10:08:57;52.4
2026-05-20 10:09:12;52.6
2026-05-20 10:09:27;52.8
2026-05-20 10:09:43;52.6
2026-05-20 10:09:58;52.6
2026-05-20 10:10:13;52.6
2026-05-20 10:10:28;52.6
2026-05-20 10:10:44;52.7
2026-05-20 10:11:00;52.6
2026-05-20 10:11:15;52.7
2026-05-20 10:11:29;52.8
2026-05-20 10:11:45;52.9
2026-05-20 10:12:00;53.1
2026-05-20 10:12:15;53.3
2026-05-20 10:12:30;53.4
2026-05-20 10:12:55;53.5
2026-05-20 10:13:01;53.6
2026-05-20 10:13:16;53.7
2026-05-20 10:13:31;53.7
2026-05-20 10:13:47;53.6
2026-05-20 10:14:05;53.3
2026-05-20 10:14:17;53.3
2026-05-20 10:14:32;53.0
2026-05-20 10:14:48;52.9
2026-05-20 10:15:03;52.6
2026-05-20 10:15:19;52.1
2026-05-20 10:15:36;52.3
2026-05-20 10:15:49;52.4
2026-05-20 10:16:04;52.6
2026-05-20 10:16:19;53.0
2026-05-20 10:16:34;53.3
2026-05-20 10:16:51;53.3
2026-05-20 10:17:09;53.6
2026-05-20 10:17:23;53.6
2026-05-20 10:17:37;53.6
2026-05-20 10:17:53;53.7
2026-05-20 10:18:08;53.9
2026-05-20 10:18:23;53.8
2026-05-20 10:18:38;53.9
2026-05-20 10:18:55;54.0
2026-05-20 10:19:09;53.9
2026-05-20 10:19:24;53.9
2026-05-20 10:19:39;53.9
2026-05-20 10:19:55;53.9
2026-05-20 10:20:30;54.1
2026-05-20 10:20:46;53.7
2026-05-20 10:21:01;53.6
2026-05-20 10:21:28;53.8
2026-05-20 10:21:31;53.9
2026-05-20 10:22:20;54.1
2026-05-20 10:22:20;53.9
2026-05-20 10:22:47;53.9
2026-05-20 10:23:18;54.0
2026-05-20 10:24:24;53.4
2026-05-20 10:24:40;52.9
2026-05-20 10:25:06;52.9
2026-05-20 10:25:10;53.3
2026-05-20 10:25:38;53.6
2026-05-20 10:25:43;53.7
2026-05-20 10:26:01;54.0
2026-05-20 10:26:14;54.1
2026-05-20 10:26:29;54.1
2026-05-20 10:26:44;54.3
2026-05-20 10:26:59;54.4
2026-05-20 10:27:24;54.4
2026-05-20 10:27:30;54.1
2026-05-20 10:27:45;53.9
2026-05-20 10:28:01;53.7
2026-05-20 10:28:19;54.1
2026-05-20 10:28:35;53.9
2026-05-20 10:28:47;53.7
2026-05-20 10:29:02;53.7
2026-05-20 10:29:18;53.9
2026-05-20 10:29:32;53.6
2026-05-20 10:29:48;53.0
2026-05-20 10:30:03;53.3
2026-05-20 10:30:19;53.4
2026-05-20 10:30:33;53.1
2026-05-20 10:30:49;52.9
2026-05-20 10:31:04;52.9
2026-05-20 10:31:20;52.6
2026-05-20 10:31:35;52.4
2026-05-20 10:31:50;52.2
2026-05-20 10:32:05;52.5
2026-05-20 10:32:21;52.2
2026-05-20 10:32:36;51.9
2026-05-20 10:32:51;51.6
2026-05-20 10:33:06;51.1
2026-05-20 10:33:22;50.6
2026-05-20 10:33:37;50.4
2026-05-20 10:33:52;50.1
2026-05-20 10:34:07;49.9
2026-05-20 10:34:23;49.9
2026-05-20 10:34:38;50.1
2026-05-20 10:34:53;49.7
2026-05-20 10:35:08;49.6
2026-05-20 10:35:24;49.6
2026-05-20 10:35:39;49.7
2026-05-20 10:35:54;49.8
2026-05-20 10:36:09;49.9
2026-05-20 10:36:25;49.9
2026-05-20 10:36:40;49.9
2026-05-20 10:36:56;49.9
2026-05-20 10:37:11;49.8
2026-05-20 10:37:26;49.9
2026-05-20 10:37:42;49.9
2026-05-20 10:37:57;50.1
2026-05-20 10:38:12;50.2
2026-05-20 10:38:27;50.3
2026-05-20 10:38:42;50.5
2026-05-20 10:38:58;50.4
2026-05-20 10:39:13;50.6
2026-05-20 10:39:28;50.8
2026-05-20 10:39:43;50.9
2026-05-20 10:39:59;51.0
2026-05-20 10:40:14;51.1
2026-05-20 10:40:29;51.2
2026-05-20 10:40:45;51.4
2026-05-20 10:41:00;51.4
2026-05-20 10:41:15;51.6
2026-05-20 10:41:30;51.6
2026-05-20 10:41:45;51.7
2026-05-20 10:42:01;51.7
2026-05-20 10:42:16;51.7
2026-05-20 10:42:31;51.9
2026-05-20 10:42:46;52.1
2026-05-20 10:43:02;52.2
2026-05-20 10:43:17;52.5
2026-05-20 10:43:33;52.7
2026-05-20 10:43:48;52.8
2026-05-20 10:44:03;52.9
2026-05-20 10:44:18;53.1
2026-05-20 10:44:35;53.3
2026-05-20 10:44:48;53.3
2026-05-20 10:45:04;53.0
2026-05-20 10:45:19;53.1
2026-05-20 10:45:35;53.4
2026-05-20 10:45:50;53.6
2026-05-20 10:46:05;53.5
2026-05-20 10:46:20;53.1
2026-05-20 10:46:36;52.8
2026-05-20 10:46:51;52.9
2026-05-20 10:47:06;53.4
2026-05-20 10:47:21;53.6
2026-05-20 10:47:37;53.6
2026-05-20 10:47:52;53.5
2026-05-20 10:48:07;53.9
2026-05-20 10:48:23;54.2
2026-05-20 10:48:38;54.4
2026-05-20 10:48:53;54.5
2026-05-20 10:49:08;54.6
2026-05-20 10:49:23;54.5
2026-05-20 10:49:39;54.4
2026-05-20 10:49:54;54.5
2026-05-20 10:50:12;54.7
2026-05-20 10:50:24;54.8
2026-05-20 10:50:53;54.7
2026-05-20 10:51:06;54.5
2026-05-20 10:51:21;53.7
2026-05-20 10:51:37;53.3
2026-05-20 10:51:52;52.7
2026-05-20 10:52:07;51.9
2026-05-20 10:52:22;51.3
2026-05-20 10:52:38;51.4
2026-05-20 10:52:53;51.1
2026-05-20 10:53:08;50.8
2026-05-20 10:53:23;50.3
2026-05-20 10:53:39;49.7
2026-05-20 10:53:54;49.4
2026-05-20 10:54:09;48.8
2026-05-20 10:54:24;48.4
2026-05-20 10:54:40;48.3
2026-05-20 10:54:55;48.0
2026-05-20 10:55:10;47.7
2026-05-20 10:55:25;47.6
2026-05-20 10:55:41;47.3
2026-05-20 10:55:56;47.2
2026-05-20 10:56:12;47.0
2026-05-20 10:56:27;46.7
2026-05-20 10:56:42;46.4
2026-05-20 10:56:57;46.2
2026-05-20 10:57:13;46.1
2026-05-20 10:57:28;46.0
2026-05-20 10:57:43;45.7
2026-05-20 10:57:58;45.2
2026-05-20 10:58:14;44.7
2026-05-20 10:58:29;44.4
2026-05-20 10:58:45;44.2
2026-05-20 10:59:00;44.1
2026-05-20 10:59:15;43.9
2026-05-20 10:59:30;43.8
2026-05-20 10:59:46;43.7
2026-05-20 11:00:01;43.6
2026-05-20 11:00:16;43.6
2026-05-20 11:00:31;43.5
2026-05-20 11:00:47;43.3
2026-05-20 11:01:02;43.3
2026-05-20 11:01:18;43.2
2026-05-20 11:01:33;43.1
2026-05-20 11:01:49;43.1
2026-05-20 11:02:03;42.9
2026-05-20 11:02:19;42.9
2026-05-20 11:02:34;42.8
2026-05-20 11:02:50;42.6
2026-05-20 11:03:05;42.4
2026-05-20 11:03:20;42.2
2026-05-20 11:03:35;42.1
2026-05-20 11:03:51;42.1
2026-05-20 11:04:06;42.1
2026-05-20 11:04:22;42.1
2026-05-20 11:04:37;42.1
2026-05-20 11:04:52;42.2
2026-05-20 11:05:07;42.4
2026-05-20 11:05:23;42.6
2026-05-20 11:05:38;43.0
2026-05-20 11:05:54;43.2
2026-05-20 11:06:09;43.6
2026-05-20 11:06:24;43.9
2026-05-20 11:06:39;44.1
2026-05-20 11:06:55;44.4
2026-05-20 11:07:10;44.7
2026-05-20 11:07:25;44.9
2026-05-20 11:07:40;44.9
2026-05-20 11:07:56;45.2
2026-05-20 11:08:11;45.4
2026-05-20 11:08:26;45.6
2026-05-20 11:08:41;45.8
2026-05-20 11:08:57;46.1
2026-05-20 11:09:13;45.9
2026-05-20 11:09:28;45.8
2026-05-20 11:09:43;45.8
2026-05-20 11:09:58;45.7
2026-05-20 11:10:13;45.2
2026-05-20 11:10:29;45.1
2026-05-20 11:10:44;45.1
2026-05-20 11:11:00;44.9
2026-05-20 11:11:15;44.9
2026-05-20 11:11:30;44.8
2026-05-20 11:11:45;44.6
2026-05-20 11:12:01;44.4
2026-05-20 11:12:16;44.4
2026-05-20 11:12:31;44.5
2026-05-20 11:12:46;44.7
2026-05-20 11:13:02;44.9
2026-05-20 11:13:17;45.2
2026-05-20 11:13:33;45.6
2026-05-20 11:13:48;45.9
2026-05-20 11:14:03;46.3
2026-05-20 11:14:18;46.6
2026-05-20 11:14:34;46.9
2026-05-20 11:14:49;47.2
2026-05-20 11:15:04;47.6
2026-05-20 11:15:19;47.9
2026-05-20 11:15:35;48.1
2026-05-20 11:15:50;48.3
2026-05-20 11:16:05;48.4
2026-05-20 11:16:20;48.4
2026-05-20 11:16:36;48.3
2026-05-20 11:16:51;48.2
2026-05-20 11:17:07;48.1
2026-05-20 11:17:22;47.9
2026-05-20 11:17:37;47.6
2026-05-20 11:17:52;47.4
2026-05-20 11:18:08;47.1
2026-05-20 11:18:23;46.9
2026-05-20 11:18:38;46.6
2026-05-20 11:18:53;46.6
2026-05-20 11:19:09;46.6
2026-05-20 11:19:24;46.5
2026-05-20 11:19:39;46.2
2026-05-20 11:19:55;46.1
2026-05-20 11:20:10;45.9
2026-05-20 11:20:25;45.7
2026-05-20 11:20:41;45.6
2026-05-20 11:20:56;45.5
2026-05-20 11:21:11;45.4
2026-05-20 11:21:26;45.2
2026-05-20 11:21:42;45.1
2026-05-20 11:21:57;45.0
2026-05-20 11:22:13;44.7
2026-05-20 11:22:28;44.6
2026-05-20 11:22:43;44.6
2026-05-20 11:22:58;44.6
2026-05-20 11:23:14;44.3
2026-05-20 11:23:29;44.2
2026-05-20 11:23:44;44.2
2026-05-20 11:23:59;44.2
2026-05-20 11:24:15;44.3
2026-05-20 11:24:34;44.3
2026-05-20 11:24:56;44.3
2026-05-20 11:25:16;44.3
2026-05-20 11:25:32;44.2
2026-05-20 11:25:47;44.3
2026-05-20 11:26:04;44.3
2026-05-20 11:26:17;44.3
2026-05-20 11:26:33;44.2
2026-05-20 11:26:48;44.2
2026-05-20 11:27:04;44.3
2026-05-20 11:27:19;44.2
2026-05-20 11:27:34;44.2
2026-05-20 11:27:49;44.2
2026-05-20 11:28:05;44.3
2026-05-20 11:28:20;44.1
2026-05-20 11:28:35;43.8
2026-05-20 11:28:50;43.8
2026-05-20 11:29:06;43.8
2026-05-20 11:29:21;43.9
2026-05-20 11:29:37;43.8
2026-05-20 11:29:52;43.9
2026-05-20 11:30:07;44.0
2026-05-20 11:30:22;44.1
2026-05-20 11:30:38;44.0
2026-05-20 11:30:53;44.1
2026-05-20 11:31:08;44.1
2026-05-20 11:31:23;44.1
2026-05-20 11:31:39;44.1
2026-05-20 11:31:55;44.0
2026-05-20 11:32:10;44.2
2026-05-20 11:32:25;44.3
2026-05-20 11:32:40;44.3
2026-05-20 11:32:55;44.3
2026-05-20 11:33:11;44.4
2026-05-20 11:33:26;44.4
2026-05-20 11:33:41;44.6
2026-05-20 11:33:56;44.6
2026-05-20 11:34:12;44.4
2026-05-20 11:34:27;43.9
2026-05-20 11:34:43;43.7
2026-05-20 11:34:58;43.9
2026-05-20 11:35:13;44.1
2026-05-20 11:35:28;44.2
2026-05-20 11:35:44;44.4
2026-05-20 11:35:59;44.7
2026-05-20 11:36:14;44.8
2026-05-20 11:36:29;44.9
2026-05-20 11:36:45;45.2
2026-05-20 11:37:00;45.4
2026-05-20 11:37:16;45.5
2026-05-20 11:37:31;45.7
2026-05-20 11:37:46;45.8
2026-05-20 11:38:01;45.9
2026-05-20 11:38:17;46.0
2026-05-20 11:38:32;46.1
2026-05-20 11:38:47;45.9
2026-05-20 11:39:02;45.9
2026-05-20 11:39:18;46.0
2026-05-20 11:39:33;46.0
2026-05-20 11:39:49;46.0
2026-05-20 11:40:04;46.1
2026-05-20 11:40:19;46.3
2026-05-20 11:40:34;46.4
2026-05-20 11:40:50;46.5
2026-05-20 11:41:05;46.5
2026-05-20 11:41:20;46.5
2026-05-20 11:41:35;46.6
2026-05-20 11:41:51;46.5
2026-05-20 11:42:06;46.4
2026-05-20 11:42:22;46.4
2026-05-20 11:42:37;46.4
2026-05-20 11:42:52;46.4
2026-05-20 11:43:38;46.3
2026-05-20 11:43:53;46.2
2026-05-20 11:44:08;45.9
2026-05-20 11:44:24;45.8
2026-05-20 11:44:39;45.6
2026-05-20 11:44:54;45.4
2026-05-20 11:45:09;45.4
2026-05-20 11:45:25;45.2
2026-05-20 11:45:40;45.2
2026-05-20 11:45:56;45.1
2026-05-20 11:46:11;45.0
2026-05-20 11:46:56;44.9
2026-05-20 11:46:56;44.8
2026-05-20 11:47:19;44.7
2026-05-20 11:47:46;44.4
2026-05-20 11:47:50;44.5
2026-05-20 11:48:05;44.7
2026-05-20 11:48:20;45.0
2026-05-20 11:48:36;45.2
2026-05-20 11:48:51;45.2
2026-05-20 11:49:06;45.4
2026-05-20 11:49:22;45.6
2026-05-20 11:49:37;45.9
2026-05-20 11:49:52;46.2
2026-05-20 11:50:08;46.3
2026-05-20 11:50:23;46.4
2026-05-20 11:50:38;46.3
2026-05-20 11:50:53;46.3
2026-05-20 11:51:09;46.2
2026-05-20 11:51:24;46.1
2026-05-20 11:51:39;45.9
2026-05-20 11:51:55;45.5
2026-05-20 11:52:10;45.3
2026-05-20 11:52:25;45.2
2026-05-20 11:52:43;45.1
2026-05-20 11:52:56;45.1
2026-05-20 11:53:11;44.9
2026-05-20 11:53:26;44.8
2026-05-20 11:53:42;44.6
2026-05-20 11:53:57;44.6
2026-05-20 11:54:12;44.5
2026-05-20 11:54:28;44.2
2026-05-20 11:54:43;44.4
2026-05-20 11:54:58;44.6
2026-05-20 11:55:14;44.7
2026-05-20 11:55:29;45.1
2026-05-20 11:55:44;45.2
2026-05-20 11:55:59;45.4
2026-05-20 11:56:15;45.7
2026-05-20 11:56:30;45.8
2026-05-20 11:56:46;46.0
2026-05-20 11:57:01;46.2
2026-05-20 11:57:16;46.4
2026-05-20 11:57:31;46.6
2026-05-20 11:57:47;46.8
2026-05-20 11:58:02;47.1
2026-05-20 11:58:17;47.2
2026-05-20 11:58:32;47.3
2026-05-20 11:58:48;47.6
2026-05-20 11:59:03;47.9
2026-05-20 11:59:19;48.2
2026-05-20 11:59:34;48.3
2026-05-20 11:59:49;48.4
2026-05-20 12:00:05;48.4
2026-05-20 12:00:34;48.4
2026-05-20 12:00:36;48.6
2026-05-20 12:00:50;48.7
2026-05-20 12:01:05;48.9
2026-05-20 12:01:21;49.1
2026-05-20 12:01:37;49.2
2026-05-20 12:01:52;49.2
2026-05-20 12:02:07;49.4
2026-05-20 12:02:22;49.6
2026-05-20 12:02:38;49.7
2026-05-20 12:02:53;49.8
2026-05-20 12:03:08;49.8
2026-05-20 12:03:23;49.7
2026-05-20 12:03:39;49.7
2026-05-20 12:03:54;49.8
2026-05-20 12:04:09;49.7
2026-05-20 12:04:24;49.8
2026-05-20 12:04:40;49.7
2026-05-20 12:04:55;49.7
2026-05-20 12:05:13;49.9
2026-05-20 12:05:25;49.9
2026-05-20 12:05:41;49.7
2026-05-20 12:05:56;49.9
2026-05-20 12:06:11;50.1
2026-05-20 12:06:26;49.9
2026-05-20 12:06:42;49.7
2026-05-20 12:06:57;49.5
2026-05-20 12:07:12;49.4
2026-05-20 12:07:27;49.1
2026-05-20 12:07:43;48.7
2026-05-20 12:07:58;48.6
2026-05-20 12:08:13;48.4
2026-05-20 12:08:28;48.1
2026-05-20 12:08:44;47.9
2026-05-20 12:08:59;47.7
2026-05-20 12:09:14;47.6
2026-05-20 12:09:29;47.4
2026-05-20 12:09:45;47.1
2026-05-20 12:10:00;47.1
2026-05-20 12:10:16;47.2
2026-05-20 12:10:31;47.1
2026-05-20 12:10:46;47.3
2026-05-20 12:11:01;47.5
2026-05-20 12:11:17;47.6
2026-05-20 12:11:32;47.6
2026-05-20 12:11:47;47.7
2026-05-20 12:12:02;47.9
2026-05-20 12:12:18;48.1
2026-05-20 12:12:33;48.4
2026-05-20 12:12:49;48.4
2026-05-20 12:13:04;48.5
2026-05-20 12:13:19;48.6
2026-05-20 12:13:34;48.7
2026-05-20 12:13:50;48.9
2026-05-20 12:14:05;49.0
2026-05-20 12:14:20;49.2
2026-05-20 12:14:35;49.4
2026-05-20 12:14:51;49.5
2026-05-20 12:15:06;49.7
2026-05-20 12:15:21;50.1
2026-05-20 12:15:36;50.3
2026-05-20 12:15:52;50.7
2026-05-20 12:16:07;50.8
2026-05-20 12:16:24;51.1
2026-05-20 12:16:37;51.0
2026-05-20 12:16:53;50.9
2026-05-20 12:17:08;50.9
2026-05-20 12:17:24;50.8
2026-05-20 12:17:39;50.9
2026-05-20 12:17:54;51.2
2026-05-20 12:18:09;51.2
2026-05-20 12:18:25;51.4
2026-05-20 12:18:40;51.6
2026-05-20 12:18:55;51.6
2026-05-20 12:19:11;51.7
2026-05-20 12:19:26;51.9
2026-05-20 12:19:42;51.9
2026-05-20 12:19:56;52.0
2026-05-20 12:20:11;52.0
2026-05-20 12:20:27;52.0
2026-05-20 12:20:42;52.1
2026-05-20 12:20:57;52.4
2026-05-20 12:21:12;52.3
2026-05-20 12:21:28;51.7
2026-05-20 12:21:43;51.2
2026-05-20 12:21:58;51.1
2026-05-20 12:22:13;51.4
2026-05-20 12:22:29;51.5
2026-05-20 12:22:44;51.4
2026-05-20 12:22:59;51.0
2026-05-20 12:23:14;50.7
2026-05-20 12:23:31;50.8
2026-05-20 12:23:45;50.7
2026-05-20 12:24:00;50.4
2026-05-20 12:24:15;50.3
2026-05-20 12:24:31;50.0
2026-05-20 12:24:46;49.7
2026-05-20 12:25:01;49.7
2026-05-20 12:25:16;49.5
2026-05-20 12:25:32;49.3
2026-05-20 12:25:48;49.1
2026-05-20 12:26:03;48.6
2026-05-20 12:26:19;48.3
2026-05-20 12:26:33;48.0
2026-05-20 12:26:48;47.7
2026-05-20 12:27:04;47.5
2026-05-20 12:27:19;47.4
2026-05-20 12:27:34;47.2
2026-05-20 12:27:49;47.2
2026-05-20 12:28:05;47.2
2026-05-20 12:28:20;47.1
2026-05-20 12:28:36;47.0
2026-05-20 12:28:50;46.9
2026-05-20 12:29:10;46.7
2026-05-20 12:29:21;46.6
2026-05-20 12:29:37;46.7
2026-05-20 12:29:58;46.5
2026-05-20 12:30:07;46.4
2026-05-20 12:30:23;46.5
2026-05-20 12:30:41;46.6
2026-05-20 12:30:54;46.7
2026-05-20 12:31:08;47.0
2026-05-20 12:31:25;47.3
2026-05-20 12:31:39;47.6
2026-05-20 12:31:54;47.6
2026-05-20 12:32:11;47.5
2026-05-20 12:32:25;47.6
2026-05-20 12:32:40;47.8
2026-05-20 12:32:56;47.9
2026-05-20 12:33:11;48.2
2026-05-20 12:33:26;48.4
2026-05-20 12:33:41;48.3
2026-05-20 12:33:56;48.5
2026-05-20 12:34:11;48.6
2026-05-20 12:34:27;48.5
2026-05-20 12:34:42;48.3
2026-05-20 12:34:58;48.5
2026-05-20 12:35:13;48.8
2026-05-20 12:35:32;49.0
2026-05-20 12:35:50;49.5
2026-05-20 12:36:03;49.6
2026-05-20 12:36:18;49.9
2026-05-20 12:36:34;50.0
2026-05-20 12:36:49;50.1
2026-05-20 12:37:04;50.4
2026-05-20 12:37:24;50.4
2026-05-20 12:37:55;50.7
2026-05-20 12:37:55;50.6
2026-05-20 12:38:14;50.5
2026-05-20 12:38:25;50.1
2026-05-20 12:38:40;50.1
2026-05-20 12:38:59;49.9
2026-05-20 12:39:11;49.9
2026-05-20 12:39:26;49.7
2026-05-20 12:39:42;49.6
2026-05-20 12:39:57;49.5
2026-05-20 12:40:12;49.2
2026-05-20 12:40:27;49.1
2026-05-20 12:40:42;48.8
2026-05-20 12:40:58;48.4
2026-05-20 12:41:13;48.1
2026-05-20 12:41:29;47.9
2026-05-20 12:41:44;47.9
2026-05-20 12:42:02;47.5
2026-05-20 12:42:14;47.2
2026-05-20 12:42:30;46.9
2026-05-20 12:42:45;46.5
2026-05-20 12:43:00;46.2
2026-05-20 12:43:15;46.1
2026-05-20 12:43:31;45.6
2026-05-20 12:43:46;45.2
2026-05-20 12:44:01;45.0
2026-05-20 12:44:16;44.8
2026-05-20 12:44:32;44.6
2026-05-20 12:44:47;44.4
2026-05-20 12:45:03;44.2
2026-05-20 12:45:18;44.2
2026-05-20 12:45:33;44.1
2026-05-20 12:45:48;43.9
2026-05-20 12:46:04;43.9
2026-05-20 12:46:19;43.9
2026-05-20 12:46:34;44.2
2026-05-20 12:46:49;44.1
2026-05-20 12:47:05;44.2
2026-05-20 12:47:20;44.1
2026-05-20 12:47:36;44.2
2026-05-20 12:47:51;44.6
2026-05-20 12:48:06;44.9
2026-05-20 12:48:30;44.9
2026-05-20 12:48:37;45.2
2026-05-20 12:48:52;45.8
2026-05-20 12:49:07;46.2
2026-05-20 12:49:22;46.4
2026-05-20 12:49:38;46.6
2026-05-20 12:49:53;46.7
2026-05-20 12:50:09;47.2
2026-05-20 12:50:24;47.6
2026-05-20 12:50:39;48.0
2026-05-20 12:50:54;48.3
2026-05-20 12:51:10;48.6
2026-05-20 12:51:25;48.7
2026-05-20 12:51:40;49.0
2026-05-20 12:52:01;49.2
2026-05-20 12:52:11;49.6
2026-05-20 12:52:26;49.7
2026-05-20 12:52:42;49.6
2026-05-20 12:52:56;49.4
2026-05-20 12:53:12;49.6
2026-05-20 12:53:27;49.7
2026-05-20 12:53:43;49.8
2026-05-20 12:54:00;49.6
2026-05-20 12:54:16;49.5
2026-05-20 12:54:30;49.7
2026-05-20 12:54:44;49.8
2026-05-20 12:54:59;49.9
2026-05-20 12:55:14;49.9
2026-05-20 12:55:29;50.1
2026-05-20 12:55:45;50.3
2026-05-20 12:56:00;50.3
2026-05-20 12:56:15;50.1
2026-05-20 12:56:30;50.5
2026-05-20 12:56:46;50.4
2026-05-20 12:57:01;50.6
2026-05-20 12:57:16;50.9
2026-05-20 12:57:31;51.1
2026-05-20 12:57:47;51.2
2026-05-20 12:58:02;51.4
2026-05-20 12:58:18;51.7
2026-05-20 12:58:33;51.9
2026-05-20 12:58:48;52.1
2026-05-20 12:59:03;52.1
2026-05-20 12:59:19;52.1
2026-05-20 12:59:34;52.2
2026-05-20 12:59:49;52.2
2026-05-20 13:00:04;52.1
2026-05-20 13:00:20;52.0
2026-05-20 13:00:35;52.1
2026-05-20 13:00:50;52.4
2026-05-20 13:01:05;52.4
2026-05-20 13:01:21;52.3
2026-05-20 13:01:36;52.3
2026-05-20 13:01:51;52.2
2026-05-20 13:02:06;52.2
2026-05-20 13:02:22;52.3
2026-05-20 13:02:37;52.1
2026-05-20 13:02:52;52.0
2026-05-20 13:03:07;52.1
2026-05-20 13:03:23;52.1
2026-05-20 13:03:38;52.2
2026-05-20 13:03:55;52.3
2026-05-20 13:04:08;52.1
2026-05-20 13:04:24;52.2
2026-05-20 13:04:39;52.3
2026-05-20 13:04:54;52.7
2026-05-20 13:05:09;52.7
2026-05-20 13:05:27;52.4
2026-05-20 13:05:40;52.7
2026-05-20 13:05:55;52.9
2026-05-20 13:06:10;52.9
2026-05-20 13:06:26;52.9
2026-05-20 13:06:41;52.7
2026-05-20 13:06:56;52.8
2026-05-20 13:07:11;52.9
2026-05-20 13:07:27;53.2
2026-05-20 13:07:42;53.6
2026-05-20 13:07:57;53.6
2026-05-20 13:08:12;53.7
2026-05-20 13:08:28;54.1
2026-05-20 13:08:43;54.1
2026-05-20 13:08:58;54.2
2026-05-20 13:09:13;54.6
2026-05-20 13:09:29;54.7
2026-05-20 13:09:44;54.9
2026-05-20 13:10:00;54.9
2026-05-20 13:10:14;55.0
2026-05-20 13:10:30;55.1
2026-05-20 13:10:45;55.0
2026-05-20 13:11:00;54.9
2026-05-20 13:11:15;54.6
2026-05-20 13:11:32;54.4
2026-05-20 13:11:46;54.0
2026-05-20 13:12:02;53.9
2026-05-20 13:12:16;53.6
2026-05-20 13:12:32;53.3
2026-05-20 13:12:47;53.2
2026-05-20 13:13:02;53.3
2026-05-20 13:13:18;53.4
2026-05-20 13:13:33;53.4
2026-05-20 13:13:48;52.9
2026-05-20 13:14:03;52.9
2026-05-20 13:14:18;52.5
2026-05-20 13:14:34;52.1
2026-05-20 13:14:49;51.5
2026-05-20 13:15:05;51.0
2026-05-20 13:15:19;50.6
2026-05-20 13:15:35;50.2
2026-05-20 13:15:50;49.9
2026-05-20 13:16:06;49.3
2026-05-20 13:16:21;49.0
2026-05-20 13:16:36;48.6
2026-05-20 13:16:51;48.2
2026-05-20 13:17:07;47.9
2026-05-20 13:17:22;47.7
2026-05-20 13:17:37;47.4
2026-05-20 13:17:52;47.1
2026-05-20 13:18:08;46.7
2026-05-20 13:18:23;46.5
2026-05-20 13:18:39;46.2
2026-05-20 13:18:54;45.9
2026-05-20 13:19:09;45.8
2026-05-20 13:19:24;45.4
2026-05-20 13:19:40;45.1
2026-05-20 13:19:55;44.6
2026-05-20 13:20:10;44.4
2026-05-20 13:20:25;44.3
2026-05-20 13:20:41;44.1
2026-05-20 13:20:56;44.1
2026-05-20 13:21:12;43.8
2026-05-20 13:21:27;43.6
2026-05-20 13:21:42;43.3
2026-05-20 13:21:57;43.0
2026-05-20 13:22:13;42.7
2026-05-20 13:22:28;42.3
2026-05-20 13:22:43;42.1
2026-05-20 13:22:58;42.0
2026-05-20 13:23:14;41.7
2026-05-20 13:23:29;41.5
2026-05-20 13:23:45;41.4
2026-05-20 13:24:00;41.2
2026-05-20 13:24:15;41.1
2026-05-20 13:24:30;40.9
2026-05-20 13:24:46;40.8
2026-05-20 13:25:01;40.6
2026-05-20 13:25:17;40.6
2026-05-20 13:25:32;40.4
2026-05-20 13:25:47;40.3
2026-05-20 13:26:02;40.1
2026-05-20 13:26:18;39.9
2026-05-20 13:26:33;39.7
2026-05-20 13:26:48;39.6
2026-05-20 13:27:03;39.4
2026-05-20 13:27:18;39.2
2026-05-20 13:27:33;38.9
2026-05-20 13:27:48;38.7
2026-05-20 13:28:03;38.6
2026-05-20 13:28:18;38.4
2026-05-20 13:28:33;38.2
2026-05-20 13:28:48;38.0
2026-05-20 13:29:03;37.8
2026-05-20 13:29:18;37.7
2026-05-20 13:29:33;37.6
2026-05-21 08:07:38;0.0
2026-05-21 08:07:53;29.6
2026-05-21 08:08:08;29.8
2026-05-21 08:08:23;29.9
2026-05-21 08:08:38;30.0
2026-05-21 08:08:54;30.1
2026-05-21 08:09:08;30.2
2026-05-21 08:09:23;30.3
2026-05-21 08:09:38;30.4
2026-05-21 08:09:53;30.4
2026-05-21 08:10:08;30.6
2026-05-21 08:10:23;30.7
2026-05-21 08:10:39;30.8
2026-05-21 08:10:55;30.8
2026-05-21 08:11:09;30.9
2026-05-21 08:11:24;31.0
2026-05-21 08:11:39;31.1
2026-05-21 08:11:54;31.1
2026-05-21 08:12:09;31.2
2026-05-21 08:12:26;31.2
2026-05-21 08:12:39;31.3
2026-05-21 08:12:54;31.4
2026-05-21 08:13:09;31.4
2026-05-21 08:13:24;31.5
2026-05-21 08:13:39;31.5
2026-05-21 08:13:54;31.6
2026-05-21 08:14:09;31.7
2026-05-21 08:14:24;31.8
2026-05-21 08:14:39;31.8
2026-05-21 08:14:54;31.8
2026-05-21 08:15:09;31.9
2026-05-21 08:15:24;32.0
2026-05-21 08:15:39;32.1
2026-05-21 08:15:55;32.1
2026-05-21 08:16:37;32.1
2026-05-21 08:16:51;32.1
2026-05-21 08:17:10;32.1
2026-05-21 08:17:25;32.2
2026-05-21 08:17:41;32.2
2026-05-21 08:17:52;32.2
2026-05-21 08:18:43;32.0
2026-05-21 08:19:23;31.9
2026-05-21 08:19:27;31.9
2026-05-21 08:19:44;32.1
2026-05-21 08:20:09;32.1
2026-05-21 08:20:45;32.1
2026-05-21 08:20:45;32.1
2026-05-21 08:20:51;32.2
2026-05-21 08:21:03;32.1
2026-05-21 08:21:18;32.2
2026-05-21 08:21:33;32.3
2026-05-21 08:21:48;32.2
2026-05-21 08:22:03;32.3
2026-05-21 08:22:18;32.2
2026-05-21 08:22:33;32.2
2026-05-21 08:22:48;32.2
2026-05-21 08:23:03;32.1
2026-05-21 08:23:33;32.2
2026-05-21 08:23:37;32.2
2026-05-21 08:23:53;32.2
2026-05-21 08:24:08;32.2
2026-05-21 08:24:23;32.3
2026-05-21 08:25:31;32.3
2026-05-21 08:25:46;32.2
2026-05-21 08:26:01;32.2
2026-05-21 08:27:10;32.3
2026-05-21 08:27:25;32.3
2026-05-21 08:27:40;32.3
2026-05-21 08:27:56;32.2
2026-05-21 08:28:10;32.3
2026-05-21 08:28:25;32.2
2026-05-21 08:28:58;32.2
2026-05-21 08:28:58;32.2
2026-05-21 08:29:11;32.1
2026-05-21 08:29:26;32.1
2026-05-21 08:29:41;32.1
2026-05-21 08:29:56;32.1
2026-05-21 08:30:11;32.1
2026-05-21 08:30:26;32.0
2026-05-21 08:30:41;31.9
2026-05-21 08:30:56;31.8
2026-05-21 08:31:11;31.8
2026-05-21 08:31:27;31.8
2026-05-21 08:31:42;31.7
2026-05-21 08:31:56;31.6
2026-05-21 08:32:12;31.6
2026-05-21 08:32:27;31.6
2026-05-21 08:32:42;31.6
2026-05-21 08:32:59;31.6
2026-05-21 08:33:12;31.6
2026-05-21 08:33:27;31.6
2026-05-21 08:33:42;31.6
2026-05-21 08:33:57;31.6
2026-05-21 08:34:12;31.6
2026-05-21 08:34:27;31.6
2026-05-21 08:34:42;31.6
2026-05-21 08:34:57;31.5
2026-05-21 08:35:13;31.5
2026-05-21 08:35:28;31.5
2026-05-21 08:35:42;31.5
2026-05-21 08:35:57;31.4
2026-05-21 08:36:12;31.4
2026-05-21 08:36:27;31.4
2026-05-21 08:36:42;31.4
2026-05-21 08:36:57;31.4
2026-05-21 08:37:12;31.4
2026-05-21 08:37:28;31.3
2026-05-21 08:37:43;31.3
2026-05-21 08:37:58;31.3
2026-05-21 08:38:13;31.3
2026-05-21 08:38:28;31.3
2026-05-21 08:38:44;31.3
2026-05-21 08:38:58;31.3
2026-05-21 08:39:14;31.3
2026-05-21 08:39:28;31.3
2026-05-21 08:39:43;31.4
2026-05-21 08:39:58;31.4
2026-05-21 08:40:13;31.3
2026-05-21 08:40:28;31.3
2026-05-21 08:40:46;31.3
2026-05-21 08:40:58;31.3
2026-05-21 08:41:13;31.2
2026-05-21 08:41:28;31.2
2026-05-21 08:41:43;31.3
2026-05-21 08:41:58;31.2
2026-05-21 08:42:14;31.2
2026-05-21 08:42:29;31.2
2026-05-21 08:42:44;31.1
2026-05-21 08:42:59;31.1
2026-05-21 08:43:14;31.1
2026-05-21 08:43:29;31.1
2026-05-21 08:43:44;31.1
2026-05-21 08:43:59;31.1
2026-05-21 08:44:20;31.1
2026-05-21 08:44:32;31.1
2026-05-21 08:44:44;31.1
2026-05-21 08:44:59;31.1
2026-05-21 08:45:16;31.1
2026-05-21 08:45:29;31.1
2026-05-21 08:45:44;31.0
2026-05-21 08:45:59;31.0
2026-05-21 08:46:15;31.1
2026-05-21 08:46:30;31.1
2026-05-21 08:46:45;31.1
2026-05-21 08:46:59;31.1
2026-05-21 08:47:14;31.1
2026-05-21 08:47:30;31.1
2026-05-21 08:47:45;31.0
2026-05-21 08:48:00;30.9
2026-05-21 08:48:15;30.9
2026-05-21 08:48:30;30.9
2026-05-21 08:48:45;31.0
2026-05-21 08:49:00;30.9
2026-05-21 08:49:15;30.9
2026-05-21 08:49:30;30.9
2026-05-21 08:49:45;30.9
2026-05-21 08:50:00;30.8
2026-05-21 08:50:15;30.8
2026-05-21 08:50:30;30.8
2026-05-21 08:50:45;30.8
2026-05-21 08:51:01;30.8
2026-05-21 08:51:16;30.8
2026-05-21 08:51:30;30.8
2026-05-21 08:51:45;30.8
2026-05-21 08:52:00;30.9
2026-05-21 08:52:15;30.9
2026-05-21 08:52:30;30.9
2026-05-21 08:52:46;30.9
2026-05-21 08:53:01;30.9
2026-05-21 08:53:16;30.9
2026-05-21 08:53:31;31.0
2026-05-21 08:53:46;31.0
2026-05-21 08:54:01;31.0
2026-05-21 08:54:16;31.1
2026-05-21 08:54:32;31.1
2026-05-21 08:54:46;31.1
2026-05-21 08:55:02;31.0
2026-05-21 08:55:16;30.9
2026-05-21 08:55:31;31.0
2026-05-21 08:55:46;31.1
2026-05-21 08:56:01;31.1
2026-05-21 08:56:16;31.1
2026-05-21 08:56:31;31.2
2026-05-21 08:56:46;31.2
2026-05-21 08:57:05;31.2
2026-05-21 08:57:19;31.2
2026-05-21 08:57:32;31.4
2026-05-21 08:57:46;31.4
2026-05-21 08:58:06;31.5
2026-05-21 08:58:17;31.5
2026-05-21 08:58:32;31.6
2026-05-21 08:58:47;31.6
2026-05-21 08:59:02;31.7
2026-05-21 08:59:17;31.7
2026-05-21 08:59:33;31.7
2026-05-21 08:59:47;31.7
2026-05-21 09:00:02;31.8
2026-05-21 09:00:17;31.9
2026-05-21 09:00:32;32.0
2026-05-21 09:00:47;32.1
2026-05-21 09:01:02;32.1
2026-05-21 09:01:17;32.1
2026-05-21 09:01:32;32.2
2026-05-21 09:01:47;32.2
2026-05-21 09:02:02;32.3
2026-05-21 09:02:19;32.4
2026-05-21 09:02:33;32.5
2026-05-21 09:02:47;32.5
2026-05-21 09:03:03;32.5
2026-05-21 09:03:18;32.6
2026-05-21 09:03:33;32.6
2026-05-21 09:03:48;32.7
2026-05-21 09:04:03;32.9
2026-05-21 09:04:18;33.0
2026-05-21 09:04:33;33.1
2026-05-21 09:04:48;33.1
2026-05-21 09:05:03;33.2
2026-05-21 09:05:18;33.4
2026-05-21 09:05:33;33.5
2026-05-21 09:05:48;33.6
2026-05-21 09:06:03;33.8
2026-05-21 09:06:19;34.0
2026-05-21 09:06:33;34.0
2026-05-21 09:06:50;34.1
2026-05-21 09:07:03;34.1
2026-05-21 09:07:18;34.2
2026-05-21 09:07:33;34.2
2026-05-21 09:07:48;34.3
2026-05-21 09:08:03;34.2
2026-05-21 09:08:18;34.3
2026-05-21 09:08:33;34.4
2026-05-21 09:08:48;34.5
2026-05-21 09:09:03;34.6
2026-05-21 09:09:18;34.7
2026-05-21 09:09:33;34.8
2026-05-21 09:09:48;34.7
2026-05-21 09:10:04;34.7
2026-05-21 09:10:18;34.7
2026-05-21 09:10:33;34.7
2026-05-21 09:10:49;34.8
2026-05-21 09:11:04;34.9
2026-05-21 09:11:19;35.0
2026-05-21 09:11:34;35.0
2026-05-21 09:11:49;35.1
2026-05-21 09:12:04;35.2
2026-05-21 09:12:19;35.4
2026-05-21 09:12:34;35.4
2026-05-21 09:12:49;35.3
2026-05-21 09:13:04;35.4
2026-05-21 09:13:19;35.4
2026-05-21 09:13:34;35.5
2026-05-21 09:13:49;35.6
2026-05-21 09:14:04;35.7
2026-05-21 09:14:19;35.6
2026-05-21 09:14:34;35.4
2026-05-21 09:14:49;35.4
2026-05-21 09:15:04;35.4
2026-05-21 09:15:19;35.6
2026-05-21 09:15:34;35.6
2026-05-21 09:15:49;35.6
2026-05-21 09:16:04;35.6
2026-05-21 09:16:19;35.5
2026-05-21 09:16:34;35.4
2026-05-21 09:16:49;35.6
2026-05-21 09:17:06;35.6
2026-05-21 09:17:19;35.6
2026-05-21 09:17:34;35.6
2026-05-21 09:17:49;35.7
2026-05-21 09:18:04;35.8
2026-05-21 09:18:19;35.9
2026-05-21 09:18:34;35.9
2026-05-21 09:18:49;36.1
2026-05-21 09:19:04;36.1
2026-05-21 09:19:19;36.1
2026-05-21 09:19:34;36.1
2026-05-21 09:19:49;36.2
2026-05-21 09:20:04;36.4
2026-05-21 09:20:20;36.5
2026-05-21 09:20:35;36.5
2026-05-21 09:20:50;36.6
2026-05-21 09:21:04;36.5
2026-05-21 09:21:20;36.5
2026-05-21 09:21:35;36.4
2026-05-21 09:21:50;36.4
2026-05-21 09:22:05;36.6
2026-05-21 09:22:20;36.6
2026-05-21 09:22:35;36.6
2026-05-21 09:22:50;36.6
2026-05-21 09:23:05;36.6
2026-05-21 09:23:20;36.7
2026-05-21 09:23:35;36.7
2026-05-21 09:23:50;36.6
2026-05-21 09:24:05;36.7
2026-05-21 09:24:20;36.6
2026-05-21 09:24:35;36.6
2026-05-21 09:24:50;36.6
2026-05-21 09:25:05;36.7
2026-05-21 09:25:20;36.9
2026-05-21 09:25:35;36.9
2026-05-21 09:25:50;37.0
2026-05-21 09:26:05;37.0
2026-05-21 09:26:20;37.1
2026-05-21 09:26:35;37.0
2026-05-21 09:26:50;36.9
2026-05-21 09:27:05;36.7
2026-05-21 09:27:20;36.6
2026-05-21 09:27:35;36.7
2026-05-21 09:27:50;36.8
2026-05-21 09:28:05;36.9
2026-05-21 09:28:20;36.9
2026-05-21 09:28:35;37.0
2026-05-21 09:28:50;37.1
2026-05-21 09:29:05;37.2
2026-05-21 09:29:20;37.4
2026-05-21 09:29:35;37.5
2026-05-21 09:29:50;37.6
2026-05-21 09:30:05;37.7
2026-05-21 09:30:20;37.9
2026-05-21 09:30:35;38.2
2026-05-21 09:30:50;38.6
2026-05-21 09:31:05;38.9
2026-05-21 09:31:20;39.2
2026-05-21 09:31:37;39.5
2026-05-21 09:31:50;39.6
2026-05-21 09:32:05;39.9
2026-05-21 09:32:20;40.2
2026-05-21 09:32:36;40.6
2026-05-21 09:32:51;41.0
2026-05-21 09:33:06;41.4
2026-05-21 09:33:21;41.6
2026-05-21 09:33:37;41.7
2026-05-21 09:33:52;41.7
2026-05-21 09:34:07;41.9
2026-05-21 09:34:22;41.9
2026-05-21 09:34:38;41.9
2026-05-21 09:34:53;41.8
2026-05-21 09:35:09;41.7
2026-05-21 09:35:24;41.6
2026-05-21 09:35:40;41.7
2026-05-21 09:35:55;41.7
2026-05-21 09:36:10;41.6
2026-05-21 09:36:25;41.5
2026-05-21 09:36:41;41.4
2026-05-21 09:36:56;41.2
2026-05-21 09:37:12;41.1
2026-05-21 09:37:26;40.9
2026-05-21 09:37:42;40.7
2026-05-21 09:37:57;40.6
2026-05-21 09:38:13;40.4
2026-05-21 09:38:28;40.1
2026-05-21 09:38:43;39.9
2026-05-21 09:38:58;39.7
2026-05-21 09:39:13;39.6
2026-05-21 09:39:28;39.5
2026-05-21 09:39:43;39.4
2026-05-21 09:39:58;39.2
2026-05-21 09:40:14;39.1
2026-05-21 09:40:29;39.0
2026-05-21 09:40:44;38.8
2026-05-21 09:40:58;38.8
2026-05-21 09:41:13;38.7
2026-05-21 09:41:28;38.7
2026-05-21 09:41:44;38.6
2026-05-21 09:41:58;38.6
2026-05-21 09:42:13;38.7
2026-05-21 09:42:28;38.6
2026-05-21 09:42:43;38.4
2026-05-21 09:42:58;38.4
2026-05-21 09:43:13;38.4
2026-05-21 09:43:30;38.4
2026-05-21 09:43:43;38.3
2026-05-21 09:43:59;38.3
2026-05-21 09:44:14;38.3
2026-05-21 09:44:28;38.3
2026-05-21 09:44:43;38.3
2026-05-21 09:44:58;38.2
2026-05-21 09:45:15;38.2
2026-05-21 09:45:46;38.1
2026-05-21 09:45:58;38.0
2026-05-21 09:46:13;37.9
2026-05-21 09:46:28;37.8
2026-05-21 09:46:43;37.7
2026-05-21 09:46:58;37.6
2026-05-21 09:47:13;37.6
2026-05-21 09:47:28;37.7
2026-05-21 09:47:43;37.7
2026-05-21 09:47:58;37.6
2026-05-21 09:48:13;37.6
2026-05-21 09:48:29;37.6
2026-05-21 09:48:43;37.7
2026-05-21 09:48:58;37.6
2026-05-21 09:49:14;37.4
2026-05-21 09:49:45;37.3
2026-05-21 09:50:15;37.1
2026-05-21 09:50:23;37.1
2026-05-21 09:50:35;37.1
2026-05-21 09:50:48;37.1
2026-05-21 09:51:03;37.0
2026-05-21 09:51:18;37.1
2026-05-21 09:51:33;36.9
2026-05-21 09:51:49;36.9
2026-05-21 09:52:08;36.9
2026-05-21 09:52:18;36.9
2026-05-21 09:52:34;36.9
2026-05-21 09:52:49;36.9
2026-05-21 09:53:03;36.9
2026-05-21 09:53:18;36.9
2026-05-21 09:53:33;36.9
2026-05-21 09:53:48;36.9
2026-05-21 09:54:03;36.9
2026-05-21 09:54:18;36.9
2026-05-21 09:54:42;36.9
2026-05-21 09:54:48;36.9
2026-05-21 09:55:03;36.9
2026-05-21 09:55:18;36.9
2026-05-21 09:55:33;36.9
2026-05-21 09:55:52;36.9
2026-05-21 09:56:03;36.9
2026-05-21 09:56:19;36.9
2026-05-21 09:56:33;36.9
2026-05-21 09:56:48;36.9
2026-05-21 09:57:03;37.1
2026-05-21 09:57:18;37.1
2026-05-21 09:57:36;37.2
2026-05-21 09:57:48;37.3
2026-05-21 09:58:03;37.3
2026-05-21 09:58:18;37.4
2026-05-21 09:58:33;37.5
2026-05-21 09:58:48;37.6
2026-05-21 09:59:03;37.7
2026-05-21 09:59:19;37.8
2026-05-21 09:59:35;37.9
2026-05-21 09:59:49;38.1
2026-05-21 10:00:04;38.1
2026-05-21 10:00:19;38.3
2026-05-21 10:00:33;38.4
2026-05-21 10:00:49;38.4
2026-05-21 10:01:03;38.6
2026-05-21 10:01:19;38.7
2026-05-21 10:01:34;39.1
2026-05-21 10:01:51;39.5
2026-05-21 10:02:04;39.9
2026-05-21 10:02:19;40.2
2026-05-21 10:02:34;40.6
2026-05-21 10:02:50;40.8
2026-05-21 10:03:05;41.1
2026-05-21 10:03:21;41.2
2026-05-21 10:03:35;41.6
2026-05-21 10:03:51;41.7
2026-05-21 10:04:06;41.9
2026-05-21 10:04:22;42.1
2026-05-21 10:04:37;42.2
2026-05-21 10:04:53;42.4
2026-05-21 10:05:07;42.6
2026-05-21 10:05:23;42.7
2026-05-21 10:05:38;42.9
2026-05-21 10:05:53;43.4
2026-05-21 10:06:09;43.7
2026-05-21 10:06:24;43.9
2026-05-21 10:06:39;44.2
2026-05-21 10:07:01;44.4
2026-05-21 10:07:10;44.6
2026-05-21 10:07:25;44.9
2026-05-21 10:07:55;45.0
2026-05-21 10:08:11;45.2
2026-05-21 10:08:26;45.7
2026-05-21 10:08:41;46.3
2026-05-21 10:08:57;46.5
2026-05-21 10:09:12;46.8
2026-05-21 10:09:27;46.9
2026-05-21 10:09:45;46.8
2026-05-21 10:09:57;47.1
2026-05-21 10:10:13;47.4
2026-05-21 10:10:28;47.7
2026-05-21 10:10:44;48.1
2026-05-21 10:10:59;48.4
2026-05-21 10:11:15;48.7
2026-05-21 10:11:32;49.0
2026-05-21 10:12:00;49.3
2026-05-21 10:12:16;49.4
2026-05-21 10:12:30;49.4
2026-05-21 10:12:46;49.6
2026-05-21 10:13:01;49.6
2026-05-21 10:13:16;49.6
2026-05-21 10:13:31;49.7
2026-05-21 10:13:47;49.7
2026-05-21 10:14:02;49.6
2026-05-21 10:14:18;49.8
2026-05-21 10:14:33;49.9
2026-05-21 10:14:48;50.1
2026-05-21 10:15:04;50.2
2026-05-21 10:15:19;50.3
2026-05-21 10:15:34;50.2
2026-05-21 10:15:49;50.3
2026-05-21 10:16:04;50.4
2026-05-21 10:16:20;50.5
2026-05-21 10:16:35;50.4
2026-05-21 10:16:50;50.6
2026-05-21 10:17:06;50.9
2026-05-21 10:17:21;50.9
2026-05-21 10:17:36;51.3
2026-05-21 10:17:51;51.6
2026-05-21 10:18:06;51.5
2026-05-21 10:18:22;51.6
2026-05-21 10:18:37;51.5
2026-05-21 10:18:52;51.4
2026-05-21 10:19:07;51.7
2026-05-21 10:19:23;52.1
2026-05-21 10:19:38;51.9
2026-05-21 10:19:54;52.1
2026-05-21 10:20:09;52.4
2026-05-21 10:20:24;52.4
2026-05-21 10:20:39;52.4
2026-05-21 10:20:55;52.7
2026-05-21 10:21:10;52.9
2026-05-21 10:21:25;52.6
2026-05-21 10:21:40;52.2
2026-05-21 10:21:56;52.4
2026-05-21 10:22:13;52.1
2026-05-21 10:22:26;52.1
2026-05-21 10:22:41;52.6
2026-05-21 10:22:57;52.2
2026-05-21 10:23:12;52.4
2026-05-21 10:23:27;52.6
2026-05-21 10:23:42;52.9
2026-05-21 10:23:58;53.2
2026-05-21 10:24:13;53.3
2026-05-21 10:24:28;53.5
2026-05-21 10:24:43;53.3
2026-05-21 10:24:59;53.4
2026-05-21 10:25:14;53.4
2026-05-21 10:25:29;53.0
2026-05-21 10:25:44;52.7
2026-05-21 10:26:00;52.7
2026-05-21 10:26:15;52.4
2026-05-21 10:26:30;52.1
2026-05-21 10:26:45;52.1
2026-05-21 10:27:01;52.2
2026-05-21 10:27:16;52.1
2026-05-21 10:27:31;52.2
2026-05-21 10:27:46;52.4
2026-05-21 10:28:02;52.5
2026-05-21 10:28:17;52.2
2026-05-21 10:28:32;51.9
2026-05-21 10:28:47;51.9
2026-05-21 10:29:03;51.9
2026-05-21 10:29:18;51.7
2026-05-21 10:29:33;51.4
2026-05-21 10:29:49;51.5
2026-05-21 10:30:04;51.7
2026-05-21 10:30:19;51.7
2026-05-21 10:30:35;51.2
2026-05-21 10:30:50;51.4
2026-05-21 10:31:05;51.4
2026-05-21 10:31:20;51.6
2026-05-21 10:31:35;51.1
2026-05-21 10:31:50;50.6
2026-05-21 10:32:06;50.1
2026-05-21 10:32:21;49.7
2026-05-21 10:32:37;49.7
2026-05-21 10:32:51;49.7
2026-05-21 10:33:07;49.6
2026-05-21 10:33:22;49.4
2026-05-21 10:33:38;49.1
2026-05-21 10:33:53;49.0
2026-05-21 10:34:08;48.9
2026-05-21 10:34:23;48.8
2026-05-21 10:34:39;48.6
2026-05-21 10:34:54;48.6
2026-05-21 10:35:09;48.3
2026-05-21 10:35:24;48.1
2026-05-21 10:35:40;48.0
2026-05-21 10:35:55;47.8
2026-05-21 10:36:11;47.7
2026-05-21 10:36:26;47.6
2026-05-21 10:36:41;47.2
2026-05-21 10:36:56;47.0
2026-05-21 10:37:12;46.7
2026-05-21 10:37:27;46.5
2026-05-21 10:37:42;46.3
2026-05-21 10:37:57;46.1
2026-05-21 10:38:13;45.8
2026-05-21 10:38:28;45.5
2026-05-21 10:38:43;45.4
2026-05-21 10:38:58;45.2
2026-05-21 10:39:19;45.1
2026-05-21 10:39:29;44.9
2026-05-21 10:39:45;44.6
2026-05-21 10:40:12;44.4
2026-05-21 10:40:15;44.2
2026-05-21 10:40:30;44.1
2026-05-21 10:40:47;43.8
2026-05-21 10:41:01;43.6
2026-05-21 10:41:28;43.5
2026-05-21 10:41:56;43.3
2026-05-21 10:42:21;43.0
2026-05-21 10:42:29;42.9
2026-05-21 10:42:42;42.7
2026-05-21 10:43:00;42.4
2026-05-21 10:43:10;42.1
2026-05-21 10:43:26;41.9
2026-05-21 10:43:41;41.6
2026-05-21 10:43:56;41.6
2026-05-21 10:44:12;41.4
2026-05-21 10:44:26;41.2
2026-05-21 10:44:42;40.9
2026-05-21 10:44:57;40.6
2026-05-21 10:45:13;40.3
2026-05-21 10:45:28;40.0
2026-05-21 10:45:43;39.9
2026-05-21 10:45:59;39.7
2026-05-21 10:46:14;39.6
2026-05-21 10:46:29;39.4
2026-05-21 10:46:44;39.4
2026-05-21 10:46:59;39.2
2026-05-21 10:47:13;39.1
2026-05-21 10:47:28;39.0
2026-05-21 10:47:43;39.0
2026-05-21 10:48:00;38.9
2026-05-21 10:48:14;38.8
2026-05-21 10:48:29;38.7
2026-05-21 10:48:43;38.6
2026-05-21 10:48:59;38.5
2026-05-21 10:49:22;38.4
2026-05-21 10:49:36;38.3
2026-05-21 10:49:47;38.2
2026-05-21 10:50:07;38.2
2026-05-21 10:50:27;38.1
2026-05-21 10:50:38;38.1
2026-05-21 10:50:53;38.1
2026-05-21 10:51:07;38.0
2026-05-21 10:51:22;38.0
2026-05-21 10:51:39;37.9
2026-05-21 10:51:52;37.7
2026-05-21 10:52:08;37.7
2026-05-21 10:52:22;37.5
2026-05-21 10:52:37;37.3
2026-05-21 10:52:56;37.3
2026-05-21 10:53:08;37.2
2026-05-21 10:53:23;37.0
2026-05-21 10:53:38;36.9
2026-05-21 10:53:53;36.9
2026-05-21 10:54:07;37.0
2026-05-21 10:54:22;37.0
2026-05-21 10:54:38;36.9
2026-05-21 10:54:53;36.9
2026-05-21 10:55:08;36.8
2026-05-21 10:55:23;36.6
2026-05-21 10:55:37;36.6
2026-05-21 10:55:53;36.6
2026-05-21 10:56:08;36.5
2026-05-21 10:56:23;36.4
2026-05-21 10:56:38;36.3
2026-05-21 10:56:53;36.2
2026-05-21 10:57:08;36.2
2026-05-21 10:57:23;36.1
2026-05-21 10:57:40;36.1
2026-05-21 10:57:53;36.1
2026-05-21 10:58:08;36.1
2026-05-21 10:58:23;36.0
2026-05-21 10:58:38;35.9
2026-05-21 10:58:55;35.9
2026-05-21 10:59:08;35.9
2026-05-21 10:59:23;35.9
2026-05-21 10:59:42;35.9
2026-05-21 10:59:53;35.9
2026-05-21 11:00:30;35.9
2026-05-21 11:00:44;35.9
2026-05-21 11:01:00;36.0
2026-05-21 11:01:15;36.0
2026-05-21 11:01:30;36.0
2026-05-21 11:01:45;35.9
2026-05-21 11:02:00;35.9
2026-05-21 11:02:15;35.9
2026-05-21 11:02:30;36.0
2026-05-21 11:02:45;36.0
2026-05-21 11:03:01;36.1
2026-05-21 11:03:15;36.2
2026-05-21 11:03:30;36.2
2026-05-21 11:04:01;36.3
2026-05-21 11:04:16;36.4
2026-05-21 11:04:31;36.5
2026-05-21 11:04:46;36.6
2026-05-21 11:05:01;36.7
2026-05-21 11:05:16;36.9
2026-05-21 11:05:31;37.0
2026-05-21 11:05:47;37.2
2026-05-21 11:06:01;37.5
2026-05-21 11:06:16;37.7
2026-05-21 11:06:31;38.1
2026-05-21 11:06:46;38.3
2026-05-21 11:07:01;38.5
2026-05-21 11:07:16;38.7
2026-05-21 11:07:31;39.1
2026-05-21 11:07:46;39.2
2026-05-21 11:08:01;39.3
2026-05-21 11:08:16;39.5
2026-05-21 11:08:31;39.7
2026-05-21 11:08:47;40.1
2026-05-21 11:09:02;40.5
2026-05-21 11:09:18;40.8
2026-05-21 11:09:32;41.3
2026-05-21 11:09:48;41.8
2026-05-21 11:10:03;42.2
2026-05-21 11:10:18;42.7
2026-05-21 11:10:33;43.2
2026-05-21 11:10:49;43.7
2026-05-21 11:11:04;44.3
2026-05-21 11:11:20;44.7
2026-05-21 11:11:35;45.0
2026-05-21 11:11:50;45.4
2026-05-21 11:12:05;45.7
2026-05-21 11:12:21;46.0
2026-05-21 11:12:43;46.4
2026-05-21 11:12:51;46.8
2026-05-21 11:13:10;47.3
2026-05-21 11:13:25;47.7
2026-05-21 11:13:57;48.6
2026-05-21 11:14:08;48.8
2026-05-21 11:14:23;49.0
2026-05-21 11:14:41;49.4
2026-05-21 11:14:54;49.8
2026-05-21 11:15:09;50.3
2026-05-21 11:15:24;50.8
2026-05-21 11:15:40;51.1
2026-05-21 11:15:55;51.4
2026-05-21 11:16:11;51.6
2026-05-21 11:16:26;51.7
2026-05-21 11:16:41;52.0
2026-05-21 11:16:56;52.5
2026-05-21 11:17:12;52.7
2026-05-21 11:17:27;53.0
2026-05-21 11:17:42;53.1
2026-05-21 11:17:57;53.4
2026-05-21 11:18:13;53.6
2026-05-21 11:18:28;53.9
2026-05-21 11:18:43;54.0
2026-05-21 11:18:58;54.1
2026-05-21 11:19:14;54.3
2026-05-21 11:19:29;54.6
2026-05-21 11:19:44;54.6
2026-05-21 11:19:59;54.3
2026-05-21 11:20:15;54.2
2026-05-21 11:20:30;53.9
2026-05-21 11:20:45;53.7
2026-05-21 11:21:00;54.2
2026-05-21 11:21:16;54.7
2026-05-21 11:21:31;55.1
2026-05-21 11:21:46;55.5
2026-05-21 11:22:01;55.9
2026-05-21 11:22:17;55.8
2026-05-21 11:22:33;55.9
2026-05-21 11:22:48;56.1
2026-05-21 11:23:04;56.1
2026-05-21 11:23:19;56.0
2026-05-21 11:23:35;55.8
2026-05-21 11:23:51;55.8
2026-05-21 11:24:06;55.9
2026-05-21 11:24:22;56.1
2026-05-21 11:24:37;56.1
2026-05-21 11:24:53;56.2
2026-05-21 11:25:08;56.4
2026-05-21 11:25:25;56.5
2026-05-21 11:25:40;56.3
2026-05-21 11:25:56;56.4
2026-05-21 11:26:11;56.4
2026-05-21 11:26:29;56.4
2026-05-21 11:27:31;56.9
2026-05-21 11:27:46;57.1
2026-05-21 11:28:03;56.9
2026-05-21 11:28:20;56.7
2026-05-21 11:28:33;56.6
2026-05-21 11:28:49;56.7
2026-05-21 11:29:05;56.8
2026-05-21 11:29:20;56.9
2026-05-21 11:29:36;56.9
2026-05-21 11:29:51;56.9
2026-05-21 11:30:08;56.8
2026-05-21 11:30:23;56.8
2026-05-21 11:30:38;56.9
2026-05-21 11:30:54;57.0
2026-05-21 11:31:11;57.1
2026-05-21 11:31:25;57.1
2026-05-21 11:31:40;57.1
2026-05-21 11:31:56;57.2
2026-05-21 11:32:12;57.4
2026-05-21 11:32:27;57.3
2026-05-21 11:32:43;57.5
2026-05-21 11:33:13;57.6
2026-05-21 11:33:29;57.5
2026-05-21 11:33:45;57.6
2026-05-21 11:34:00;57.4
2026-05-21 11:34:16;56.7
2026-05-21 11:34:31;56.2
2026-05-21 11:34:47;55.8
2026-05-21 11:35:02;55.4
2026-05-21 11:35:18;55.1
2026-05-21 11:35:33;54.9
2026-05-21 11:35:49;54.9
2026-05-21 11:36:04;55.1
2026-05-21 11:36:20;55.2
2026-05-21 11:36:36;55.3
2026-05-21 11:36:51;55.2
2026-05-21 11:37:07;55.6
2026-05-21 11:37:22;55.7
2026-05-21 11:37:38;55.8
2026-05-21 11:37:54;56.0
2026-05-21 11:38:09;56.0
2026-05-21 11:38:25;56.2
2026-05-21 11:38:40;56.2
2026-05-21 11:38:56;56.3
2026-05-21 11:39:11;56.1
2026-05-21 11:39:27;55.7
2026-05-21 11:39:43;55.1
2026-05-21 11:39:58;54.9
2026-05-21 11:40:13;54.7
2026-05-21 11:40:28;54.6
2026-05-21 11:40:44;54.4
2026-05-21 11:40:59;54.2
2026-05-21 11:41:14;53.9
2026-05-21 11:41:29;53.5
2026-05-21 11:41:45;53.0
2026-05-21 11:42:00;52.4
2026-05-21 11:42:15;51.8
2026-05-21 11:42:31;51.2
2026-05-21 11:42:46;50.5
2026-05-21 11:43:01;50.4
2026-05-21 11:43:16;50.4
2026-05-21 11:43:31;50.4
2026-05-21 11:43:47;50.2
2026-05-21 11:44:02;49.9
2026-05-21 11:44:17;49.7
2026-05-21 11:44:32;49.3
2026-05-21 11:44:48;49.1
2026-05-21 11:45:03;48.7
2026-05-21 11:45:18;48.4
2026-05-21 11:45:33;48.2
2026-05-21 11:45:49;47.8
2026-05-21 11:46:04;47.6
2026-05-21 11:46:20;47.4
2026-05-21 11:46:35;47.4
2026-05-21 11:46:50;47.2
2026-05-21 11:47:05;47.1
2026-05-21 11:47:21;47.1
2026-05-21 11:47:36;46.9
2026-05-21 11:47:52;46.8
2026-05-21 11:48:06;46.7
2026-05-21 11:48:22;46.7
2026-05-21 11:48:37;46.7
2026-05-21 11:48:53;46.7
2026-05-21 11:49:08;46.7
2026-05-21 11:49:23;46.6
2026-05-21 11:49:38;46.4
2026-05-21 11:49:54;46.1
2026-05-21 11:50:09;46.0
2026-05-21 11:50:24;45.9
2026-05-21 11:50:39;45.7
2026-05-21 11:50:55;45.6
2026-05-21 11:51:10;45.6
2026-05-21 11:51:26;45.6
2026-05-21 11:51:41;45.3
2026-05-21 11:51:56;45.1
2026-05-21 11:52:11;45.0
2026-05-21 11:52:27;45.0
2026-05-21 11:52:42;44.7
2026-05-21 11:52:58;44.6
2026-05-21 11:53:12;44.6
2026-05-21 11:53:28;44.5
2026-05-21 11:53:43;44.4
2026-05-21 11:53:59;44.1
2026-05-21 11:54:14;43.7
2026-05-21 11:54:29;43.9
2026-05-21 11:54:44;43.9
2026-05-21 11:55:00;43.8
2026-05-21 11:55:15;43.7
2026-05-21 11:55:30;43.6
2026-05-21 11:55:45;43.3
2026-05-21 11:56:01;43.1
2026-05-21 11:56:16;42.7
2026-05-21 11:56:32;42.5
2026-05-21 11:56:47;42.4
2026-05-21 11:57:02;42.4
2026-05-21 11:57:17;42.3
2026-05-21 11:57:33;42.2
2026-05-21 11:57:48;42.1
2026-05-21 11:58:04;41.8
2026-05-21 11:58:19;41.7
2026-05-21 11:58:34;41.6
2026-05-21 11:58:49;41.5
2026-05-21 11:59:05;41.4
2026-05-21 11:59:20;41.5
2026-05-21 11:59:36;41.4
2026-05-21 11:59:51;41.5
2026-05-21 12:00:06;41.4
2026-05-21 12:00:21;41.4
2026-05-21 12:00:37;41.4
2026-05-21 12:00:52;41.2
2026-05-21 12:01:08;41.1
2026-05-21 12:01:23;41.1
2026-05-21 12:01:38;41.0
2026-05-21 12:01:53;40.9
2026-05-21 12:02:09;41.0
2026-05-21 12:02:24;40.8
2026-05-21 12:02:40;40.7
2026-05-21 12:02:55;40.9
2026-05-21 12:03:10;40.9
2026-05-21 12:03:25;41.1
2026-05-21 12:03:41;41.2
2026-05-21 12:03:56;41.4
2026-05-21 12:04:12;41.6
2026-05-21 12:04:26;41.7
2026-05-21 12:04:42;41.9
2026-05-21 12:04:57;42.2
2026-05-21 12:05:13;42.6
2026-05-21 12:05:28;42.8
2026-05-21 12:05:43;43.2
2026-05-21 12:05:58;43.6
2026-05-21 12:06:14;44.0
2026-05-21 12:06:29;44.4
2026-05-21 12:06:45;44.6
2026-05-21 12:07:00;44.7
2026-05-21 12:07:15;44.7
2026-05-21 12:07:30;44.9
2026-05-21 12:07:46;44.9
2026-05-21 12:08:01;45.0
2026-05-21 12:08:16;45.1
2026-05-21 12:08:31;45.1
2026-05-21 12:08:47;44.8
2026-05-21 12:09:02;44.7
2026-05-21 12:09:18;44.7
2026-05-21 12:09:33;44.6
2026-05-21 12:09:48;44.7
2026-05-21 12:10:03;44.7
2026-05-21 12:10:19;44.6
2026-05-21 12:10:36;44.4
2026-05-21 12:10:49;44.2
2026-05-21 12:11:04;44.1
2026-05-21 12:11:20;44.0
2026-05-21 12:11:35;43.9
2026-05-21 12:12:06;43.8
2026-05-21 12:12:21;43.7
2026-05-21 12:12:38;43.5
2026-05-21 12:12:52;43.3
2026-05-21 12:13:07;42.9
2026-05-21 12:13:23;42.6
2026-05-21 12:13:38;42.4
2026-05-21 12:13:53;42.2
2026-05-21 12:14:09;42.2
2026-05-21 12:14:24;42.1
2026-05-21 12:14:39;41.9
2026-05-21 12:14:54;41.9
2026-05-21 12:15:10;42.0
2026-05-21 12:15:31;42.2
2026-05-21 12:15:41;42.1
2026-05-21 12:15:56;41.9
2026-05-21 12:16:11;41.9
2026-05-21 12:16:26;41.9
2026-05-21 12:16:42;41.8
2026-05-21 12:16:57;41.6
2026-05-21 12:17:26;41.4
2026-05-21 12:17:28;41.3
2026-05-21 12:18:25;41.1
2026-05-21 12:18:41;40.7
2026-05-21 12:18:56;40.6
2026-05-21 12:19:11;40.5
2026-05-21 12:19:27;40.4
2026-05-21 12:19:42;40.4
2026-05-21 12:19:57;40.2
2026-05-21 12:20:13;40.2
2026-05-21 12:20:28;40.2
2026-05-21 12:20:43;40.4
2026-05-21 12:20:58;40.3
2026-05-21 12:21:14;40.3
2026-05-21 12:21:29;40.3
2026-05-21 12:21:45;40.3
2026-05-21 12:22:00;40.3
2026-05-21 12:22:15;40.2
2026-05-21 12:22:30;40.2
2026-05-21 12:22:46;40.2
2026-05-21 12:23:01;40.2
2026-05-21 12:23:17;40.2
2026-05-21 12:23:32;40.2
2026-05-21 12:23:47;40.1
2026-05-21 12:24:02;39.9
2026-05-21 12:24:18;39.9
2026-05-21 12:24:33;39.9
2026-05-21 12:24:49;39.7
2026-05-21 12:25:04;39.7
2026-05-21 12:25:19;39.8
2026-05-21 12:25:34;39.7
2026-05-21 12:25:49;39.6
2026-05-21 12:26:04;39.6
2026-05-21 12:26:19;39.7
2026-05-21 12:26:34;39.8
2026-05-21 12:26:50;39.9
2026-05-21 12:27:04;39.8
2026-05-21 12:27:19;39.7
2026-05-21 12:27:34;39.6
2026-05-21 12:27:49;39.5
2026-05-21 12:28:04;39.4
2026-05-21 12:28:19;39.4
2026-05-21 12:28:35;39.4
2026-05-21 12:28:49;39.4
2026-05-21 12:29:04;39.4
2026-05-21 12:29:19;39.3
2026-05-21 12:29:34;39.2
2026-05-21 12:29:49;39.2
2026-05-21 12:30:04;39.3
2026-05-21 12:30:19;39.4
2026-05-21 12:30:34;39.3
2026-05-21 12:30:49;39.2
2026-05-21 12:31:04;39.2
2026-05-21 12:31:19;39.3
2026-05-21 12:31:34;39.4
2026-05-21 12:31:49;39.2
2026-05-21 12:32:04;39.0
2026-05-21 12:32:19;38.9
2026-05-21 12:32:34;38.9
2026-05-21 12:32:49;38.9
2026-05-21 12:33:04;39.0
2026-05-21 12:33:19;39.0
2026-05-21 12:33:35;38.9
2026-05-21 12:33:49;39.0
2026-05-21 12:34:04;39.0
2026-05-21 12:34:20;39.0
2026-05-21 12:34:35;39.1
2026-05-21 12:34:49;39.0
2026-05-21 12:35:05;39.0
2026-05-21 12:35:20;38.7
2026-05-21 12:35:34;38.6
2026-05-21 12:35:50;38.6
2026-05-21 12:36:10;38.4
2026-05-21 12:37:06;38.2
2026-05-21 12:37:24;38.5
2026-05-21 12:37:36;38.6
2026-05-21 12:37:51;38.6
2026-05-21 12:38:06;38.6
2026-05-21 12:38:21;38.7
2026-05-21 12:38:36;38.7
2026-05-21 12:38:51;38.7
2026-05-21 12:39:06;38.8
2026-05-21 12:39:21;38.9
2026-05-21 12:39:36;39.0
2026-05-21 12:39:51;39.1
2026-05-21 12:40:06;39.0
2026-05-21 12:40:21;39.0
2026-05-21 12:40:36;38.9
2026-05-21 12:40:51;38.9
2026-05-21 12:41:06;38.9
2026-05-21 12:41:21;38.9
2026-05-21 12:41:36;38.8
2026-05-21 12:41:51;38.8
2026-05-21 12:42:06;38.8
2026-05-21 12:42:21;38.8
2026-05-21 12:42:36;38.7
2026-05-21 12:42:51;38.8
2026-05-21 12:43:06;38.8
2026-05-21 12:43:21;38.7
2026-05-21 12:43:36;38.7
2026-05-21 12:43:51;38.7
2026-05-21 12:44:06;38.6
2026-05-21 12:44:21;38.5
2026-05-21 12:44:36;38.6
2026-05-21 12:44:51;38.6
2026-05-21 12:45:06;38.6
2026-05-21 12:45:21;38.6
2026-05-21 12:45:36;38.4
2026-05-21 12:45:51;38.4
2026-05-21 12:46:06;38.6
2026-05-21 12:46:21;38.6
2026-05-21 12:46:36;38.7
2026-05-21 12:46:51;38.6
2026-05-21 12:47:06;38.4
2026-05-21 12:47:21;38.4
2026-05-21 12:47:36;38.5
2026-05-21 12:47:51;38.7
2026-05-21 12:48:06;38.9
2026-05-21 12:48:21;39.2
2026-05-21 12:48:36;39.4
2026-05-21 12:48:51;39.6
2026-05-21 12:49:06;39.8
2026-05-21 12:49:22;40.1
2026-05-21 12:49:37;40.5
2026-05-21 12:49:52;40.7
2026-05-21 12:50:08;41.1
2026-05-21 12:50:23;41.5
2026-05-21 12:50:38;41.9
2026-05-21 12:50:54;42.3
2026-05-21 12:51:09;42.7
2026-05-21 12:51:24;43.1
2026-05-21 12:51:39;43.3
2026-05-21 12:51:55;43.5
2026-05-21 12:52:10;43.8
2026-05-21 12:52:26;44.1
2026-05-21 12:52:41;44.4
2026-05-21 12:52:56;44.6
2026-05-21 12:53:11;44.4
2026-05-21 12:53:27;44.4
2026-05-21 12:53:42;44.6
2026-05-21 12:53:57;44.7
2026-05-21 12:54:12;44.9
2026-05-21 12:54:28;45.2
2026-05-21 12:54:57;45.5
2026-05-21 12:54:59;45.6
2026-05-21 12:55:15;45.9
2026-05-21 12:55:31;46.1
2026-05-21 12:55:44;46.2
2026-05-21 12:56:00;46.2
2026-05-21 12:56:15;46.2
2026-05-21 12:56:30;46.4
2026-05-21 12:56:45;46.3
2026-05-21 12:57:01;46.0
2026-05-21 12:57:16;45.9
2026-05-21 12:57:32;46.1
2026-05-21 12:57:47;46.1
2026-05-21 12:58:02;46.2
2026-05-21 12:58:17;46.3
2026-05-21 12:58:33;46.3
2026-05-21 12:58:48;46.4
2026-05-21 12:59:03;46.6
2026-05-21 12:59:18;46.4
2026-05-21 12:59:34;46.7
2026-05-21 12:59:49;46.8
2026-05-21 13:00:05;46.9
2026-05-21 13:00:20;46.7
2026-05-21 13:00:35;46.5
2026-05-21 13:00:50;46.5
2026-05-21 13:01:06;46.5
2026-05-21 13:01:21;46.4
2026-05-21 13:01:36;46.4
2026-05-21 13:01:51;46.4
2026-05-21 13:02:07;46.6
2026-05-21 13:02:22;46.6
2026-05-21 13:02:38;46.6
2026-05-21 13:02:53;46.7
2026-05-21 13:03:08;46.7
2026-05-21 13:03:23;46.8
2026-05-21 13:03:39;46.8
2026-05-21 13:03:54;46.7
2026-05-21 13:04:09;46.9
2026-05-21 13:04:24;46.8
2026-05-21 13:04:40;46.7
2026-05-21 13:04:55;46.9
2026-05-21 13:05:11;46.9
2026-05-21 13:05:26;47.0
2026-05-21 13:05:41;47.1
2026-05-21 13:05:56;47.2
2026-05-21 13:06:12;47.2
2026-05-21 13:06:27;47.0
2026-05-21 13:06:42;46.8
2026-05-21 13:06:58;46.9
2026-05-21 13:07:13;47.0
2026-05-21 13:07:29;47.1
2026-05-21 13:07:44;47.1
2026-05-21 13:07:59;47.2
2026-05-21 13:08:15;47.1
2026-05-21 13:08:30;47.0
2026-05-21 13:08:45;47.1
2026-05-21 13:09:00;47.1
2026-05-21 13:09:15;47.1
2026-05-21 13:09:31;47.1
2026-05-21 13:09:46;47.1
2026-05-21 13:10:02;47.1
2026-05-21 13:10:17;46.9
2026-05-21 13:10:32;46.9
2026-05-21 13:10:47;46.7
2026-05-21 13:11:03;46.5
2026-05-21 13:11:18;46.4
2026-05-21 13:11:33;46.2
2026-05-21 13:11:48;46.2
2026-05-21 13:12:04;46.2
2026-05-21 13:12:19;46.2
2026-05-21 13:12:35;46.1
2026-05-21 13:12:50;46.1
2026-05-21 13:13:05;46.1
2026-05-21 13:13:20;45.8
2026-05-21 13:13:36;45.9
2026-05-21 13:13:51;45.9
2026-05-21 13:14:06;46.1
2026-05-21 13:14:21;46.1
2026-05-21 13:14:37;46.2
2026-05-21 13:14:52;46.2
2026-05-21 13:15:08;46.2
2026-05-21 13:15:23;46.2
2026-05-21 13:15:38;46.2
2026-05-21 13:15:53;46.2
2026-05-21 13:16:09;46.2
2026-05-21 13:16:24;46.3
2026-05-21 13:16:39;46.2
2026-05-21 13:16:54;46.0
2026-05-21 13:17:10;45.8
2026-05-21 13:17:25;45.6
2026-05-21 13:17:41;45.6
2026-05-21 13:17:56;45.6
2026-05-21 13:18:11;45.5
2026-05-21 13:18:26;45.4
2026-05-21 13:18:42;45.4
2026-05-21 13:18:57;45.4
2026-05-21 13:19:12;45.4
2026-05-21 13:19:27;45.4
2026-05-21 13:19:43;45.4
2026-05-21 13:19:58;45.3
2026-05-21 13:20:14;45.2
2026-05-21 13:20:29;45.1
2026-05-21 13:20:44;44.9
2026-05-21 13:20:59;44.9
2026-05-21 13:21:15;44.9
2026-05-21 13:21:30;44.9
2026-05-21 13:21:45;44.9
2026-05-21 13:22:01;44.7
2026-05-21 13:22:16;44.6
2026-05-21 13:22:31;44.5
2026-05-21 13:22:47;44.4
2026-05-21 13:23:02;44.2
2026-05-21 13:23:17;44.1
2026-05-21 13:23:32;44.0
2026-05-21 13:23:48;43.9
2026-05-21 13:24:03;44.0
2026-05-21 13:24:26;44.1
2026-05-21 13:24:34;44.0
2026-05-21 13:24:49;43.9
2026-05-21 13:25:04;43.8
2026-05-21 13:25:20;43.7
2026-05-21 13:25:37;43.6
2026-05-21 13:25:50;43.7
2026-05-21 13:26:05;43.7
2026-05-21 13:26:21;43.9
2026-05-21 13:26:36;43.9
2026-05-21 13:26:52;43.9
2026-05-21 13:27:12;43.8
2026-05-21 13:27:22;43.9
2026-05-21 13:27:37;44.0
2026-05-21 13:27:53;44.1
2026-05-21 13:28:08;44.1
2026-05-21 13:28:23;44.3
2026-05-21 13:28:38;44.5
2026-05-21 13:28:54;44.5
2026-05-21 13:29:09;44.4
2026-05-21 13:29:25;44.4
2026-05-21 13:29:40;44.2
2026-05-21 13:29:55;43.9
2026-05-21 13:30:10;43.8
2026-05-21 13:30:26;43.9
2026-05-21 13:30:41;43.7
2026-05-21 13:30:56;43.6
2026-05-21 13:31:11;43.5
2026-05-21 13:31:27;43.4
2026-05-21 13:31:42;43.4
2026-05-21 13:31:58;43.5
2026-05-21 13:32:13;43.6
2026-05-21 13:32:28;43.6
2026-05-21 13:32:43;43.7
2026-05-21 13:32:59;43.7
2026-05-21 13:33:14;43.7
2026-05-21 13:33:29;43.7
2026-05-21 13:33:44;43.7
2026-05-21 13:34:00;43.7
2026-05-21 13:34:15;43.7
2026-05-21 13:34:31;43.9
2026-05-21 13:34:46;44.0
2026-05-21 13:35:01;44.1
2026-05-21 13:35:17;44.2
2026-05-21 13:35:32;44.2
2026-05-21 13:35:47;44.1
2026-05-21 13:36:03;44.0
2026-05-21 13:36:17;43.9
2026-05-21 13:36:33;43.7
2026-05-21 13:36:48;43.6
2026-05-21 13:37:04;43.4
2026-05-21 13:37:19;43.0
2026-05-21 13:37:34;42.7
2026-05-21 13:37:49;42.5
2026-05-21 13:38:05;42.5
2026-05-21 13:38:20;42.4
2026-05-21 13:38:36;42.2
2026-05-21 13:38:51;41.9
2026-05-21 13:39:06;41.7
2026-05-21 13:39:22;41.7
2026-05-21 13:39:37;41.5
2026-05-21 13:39:52;41.4
2026-05-21 13:40:08;41.2
2026-05-21 13:40:23;41.0
2026-05-21 13:40:38;40.9
2026-05-21 13:40:53;40.7
2026-05-21 13:41:09;40.6
2026-05-21 13:41:24;40.4
2026-05-21 13:41:40;40.1
2026-05-21 13:41:55;40.0
2026-05-21 13:42:10;39.9
2026-05-21 13:42:26;39.8
2026-05-21 13:42:41;39.7
2026-05-21 13:42:56;39.6
2026-05-21 13:43:11;39.5
2026-05-21 13:43:26;39.4
2026-05-21 13:43:41;39.2
2026-05-21 13:43:56;39.1
2026-05-21 13:44:11;39.0
2026-05-21 13:44:26;38.9
2026-05-21 13:44:41;38.6
2026-05-21 13:44:56;38.6
2026-05-21 13:45:11;38.5
2026-05-21 13:45:26;38.4
2026-05-21 13:45:42;38.3
2026-05-21 13:45:56;38.2
2026-05-21 13:46:11;38.1
2026-05-21 13:46:26;38.1
2026-05-21 13:46:41;38.0
2026-05-21 13:46:56;37.9
2026-05-21 13:47:11;37.9
2026-05-21 13:47:26;37.8
2026-05-21 13:47:41;37.7
2026-05-21 13:47:56;37.6
2026-05-21 13:48:11;37.5
2026-05-21 13:48:26;37.4
2026-05-21 13:48:41;37.4
2026-05-21 13:48:56;37.2
2026-05-21 13:49:11;37.1
2026-05-21 13:49:26;37.0
2026-05-21 13:49:41;36.9
2026-05-21 13:49:56;36.9
2026-05-21 13:50:11;36.9
2026-05-21 13:50:28;36.8
2026-05-21 13:50:41;36.8
2026-05-21 13:50:56;36.7
2026-05-21 13:51:11;36.7
2026-05-21 13:51:26;36.6
2026-05-21 13:51:41;36.6
2026-05-21 13:51:56;36.6
2026-05-21 13:52:11;36.6
2026-05-21 13:52:26;36.6
2026-05-21 13:52:41;36.4
2026-05-21 13:52:56;36.4
2026-05-21 13:53:11;36.4
2026-05-21 13:53:26;36.2
2026-05-21 13:53:41;36.2
2026-05-21 13:53:56;36.2
2026-05-21 13:54:11;36.2
2026-05-21 13:54:26;36.1
2026-05-21 13:54:42;36.1
2026-05-21 13:54:56;36.2
2026-05-21 13:55:11;36.1
2026-05-21 13:55:27;36.1
2026-05-21 13:55:41;36.0
2026-05-21 13:55:56;35.9
2026-05-21 13:56:12;35.9
2026-05-21 13:56:26;35.9
2026-05-21 13:56:41;35.9
2026-05-21 13:56:56;35.9
2026-05-21 13:57:11;35.9
2026-05-21 13:57:27;35.9
2026-05-21 13:57:42;35.8
2026-05-21 13:57:57;35.7
2026-05-21 13:58:12;35.7
2026-05-21 13:58:27;35.7
2026-05-21 13:58:42;35.7
2026-05-21 13:58:57;35.6
2026-05-21 13:59:12;35.6
2026-05-21 13:59:27;35.6
2026-05-21 13:59:42;35.6
2026-05-21 13:59:57;35.6
2026-05-21 14:00:12;35.6
2026-05-21 14:00:27;35.6
2026-05-21 14:00:42;35.6
2026-05-21 14:00:57;35.6
2026-05-21 14:01:19;35.5
2026-05-21 14:01:27;35.5
2026-05-21 14:01:42;35.5
2026-05-21 14:01:57;35.5
2026-05-21 14:02:12;35.4
2026-05-21 14:02:31;35.4
2026-05-21 14:02:53;35.4
2026-05-21 14:02:57;35.4
2026-05-21 14:03:12;35.3
2026-05-21 14:03:27;35.4
2026-05-21 14:03:42;35.3
2026-05-21 14:03:58;35.3
2026-05-21 14:04:12;35.3
2026-05-21 14:04:27;35.3
2026-05-21 14:04:42;35.4
2026-05-21 14:04:57;35.4
2026-05-21 14:05:12;35.4
2026-05-21 14:05:27;35.4
2026-05-21 14:05:42;35.4
2026-05-21 14:06:03;35.4
2026-05-21 14:06:13;35.3
2026-05-21 14:07:48;35.3
2026-05-21 14:08:33;35.3
2026-05-21 14:08:48;35.2
2026-05-21 14:09:03;35.2
2026-05-21 14:09:18;35.2
2026-05-21 14:09:33;35.2
2026-05-21 14:09:48;35.2
2026-05-21 14:10:03;35.2
2026-05-21 14:10:19;35.2
2026-05-21 14:10:34;35.2
2026-05-21 14:10:49;35.2
2026-05-21 14:11:04;35.2
2026-05-21 14:11:19;35.2
2026-05-21 14:11:34;35.2
2026-05-21 14:12:04;35.1
2026-05-21 14:12:19;35.1
2026-05-21 14:12:34;35.1
2026-05-21 14:12:49;35.2
2026-05-21 14:13:04;35.2
2026-05-21 14:13:19;35.1
2026-05-21 14:13:34;35.2
2026-05-21 14:13:49;35.1
2026-05-21 14:14:04;35.2
2026-05-21 14:14:19;35.2
2026-05-21 14:14:34;35.2
2026-05-21 14:14:49;35.1
2026-05-21 14:15:04;35.1
2026-05-21 14:15:23;35.1
2026-05-21 14:15:34;35.0
2026-05-21 14:15:50;35.0
2026-05-21 14:16:04;34.9
2026-05-21 14:16:19;34.9
2026-05-21 14:16:35;35.0
2026-05-21 14:16:49;35.0
2026-05-21 14:17:05;34.9
2026-05-21 14:17:20;34.9
2026-05-21 14:17:35;34.9
2026-05-21 14:17:50;34.9
2026-05-21 14:18:05;35.0
2026-05-21 14:18:20;35.0
2026-05-21 14:18:36;35.0
2026-05-21 14:18:50;34.9
2026-05-21 14:19:05;34.9
2026-05-21 14:19:20;34.9
2026-05-21 14:19:35;34.8
2026-05-21 14:19:50;34.8
2026-05-21 14:20:05;34.8
2026-05-21 14:20:20;34.8
2026-05-21 14:20:35;34.9
2026-05-21 14:20:50;34.8
2026-05-21 14:21:05;34.8
2026-05-21 14:21:20;34.8
2026-05-21 14:21:35;34.8
2026-05-21 14:21:50;34.8
2026-05-21 14:22:05;34.7
2026-05-21 14:22:20;34.7
2026-05-21 14:22:35;34.7
2026-05-21 14:22:50;34.7
2026-05-21 14:23:05;34.7
2026-05-21 14:23:20;34.6
2026-05-21 14:23:36;34.6
2026-05-21 14:23:50;34.6
2026-05-21 14:24:05;34.6
2026-05-21 14:24:20;34.6
2026-05-21 14:24:35;34.6
2026-05-21 14:24:50;34.6
2026-05-21 14:25:05;34.4
2026-05-21 14:25:20;34.4
2026-05-21 14:25:35;34.5
2026-05-21 14:25:50;34.4
2026-05-21 14:26:05;34.4
2026-05-21 14:26:21;34.4
2026-05-21 14:26:36;34.4
2026-05-21 14:26:51;34.4
2026-05-21 14:27:06;34.4
2026-05-21 14:27:21;34.4
2026-05-21 14:27:36;34.4
2026-05-21 14:27:51;34.4
2026-05-21 14:28:06;34.4
2026-05-21 14:28:21;34.3
2026-05-21 14:28:38;34.3
2026-05-21 14:28:51;34.3
2026-05-21 14:29:06;34.2
2026-05-21 14:29:21;34.2
2026-05-21 14:29:36;34.3
2026-05-21 14:29:51;34.3
2026-05-21 14:30:06;34.3
2026-05-21 14:30:21;34.3
2026-05-21 14:30:36;34.2
2026-05-21 14:30:51;34.2
2026-05-21 14:31:06;34.2
2026-05-21 14:31:22;34.2
2026-05-21 14:31:36;34.2
2026-05-21 14:31:51;34.2
2026-05-21 14:32:06;34.2
2026-05-21 14:32:21;34.2
2026-05-21 14:32:36;34.2
2026-05-21 14:32:51;34.2
2026-05-21 14:33:06;34.2
2026-05-21 14:33:21;34.2
2026-05-21 14:33:36;34.2
2026-05-21 14:33:51;34.3
2026-05-21 14:34:07;34.3
2026-05-21 14:34:21;34.3
2026-05-21 14:34:37;34.3
2026-05-21 14:34:51;34.3
2026-05-21 14:35:06;34.3
2026-05-21 14:35:22;34.2
2026-05-21 14:35:37;34.3
2026-05-21 14:35:52;34.2
2026-05-21 14:36:07;34.2
2026-05-21 14:36:22;34.2
2026-05-21 14:36:37;34.2
2026-05-21 14:36:52;34.2
2026-05-21 14:37:08;34.2
2026-05-21 14:37:22;34.2
2026-05-21 14:37:37;34.2
2026-05-21 14:37:52;34.2
2026-05-21 14:38:07;34.1
2026-05-21 14:38:22;34.1
2026-05-21 14:38:37;34.0
2026-05-21 14:38:52;34.0
2026-05-21 14:39:07;34.0
2026-05-21 14:39:22;34.0
2026-05-21 14:39:37;34.0
2026-05-21 14:39:52;34.0
2026-05-21 14:40:07;34.0
2026-05-21 14:40:23;33.9
2026-05-21 14:40:37;33.9
2026-05-21 14:40:52;33.8
2026-05-21 14:41:07;33.8
2026-05-21 14:41:22;33.7
2026-05-21 14:41:37;33.7
2026-05-21 14:41:52;33.7
2026-05-21 14:42:07;33.7
2026-05-21 14:42:22;33.7
2026-05-21 14:42:37;33.7
2026-05-21 14:42:52;33.7
2026-05-21 14:43:07;33.7
2026-05-21 14:43:22;33.7
2026-05-21 14:43:37;33.8
2026-05-21 14:43:53;33.7
2026-05-21 14:44:07;33.7
2026-05-21 14:44:23;33.8
2026-05-21 14:44:37;33.8
2026-05-21 14:44:53;33.8
2026-05-21 14:45:08;33.8
2026-05-21 14:45:23;33.8
2026-05-21 14:45:38;33.7
2026-05-21 14:45:53;33.7
2026-05-21 14:46:08;33.6
2026-05-21 14:46:23;33.6
2026-05-21 14:46:38;33.5
2026-05-21 14:46:53;33.6
2026-05-21 14:47:08;33.6
2026-05-21 14:47:23;33.6
2026-05-21 14:47:38;33.6
2026-05-21 14:47:53;33.6
2026-05-21 14:48:08;33.6
2026-05-21 14:48:23;33.6
2026-05-21 14:48:38;33.6
2026-05-21 14:48:53;33.6
2026-05-21 14:49:08;33.6
2026-05-21 14:49:23;33.6
2026-05-21 14:49:38;33.6
2026-05-21 14:49:53;33.6
2026-05-21 14:50:08;33.6
2026-05-21 14:50:23;33.7
2026-05-21 14:50:38;33.7
2026-05-21 14:50:54;33.7
2026-05-21 14:51:08;33.7
2026-05-21 14:51:23;33.7
2026-05-21 14:51:38;33.7
2026-05-21 14:51:53;33.7
2026-05-21 14:52:08;33.7
2026-05-21 14:52:23;33.7
2026-05-21 14:52:39;33.7
2026-05-21 14:52:53;33.7
2026-05-21 14:53:22;33.7
2026-05-21 14:53:37;33.7
2026-05-21 14:53:52;33.6
2026-05-21 14:53:59;33.7
2026-05-21 14:54:10;33.7
2026-05-21 14:54:25;33.7
2026-05-21 14:54:40;33.7
2026-05-21 14:54:55;33.7
2026-05-21 14:55:13;33.6
2026-05-21 14:55:25;33.6
2026-05-21 14:55:40;33.6
2026-05-21 14:55:55;33.6
2026-05-21 14:56:10;33.6
2026-05-21 14:56:33;33.6
2026-05-21 14:56:54;33.6
2026-05-21 14:57:11;33.5
2026-05-21 14:57:26;33.6
2026-05-21 14:57:43;33.6
2026-05-21 14:58:26;33.5
2026-05-21 14:58:42;33.6
2026-05-21 14:58:56;33.6
2026-05-21 14:59:21;33.6
2026-05-21 14:59:28;33.6
2026-05-21 14:59:57;33.7
2026-05-21 14:59:58;33.7
2026-05-21 15:00:11;33.7
2026-05-21 15:00:29;33.7
2026-05-21 15:00:46;33.7
2026-05-21 15:00:56;33.7
2026-05-21 15:01:11;33.7
2026-05-21 15:01:26;33.6
2026-05-21 15:01:41;33.6
2026-05-21 15:01:56;33.6
2026-05-21 15:02:11;33.5
2026-05-21 15:02:26;33.5
2026-05-21 15:02:41;33.5
2026-05-21 15:02:57;33.6
2026-05-21 15:03:11;33.5
2026-05-21 15:03:26;33.6
2026-05-21 15:03:42;33.6
2026-05-21 15:03:57;33.6
2026-05-21 15:04:12;33.6
2026-05-21 15:04:27;33.6
2026-05-21 15:04:41;33.6
2026-05-21 15:04:56;33.6
2026-05-21 15:05:12;33.6
2026-05-21 15:05:27;33.6
2026-05-21 15:05:42;33.6
2026-05-21 15:05:57;33.6
2026-05-21 15:06:12;33.6
2026-05-21 15:06:27;33.6
2026-05-21 15:06:42;33.6
2026-05-21 15:06:57;33.7
2026-05-21 15:08:22;33.7
2026-05-21 15:08:37;33.7
2026-05-21 15:08:53;33.7
2026-05-21 15:09:07;33.7
2026-05-21 15:09:22;33.7
2026-05-21 15:09:37;33.7
2026-05-21 15:09:52;33.7
2026-05-21 15:10:07;33.7
2026-05-21 15:10:22;33.8
2026-05-21 15:10:45;33.8
2026-05-21 15:10:56;33.8
2026-05-21 15:11:13;33.7
2026-05-21 15:11:28;33.8
2026-05-21 15:11:43;33.9
2026-05-21 15:11:58;33.9
2026-05-21 15:12:13;33.9
2026-05-21 15:12:28;33.9
2026-05-21 15:12:43;34.0
2026-05-21 15:12:58;34.1
2026-05-21 15:13:13;34.1
2026-05-21 15:13:28;34.1
2026-05-21 15:13:43;34.2
2026-05-21 15:13:58;34.2
2026-05-21 15:14:13;34.3
2026-05-21 15:14:28;34.3
2026-05-21 15:15:16;34.4
2026-05-21 15:15:59;34.6
2026-05-21 15:16:14;34.9
2026-05-21 15:16:29;35.1
2026-05-21 15:16:44;35.1
2026-05-21 15:16:59;35.2
2026-05-21 15:17:14;35.4
2026-05-21 15:17:29;35.4
2026-05-21 15:17:44;35.6
2026-05-21 15:17:59;35.7
2026-05-21 15:18:14;35.9
2026-05-21 15:18:29;35.9
2026-05-21 15:18:44;36.0
2026-05-21 15:18:59;36.1
2026-05-21 15:19:14;36.2
2026-05-21 15:19:29;36.4
2026-05-21 15:19:45;36.5
2026-05-21 15:19:59;36.7
2026-05-21 15:20:15;36.9
2026-05-21 15:20:30;37.1
2026-05-21 15:20:45;37.2
2026-05-21 15:21:00;37.4
2026-05-21 15:21:15;37.6
2026-05-21 15:21:30;37.7
2026-05-21 15:21:45;37.8
2026-05-21 15:22:00;37.9
2026-05-21 15:22:15;38.0
2026-05-21 15:22:30;37.8
2026-05-21 15:22:45;37.9
2026-05-21 15:23:00;38.1
2026-05-21 15:23:15;38.3
2026-05-21 15:23:30;38.5
2026-05-21 15:23:45;38.6
2026-05-21 15:24:00;38.6
2026-05-21 15:24:15;38.6
2026-05-21 15:24:30;38.7
2026-05-21 15:24:45;38.6
2026-05-21 15:25:00;38.9
2026-05-21 15:25:15;39.1
2026-05-21 15:25:30;39.3
2026-05-21 15:25:45;39.4
2026-05-21 15:26:00;39.1
2026-05-21 15:26:15;39.2
2026-05-21 15:26:30;39.4
2026-05-21 15:26:45;39.7
2026-05-21 15:27:00;39.8
2026-05-21 15:27:15;40.1
2026-05-21 15:27:30;40.3
2026-05-21 15:27:46;40.4
2026-05-21 15:28:01;40.5
2026-05-21 15:28:17;40.5
2026-05-21 15:28:32;40.6
2026-05-21 15:28:47;40.6
2026-05-21 15:29:02;40.7
2026-05-21 15:29:18;40.8
2026-05-21 15:29:33;40.9
2026-05-21 15:29:49;41.0
2026-05-21 15:30:04;41.0
2026-05-21 15:30:19;41.1
2026-05-21 15:30:34;41.3
2026-05-21 15:30:50;41.4
2026-05-21 15:31:05;41.2
2026-05-21 15:31:21;41.4
2026-05-21 15:31:38;41.5
2026-05-21 15:31:54;41.6
2026-05-21 15:32:09;41.7
2026-05-21 15:32:25;41.9
2026-05-21 15:32:40;41.9
2026-05-21 15:32:55;41.9
2026-05-21 15:33:13;41.9
2026-05-21 15:33:26;41.9
2026-05-21 15:33:41;41.9
2026-05-21 15:33:57;41.9
2026-05-21 15:34:12;41.9
2026-05-21 15:34:27;41.9
2026-05-21 15:34:42;41.9
2026-05-21 15:34:58;42.1
2026-05-21 15:35:13;42.1
2026-05-21 15:35:29;42.2
2026-05-21 15:35:44;42.1
2026-05-21 15:35:59;42.1
2026-05-21 15:36:14;42.2
2026-05-21 15:36:30;42.3
2026-05-21 15:36:45;42.4
2026-05-21 15:37:00;42.4
2026-05-21 15:37:16;42.4
2026-05-21 15:37:31;42.3
2026-05-21 15:37:46;42.2
2026-05-21 15:38:02;42.1
2026-05-21 15:38:17;42.1
2026-05-21 15:38:32;42.1
2026-05-21 15:38:47;42.1
2026-05-21 15:39:03;41.9
2026-05-21 15:39:19;42.0
2026-05-21 15:39:34;41.5
2026-05-21 15:39:49;41.4
2026-05-21 15:40:04;41.4
2026-05-21 15:40:19;41.3
2026-05-21 15:40:35;41.3
2026-05-21 15:40:50;41.2
2026-05-21 15:41:06;41.2
2026-05-21 15:41:21;41.2
2026-05-21 15:41:36;41.1
2026-05-21 15:41:51;40.9
2026-05-21 15:42:07;40.9
2026-05-21 15:42:22;40.8
2026-05-21 15:42:38;40.7
2026-05-21 15:42:53;40.6
2026-05-21 15:43:08;40.5
2026-05-21 15:43:23;40.3
2026-05-21 15:43:39;40.1
2026-05-21 15:43:54;39.9
2026-05-21 15:44:09;39.7
2026-05-21 15:44:24;39.6
2026-05-21 15:44:39;39.4
2026-05-21 15:44:54;39.2
2026-05-21 15:45:09;39.1
2026-05-21 15:45:24;39.0
2026-05-21 15:45:39;38.9
2026-05-21 15:45:54;38.7
2026-05-21 15:46:09;38.7
2026-05-21 15:46:24;38.5
2026-05-21 15:46:39;38.3
2026-05-21 15:46:54;38.1
2026-05-21 15:47:09;37.9
2026-05-21 15:47:24;37.7
2026-05-21 15:47:39;37.7
2026-05-21 15:47:54;37.6
2026-05-21 15:48:09;37.4
2026-05-21 15:48:24;37.1
2026-05-21 15:48:39;36.9
2026-05-21 15:48:54;36.9
2026-05-21 15:49:09;36.9
2026-05-21 15:49:24;36.9
2026-05-21 15:49:39;36.9
2026-05-21 15:49:54;36.8
2026-05-21 15:50:09;36.7
2026-05-21 15:50:24;36.6
2026-05-21 15:50:39;36.5
2026-05-21 15:51:08;36.4
2026-05-21 15:51:09;36.4
2026-05-21 15:51:24;36.2
2026-05-21 15:51:39;36.1
2026-05-21 15:51:55;35.9
2026-05-21 15:52:09;35.9
2026-05-21 15:52:24;35.8
2026-05-21 15:52:42;35.5
2026-05-21 15:53:00;35.5
2026-05-21 15:53:09;35.5
2026-05-21 15:53:24;35.4
2026-05-21 15:53:39;35.4
2026-05-21 15:53:54;35.3
2026-05-21 15:54:09;35.2
2026-05-21 15:54:24;35.2
2026-05-21 15:54:39;35.1
2026-05-21 15:54:54;35.1
2026-05-21 15:55:09;35.1
2026-05-21 15:55:25;35.0
2026-05-21 15:55:47;34.9
2026-05-21 15:56:05;34.9
2026-05-21 15:56:10;34.9
2026-05-21 15:56:25;34.8
2026-05-21 15:56:40;34.7
2026-05-21 15:56:55;34.7
2026-05-21 15:57:10;34.6
2026-05-21 15:57:25;34.6
2026-05-21 15:57:40;34.5
2026-05-21 15:57:55;34.4
2026-05-21 15:58:10;34.2
2026-05-21 15:58:25;34.2
2026-05-21 15:58:40;34.1
2026-05-21 15:58:55;33.9
2026-05-21 15:59:10;33.9
2026-05-21 15:59:25;33.9
2026-05-21 15:59:40;33.8
2026-05-21 15:59:55;33.9
2026-05-21 16:00:10;33.9
2026-05-21 16:00:25;33.9
2026-05-21 16:00:40;33.8
2026-05-21 16:00:55;33.8
2026-05-21 16:01:10;33.7
2026-05-21 16:01:25;33.7
2026-05-21 16:01:40;33.6
2026-05-21 16:01:55;33.6
2026-05-21 16:02:10;33.6
2026-05-21 16:02:25;33.5
2026-05-21 16:02:40;33.4
2026-05-21 16:02:55;33.4
2026-05-21 16:03:10;33.4
2026-05-21 16:03:26;33.3
2026-05-21 16:03:40;33.3
2026-05-21 16:03:55;33.3
2026-05-21 16:04:10;33.2
2026-05-21 16:04:25;33.2
2026-05-21 16:04:40;33.2
2026-05-21 16:04:56;33.1
2026-05-21 16:05:11;33.1
2026-05-21 16:05:26;33.0
2026-05-21 16:05:41;33.0
2026-05-21 16:05:56;32.9
2026-05-21 16:06:11;32.9
2026-05-21 16:06:26;32.9
2026-05-21 16:06:41;32.9
2026-05-21 16:06:56;32.8
2026-05-21 16:07:11;32.8
2026-05-21 16:07:26;32.7
2026-05-21 16:07:41;32.7
2026-05-21 16:07:56;32.7
2026-05-21 16:08:11;32.7
2026-05-21 16:08:26;32.6
2026-05-21 16:08:41;32.6
2026-05-21 16:09:00;32.6
2026-05-21 16:09:13;32.6
2026-05-22 10:32:14;0.0
2026-05-22 10:32:29;37.4
2026-05-22 10:32:44;37.6
2026-05-22 10:32:59;37.9
2026-05-22 10:33:14;38.1
2026-05-22 10:33:31;38.4
2026-05-22 10:33:44;38.7
2026-05-22 10:33:59;38.9
2026-05-22 10:34:14;39.2
2026-05-22 10:34:29;39.5
2026-05-22 10:34:44;39.7
2026-05-22 10:34:59;40.1
2026-05-22 10:35:15;40.2
2026-05-22 10:35:30;40.4
2026-05-22 10:35:45;40.6
2026-05-22 10:36:00;40.6
2026-05-22 10:36:16;40.8
2026-05-22 10:36:33;40.9
2026-05-22 10:36:47;41.1
2026-05-22 10:37:02;41.2
2026-05-22 10:37:17;41.2
2026-05-22 10:37:32;41.1
2026-05-22 10:37:48;41.1
2026-05-22 10:38:03;41.2
2026-05-22 10:38:19;41.2
2026-05-22 10:38:33;41.3
2026-05-22 10:38:49;41.2
2026-05-22 10:39:04;41.3
2026-05-22 10:39:20;41.3
2026-05-22 10:39:37;41.2
2026-05-22 10:39:50;41.2
2026-05-22 10:40:05;41.2
2026-05-22 10:41:07;41.0
2026-05-22 10:41:24;40.8
2026-05-22 10:41:37;40.7
2026-05-22 10:41:53;40.8
2026-05-22 10:42:08;40.8
2026-05-22 10:42:24;40.7
2026-05-22 10:42:39;40.6
2026-05-22 10:42:54;40.8
2026-05-22 10:43:15;40.7
2026-05-22 10:43:25;40.8
2026-05-22 10:43:40;40.7
2026-05-22 10:44:06;40.6
2026-05-22 10:44:35;40.5
2026-05-22 10:44:53;40.4
2026-05-22 10:45:13;40.1
2026-05-22 10:45:24;40.0
2026-05-22 10:45:54;39.9
2026-05-22 10:46:09;39.9
2026-05-22 10:46:25;39.9
2026-05-22 10:46:40;39.7
2026-05-22 10:46:55;39.6
2026-05-22 10:47:12;39.4
2026-05-22 10:47:25;39.2
2026-05-22 10:47:40;39.2
2026-05-22 10:47:55;39.1
2026-05-22 10:48:10;39.1
2026-05-22 10:48:28;38.9
2026-05-22 10:48:40;38.7
2026-05-22 10:48:55;38.7
2026-05-22 10:49:12;38.6
2026-05-22 10:49:27;38.6
2026-05-22 10:49:40;38.6
2026-05-22 10:49:55;38.4
2026-05-22 10:50:10;38.4
2026-05-22 10:50:25;38.3
2026-05-22 10:50:40;38.2
2026-05-22 10:50:55;38.1
2026-05-22 10:52:05;37.6
2026-05-22 10:52:16;37.5
2026-05-22 10:52:26;37.3
2026-05-22 10:52:41;37.1
2026-05-22 10:52:56;36.9
2026-05-22 10:53:11;36.7
2026-05-22 10:53:26;36.6
2026-05-22 10:53:41;36.5
2026-05-22 10:53:56;36.3
2026-05-22 10:54:11;36.1
2026-05-22 10:54:43;36.1
2026-05-22 10:54:44;35.9
2026-05-22 10:54:56;35.8
2026-05-22 10:55:11;35.8
2026-05-22 10:55:26;35.7
2026-05-22 10:55:41;35.6
2026-05-22 10:55:56;35.6
2026-05-22 10:56:11;35.4
2026-05-22 10:56:26;35.3
2026-05-22 10:56:41;35.2
2026-05-22 10:56:56;35.1
2026-05-22 10:57:12;35.0
2026-05-22 10:57:26;34.9
2026-05-22 10:57:41;34.9
2026-05-22 10:57:56;34.8
2026-05-22 10:58:11;34.7
2026-05-22 10:58:26;34.7
2026-05-22 10:58:41;34.6
2026-05-22 10:58:56;34.5
2026-05-22 10:59:11;34.5
2026-05-22 10:59:26;34.4
2026-05-22 10:59:41;34.4
2026-05-22 10:59:56;34.3
2026-05-22 11:00:11;34.2
2026-05-22 11:00:26;34.2
2026-05-22 11:00:41;34.2
2026-05-22 11:00:58;34.2
2026-05-22 11:01:11;34.1
2026-05-22 11:01:27;34.1
2026-05-22 11:01:42;34.0
2026-05-22 11:01:57;34.0
2026-05-22 11:02:12;33.9
2026-05-22 11:02:27;33.9
2026-05-22 11:02:42;33.9
2026-05-22 11:02:57;33.8
2026-05-22 11:03:12;33.7
2026-05-22 11:03:27;33.7
2026-05-22 11:03:42;33.6
2026-05-22 11:03:57;33.6
2026-05-22 11:04:12;33.5
2026-05-22 11:04:27;33.4
2026-05-22 11:04:42;33.4
2026-05-22 11:05:01;33.4
2026-05-22 11:05:12;33.3
2026-05-22 11:05:27;33.3
2026-05-22 11:05:42;33.3
2026-05-22 11:05:57;33.2
2026-05-22 11:06:12;33.2
2026-05-22 11:06:27;33.2
2026-05-22 11:06:42;33.1
2026-05-22 11:06:58;33.1
2026-05-22 11:07:12;33.1
2026-05-22 11:07:27;33.1
2026-05-22 11:07:42;33.0
2026-05-22 11:07:57;32.9
2026-05-22 11:08:12;32.9
2026-05-22 11:08:27;32.9
2026-05-22 11:08:58;32.9
2026-05-22 11:09:13;32.9
2026-05-22 11:09:28;32.9
2026-05-22 11:09:43;32.9
2026-05-22 11:09:58;32.8
2026-05-22 11:10:13;32.7
2026-05-22 11:10:29;32.7
2026-05-22 11:10:43;32.7
2026-05-22 11:10:58;32.7
2026-05-22 11:11:14;32.7
2026-05-22 11:11:28;32.6
2026-05-22 11:11:44;32.5
2026-05-22 11:11:58;32.6
2026-05-22 11:12:13;32.6
2026-05-22 11:12:30;32.6
2026-05-22 11:12:43;32.7
2026-05-22 11:12:58;32.7
2026-05-22 11:13:13;32.7
2026-05-22 11:13:29;32.7
2026-05-22 11:13:44;32.7
2026-05-22 11:13:59;32.7
2026-05-22 11:14:14;32.7
2026-05-22 11:14:29;32.7
2026-05-22 11:14:44;32.7
2026-05-22 11:14:59;32.7
2026-05-22 11:15:14;32.7
2026-05-22 11:15:29;32.7
2026-05-22 11:15:44;32.7
2026-05-22 11:15:59;32.8
2026-05-22 11:16:14;32.8
2026-05-22 11:16:29;32.8
2026-05-22 11:16:44;32.9
2026-05-22 11:16:59;32.9
2026-05-22 11:17:15;32.9
2026-05-22 11:17:29;32.9
2026-05-22 11:17:44;32.9
2026-05-22 11:17:59;33.0
2026-05-22 11:18:14;33.1
2026-05-22 11:18:29;33.1
2026-05-22 11:18:44;33.0
2026-05-22 11:18:59;32.9
2026-05-22 11:19:14;32.9
2026-05-22 11:19:29;32.9
2026-05-22 11:19:44;32.9
2026-05-22 11:19:59;32.6
2026-05-22 11:20:15;32.4
2026-05-25 08:24:33;29.7
2026-05-25 08:24:48;29.8
2026-05-25 08:25:03;29.8
2026-05-25 08:25:18;29.9
2026-05-25 08:25:33;29.9
2026-05-25 08:25:48;29.9
2026-05-25 08:26:03;30.0
2026-05-25 08:26:18;30.0
2026-05-25 08:26:33;30.0
2026-05-25 08:26:49;30.1
2026-05-25 08:27:03;30.1
2026-05-25 08:27:18;30.1
2026-05-25 08:27:33;30.1
2026-05-25 08:27:48;30.1
2026-05-25 08:28:03;30.1
2026-05-25 08:28:18;30.2
2026-05-25 08:28:33;30.3
2026-05-25 08:28:48;30.2
2026-05-25 08:29:03;30.1
2026-05-25 08:29:18;30.1
2026-05-25 08:29:34;30.1
2026-05-25 08:29:49;30.0
2026-05-25 08:30:04;30.1
2026-05-25 08:30:19;30.1
2026-05-25 08:30:34;30.0
2026-05-25 08:30:49;30.0
2026-05-25 08:31:04;30.1
2026-05-25 08:31:19;30.0
2026-05-25 08:31:34;30.0
2026-05-25 08:31:49;30.0
2026-05-25 08:32:04;30.0
2026-05-25 08:32:19;30.1
2026-05-25 08:32:34;30.1
2026-05-25 08:32:49;30.1
2026-05-25 08:33:04;30.1
2026-05-25 08:33:19;30.1
2026-05-25 08:33:34;30.1
2026-05-25 08:33:49;30.2
2026-05-25 08:34:05;30.2
2026-05-25 08:34:19;30.3
2026-05-25 08:34:35;30.3
2026-05-25 08:34:50;30.3
2026-05-25 08:35:05;30.3
2026-05-25 08:35:20;30.3
2026-05-25 08:35:35;30.4
2026-05-25 08:35:50;30.4
2026-05-25 08:36:05;30.5
2026-05-25 08:36:20;30.6
2026-05-25 08:36:36;30.6
2026-05-25 08:36:51;30.7
2026-05-25 08:37:05;30.8
2026-05-25 08:37:20;30.8
2026-05-25 08:37:35;30.9
2026-05-25 08:37:50;30.9
2026-05-25 08:38:05;30.9
2026-05-25 08:38:20;31.0
2026-05-25 08:38:35;31.1
2026-05-25 08:38:50;31.1
2026-05-25 08:39:05;31.1
2026-05-25 08:39:21;31.1
2026-05-25 08:39:35;31.2
2026-05-25 08:39:51;31.2
2026-05-25 08:40:06;31.1
2026-05-25 08:40:21;31.2
2026-05-25 08:40:36;31.2
2026-05-25 08:40:51;31.2
2026-05-25 08:41:06;31.2
2026-05-25 08:41:21;31.2
2026-05-25 08:41:36;31.2
2026-05-25 08:41:51;31.2
2026-05-25 08:42:06;31.3
2026-05-25 08:42:21;31.4
2026-05-25 08:42:36;31.4
2026-05-25 08:42:51;31.3
2026-05-25 08:43:06;31.3
2026-05-25 08:43:21;31.3
2026-05-25 08:43:36;31.4
2026-05-25 08:43:51;31.4
2026-05-25 08:44:06;31.4
2026-05-25 08:44:22;31.4
2026-05-25 08:44:38;31.4
2026-05-25 08:44:52;31.4
2026-05-25 08:45:08;31.3
2026-05-25 08:45:22;31.2
2026-05-25 08:45:37;31.2
2026-05-25 08:45:52;31.2
2026-05-25 08:46:07;31.3
2026-05-25 08:46:27;31.3
2026-05-25 08:46:37;31.4
2026-05-25 08:46:52;31.4
2026-05-25 08:47:07;31.4
2026-05-25 08:47:22;31.4
2026-05-25 08:47:37;31.4
2026-05-25 08:47:52;31.4
2026-05-25 08:48:07;31.4
2026-05-25 08:48:23;31.3
2026-05-25 08:48:38;31.3
2026-05-25 08:48:54;31.4
2026-05-25 08:49:07;31.4
2026-05-25 08:49:23;31.4
2026-05-25 08:49:38;31.4
2026-05-25 08:49:53;31.5
2026-05-25 08:50:08;31.5
2026-05-25 08:50:23;31.5
2026-05-25 08:50:38;31.6
2026-05-25 08:50:53;31.5
2026-05-25 08:51:08;31.6
2026-05-25 08:51:23;31.6
2026-05-25 08:51:38;31.5
2026-05-25 08:51:53;31.4
2026-05-25 08:52:08;31.4
2026-05-25 08:52:23;31.4
2026-05-25 08:52:38;31.4
2026-05-25 08:52:53;31.4
2026-05-25 08:53:10;31.4
2026-05-25 08:53:24;31.4
2026-05-25 08:53:38;31.4
2026-05-25 08:53:53;31.4
2026-05-25 08:54:09;31.5
2026-05-25 08:54:23;31.4
2026-05-25 08:54:39;31.4
2026-05-25 08:54:54;31.4
2026-05-25 08:55:09;31.3
2026-05-25 08:55:24;31.3
2026-05-25 08:55:39;31.3
2026-05-25 08:55:54;31.4
2026-05-25 08:56:09;31.4
2026-05-25 08:56:24;31.4
2026-05-25 08:56:39;31.4
2026-05-25 08:56:54;31.5
2026-05-25 08:57:09;31.4
2026-05-25 08:57:24;31.5
2026-05-25 08:57:39;31.4
2026-05-25 08:57:55;31.3
2026-05-25 08:58:09;31.4
2026-05-25 08:58:24;31.4
2026-05-25 08:58:39;31.5
2026-05-25 08:58:54;31.5
2026-05-25 08:59:09;31.6
2026-05-25 08:59:25;31.6
2026-05-25 08:59:39;31.7
2026-05-25 08:59:54;31.8
2026-05-25 09:00:10;31.9
2026-05-25 09:00:25;31.9
2026-05-25 09:00:40;31.9
2026-05-25 09:00:55;32.0
2026-05-25 09:01:10;32.1
2026-05-25 09:01:25;32.1
2026-05-25 09:01:40;32.1
2026-05-25 09:01:55;32.1
2026-05-25 09:02:11;32.2
2026-05-25 09:02:26;32.3
2026-05-25 09:02:40;32.4
2026-05-25 09:02:55;32.4
2026-05-25 09:03:10;32.4
2026-05-25 09:03:25;32.4
2026-05-25 09:03:40;32.4
2026-05-25 09:03:55;32.4
2026-05-25 09:04:10;32.4
2026-05-25 09:04:25;32.4
2026-05-25 09:04:41;32.4
2026-05-25 09:04:55;32.5
2026-05-25 09:05:10;32.4
2026-05-25 09:05:26;32.4
2026-05-25 09:05:41;32.4
2026-05-25 09:05:56;32.5
2026-05-25 09:06:11;32.6
2026-05-25 09:06:26;32.6
2026-05-25 09:06:41;32.6
2026-05-25 09:06:56;32.6
2026-05-25 09:07:11;32.6
2026-05-25 09:07:26;32.7
2026-05-25 09:07:41;32.7
2026-05-25 09:07:56;32.7
2026-05-25 09:08:11;32.7
2026-05-25 09:08:26;32.8
2026-05-25 09:08:41;32.9
2026-05-25 09:08:56;32.9
2026-05-25 09:09:12;32.8
2026-05-25 09:09:26;32.8
2026-05-25 09:09:41;32.8
2026-05-25 09:09:56;32.9
2026-05-25 09:10:11;33.0
2026-05-25 09:10:27;33.1
2026-05-25 09:10:42;33.1
2026-05-25 09:10:57;33.2
2026-05-25 09:11:12;33.2
2026-05-25 09:11:27;33.1
2026-05-25 09:11:42;33.1
2026-05-25 09:11:57;33.1
2026-05-25 09:12:12;33.1
2026-05-25 09:12:27;33.2
2026-05-25 09:12:42;33.1
2026-05-25 09:12:57;33.1
2026-05-25 09:13:12;33.1
2026-05-25 09:13:27;33.1
2026-05-25 09:13:42;33.0
2026-05-25 09:13:57;33.1
2026-05-25 09:14:12;33.0
2026-05-25 09:14:27;33.0
2026-05-25 09:14:42;33.0
2026-05-25 09:14:57;32.9
2026-05-25 09:15:12;32.9
2026-05-25 09:15:27;32.9
2026-05-25 09:15:43;32.8
2026-05-25 09:15:58;32.8
2026-05-25 09:16:12;32.8
2026-05-25 09:16:28;32.8
2026-05-25 09:16:43;32.7
2026-05-25 09:16:58;32.7
2026-05-25 09:17:13;32.7
2026-05-25 09:17:28;32.7
2026-05-25 09:17:43;32.7
2026-05-25 09:17:58;32.7
2026-05-25 09:18:13;32.7
2026-05-25 09:18:28;32.7
2026-05-25 09:18:43;32.7
2026-05-25 09:18:58;32.7
2026-05-25 09:19:14;32.7
2026-05-25 09:19:28;32.7
2026-05-25 09:19:44;32.7
2026-05-25 09:19:58;32.7
2026-05-25 09:20:13;32.6
2026-05-25 09:20:28;32.5
2026-05-25 09:20:43;32.6
2026-05-25 09:20:58;32.6
2026-05-25 09:21:13;32.6
2026-05-25 09:21:29;32.6
2026-05-25 09:21:43;32.6
2026-05-25 09:21:59;32.6
2026-05-25 09:22:14;32.6
2026-05-25 09:22:29;32.6
2026-05-25 09:22:44;32.6
2026-05-25 09:22:59;32.6
2026-05-25 09:23:14;32.6
2026-05-25 09:23:30;32.6
2026-05-25 09:23:44;32.6
2026-05-25 09:23:59;32.6
2026-05-25 09:24:14;32.6
2026-05-25 09:24:29;32.6
2026-05-25 09:24:44;32.5
2026-05-25 09:24:59;32.5
2026-05-25 09:25:14;32.6
2026-05-25 09:25:29;32.7
2026-05-25 09:25:45;32.7
2026-05-25 09:25:59;32.7
2026-05-25 09:26:14;32.7
2026-05-25 09:26:29;32.6
2026-05-25 09:26:44;32.6
2026-05-25 09:27:01;32.6
2026-05-25 09:27:15;32.7
2026-05-25 09:27:30;32.8
2026-05-25 09:27:45;32.8
2026-05-25 09:28:00;32.9
2026-05-25 09:28:15;32.9
2026-05-25 09:28:30;33.1
2026-05-25 09:28:45;33.2
2026-05-25 09:29:00;33.2
2026-05-25 09:29:15;33.3
2026-05-25 09:29:30;33.3
2026-05-25 09:29:45;33.4
2026-05-25 09:30:00;33.3
2026-05-25 09:30:15;33.3
2026-05-25 09:30:30;33.3
2026-05-25 09:30:45;33.3
2026-05-25 09:31:00;33.4
2026-05-25 09:31:15;33.6
2026-05-25 09:31:30;33.8
2026-05-25 09:31:45;33.9
2026-05-25 09:32:00;33.9
2026-05-25 09:32:15;34.0
2026-05-25 09:32:30;34.1
2026-05-25 09:32:45;34.1
2026-05-25 09:33:00;34.1
2026-05-25 09:33:15;34.3
2026-05-25 09:33:30;34.5
2026-05-25 09:33:45;34.7
2026-05-25 09:34:00;35.1
2026-05-25 09:34:15;35.5
2026-05-25 09:34:30;35.9
2026-05-25 09:34:46;36.1
2026-05-25 09:35:01;36.4
2026-05-25 09:35:16;36.7
2026-05-25 09:35:31;36.9
2026-05-25 09:35:46;37.1
2026-05-25 09:36:01;37.4
2026-05-25 09:36:16;37.7
2026-05-25 09:36:31;38.2
2026-05-25 09:36:46;38.7
2026-05-25 09:37:01;39.1
2026-05-25 09:37:16;39.6
2026-05-25 09:37:31;40.0
2026-05-25 09:37:46;40.1
2026-05-25 09:38:01;39.9
2026-05-25 09:38:16;39.6
2026-05-25 09:38:31;39.5
2026-05-25 09:38:46;39.4
2026-05-25 09:39:01;39.4
2026-05-25 09:39:16;39.6
2026-05-25 09:39:31;39.5
2026-05-25 09:39:46;39.6
2026-05-25 09:40:01;39.8
2026-05-25 09:40:16;40.2
2026-05-25 09:40:31;40.5
2026-05-25 09:40:46;40.7
2026-05-25 09:41:01;40.7
2026-05-25 09:41:17;40.8
2026-05-25 09:41:32;40.8
2026-05-25 09:41:48;41.1
2026-05-25 09:42:03;41.4
2026-05-25 09:42:18;41.7
2026-05-25 09:42:33;41.9
2026-05-25 09:42:49;42.1
2026-05-25 09:43:04;42.2
2026-05-25 09:43:20;42.3
2026-05-25 09:43:35;42.4
2026-05-25 09:43:50;42.7
2026-05-25 09:44:05;42.9
2026-05-25 09:44:21;43.3
2026-05-25 09:44:36;43.6
2026-05-25 09:44:52;43.8
2026-05-25 09:45:06;43.9
2026-05-25 09:45:22;44.3
2026-05-25 09:45:38;44.6
2026-05-25 09:45:53;44.8
2026-05-25 09:46:08;44.7
2026-05-25 09:46:23;44.4
2026-05-25 09:46:38;44.2
2026-05-25 09:46:54;44.2
2026-05-25 09:47:11;44.1
2026-05-25 09:47:24;43.8
2026-05-25 09:47:40;43.6
2026-05-25 09:47:55;43.1
2026-05-25 09:48:10;42.6
2026-05-25 09:48:26;42.6
2026-05-25 09:48:41;42.7
2026-05-25 09:48:57;42.7
2026-05-25 09:49:11;42.6
2026-05-25 09:49:27;42.5
2026-05-25 09:49:42;42.4
2026-05-25 09:49:58;42.2
2026-05-25 09:50:13;41.7
2026-05-25 09:50:28;41.7
2026-05-25 09:50:43;41.5
2026-05-25 09:50:59;41.3
2026-05-25 09:51:14;41.1
2026-05-25 09:51:30;40.9
2026-05-25 09:51:45;40.8
2026-05-25 09:52:00;40.8
2026-05-25 09:52:15;40.6
2026-05-25 09:52:31;40.3
2026-05-25 09:52:46;40.1
2026-05-25 09:53:02;40.0
2026-05-25 09:53:17;39.8
2026-05-25 09:53:32;39.7
2026-05-25 09:53:47;39.7
2026-05-25 09:54:02;39.6
2026-05-25 09:54:17;39.5
2026-05-25 09:54:32;39.3
2026-05-25 09:54:47;39.1
2026-05-25 09:55:02;39.1
2026-05-25 09:55:17;38.9
2026-05-25 09:55:32;38.7
2026-05-25 09:55:47;38.6
2026-05-25 09:56:02;38.3
2026-05-25 09:56:17;38.1
2026-05-25 09:56:32;38.1
2026-05-25 09:56:47;38.0
2026-05-25 09:57:02;38.0
2026-05-25 09:57:17;37.9
2026-05-25 09:57:32;37.8
2026-05-25 09:57:47;37.6
2026-05-25 09:58:02;37.4
2026-05-25 09:58:17;37.2
2026-05-25 09:58:32;37.1
2026-05-25 09:58:47;37.0
2026-05-25 09:59:02;37.0
2026-05-25 09:59:17;37.1
2026-05-25 09:59:32;37.3
2026-05-25 09:59:47;37.6
2026-05-25 10:00:02;38.1
2026-05-25 10:00:18;38.5
2026-05-25 10:00:32;38.8
2026-05-25 10:00:47;39.2
2026-05-25 10:01:02;39.6
2026-05-25 10:01:17;40.0
2026-05-25 10:01:32;40.4
2026-05-25 10:01:47;40.8
2026-05-25 10:02:02;41.1
2026-05-25 10:02:18;41.6
2026-05-25 10:02:33;41.9
2026-05-25 10:02:49;42.1
2026-05-25 10:03:03;42.5
2026-05-25 10:03:19;42.7
2026-05-25 10:03:34;42.9
2026-05-25 10:03:49;43.4
2026-05-25 10:04:05;43.9
2026-05-25 10:04:20;44.1
2026-05-25 10:04:35;44.1
2026-05-25 10:04:50;44.4
2026-05-25 10:05:06;44.6
2026-05-25 10:05:21;44.8
2026-05-25 10:05:36;45.2
2026-05-25 10:05:52;45.2
2026-05-25 10:06:07;44.8
2026-05-25 10:06:22;44.7
2026-05-25 10:06:38;45.2
2026-05-25 10:06:53;45.3
2026-05-25 10:07:08;45.5
2026-05-25 10:07:23;45.2
2026-05-25 10:07:39;45.2
2026-05-25 10:07:54;45.5
2026-05-25 10:08:09;45.8
2026-05-25 10:08:25;46.1
2026-05-25 10:08:40;46.6
2026-05-25 10:08:55;46.7
2026-05-25 10:09:11;47.2
2026-05-25 10:09:26;47.6
2026-05-25 10:09:41;47.8
2026-05-25 10:09:56;48.1
2026-05-25 10:10:12;48.3
2026-05-25 10:10:27;48.7
2026-05-25 10:10:42;48.7
2026-05-25 10:10:57;48.8
2026-05-25 10:11:13;49.1
2026-05-25 10:11:28;49.2
2026-05-25 10:11:46;49.2
2026-05-25 10:11:58;49.3
2026-05-25 10:12:14;49.3
2026-05-25 10:12:29;49.4
2026-05-25 10:12:45;49.1
2026-05-25 10:12:59;49.1
2026-05-25 10:13:15;49.2
2026-05-25 10:13:31;49.6
2026-05-25 10:13:46;49.8
2026-05-25 10:14:01;49.8
2026-05-25 10:14:16;49.6
2026-05-25 10:14:32;49.5
2026-05-25 10:14:47;49.6
2026-05-25 10:15:02;49.9
2026-05-25 10:15:17;50.0
2026-05-25 10:15:32;50.0
2026-05-25 10:15:48;50.0
2026-05-25 10:16:03;49.7
2026-05-25 10:16:18;49.7
2026-05-25 10:16:34;49.8
2026-05-25 10:16:49;49.9
2026-05-25 10:17:04;50.1
2026-05-25 10:17:20;50.4
2026-05-25 10:17:35;50.6
2026-05-25 10:17:50;50.8
2026-05-25 10:18:05;50.9
2026-05-25 10:18:21;50.9
2026-05-25 10:18:36;50.6
2026-05-25 10:18:52;50.4
2026-05-25 10:19:06;50.3
2026-05-25 10:19:22;50.2
2026-05-25 10:19:37;50.3
2026-05-25 10:19:52;50.8
2026-05-25 10:20:08;51.0
2026-05-25 10:20:23;50.9
2026-05-25 10:20:38;51.0
2026-05-25 10:20:54;51.1
2026-05-25 10:21:08;51.0
2026-05-25 10:21:24;50.9
2026-05-25 10:21:39;50.7
2026-05-25 10:21:55;50.6
2026-05-25 10:22:10;50.6
2026-05-25 10:22:25;50.8
2026-05-25 10:22:40;51.1
2026-05-25 10:22:56;51.4
2026-05-25 10:23:11;51.6
2026-05-25 10:23:26;51.7
2026-05-25 10:23:41;51.9
2026-05-25 10:23:57;51.9
2026-05-25 10:24:12;51.7
2026-05-25 10:24:27;51.5
2026-05-25 10:24:42;51.7
2026-05-25 10:24:58;51.8
2026-05-25 10:25:13;51.9
2026-05-25 10:25:28;51.6
2026-05-25 10:25:43;50.8
2026-05-25 10:25:59;50.4
2026-05-25 10:26:14;49.9
2026-05-25 10:26:29;49.0
2026-05-25 10:26:44;48.6
2026-05-25 10:27:00;47.8
2026-05-25 10:27:15;47.3
2026-05-25 10:27:31;47.0
2026-05-25 10:27:46;46.7
2026-05-25 10:28:01;46.4
2026-05-25 10:28:16;46.3
2026-05-25 10:28:32;45.6
2026-05-25 10:28:47;45.2
2026-05-25 10:29:02;45.1
2026-05-25 10:29:18;45.1
2026-05-25 10:29:35;45.0
2026-05-25 10:29:48;45.0
2026-05-25 10:30:04;44.8
2026-05-25 10:30:19;44.6
2026-05-25 10:30:35;44.4
2026-05-25 10:31:06;44.0
2026-05-25 10:31:20;43.6
2026-05-25 10:31:38;43.4
2026-05-25 10:31:50;43.2
2026-05-25 10:32:06;42.9
2026-05-25 10:32:21;42.6
2026-05-25 10:32:36;42.1
2026-05-25 10:32:51;41.9
2026-05-25 10:33:07;41.7
2026-05-25 10:33:22;41.4
2026-05-25 10:33:37;40.9
2026-05-25 10:33:52;40.8
2026-05-25 10:34:08;40.6
2026-05-25 10:34:23;40.6
2026-05-25 10:34:39;40.4
2026-05-25 10:34:54;40.2
2026-05-25 10:35:09;40.1
2026-05-25 10:35:24;39.9
2026-05-25 10:35:39;39.7
2026-05-25 10:35:54;39.5
2026-05-25 10:36:09;39.4
2026-05-25 10:36:25;39.1
2026-05-25 10:36:39;39.1
2026-05-25 10:36:54;39.1
2026-05-25 10:37:10;39.0
2026-05-25 10:37:24;38.9
2026-05-25 10:37:49;38.9
2026-05-25 10:37:59;38.8
2026-05-25 10:38:18;38.6
2026-05-25 10:38:30;38.6
2026-05-25 10:39:17;38.4
2026-05-25 10:40:31;37.7
2026-05-25 10:40:46;37.9
2026-05-25 10:41:01;37.9
2026-05-25 10:41:17;38.0
2026-05-25 10:41:31;38.1
2026-05-25 10:41:46;38.2
2026-05-25 10:42:01;38.5
2026-05-25 10:42:20;38.7
2026-05-25 10:42:43;38.7
2026-05-25 10:42:58;38.7
2026-05-25 10:43:13;38.7
2026-05-25 10:43:28;38.7
2026-05-25 10:43:43;38.8
2026-05-25 10:43:58;38.9
2026-05-25 10:44:13;39.1
2026-05-25 10:44:28;39.1
2026-05-25 10:44:43;39.1
2026-05-25 10:44:58;39.2
2026-05-25 10:45:17;39.4
2026-05-25 10:45:28;39.5
2026-05-25 10:45:47;39.7
2026-05-25 10:45:58;39.9
2026-05-25 10:46:14;40.3
2026-05-25 10:46:29;40.4
2026-05-25 10:46:44;40.7
2026-05-25 10:46:59;41.0
2026-05-25 10:47:16;41.1
2026-05-25 10:47:35;41.0
2026-05-25 10:49:21;40.8
2026-05-25 10:49:37;40.8
2026-05-25 10:49:52;40.6
2026-05-25 10:50:06;40.4
2026-05-25 10:50:22;40.2
2026-05-25 10:50:37;40.2
2026-05-25 10:50:53;40.1
2026-05-25 10:51:08;39.9
2026-05-25 10:51:23;39.9
2026-05-25 10:51:38;39.8
2026-05-25 10:51:53;39.7
2026-05-25 10:52:08;39.9
2026-05-25 10:52:23;40.3
2026-05-25 10:52:39;40.6
2026-05-25 10:52:54;41.0
2026-05-25 10:53:09;41.2
2026-05-25 10:53:25;41.3
2026-05-25 10:53:40;41.6
2026-05-25 10:53:55;41.7
2026-05-25 10:54:13;42.0
2026-05-25 10:54:26;42.2
2026-05-25 10:54:41;42.3
2026-05-25 10:54:57;42.3
2026-05-25 10:55:12;42.4
2026-05-25 10:55:27;42.7
2026-05-25 10:55:42;43.0
2026-05-25 10:55:58;43.4
2026-05-25 10:56:13;43.4
2026-05-25 10:56:29;43.7
2026-05-25 10:57:47;44.9
2026-05-25 10:58:03;45.6
2026-05-25 10:58:18;46.0
2026-05-25 10:58:34;46.4
2026-05-25 10:58:49;46.7
2026-05-25 10:59:04;47.0
2026-05-25 10:59:19;47.1
2026-05-25 10:59:35;47.2
2026-05-25 10:59:50;47.4
2026-05-25 11:00:05;47.4
2026-05-25 11:00:20;47.6
2026-05-25 11:00:36;47.7
2026-05-25 11:00:52;47.8
2026-05-25 11:01:06;47.9
2026-05-25 11:01:22;48.4
2026-05-25 11:01:37;48.9
2026-05-25 11:01:53;49.2
2026-05-25 11:02:08;49.4
2026-05-25 11:02:23;48.7
2026-05-25 11:02:38;48.6
2026-05-25 11:02:54;48.6
2026-05-25 11:03:09;48.5
2026-05-25 11:03:24;48.8
2026-05-25 11:03:39;49.2
2026-05-25 11:03:55;49.6
2026-05-25 11:04:10;49.7
2026-05-25 11:04:25;50.2
2026-05-25 11:04:40;50.8
2026-05-25 11:04:56;51.1
2026-05-25 11:05:11;51.4
2026-05-25 11:05:27;51.7
2026-05-25 11:05:42;51.9
2026-05-25 11:05:57;52.2
2026-05-25 11:06:12;52.4
2026-05-25 11:07:02;53.4
2026-05-25 11:07:14;53.6
2026-05-25 11:07:29;53.7
2026-05-25 11:07:45;53.5
2026-05-25 11:08:03;53.7
2026-05-25 11:08:15;53.8
2026-05-25 11:08:30;54.1
2026-05-25 11:08:46;54.4
2026-05-25 11:09:01;54.2
2026-05-25 11:09:16;53.8
2026-05-25 11:09:31;53.4
2026-05-25 11:09:47;53.3
2026-05-25 11:10:02;53.3
2026-05-25 11:10:17;53.5
2026-05-25 11:10:32;53.9
2026-05-25 11:10:48;54.1
2026-05-25 11:11:03;54.2
2026-05-25 11:11:19;54.2
2026-05-25 11:11:33;54.0
2026-05-25 11:11:49;53.5
2026-05-25 11:12:04;53.4
2026-05-25 11:12:19;53.4
2026-05-25 11:12:34;53.4
2026-05-25 11:16:12;48.4
2026-05-25 11:16:36;48.3
2026-05-25 11:17:41;46.9
2026-05-25 11:17:56;46.7
2026-05-25 11:18:11;46.4
2026-05-25 11:18:27;46.1
2026-05-25 11:18:42;45.9
2026-05-25 11:18:58;45.6
2026-05-25 11:19:13;45.2
2026-05-25 11:19:28;44.6
2026-05-25 11:19:43;44.0
2026-05-25 11:19:59;43.9
2026-05-25 11:20:14;43.6
2026-05-25 11:20:29;43.3
2026-05-25 11:20:44;43.0
2026-05-25 11:21:00;42.7
2026-05-25 11:21:15;42.6
2026-05-25 11:21:31;42.4
2026-05-25 11:21:46;42.1
2026-05-25 11:22:01;41.9
2026-05-25 11:22:16;41.6
2026-05-25 11:22:32;41.4
2026-05-25 11:22:47;41.1
2026-05-25 11:23:03;40.9
2026-05-25 11:23:18;40.8
2026-05-25 11:23:33;40.6
2026-05-25 11:23:49;40.4
2026-05-25 11:24:04;40.4
2026-05-25 11:24:19;40.4
2026-05-25 11:24:35;40.2
2026-05-25 11:24:50;40.1
2026-05-25 11:25:05;40.1
2026-05-25 11:25:20;40.6
2026-05-25 11:25:36;41.1
2026-05-25 11:25:51;41.2
2026-05-25 11:26:07;41.2
2026-05-25 11:26:22;41.3
2026-05-25 11:26:37;41.2
2026-05-25 11:26:52;41.1
2026-05-25 11:27:08;41.1
2026-05-25 11:27:23;41.2
2026-05-25 11:27:38;41.6
2026-05-25 11:27:54;41.9
2026-05-25 11:28:09;42.1
2026-05-25 11:28:24;42.2
2026-05-25 11:28:40;42.2
2026-05-25 11:28:55;42.2
2026-05-25 11:29:10;42.2
2026-05-25 11:29:26;42.2
2026-05-25 11:29:41;42.2
2026-05-25 11:29:56;42.4
2026-05-25 11:30:12;42.7
2026-05-25 11:30:27;43.3
2026-05-25 11:30:42;43.6
2026-05-25 11:30:58;43.9
2026-05-25 11:31:13;44.3
2026-05-25 11:31:28;44.9
2026-05-25 11:31:44;45.2
2026-05-25 11:31:59;45.5
2026-05-25 11:32:14;46.0
2026-05-25 11:32:29;46.6
2026-05-25 11:32:45;46.9
2026-05-25 11:33:00;47.4
2026-05-25 11:33:16;47.8
2026-05-25 11:33:31;47.9
2026-05-25 11:33:46;48.2
2026-05-25 11:34:02;48.4
2026-05-25 11:34:17;48.9
2026-05-25 11:34:32;49.3
2026-05-25 11:34:47;49.7
2026-05-25 11:35:03;49.8
2026-05-25 11:35:18;50.0
2026-05-25 11:35:33;50.2
2026-05-25 11:35:48;50.5
2026-05-25 11:36:04;50.8
2026-05-25 11:36:19;51.2
2026-05-25 11:36:34;51.5
2026-05-25 11:36:49;51.6
2026-05-25 11:37:05;51.9
2026-05-25 11:37:20;52.3
2026-05-25 11:37:42;52.7
2026-05-25 11:37:50;52.9
2026-05-25 11:38:06;52.9
2026-05-25 11:38:21;53.0
2026-05-25 11:38:36;53.0
2026-05-25 11:38:51;53.1
2026-05-25 11:39:07;53.2
2026-05-25 11:39:22;53.5
2026-05-25 11:39:38;53.4
2026-05-25 11:39:52;53.8
2026-05-25 11:40:08;54.1
2026-05-25 11:40:23;54.4
2026-05-25 11:40:38;54.7
2026-05-25 11:40:53;54.8
2026-05-25 11:41:09;54.7
2026-05-25 11:41:24;54.5
2026-05-25 11:41:39;54.2
2026-05-25 11:41:55;54.7
2026-05-25 11:42:10;55.2
2026-05-25 11:42:25;55.6
2026-05-25 11:42:40;55.6
2026-05-25 11:42:56;55.9
2026-05-25 11:43:12;56.2
2026-05-25 11:43:27;56.5
2026-05-25 11:43:43;56.3
2026-05-25 11:43:58;56.4
2026-05-25 11:44:14;56.1
2026-05-25 11:44:29;56.0
2026-05-25 11:44:45;55.6
2026-05-25 11:45:01;55.2
2026-05-25 11:45:16;55.1
2026-05-25 11:45:31;54.9
2026-05-25 11:45:46;54.9
2026-05-25 11:46:02;54.8
2026-05-25 11:46:17;54.5
2026-05-25 11:46:32;54.1
2026-05-25 11:46:53;53.7
2026-05-25 11:47:03;53.2
2026-05-25 11:47:18;52.9
2026-05-25 11:47:33;52.4
2026-05-25 11:47:48;52.1
2026-05-25 11:48:04;51.6
2026-05-25 11:48:19;51.1
2026-05-25 11:48:34;50.6
2026-05-25 11:48:49;50.2
2026-05-25 11:49:05;49.7
2026-05-25 11:49:20;49.4
2026-05-25 11:49:35;48.6
2026-05-25 11:49:50;48.2
2026-05-25 11:50:06;47.4
2026-05-25 11:50:21;47.0
2026-05-25 11:50:36;46.6
2026-05-25 11:50:51;46.5
2026-05-25 11:51:07;46.2
2026-05-25 11:51:22;45.9
2026-05-25 11:51:38;45.7
2026-05-25 11:51:53;45.6
2026-05-25 11:52:08;45.5
2026-05-25 11:52:23;45.4
2026-05-25 11:52:39;45.4
2026-05-25 11:52:54;45.4
2026-05-25 11:53:09;44.8
2026-05-25 11:53:28;44.6
2026-05-25 11:53:48;44.4
2026-05-25 11:53:55;44.3
2026-05-25 11:54:11;43.9
2026-05-25 11:54:46;43.4
2026-05-25 11:55:07;43.3
2026-05-25 11:55:17;43.2
2026-05-25 11:55:33;43.1
2026-05-25 11:55:48;43.1
2026-05-25 11:56:03;42.9
2026-05-25 11:56:18;42.7
2026-05-25 11:56:34;42.6
2026-05-25 11:56:49;42.5
2026-05-25 11:57:05;42.3
2026-05-25 11:57:20;42.2
2026-05-25 11:57:35;42.1
2026-05-25 11:57:50;41.9
2026-05-25 11:58:06;41.5
2026-05-25 11:58:21;41.2
2026-05-25 11:58:37;41.1
2026-05-25 11:58:52;40.9
2026-05-25 11:59:07;40.8
2026-05-25 11:59:22;40.7
2026-05-25 11:59:38;40.6
2026-05-25 11:59:53;40.4
2026-05-25 12:00:08;40.3
2026-05-25 12:00:24;40.2
2026-05-25 12:00:39;39.9
2026-05-25 12:00:54;39.8
2026-05-25 12:01:09;39.8
2026-05-25 12:01:24;39.7
2026-05-25 12:01:39;39.6
2026-05-25 12:01:54;39.6
2026-05-25 12:02:09;39.6
2026-05-25 12:02:26;39.5
2026-05-25 12:02:39;39.4
2026-05-25 12:02:54;39.4
2026-05-25 12:03:09;39.3
2026-05-25 12:03:24;39.2
2026-05-25 12:03:39;39.2
2026-05-25 12:03:57;39.2
2026-05-25 12:04:39;39.1
2026-05-25 12:05:22;39.2
2026-05-25 12:05:38;39.6
2026-05-25 12:05:52;39.9
2026-05-25 12:06:08;40.2
2026-05-25 12:06:23;40.4
2026-05-25 12:06:39;40.5
2026-05-25 12:06:54;40.8
2026-05-25 12:07:09;41.1
2026-05-25 12:07:24;41.6
2026-05-25 12:07:40;41.9
2026-05-25 12:07:55;42.1
2026-05-25 12:08:11;42.2
2026-05-25 12:08:26;42.7
2026-05-25 12:08:41;43.1
2026-05-25 12:08:56;43.4
2026-05-25 12:09:12;43.6
2026-05-25 12:09:27;43.7
2026-05-25 12:09:42;43.8
2026-05-25 12:09:58;43.8
2026-05-25 12:10:13;44.0
2026-05-25 12:10:28;44.4
2026-05-25 12:10:47;44.9
2026-05-25 12:10:59;45.1
2026-05-25 12:11:14;45.1
2026-05-25 12:11:29;45.1
2026-05-25 12:11:45;45.2
2026-05-25 12:12:00;45.2
2026-05-25 12:12:15;45.3
2026-05-25 12:12:31;45.5
2026-05-25 12:12:52;45.9
2026-05-25 12:13:01;46.3
2026-05-25 12:13:17;46.6
2026-05-25 12:13:32;46.9
2026-05-25 12:13:47;47.2
2026-05-25 12:14:02;47.2
2026-05-25 12:14:18;47.4
2026-05-25 12:14:33;47.2
2026-05-25 12:14:48;47.4
2026-05-25 12:15:04;47.5
2026-05-25 12:15:19;47.4
2026-05-25 12:15:34;47.3
2026-05-25 12:15:50;47.1
2026-05-25 12:16:05;46.8
2026-05-25 12:16:20;46.7
2026-05-25 12:16:35;46.8
2026-05-25 12:16:51;46.8
2026-05-25 12:17:06;46.7
2026-05-25 12:17:22;46.6
2026-05-25 12:17:37;46.4
2026-05-25 12:17:52;46.2
2026-05-25 12:18:07;46.1
2026-05-25 12:18:23;45.9
2026-05-25 12:18:38;45.8
2026-05-25 12:18:53;45.2
2026-05-25 12:19:08;45.0
2026-05-25 12:19:24;44.9
2026-05-25 12:19:39;44.6
2026-05-25 12:19:55;44.4
2026-05-25 12:20:10;44.2
2026-05-25 12:20:25;44.1
2026-05-25 12:20:40;43.9
2026-05-25 12:20:56;43.6
2026-05-25 12:21:11;43.5
2026-05-25 12:21:26;43.3
2026-05-25 12:21:41;43.1
2026-05-25 12:21:57;42.9
2026-05-25 12:22:12;42.6
2026-05-25 12:22:28;42.1
2026-05-25 12:22:43;41.9
2026-05-25 12:22:58;41.6
2026-05-25 12:23:14;41.4
2026-05-25 12:23:29;41.2
2026-05-25 12:23:44;41.2
2026-05-25 12:24:00;41.3
2026-05-25 12:24:15;41.2
2026-05-25 12:24:30;41.2
2026-05-25 12:24:45;41.1
2026-05-25 12:25:01;41.1
2026-05-25 12:25:16;41.1
2026-05-25 12:25:32;40.9
2026-05-25 12:25:47;40.8
2026-05-25 12:26:02;40.9
2026-05-25 12:26:17;40.9
2026-05-25 12:26:33;40.7
2026-05-25 12:26:48;40.4
2026-05-25 12:27:06;40.1
2026-05-25 12:27:19;39.9
2026-05-25 12:27:34;39.7
2026-05-25 12:27:49;39.8
2026-05-25 12:28:04;39.8
2026-05-25 12:28:19;39.9
2026-05-25 12:28:34;39.9
2026-05-25 12:28:49;39.9
2026-05-25 12:29:05;39.7
2026-05-25 12:29:20;39.5
2026-05-25 12:29:35;39.3
2026-05-25 12:29:50;39.2
2026-05-25 12:30:05;39.0
2026-05-25 12:30:20;38.8
2026-05-25 12:30:35;38.7
2026-05-25 12:30:50;38.6
2026-05-25 12:31:05;38.6
2026-05-25 12:31:20;38.5
2026-05-25 12:31:35;38.5
2026-05-25 12:31:50;38.4
2026-05-25 12:32:05;38.4
2026-05-25 12:32:20;38.3
2026-05-25 12:32:35;38.4
2026-05-25 12:32:50;38.2
2026-05-25 12:33:05;38.2
2026-05-25 12:33:20;38.1
2026-05-25 12:33:35;37.9
2026-05-25 12:33:50;37.8
2026-05-25 12:34:05;37.9
2026-05-25 12:34:20;37.8
2026-05-25 12:34:35;37.8
2026-05-25 12:34:50;37.8
2026-05-25 12:35:05;37.8
2026-05-25 12:35:20;37.8
2026-05-25 12:35:35;37.7
2026-05-25 12:35:50;37.7
2026-05-25 12:36:05;37.6
2026-05-25 12:36:20;37.6
2026-05-25 12:36:35;37.4
2026-05-25 12:36:50;37.3
2026-05-25 12:37:05;37.3
2026-05-25 12:37:20;37.2
2026-05-25 12:37:35;37.2
2026-05-25 12:37:50;37.1
2026-05-25 12:38:05;37.0
2026-05-25 12:38:20;36.9
2026-05-25 12:38:35;36.8
2026-05-25 12:38:50;36.7
2026-05-25 12:39:06;36.6
2026-05-25 12:39:20;36.6
2026-05-25 12:39:36;36.5
2026-05-25 12:39:50;36.4
2026-05-25 12:40:05;36.4
2026-05-25 12:40:20;36.4
2026-05-25 12:40:35;36.7
2026-05-25 12:40:50;37.2
2026-05-25 12:41:05;37.7
2026-05-25 12:41:20;37.8
2026-05-25 12:41:35;37.7
2026-05-25 12:41:50;37.6
2026-05-25 12:42:05;37.5
2026-05-25 12:42:20;37.5
2026-05-25 12:42:35;37.6
2026-05-25 12:42:50;37.6
2026-05-25 12:43:05;37.7
2026-05-25 12:43:20;38.0
2026-05-25 12:43:37;38.0
2026-05-25 12:43:50;38.0
2026-05-25 12:44:05;38.1
2026-05-25 12:44:21;38.1
2026-05-25 12:44:35;38.0
2026-05-25 12:44:50;38.1
2026-05-25 12:45:05;38.1
2026-05-25 12:45:20;37.7
2026-05-25 12:45:35;37.6
2026-05-25 12:45:50;37.7
2026-05-25 12:46:05;37.7
2026-05-25 12:46:20;37.7
2026-05-25 12:46:36;37.8
2026-05-25 12:46:50;37.7
2026-05-25 12:48:35;37.0
2026-05-25 12:48:50;37.1
2026-05-25 12:49:20;37.1
2026-05-25 12:50:52;37.0
2026-05-25 12:51:07;36.9
2026-05-25 12:51:22;37.0
2026-05-25 12:51:37;37.0
2026-05-25 12:51:52;37.0
2026-05-25 12:52:08;37.0
2026-05-25 12:52:24;37.0
2026-05-25 12:52:37;37.0
2026-05-25 12:52:52;36.9
2026-05-25 12:53:07;36.8
2026-05-25 12:53:22;36.7
2026-05-25 12:53:37;36.7
2026-05-25 12:53:52;36.7
2026-05-25 12:54:15;36.6
2026-05-25 12:54:23;36.5
2026-05-25 12:54:42;36.3
2026-05-25 12:54:52;36.2
2026-05-25 12:55:12;36.1
2026-05-25 12:55:22;36.1
2026-05-25 12:55:37;35.9
2026-05-25 12:55:52;35.9
2026-05-25 12:56:10;35.9
2026-05-25 12:56:22;35.8
2026-05-25 12:56:37;35.8
2026-05-25 12:56:52;35.7
2026-05-25 12:57:07;35.7
2026-05-25 12:57:31;35.7
2026-05-25 12:57:38;35.7
2026-05-25 12:58:12;35.7
2026-05-25 12:58:30;35.7
2026-05-25 12:58:42;35.7
2026-05-25 12:58:58;35.7
2026-05-25 12:59:13;35.8
2026-05-25 12:59:27;35.9
2026-05-25 12:59:43;36.1
2026-05-25 12:59:58;36.0
2026-05-25 13:00:13;36.1
2026-05-25 13:00:28;36.3
2026-05-25 13:00:43;36.4
2026-05-25 13:00:58;36.9
2026-05-25 13:01:13;37.6
2026-05-25 13:01:28;38.2
2026-05-25 13:01:43;38.9
2026-05-25 13:01:58;39.6
2026-05-25 13:02:13;40.2
2026-05-25 13:02:28;40.9
2026-05-25 13:02:43;41.6
2026-05-25 13:02:58;42.3
2026-05-25 13:03:14;43.1
2026-05-25 13:03:29;43.7
2026-05-25 13:03:44;44.5
2026-05-25 13:04:02;44.9
2026-05-25 13:04:15;45.4
2026-05-25 13:04:30;46.1
2026-05-25 13:04:46;46.5
2026-05-25 13:05:01;46.9
2026-05-25 13:05:16;47.6
2026-05-25 13:05:49;48.2
2026-05-25 13:06:41;49.2
2026-05-25 13:06:57;50.6
2026-05-25 13:07:12;50.8
2026-05-25 13:07:27;50.6
2026-05-25 13:07:43;51.0
2026-05-25 13:07:57;51.6
2026-05-25 13:08:13;51.6
2026-05-25 13:08:28;51.9
2026-05-25 13:08:44;52.3
2026-05-25 13:08:59;52.2
2026-05-25 13:09:15;52.7
2026-05-25 13:09:29;52.7
2026-05-25 13:09:45;52.9
2026-05-25 13:09:59;53.2
2026-05-25 13:10:15;53.5
2026-05-25 13:10:30;53.7
2026-05-25 13:10:45;53.4
2026-05-25 13:11:00;52.9
2026-05-25 13:11:16;52.9
2026-05-25 13:11:31;52.9
2026-05-25 13:11:46;52.7
2026-05-25 13:12:01;52.8
2026-05-25 13:12:17;52.6
2026-05-25 13:12:32;52.5
2026-05-25 13:12:47;52.4
2026-05-25 13:13:02;52.7
2026-05-25 13:13:18;52.7
2026-05-25 13:13:34;53.0
2026-05-25 13:13:48;53.0
2026-05-25 13:14:03;52.9
2026-05-25 13:14:19;53.2
2026-05-25 13:14:34;53.2
2026-05-25 13:14:49;53.1
2026-05-25 13:15:12;53.4
2026-05-25 13:15:20;53.9
2026-05-25 13:15:35;54.4
2026-05-25 13:15:54;54.6
2026-05-25 13:16:07;54.7
2026-05-25 13:16:21;54.6
2026-05-25 13:16:36;54.2
2026-05-25 13:16:51;53.5
2026-05-25 13:17:13;53.1
2026-05-25 13:17:22;52.8
2026-05-25 13:17:37;53.3
2026-05-25 13:17:52;53.3
2026-05-25 13:18:07;53.4
2026-05-25 13:18:26;53.4
2026-05-25 13:18:41;53.3
2026-05-25 13:18:56;53.5
2026-05-25 13:19:12;53.8
2026-05-25 13:19:27;54.3
2026-05-25 13:19:39;54.6
2026-05-25 13:19:55;54.8
2026-05-25 13:20:10;54.6
2026-05-25 13:20:26;54.6
2026-05-25 13:20:40;54.7
2026-05-25 13:20:56;55.2
2026-05-25 13:21:23;55.3
2026-05-25 13:21:27;55.8
2026-05-25 13:21:46;55.8
2026-05-25 13:22:00;56.1
2026-05-25 13:22:14;56.2
2026-05-25 13:22:53;56.6
2026-05-25 13:22:53;57.0
2026-05-25 13:23:00;57.3
2026-05-25 13:23:18;57.6
2026-05-25 13:23:34;57.9
2026-05-25 13:23:50;57.9
2026-05-25 13:24:02;58.0
2026-05-25 13:24:18;58.2
2026-05-25 13:24:33;58.3
2026-05-25 13:24:51;58.6
2026-05-25 13:25:05;58.4
2026-05-25 13:25:20;58.1
2026-05-25 13:25:36;58.5
2026-05-25 13:25:51;58.4
2026-05-25 13:26:07;58.5
2026-05-25 13:26:22;57.9
2026-05-25 13:26:38;57.9
2026-05-25 13:26:54;58.0
2026-05-25 13:27:10;58.1
2026-05-25 13:27:25;58.4
2026-05-25 13:27:40;58.3
2026-05-25 13:27:56;58.6
2026-05-25 13:28:12;58.9
2026-05-25 13:28:27;59.2
2026-05-25 13:28:43;59.2
2026-05-25 13:28:58;59.5
2026-05-25 13:29:14;59.5
2026-05-25 13:29:29;59.4
2026-05-25 13:29:45;59.6
2026-05-25 13:30:00;59.5
2026-05-25 13:30:16;58.5
2026-05-25 13:30:32;58.5
2026-05-25 13:30:47;58.6
2026-05-25 13:31:03;58.2
2026-05-25 13:31:18;58.0
2026-05-25 13:31:34;58.3
2026-05-25 13:31:49;58.4
2026-05-25 13:32:05;58.4
2026-05-25 13:32:20;58.6
2026-05-25 13:32:36;58.6
2026-05-25 13:32:52;58.6
2026-05-25 13:33:07;58.3
2026-05-25 13:33:23;58.3
2026-05-25 13:33:38;57.8
2026-05-25 13:33:54;57.6
2026-05-25 13:34:10;57.6
2026-05-25 13:34:25;57.2
2026-05-25 13:34:41;57.2
2026-05-25 13:34:56;57.0
2026-05-25 13:35:12;56.9
2026-05-25 13:35:28;57.0
2026-05-25 13:35:43;57.4
2026-05-25 13:35:59;57.3
2026-05-25 13:36:14;57.4
2026-05-25 13:36:30;57.6
2026-05-25 13:36:45;57.8
2026-05-25 13:37:01;57.9
2026-05-25 13:37:17;58.0
2026-05-25 13:37:32;57.8
2026-05-25 13:37:48;57.4
2026-05-25 13:38:03;57.1
2026-05-25 13:38:19;56.9
2026-05-25 13:38:34;56.6
2026-05-25 13:38:50;56.1
2026-05-25 13:39:06;55.6
2026-05-25 13:39:20;54.8
2026-05-25 13:39:35;54.4
2026-05-25 13:39:51;54.1
2026-05-25 13:40:06;53.9
2026-05-25 13:40:21;53.6
2026-05-25 13:40:36;53.7
2026-05-25 13:40:52;53.8
2026-05-25 13:41:07;53.6
2026-05-25 13:41:23;53.9
2026-05-25 13:41:37;53.9
2026-05-25 13:41:53;54.2
2026-05-25 13:42:08;54.6
2026-05-25 13:42:24;54.7
2026-05-25 13:42:39;54.9
2026-05-25 13:42:54;55.0
2026-05-25 13:43:15;54.9
2026-05-25 13:43:25;54.9
2026-05-25 13:44:10;55.2
2026-05-25 13:44:25;55.4
2026-05-25 13:44:41;55.2
2026-05-25 13:44:58;55.6
2026-05-25 13:45:13;55.9
2026-05-25 13:45:28;55.6
2026-05-25 13:45:47;55.7
2026-05-25 13:45:59;56.0
2026-05-25 13:46:15;56.1
2026-05-25 13:46:31;56.2
2026-05-25 13:46:46;56.2
2026-05-25 13:47:02;56.2
2026-05-25 13:47:17;56.5
2026-05-25 13:47:33;55.9
2026-05-25 13:47:48;55.0
2026-05-25 13:48:04;54.6
2026-05-25 13:48:20;54.2
2026-05-25 13:48:35;54.2
2026-05-25 13:48:50;54.3
2026-05-25 13:49:05;54.6
2026-05-25 13:49:20;54.5
2026-05-25 13:49:36;54.2
2026-05-25 13:49:51;53.9
2026-05-25 13:50:06;53.4
2026-05-25 13:50:21;52.7
2026-05-25 13:50:37;52.3
2026-05-25 13:50:52;51.9
2026-05-25 13:51:07;51.4
2026-05-25 13:51:22;50.9
2026-05-25 13:51:38;50.8
2026-05-25 13:51:53;50.4
2026-05-25 13:52:08;50.2
2026-05-25 13:52:23;49.9
2026-05-25 13:52:39;49.6
2026-05-25 13:52:54;49.1
2026-05-25 13:53:09;48.4
2026-05-25 13:53:24;47.7
2026-05-25 13:53:40;47.4
2026-05-25 13:53:55;47.0
2026-05-25 13:54:13;46.7
2026-05-25 13:54:26;46.2
2026-05-25 13:54:43;45.8
2026-05-25 13:54:57;45.4
2026-05-25 13:55:12;45.2
2026-05-25 13:55:27;44.9
2026-05-25 13:55:42;44.6
2026-05-25 13:55:57;44.2
2026-05-25 13:56:13;44.1
2026-05-25 13:56:28;43.9
2026-05-25 13:56:44;43.6
2026-05-25 13:56:59;43.4
2026-05-25 13:57:14;43.3
2026-05-25 13:57:29;42.9
2026-05-25 13:57:45;42.6
2026-05-25 13:58:00;42.5
2026-05-25 13:58:16;42.7
2026-05-25 13:58:31;43.1
2026-05-25 13:58:46;43.5
2026-05-25 13:59:01;44.0
2026-05-25 13:59:18;44.4
2026-05-25 13:59:32;44.2
2026-05-25 13:59:47;44.6
2026-05-25 14:00:02;44.9
2026-05-25 14:00:18;45.2
2026-05-25 14:00:33;45.6
2026-05-25 14:00:49;45.9
2026-05-25 14:01:04;46.4
2026-05-25 14:01:19;46.7
2026-05-25 14:01:34;47.1
2026-05-25 14:01:50;47.2
2026-05-25 14:02:05;47.4
2026-05-25 14:02:20;47.7
2026-05-25 14:02:35;48.3
2026-05-25 14:02:51;48.9
2026-05-25 14:03:06;49.0
2026-05-25 14:03:22;49.0
2026-05-25 14:03:37;48.9
2026-05-25 14:03:52;48.7
2026-05-25 14:04:07;49.1
2026-05-25 14:04:23;48.9
2026-05-25 14:04:38;48.4
2026-05-25 14:04:53;48.1
2026-05-25 14:05:08;48.1
2026-05-25 14:05:24;48.3
2026-05-25 14:05:39;48.4
2026-05-25 14:05:54;48.5
2026-05-25 14:06:09;48.3
2026-05-25 14:06:25;48.6
2026-05-25 14:06:40;49.0
2026-05-25 14:06:55;49.3
2026-05-25 14:07:11;49.7
2026-05-25 14:07:26;49.7
2026-05-25 14:07:41;50.2
2026-05-25 14:07:57;50.6
2026-05-25 14:08:12;50.4
2026-05-25 14:08:27;50.2
2026-05-25 14:08:42;50.2
2026-05-25 14:08:58;50.0
2026-05-25 14:09:13;50.1
2026-05-25 14:09:28;50.2
2026-05-25 14:09:43;50.3
2026-05-25 14:09:59;50.2
2026-05-25 14:10:14;50.4
2026-05-25 14:10:29;50.8
2026-05-25 14:10:44;51.0
2026-05-25 14:11:00;50.8
2026-05-25 14:11:15;50.1
2026-05-25 14:11:30;50.1
2026-05-25 14:11:45;49.9
2026-05-25 14:12:01;49.4
2026-05-25 14:12:16;49.0
2026-05-25 14:12:32;48.7
2026-05-25 14:12:50;48.5
2026-05-25 14:13:02;48.4
2026-05-25 14:13:17;48.3
2026-05-25 14:13:33;48.3
2026-05-25 14:13:48;48.0
2026-05-25 14:14:03;47.4
2026-05-25 14:14:18;47.1
2026-05-25 14:14:34;47.2
2026-05-25 14:14:49;47.5
2026-05-25 14:15:04;48.0
2026-05-25 14:15:19;48.4
2026-05-25 14:15:35;48.6
2026-05-25 14:15:50;48.8
2026-05-25 14:16:06;49.1
2026-05-25 14:16:21;49.3
2026-05-25 14:16:36;49.4
2026-05-25 14:16:51;49.6
2026-05-25 14:17:07;49.6
2026-05-25 14:17:22;49.7
2026-05-25 14:17:37;50.2
2026-05-25 14:17:53;49.9
2026-05-25 14:18:08;50.0
2026-05-25 14:18:23;50.2
2026-05-25 14:18:38;50.6
2026-05-25 14:18:53;50.7
2026-05-25 14:19:09;50.9
2026-05-25 14:19:24;50.5
2026-05-25 14:19:39;50.5
2026-05-25 14:19:54;50.8
2026-05-25 14:20:10;51.1
2026-05-25 14:20:25;50.9
2026-05-25 14:20:41;51.0
2026-05-25 14:20:56;51.1
2026-05-25 14:21:11;51.2
2026-05-25 14:21:27;51.6
2026-05-25 14:21:42;51.6
2026-05-25 14:21:57;51.7
2026-05-25 14:22:12;51.4
2026-05-25 14:22:27;51.6
2026-05-25 14:22:43;51.6
2026-05-25 14:22:58;51.7
2026-05-25 14:23:13;51.4
2026-05-25 14:23:28;51.5
2026-05-25 14:23:44;51.4
2026-05-25 14:23:59;51.7
2026-05-25 14:24:14;51.9
2026-05-25 14:24:30;52.2
2026-05-25 14:24:45;52.3
2026-05-25 14:25:00;52.4
2026-05-25 14:25:15;52.6
2026-05-25 14:25:30;52.3
2026-05-25 14:25:46;51.7
2026-05-25 14:26:01;51.2
2026-05-25 14:26:16;50.6
2026-05-25 14:26:31;50.1
2026-05-25 14:26:47;49.8
2026-05-25 14:27:02;49.6
2026-05-25 14:27:17;49.2
2026-05-25 14:27:37;49.2
2026-05-25 14:27:48;49.2
2026-05-25 14:28:03;48.8
2026-05-25 14:28:24;49.1
2026-05-25 14:28:34;49.5
2026-05-25 14:28:49;49.7
2026-05-25 14:29:06;50.0
2026-05-25 14:29:20;50.4
2026-05-25 14:29:35;50.8
2026-05-25 14:29:50;50.7
2026-05-25 14:30:05;51.0
2026-05-25 14:30:21;51.1
2026-05-25 14:30:36;51.2
2026-05-25 14:30:51;51.1
2026-05-25 14:31:06;51.1
2026-05-25 14:31:22;51.4
2026-05-25 14:31:37;51.2
2026-05-25 14:31:52;51.2
2026-05-25 14:32:07;51.1
2026-05-25 14:32:23;51.2
2026-05-25 14:32:38;51.2
2026-05-25 14:32:54;51.4
2026-05-25 14:33:08;51.4
2026-05-25 14:33:24;51.4
2026-05-25 14:33:39;51.3
2026-05-25 14:33:55;51.1
2026-05-25 14:34:10;51.0
2026-05-25 14:34:25;51.1
2026-05-25 14:34:40;51.4
2026-05-25 14:34:56;51.6
2026-05-25 14:35:11;51.9
2026-05-25 14:35:26;52.2
2026-05-25 14:35:41;52.3
2026-05-25 14:35:57;52.4
2026-05-25 14:36:12;52.5
2026-05-25 14:36:29;52.6
2026-05-25 14:36:42;52.4
2026-05-25 14:36:58;52.3
2026-05-25 14:37:13;52.4
2026-05-25 14:37:28;52.4
2026-05-25 14:37:43;52.9
2026-05-25 14:37:59;53.0
2026-05-25 14:38:14;52.9
2026-05-25 14:38:29;52.1
2026-05-25 14:38:44;51.7
2026-05-25 14:39:00;51.6
2026-05-25 14:39:15;51.1
2026-05-25 14:39:30;50.9
2026-05-25 14:39:45;50.7
2026-05-25 14:40:01;50.3
2026-05-25 14:40:16;50.1
2026-05-25 14:40:31;49.9
2026-05-25 14:40:46;49.6
2026-05-25 14:41:02;49.2
2026-05-25 14:41:17;49.1
2026-05-25 14:41:33;48.7
2026-05-25 14:41:48;48.0
2026-05-25 14:42:03;47.2
2026-05-25 14:42:18;46.9
2026-05-25 14:42:34;46.5
2026-05-25 14:42:49;46.1
2026-05-25 14:43:04;45.5
2026-05-25 14:43:19;44.8
2026-05-25 14:43:35;44.2
2026-05-25 14:43:50;43.7
2026-05-25 14:44:06;43.4
2026-05-25 14:44:21;43.2
2026-05-25 14:44:36;43.1
2026-05-25 14:44:51;43.1
2026-05-25 14:45:07;43.6
2026-05-25 14:45:22;43.8
2026-05-25 14:45:38;44.0
2026-05-25 14:45:52;44.0
2026-05-25 14:46:10;43.8
2026-05-25 14:46:23;44.0
2026-05-25 14:46:39;44.3
2026-05-25 14:46:54;44.2
2026-05-25 14:47:09;44.4
2026-05-25 14:47:24;44.6
2026-05-25 14:47:40;44.7
2026-05-25 14:48:10;45.2
2026-05-25 14:48:26;45.5
2026-05-25 14:48:41;45.8
2026-05-25 14:48:57;46.0
2026-05-25 14:49:12;46.2
2026-05-25 14:49:27;46.2
2026-05-25 14:49:42;46.3
2026-05-25 14:49:58;46.6
2026-05-25 14:50:13;46.8
2026-05-25 14:50:28;47.1
2026-05-25 14:50:43;47.4
2026-05-25 14:50:59;47.6
2026-05-25 14:51:14;47.9
2026-05-25 14:51:30;48.2
2026-05-25 14:51:45;48.2
2026-05-25 14:52:00;48.2
2026-05-25 14:52:15;47.9
2026-05-25 14:52:31;47.8
2026-05-25 14:52:46;47.9
2026-05-25 14:53:01;48.1
2026-05-25 14:53:16;48.1
2026-05-25 14:53:32;48.2
2026-05-25 14:53:47;48.3
2026-05-25 14:54:03;48.4
2026-05-25 14:54:17;48.5
2026-05-25 14:54:33;48.6
2026-05-25 14:54:48;48.8
2026-05-25 14:55:03;48.9
2026-05-25 14:55:18;48.9
2026-05-25 14:55:34;48.9
2026-05-25 14:55:49;48.9
2026-05-25 14:56:05;48.8
2026-05-25 14:56:20;48.7
2026-05-25 14:56:36;48.9
2026-05-25 14:56:50;49.1
2026-05-25 14:57:06;49.1
2026-05-25 14:57:21;48.9
2026-05-25 14:57:36;48.8
2026-05-25 14:57:51;48.9
2026-05-25 14:58:07;48.7
2026-05-25 14:58:22;48.7
2026-05-25 14:58:37;48.5
2026-05-25 14:58:52;48.4
2026-05-25 14:59:08;48.4
2026-05-25 14:59:23;48.5
2026-05-25 14:59:39;48.9
2026-05-25 14:59:54;49.2
2026-05-25 15:00:09;49.6
2026-05-25 15:00:24;49.9
2026-05-25 15:00:40;50.2
2026-05-25 15:00:55;50.5
2026-05-25 15:01:10;50.5
2026-05-25 15:01:25;50.6
2026-05-25 15:01:41;50.7
2026-05-25 15:01:56;50.8
2026-05-25 15:02:11;50.8
2026-05-25 15:02:27;50.8
2026-05-25 15:02:42;50.9
2026-05-25 15:02:57;51.1
2026-05-25 15:03:13;51.2
2026-05-25 15:03:27;51.2
2026-05-25 15:03:43;51.1
2026-05-25 15:03:58;51.0
2026-05-25 15:04:14;50.9
2026-05-25 15:04:29;51.0
2026-05-25 15:04:44;51.2
2026-05-25 15:04:59;51.1
2026-05-25 15:05:15;51.2
2026-05-25 15:05:30;51.4
2026-05-25 15:05:45;51.6
2026-05-25 15:06:00;51.7
2026-05-25 15:06:16;51.9
2026-05-25 15:06:31;51.9
2026-05-25 15:06:46;52.1
2026-05-25 15:07:01;52.2
2026-05-25 15:07:17;52.1
2026-05-25 15:07:32;52.1
2026-05-25 15:07:47;51.7
2026-05-25 15:08:03;51.6
2026-05-25 15:08:18;51.6
2026-05-25 15:08:33;51.7
2026-05-25 15:08:48;51.6
2026-05-25 15:09:03;51.7
2026-05-25 15:09:19;51.7
2026-05-25 15:09:34;51.9
2026-05-25 15:09:49;51.7
2026-05-25 15:10:04;51.7
2026-05-25 15:10:20;51.8
2026-05-25 15:10:35;51.9
2026-05-25 15:10:50;52.1
2026-05-25 15:11:05;52.2
2026-05-25 15:11:21;52.3
2026-05-25 15:11:36;52.2
2026-05-25 15:11:51;52.4
2026-05-25 15:12:06;52.5
2026-05-25 15:12:22;52.4
2026-05-25 15:12:37;52.2
2026-05-25 15:12:52;52.3
2026-05-25 15:13:07;52.4
2026-05-25 15:13:23;52.7
2026-05-25 15:13:38;52.4
2026-05-25 15:13:53;52.3
2026-05-25 15:14:08;51.7
2026-05-25 15:14:24;51.7
2026-05-25 15:14:39;51.7
2026-05-25 15:14:54;51.8
2026-05-25 15:15:09;51.7
2026-05-25 15:15:25;51.6
2026-05-25 15:15:40;51.6
2026-05-25 15:15:55;51.6
2026-05-25 15:16:10;51.7
2026-05-25 15:16:26;51.4
2026-05-25 15:16:41;51.1
2026-05-25 15:16:57;51.1
2026-05-25 15:17:12;51.2
2026-05-25 15:17:27;50.6
2026-05-25 15:17:42;50.4
2026-05-25 15:17:58;50.5
2026-05-25 15:18:13;50.2
2026-05-25 15:18:28;50.3
2026-05-25 15:18:43;50.6
2026-05-25 15:18:59;50.8
2026-05-25 15:19:14;50.9
2026-05-25 15:19:29;50.5
2026-05-25 15:19:45;49.9
2026-05-25 15:20:00;49.6
2026-05-25 15:20:15;49.7
2026-05-25 15:20:31;49.6
2026-05-25 15:20:46;49.5
2026-05-25 15:21:01;49.4
2026-05-25 15:21:16;48.9
2026-05-25 15:21:32;48.8
2026-05-25 15:21:47;48.8
2026-05-25 15:22:02;48.2
2026-05-25 15:22:17;47.7
2026-05-25 15:22:33;47.6
2026-05-25 15:22:48;47.3
2026-05-25 15:23:03;46.8
2026-05-25 15:23:18;46.6
2026-05-25 15:23:34;46.3
2026-05-25 15:23:49;46.1
2026-05-25 15:24:04;45.8
2026-05-25 15:24:19;45.8
2026-05-25 15:24:35;45.8
2026-05-25 15:24:50;45.5
2026-05-25 15:25:06;45.0
2026-05-25 15:25:21;44.5
2026-05-25 15:25:36;44.6
2026-05-25 15:25:51;45.1
2026-05-25 15:26:07;45.5
2026-05-25 15:26:22;45.6
2026-05-25 15:26:38;45.8
2026-05-25 15:26:53;45.9
2026-05-25 15:27:08;46.2
2026-05-25 15:27:23;46.1
2026-05-25 15:27:39;46.2
2026-05-25 15:27:54;46.2
2026-05-25 15:28:09;46.2
2026-05-25 15:28:24;46.1
2026-05-25 15:28:40;45.9
2026-05-25 15:28:55;45.9
2026-05-25 15:29:11;46.1
2026-05-25 15:29:25;45.4
2026-05-25 15:29:41;45.4
2026-05-25 15:29:56;45.7
2026-05-25 15:30:12;45.8
2026-05-25 15:30:27;46.0
2026-05-25 15:30:42;46.1
2026-05-25 15:30:57;46.2
2026-05-25 15:31:13;46.1
2026-05-25 15:31:28;46.1
2026-05-25 15:31:44;46.2
2026-05-25 15:31:58;46.4
2026-05-25 15:32:14;46.5
2026-05-25 15:32:29;46.7
2026-05-25 15:32:45;46.6
2026-05-25 15:33:00;46.6
2026-05-25 15:33:15;46.5
2026-05-25 15:33:30;46.6
2026-05-25 15:33:46;46.7
2026-05-25 15:34:01;46.9
2026-05-25 15:34:17;46.8
2026-05-25 15:34:32;46.9
2026-05-25 15:34:49;47.0
2026-05-25 15:35:02;46.9
2026-05-25 15:35:18;46.9
2026-05-25 15:35:33;46.9
2026-05-25 15:35:48;47.0
2026-05-25 15:36:03;46.7
2026-05-25 15:36:19;46.7
2026-05-25 15:36:34;46.6
2026-05-25 15:36:50;46.3
2026-05-25 15:37:05;46.1
2026-05-25 15:37:20;46.2
2026-05-25 15:37:35;46.1
2026-05-25 15:37:51;45.8
2026-05-25 15:38:06;45.4
2026-05-25 15:38:21;45.1
2026-05-25 15:38:37;44.9
2026-05-25 15:38:52;44.4
2026-05-25 15:39:07;44.3
2026-05-25 15:39:23;44.2
2026-05-25 15:39:38;44.2
2026-05-25 15:39:53;44.0
2026-05-25 15:40:08;43.9
2026-05-25 15:40:24;43.7
2026-05-25 15:40:39;43.5
2026-05-25 15:40:55;43.0
2026-05-25 15:41:09;42.7
2026-05-25 15:41:25;42.5
2026-05-25 15:41:40;42.2
2026-05-25 15:41:56;41.9
2026-05-25 15:42:11;41.6
2026-05-25 15:42:26;41.4
2026-05-25 15:42:42;41.2
2026-05-25 15:42:57;41.1
2026-05-25 15:43:12;40.9
2026-05-25 15:43:28;40.6
2026-05-25 15:43:43;40.4
2026-05-25 15:43:58;40.1
2026-05-25 15:44:14;39.8
2026-05-25 15:44:29;39.6
2026-05-25 15:44:43;39.4
2026-05-25 15:44:58;39.2
2026-05-25 15:45:13;39.1
2026-05-25 15:45:28;38.9
2026-05-25 15:45:43;38.6
2026-05-25 15:45:58;38.4
2026-05-25 15:46:13;38.4
2026-05-25 15:46:28;38.4
2026-05-25 15:46:43;38.6
2026-05-25 15:46:59;38.5
2026-05-25 15:47:14;38.3
2026-05-25 15:47:29;38.1
2026-05-25 15:47:43;37.9
2026-05-25 15:47:59;37.9
2026-05-25 15:48:13;37.7
2026-05-25 15:48:28;38.0
2026-05-25 15:48:43;38.1
2026-05-25 15:48:59;38.4
2026-05-25 15:49:14;38.6
2026-05-25 15:49:29;38.7
2026-05-25 15:49:43;38.8
2026-05-25 15:49:58;38.8
2026-05-25 15:50:13;39.0
2026-05-25 15:50:29;39.3
2026-05-25 15:50:43;39.4
2026-05-25 15:50:58;39.3
2026-05-25 15:51:13;39.4
2026-05-25 15:51:29;39.4
2026-05-25 15:51:44;39.4
2026-05-25 15:51:59;39.4
2026-05-25 15:52:14;39.3
2026-05-25 15:52:28;39.1
2026-05-25 15:52:44;38.9
2026-05-25 15:52:58;39.0
2026-05-25 15:53:14;39.3
2026-05-25 15:53:29;39.5
2026-05-25 15:53:44;39.6
2026-05-25 15:53:58;39.6
2026-05-25 15:54:14;39.7
2026-05-25 15:54:29;39.9
2026-05-25 15:54:44;40.0
2026-05-25 15:54:59;40.1
2026-05-25 15:55:14;40.2
2026-05-25 15:55:30;40.2
2026-05-25 15:55:45;40.2
2026-05-25 15:56:00;40.1
2026-05-25 15:56:15;39.9
2026-05-25 15:56:31;39.8
2026-05-25 15:56:47;39.6
2026-05-25 15:57:01;39.4
2026-05-25 15:57:17;39.4
2026-05-25 15:57:31;39.4
2026-05-25 15:57:46;39.6
2026-05-25 15:58:01;39.7
2026-05-25 15:58:16;39.7
2026-05-25 15:58:31;39.7
2026-05-25 15:58:46;39.7
2026-05-25 15:59:01;39.7
2026-05-25 15:59:16;39.9
2026-05-25 15:59:32;40.0
2026-05-25 15:59:47;40.0
2026-05-25 16:00:03;40.1
2026-05-25 16:00:18;40.2
2026-05-25 16:00:33;40.2
2026-05-25 16:00:48;40.2
2026-05-25 16:01:04;40.2
2026-05-25 16:01:19;40.1
2026-05-25 16:01:34;39.7
2026-05-25 16:01:49;39.2
2026-05-25 16:02:05;39.0
2026-05-25 16:02:19;39.1
2026-05-25 16:02:35;39.1
2026-05-25 16:02:49;39.3
2026-05-25 16:03:05;39.2
2026-05-25 16:03:20;39.3
2026-05-25 16:03:35;39.4
2026-05-25 16:03:50;39.4
2026-05-25 16:04:05;39.3
2026-05-25 16:04:20;39.2
2026-05-25 16:04:35;39.3
2026-05-25 16:04:50;39.4
2026-05-25 16:05:05;39.5
2026-05-25 16:05:20;39.4
2026-05-25 16:05:35;39.2
2026-05-25 16:05:50;39.1
2026-05-25 16:06:05;39.0
2026-05-25 16:06:20;39.0
2026-05-25 16:06:35;39.2
2026-05-25 16:06:50;39.2
2026-05-25 16:07:05;39.4
2026-05-25 16:07:20;39.5
2026-05-25 16:07:35;39.7
2026-05-25 16:07:50;39.8
2026-05-25 16:08:05;39.9
2026-05-25 16:08:21;40.1
2026-05-25 16:08:36;40.2
2026-05-25 16:08:52;40.3
2026-05-25 16:09:07;40.4
2026-05-25 16:09:22;40.4
2026-05-25 16:09:37;40.5
2026-05-25 16:09:53;40.5
2026-05-25 16:10:08;40.4
2026-05-25 16:10:24;40.4
2026-05-25 16:10:39;40.3
2026-05-25 16:10:54;40.4
2026-05-25 16:11:09;40.2
2026-05-25 16:11:25;40.2
2026-05-25 16:11:40;40.4
2026-05-25 16:11:56;40.4
2026-05-25 16:12:11;40.5
2026-05-25 16:12:26;40.6
2026-05-25 16:12:41;40.7
2026-05-25 16:12:57;40.6
2026-05-25 16:13:12;40.6
2026-05-25 16:13:28;40.4
2026-05-25 16:13:42;40.4
2026-05-25 16:13:58;40.2
2026-05-25 16:14:13;40.4
2026-05-25 16:14:29;40.4
2026-05-25 16:14:54;40.4
2026-05-25 16:14:59;40.2
2026-05-25 16:15:14;40.3
2026-05-25 16:15:29;40.2
2026-05-25 16:15:45;39.9
2026-05-25 16:16:00;39.8
2026-05-25 16:16:16;39.7
2026-05-25 16:16:30;39.7
2026-05-25 16:16:45;39.8
2026-05-25 16:17:00;39.9
2026-05-25 16:17:15;39.7
2026-05-25 16:17:30;39.7
2026-05-25 16:17:45;39.6
2026-05-25 16:18:00;39.6
2026-05-25 16:18:15;39.6
2026-05-25 16:18:30;39.6
2026-05-25 16:18:45;39.6
2026-05-25 16:19:00;39.5
2026-05-25 16:19:15;39.2
2026-05-25 16:19:30;39.1
2026-05-25 16:19:45;39.2
2026-05-25 16:20:02;39.2
2026-05-25 16:20:15;39.1
2026-05-25 16:20:30;39.1
2026-05-25 16:20:45;39.2
2026-05-25 16:21:00;39.2
2026-05-25 16:21:16;39.2
2026-05-25 16:21:30;38.9
2026-05-25 16:21:45;39.0
2026-05-25 16:22:00;38.9
2026-05-25 16:22:15;38.9
2026-05-25 16:22:30;38.8
2026-05-25 16:22:45;38.7
2026-05-25 16:23:00;38.7
2026-05-25 16:23:15;38.6
2026-05-25 16:23:30;38.6
2026-05-25 16:23:45;38.6
2026-05-25 16:24:00;38.6
2026-05-25 16:24:15;38.6
2026-05-25 16:24:30;38.6
2026-05-25 16:24:45;38.7